199A	132A	026A	102A	184A	165A	074A	031A	150A	003A	151A	012A	127A	008A	030A	009A	131A	027A	139A	041A	156A	025A	142A	106A
0	5	0	0	0	0	0	0	0	0	0	6	0	0	0	0	0	0	0	0	0	0	0	0
0	0	0	0	0	0	0	0	2	6	0	0	0	0	0	0	0	4	2	0	0	0	0	0
0	0	0	0	0	0	0	0	0	0	0	0	2	0	0	10	0	0	0	0	0	0	0	0
0	0	0	0	5	0	0	0	0	0	0	0	0	0	0	0	0	0	0	0	0	0	0	0
0	2	0	2	0	0	1	0	0	0	0	0	0	0	2	0	2	0	6	0	6	0	0	0
0	0	14	0	0	0	0	0	0	0	0	0	0	0	0	0	0	0	0	0	0	0	0	0
0	0	0	4	0	0	0	0	2	0	0	0	2	0	0	0	0	0	0	4	4	0	0	0
5	0	0	0	0	0	0	0	0	0	0	16	0	0	0	0	0	0	0	0	0	13	0	4
0	0	0	8	1	0	0	0	0	0	4	0	0	0	0	0	0	0	0	4	0	0	0	0
0	0	0	0	0	0	0	0	0	8	0	0	0	0	0	0	0	2	2	0	0	0	0	0
0	0	0	0	0	0	4	0	0	0	0	0	0	0	0	0	0	0	2	0	4	0	0	0
1	0	0	2	0	0	0	0	2	0	0	0	0	0	0	0	0	0	2	4	0	0	0	0
0	0	8	0	0	0	0	0	0	0	0	0	0	0	0	0	0	0	0	0	0	0	0	0
0	0	0	0	0	0	0	0	0	0	0	12	0	0	0	0	0	0	0	0	0	0	0	0
0	19	0	0	0	0	0	0	0	0	0	0	0	0	0	0	0	0	0	0	0	0	0	0
0	6	0	0	0	0	0	4	0	0	0	0	2	0	0	0	4	0	0	0	1	0	0	0
0	0	0	0	0	0	0	0	0	0	0	12	0	0	0	0	0	0	0	0	0	0	0	2
0	0	0	0	0	0	0	0	0	0	0	0	2	0	0	0	0	0	0	0	0	0	0	0
1	0	0	0	2	0	0	0	6	0	0	0	4	0	0	2	12	0	0	1	0	4	0	0
0	0	0	0	0	0	0	0	0	0	0	0	0	0	10	0	0	0	0	1	0	0	0	0
0	0	0	0	0	0	6	0	0	0	0	0	0	4	0	2	0	0	0	0	0	0	0	0
0	0	0	0	0	0	0	2	0	0	0	6	0	0	5	0	0	0	0	0	0	0	0	0
0	0	0	0	0	0	3	0	0	0	0	0	4	0	0	0	2	0	0	0	0	1	0	0
0	0	0	0	0	0	0	8	6	0	0	0	4	0	0	0	0	0	2	2	0	0	0	2
0	0	0	0	0	0	0	15	0	0	0	0	0	0	0	0	0	0	0	0	0	0	0	0
0	0	0	0	0	0	0	0	0	0	0	0	0	0	0	0	0	0	0	0	0	0	60	0
0	0	0	0	0	0	0	2	12	0	0	2	0	4	0	0	4	0	0	0	0	0	0	0
0	0	0	0	0	0	0	0	0	0	0	0	30	0	0	30	0	0	0	0	0	0	0	0
10	0	0	0	4	0	0	0	0	0	0	0	0	0	0	0	0	0	0	0	0	0	0	0
0	0	0	0	0	0	0	0	0	0	0	0	0	14	0	0	0	0	0	2	0	0	0	0
0	0	0	0	0	0	0	0	0	0	0	0	0	25	0	0	0	0	0	0	0	0	0	0
0	0	0	0	0	0	0	0	0	0	0	0	0	19	0	0	0	0	0	0	0	0	0	0
0	0	10	0	0	0	0	0	0	0	0	0	0	0	0	0	0	0	0	0	0	0	0	0
0	2	0	0	0	0	0	4	2	0	0	6	0	0	2	0	2	0	2	0	2	0	0	0
0	0	0	12	0	0	0	0	0	0	0	0	0	0	0	0	0	0	0	0	0	0	0	0
0	0	0	4	0	0	1	0	0	0	0	4	0	0	2	0	0	0	0	3	0	0	0	0
0	0	0	0	0	0	0	0	6	0	0	0	2	0	0	0	6	0	0	0	0	0	0	0
0	0	0	0	0	0	0	0	4	0	0	0	0	0	0	0	6	0	0	0	0	0	0	0
1	0	0	0	1	0	0	2	4	0	0	6	0	4	2	4	0	0	6	2	2	1	0	0
0	0	0	0	0	0	0	0	0	0	0	0	16	0	0	0	0	0	0	0	0	0	0	0
0	0	0	23	0	0	0	0	0	0	0	0	0	0	0	0	0	0	0	8	0	0	0	0
0	0	0	2	0	0	0	0	0	0	0	0	0	0	0	0	0	0	0	17	0	0	0	0
0	0	6	0	0	0	0	0	0	0	0	0	0	0	0	2	0	4	0	0	0	0	0	0
0	0	0	0	0	0	0	0	0	0	0	8	0	0	0	0	0	0	0	0	0	0	0	0
1	0	0	0	0	0	0	0	0	0	0	0	0	0	0	0	0	0	0	4	0	1	0	0
2	0	0	0	1	0	0	0	0	0	0	0	0	0	18	0	2	0	0	5	0	0	0	0
0	3	0	4	0	0	0	0	0	0	0	0	0	0	0	0	0	0	0	4	0	0	0	0
0	0	0	0	0	0	0	0	2	0	0	0	0	0	0	0	4	0	0	0	0	0	0	0
1	0	0	0	12	0	0	4	0	0	0	0	0	0	1	0	0	0	0	0	0	12	0	0
0	0	0	2	0	0	0	0	0	0	0	2	0	0	0	0	0	0	4	2	0	0	0	0
0	2	0	0	0	0	0	8	0	0	0	2	0	0	0	0	0	0	4	0	0	0	0	0
0	0	0	0	0	0	0	0	0	0	0	18	0	0	0	0	0	0	0	0	0	0	4	0
0	0	0	0	0	0	0	0	0	0	0	0	0	0	0	0	0	0	0	0	0	0	0	2
0	0	0	0	0	0	0	0	2	0	0	0	0	0	0	0	8	0	0	0	0	0	0	0
0	0	12	0	0	0	0	0	0	0	0	0	0	0	0	0	0	0	0	0	0	0	0	0
0	0	0	0	0	0	0	2	0	0	0	0	0	0	0	0	0	0	0	0	0	5	0	0
0	0	0	2	1	0	205	40	0	0	0	48	0	556	13	8	122	0	0	0	0	0	0	0
0	24	0	0	0	0	0	20	0	0	0	0	0	0	2	0	0	0	0	0	0	0	0	0
0	2	0	0	0	0	7	0	0	0	0	0	0	0	0	12	0	0	0	0	0	0	0	0
0	0	0	0	0	0	0	2	0	0	0	0	0	0	0	0	0	0	0	0	0	0	0	0
0	0	0	0	0	0	0	0	2	0	10	0	0	0	0	0	0	0	0	0	0	0	0	0
0	0	0	0	0	0	0	0	0	10	0	0	0	0	0	0	0	0	0	0	0	0	0	0
0	0	0	0	0	0	0	6	0	0	0	8	0	0	0	0	0	0	0	0	0	0	0	0
0	0	0	0	0	0	0	0	0	0	0	0	0	0	0	0	0	0	0	10	0	0	0	0
0	0	0	40	0	0	0	0	0	0	0	0	0	0	0	0	0	0	0	0	0	0	0	2
0	0	10	0	0	0	0	0	0	0	0	0	0	0	0	0	0	0	0	0	0	0	0	0
0	0	0	0	0	0	0	2	0	0	0	0	0	0	0	0	0	0	8	0	0	0	0	0
0	0	0	0	0	0	0	0	8	0	0	0	0	0	6	0	2	0	2	2	0	0	0	0
1	0	0	0	0	0	0	2	0	0	0	0	2	0	0	4	0	0	0	0	0	2	0	0
0	0	0	0	0	0	2	6	0	0	0	6	0	0	4	0	4	0	4	0	10	0	0	2
0	0	0	2	0	0	4	2	2	0	0	2	0	0	0	0	0	0	2	0	0	0	0	0
0	4	0	0	0	0	0	0	4	0	0	0	6	0	0	0	0	0	0	0	0	0	0	0
0	0	0	0	0	0	0	2	10	0	0	0	0	0	2	0	12	0	0	0	0	0	0	0
2	48	0	8	0	0	0	288	0	0	0	328	6	0	42	0	0	0	278	0	0	2	0	0
4	0	0	0	0	0	0	0	0	0	0	0	0	0	0	0	0	0	0	0	0	5	0	0
0	0	0	0	0	0	0	0	4	0	0	0	0	0	0	0	2	0	0	0	0	0	0	0
0	8	0	0	0	0	7	0	0	0	0	0	0	0	0	26	4	0	0	0	0	0	0	0
0	15	0	0	0	0	0	0	0	0	0	0	2	2	2	0	0	0	0	0	0	0	0	0
0	0	0	11	1	0	0	0	4	0	4	0	0	0	0	0	0	0	0	9	4	0	0	0
0	0	2	0	0	0	0	0	0	0	0	0	0	0	0	0	0	0	0	0	0	0	0	0
0	0	0	0	0	0	0	0	0	0	0	0	0	0	0	0	2	0	0	0	0	0	0	0
0	5	0	0	0	0	0	8	4	0	0	10	16	0	0	2	10	0	12	0	46	3	0	0
0	3	0	2	0	0	0	0	12	0	0	0	0	0	14	0	0	0	0	0	6	0	0	0
0	0	0	0	0	0	1	0	6	66	0	0	0	2	1	0	0	26	2	0	0	0	0	0
0	0	0	0	0	0	20	2	24	2	0	0	0	0	20	0	0	0	4	0	0	0	0	126
0	0	0	0	0	0	0	0	0	14	0	0	0	0	0	0	0	2	0	0	0	0	0	0
0	2	0	2	0	0	0	18	6	0	0	29	4	0	0	0	0	0	8	2	28	1	0	0
1	0	0	36	0	0	0	0	0	0	2	4	0	0	0	0	2	0	0	124	0	2	0	0
0	3	64	0	2	0	6	0	4	2	0	0	0	0	21	0	0	0	42	0	2	0	0	0
0	0	0	2	0	0	2	6	0	0	0	2	0	24	0	0	4	0	0	0	0	0	0	0
5	0	0	0	1	0	0	0	0	0	0	4	0	0	0	0	0	0	10	28	0	6	0	0
0	0	0	0	0	0	0	0	0	0	0	0	0	0	6	0	0	0	4	0	0	0	0	2
22	0	0	0	0	0	0	0	0	0	0	0	0	0	0	0	0	0	0	0	0	0	0	0
0	0	0	0	0	0	0	4	2	0	0	2	0	0	6	0	0	0	0	3	0	0	0	0
0	3	0	0	0	0	0	0	0	0	0	0	0	9	0	0	0	0	0	0	0	0	0	0
0	0	0	0	2	0	0	0	0	0	0	0	0	0	0	0	0	0	0	0	0	0	0	0
0	0	0	0	0	0	0	0	4	0	0	0	2	0	0	0	4	0	0	0	0	1	0	0
0	0	0	0	0	0	0	0	0	8	0	0	0	0	0	0	0	0	0	0	0	0	2	0
0	2	2	0	0	0	0	0	0	4	0	0	0	6	0	2	0	0	0	0	0	0	0	0
0	0	0	0	0	0	0	0	0	0	2	0	0	0	0	0	0	0	0	20	0	0	0	0
0	0	0	0	0	0	2	2	0	0	0	0	0	0	4	0	0	0	0	0	2	0	0	0
0	2	0	4	0	0	0	8	4	0	0	0	0	0	0	2	10	0	2	0	4	0	0	0
0	0	0	0	0	0	2	0	2	0	0	0	0	0	0	0	2	0	2	0	2	0	0	0
0	0	0	0	0	0	0	0	0	0	0	2	0	0	0	0	2	0	0	0	16	0	0	0
0	0	0	0	0	0	2	0	2	0	0	4	0	0	0	0	0	0	2	3	0	0	0	0
0	0	0	2	0	0	0	0	0	0	2	0	0	0	0	0	0	0	0	5	0	0	0	0
0	0	0	12	0	0	0	0	0	0	0	0	0	0	0	0	0	0	0	0	0	0	0	0
0	0	77	0	0	0	0	0	0	0	0	0	0	0	0	0	0	0	0	0	0	0	0	0
0	0	0	0	9	0	0	0	4	0	0	2	0	0	0	0	0	0	0	3	3	5	0	0
0	0	2	0	1	0	0	0	0	0	0	0	0	0	0	0	0	0	0	0	0	0	0	0
21	0	0	0	0	0	0	0	0	0	0	0	0	0	49	0	6	0	0	5	0	0	0	0
0	0	0	0	0	1	0	0	0	0	0	0	0	0	0	2	0	22	0	0	0	0	2	0
0	20	0	87	0	0	1	0	0	0	4	0	0	4	0	0	0	0	0	13	0	0	0	0
0	0	4	0	0	0	0	0	0	0	0	0	0	0	0	2	0	44	0	0	0	0	0	0
0	0	0	2	0	0	3	0	12	0	0	4	0	0	2	0	0	0	0	10	0	0	0	0
1	0	0	0	2	0	0	0	4	0	0	0	0	0	0	0	0	0	0	0	0	15	0	0
0	0	0	0	0	0	0	0	0	10	0	0	0	0	0	0	0	14	0	0	0	0	0	0
0	0	0	0	0	0	0	0	0	0	0	0	0	0	0	0	0	0	0	0	0	0	14	0
0	0	0	0	0	0	0	0	0	0	0	0	16	0	0	0	0	0	0	0	0	0	0	0
0	2	0	0	0	0	0	10	0	0	0	8	0	0	0	0	0	0	2	0	0	1	0	0
0	0	0	0	0	0	0	0	4	12	0	0	0	0	0	0	0	8	0	0	0	0	0	0
0	0	0	0	0	0	0	0	0	2	0	0	0	0	0	0	0	0	0	0	0	0	0	0
0	0	0	0	0	0	0	14	0	0	0	2	0	0	0	0	0	0	2	0	5	0	0	0
0	0	0	0	0	0	0	0	10	0	0	2	0	0	0	0	2	0	4	0	0	0	0	0
0	0	0	0	0	0	0	0	2	0	0	0	0	0	0	0	0	0	0	2	0	0	0	0
0	0	0	0	0	0	0	0	0	0	10	0	0	0	0	0	0	0	0	0	0	0	0	0
0	0	0	0	0	0	0	0	0	0	0	0	4	0	0	4	0	0	0	0	0	0	0	2
0	4	0	0	0	0	0	10	36	0	0	20	0	15	0	6	8	0	8	0	6	0	0	0
0	0	0	0	1	0	0	0	0	0	0	0	0	0	0	0	0	0	0	0	0	0	0	0
0	2	0	0	0	0	0	4	0	0	0	0	2	0	0	0	0	0	4	0	0	0	0	0
0	0	0	0	0	0	0	0	0	0	0	6	0	0	0	0	0	0	0	0	0	0	0	0
0	0	0	0	0	0	0	0	0	0	0	0	6	0	0	6	0	0	0	0	0	0	0	0
0	0	0	0	1	0	0	2	0	0	0	0	2	0	0	0	0	0	2	0	0	0	0	0
0	0	0	4	0	0	0	2	0	0	0	0	0	0	2	0	0	0	0	2	0	0	0	0
0	0	2	0	4	0	0	0	0	0	0	0	0	0	2	0	6	0	0	0	0	0	0	0
0	0	0	0	0	0	0	0	0	0	0	0	34	0	0	0	0	0	0	0	0	0	0	0
0	0	0	0	0	1	0	0	2	48	2	0	0	0	0	0	0	18	2	0	0	0	0	0
0	0	0	0	0	0	0	0	0	0	0	0	36	0	0	4	0	0	0	0	0	0	0	0
0	2	0	0	0	0	0	2	0	0	0	0	2	0	0	0	0	0	0	0	2	0	0	0
6	0	0	0	0	0	0	2	0	0	0	2	0	0	6	0	0	0	0	0	0	0	0	0
0	0	0	25	0	0	0	0	0	0	0	0	0	0	0	0	0	0	0	18	0	0	0	0
0	0	0	0	0	0	0	0	0	0	10	0	0	0	0	0	0	0	0	0	0	0	0	0
0	5	4	0	1	0	0	0	0	0	0	0	0	0	2	0	0	0	4	0	0	0	0	0
0	0	0	0	0	0	0	4	2	0	0	2	0	0	0	0	6	0	2	0	2	0	0	0
0	0	0	2	0	0	4	0	0	0	0	4	0	0	0	0	0	0	0	0	0	0	0	0
0	6	2	0	0	0	0	0	0	0	0	0	2	0	0	0	0	0	10	0	4	0	0	0
0	0	0	0	1	21	10	0	50	804	12	0	0	13	1	2	0	500	18	0	26	0	0	0
0	0	0	0	0	2	0	0	0	4	0	0	0	0	0	0	0	4	0	0	0	0	0	0
0	0	0	0	0	0	0	0	0	0	0	0	0	11	0	0	0	0	0	0	0	0	0	0
0	0	0	0	0	0	0	0	0	0	14	0	0	0	0	0	0	0	0	0	0	0	0	0
0	0	0	0	0	0	0	12	0	0	0	0	0	0	2	0	0	0	0	4	0	0	0	0
0	0	0	0	0	0	0	0	2	0	0	0	2	0	2	0	0	0	0	0	0	0	0	0
0	0	0	0	0	0	0	0	0	0	0	0	0	0	0	0	0	0	0	0	4	0	0	0
0	0	0	2	0	0	0	0	2	0	4	0	0	0	0	0	0	0	0	4	2	0	0	0
0	0	0	0	0	0	0	0	0	2	0	0	0	0	0	0	0	0	0	0	0	0	10	0
0	0	0	0	0	0	0	0	0	0	0	6	0	0	0	0	0	0	0	4	0	0	0	0
0	16	0	2	0	0	0	46	104	0	0	60	8	32	10	26	22	0	56	12	54	0	0	0
0	0	0	15	0	0	0	0	0	0	0	0	0	0	0	0	0	0	0	0	0	0	0	0
0	0	0	0	0	0	0	4	6	0	0	4	0	0	0	0	0	0	0	0	2	0	0	0
0	0	0	0	0	0	2	0	0	0	0	0	0	0	4	0	0	0	0	0	0	0	0	12
0	0	0	0	0	0	0	0	2	0	0	0	0	0	0	0	0	0	0	0	0	0	0	10
0	0	0	0	0	0	0	0	0	4	0	0	0	4	0	2	0	0	0	0	0	0	0	0
0	0	0	0	0	0	0	0	0	0	10	0	0	0	0	0	0	0	0	0	0	0	0	0
0	0	0	0	0	0	0	0	0	0	0	8	0	0	0	0	0	0	0	0	0	0	2	0
0	0	0	0	0	2	0	0	0	0	0	0	0	0	0	0	0	10	0	0	0	0	0	0
0	5	2	2	0	0	0	0	0	0	0	0	0	0	1	0	0	0	0	0	0	0	0	0
0	0	0	0	0	0	0	4	2	0	0	0	0	0	0	0	2	0	6	0	2	0	0	0
0	0	0	0	0	0	0	0	0	0	0	0	0	0	0	0	0	0	0	2	0	0	0	0
0	0	0	0	0	0	0	0	0	0	0	0	0	0	0	0	16	0	0	0	0	0	0	0
1	0	0	0	0	0	0	0	0	0	0	6	0	0	0	0	0	0	12	27	0	5	0	0
0	0	0	14	0	0	2	2	0	0	0	0	0	13	0	0	0	0	2	0	0	0	0	0
0	0	0	0	0	0	0	0	0	0	0	20	0	0	0	0	0	0	0	0	0	0	0	10
0	20	0	0	1	0	0	0	0	0	0	0	0	0	4	0	0	0	4	0	2	0	0	2
0	0	0	0	0	0	8	2	0	0	0	0	0	6	0	0	2	0	0	0	0	0	0	0
1	0	0	0	0	0	0	0	0	0	0	0	0	0	0	0	0	0	2	0	0	1	0	0
0	0	0	0	0	0	0	0	0	0	0	0	8	0	0	6	0	0	0	0	0	0	0	0
0	0	0	0	0	0	0	0	0	6	0	0	0	0	0	0	0	8	0	0	0	0	0	0
0	0	0	12	0	0	0	0	0	0	0	4	0	0	0	0	0	0	2	0	0	0	0	0
0	0	0	0	0	0	2	2	0	0	0	0	0	0	16	0	0	0	2	0	0	0	0	4
0	0	0	0	0	0	0	0	0	0	0	0	0	0	0	14	0	0	0	0	0	0	0	0
0	2	4	0	0	0	0	0	0	0	0	0	0	0	0	2	0	0	0	0	1	0	0	2
0	0	0	10	0	0	0	0	0	0	0	2	0	0	0	0	0	0	0	4	0	0	0	0
0	0	18	0	0	1	0	0	0	0	0	0	0	0	0	0	0	12	0	0	0	0	0	0
0	0	0	0	0	0	14	0	0	0	0	0	0	0	2	0	0	0	0	0	0	0	0	2
0	0	0	0	0	0	0	0	6	0	0	0	2	0	2	4	6	0	0	2	0	1	0	0
0	0	0	0	0	0	0	12	0	0	0	0	2	0	0	0	0	0	6	0	0	0	0	0
2	0	0	0	0	0	0	0	0	0	0	0	0	0	0	0	0	0	0	0	0	0	0	0
0	0	0	0	0	0	7	0	0	0	0	0	0	6	0	0	0	0	0	0	0	0	0	0
0	0	0	0	0	0	0	0	0	0	0	8	0	0	0	0	0	0	10	0	0	0	0	0
0	2	0	0	0	0	2	0	0	0	0	0	0	0	0	6	0	0	0	0	0	0	0	0
0	0	0	0	0	0	1	0	0	0	0	0	0	0	4	0	0	0	0	0	0	0	0	8
3	0	0	0	0	0	0	2	0	0	0	0	0	0	0	0	0	0	0	0	0	1	0	0
0	0	0	0	0	0	0	2	2	0	0	0	0	0	0	0	0	0	0	0	0	0	0	0
0	0	0	0	0	0	0	0	0	0	0	0	0	0	0	0	0	0	0	10	0	0	0	0
0	0	0	0	0	0	0	0	0	0	0	0	0	0	0	0	0	0	0	0	0	0	10	0
0	0	0	0	0	0	0	0	0	6	0	0	0	0	0	0	0	4	0	0	0	0	0	0
0	0	0	0	0	0	5	0	4	0	0	0	0	0	0	0	0	0	0	0	0	0	0	12
0	0	0	0	0	0	6	0	0	0	2	0	0	0	0	0	2	0	0	0	0	0	0	0
0	0	0	8	0	0	0	0	0	0	0	0	0	0	0	0	0	0	2	0	0	0	0	0
0	0	0	0	0	0	0	2	0	0	0	0	0	0	2	0	6	0	0	0	0	0	0	0
0	0	0	0	0	0	0	0	0	0	0	0	4	0	0	14	0	0	0	0	0	0	0	2
1	0	0	4	0	0	13	2	6	0	2	8	0	2	6	0	0	0	6	7	0	1	0	0
1	15	0	0	1	0	0	0	0	0	0	0	0	0	0	0	0	0	0	0	0	12	0	0
0	0	0	0	1	0	0	8	0	0	0	0	2	0	0	0	0	0	2	0	3	0	0	0
0	0	0	0	0	0	0	0	0	0	72	0	0	0	0	0	0	0	0	0	0	0	0	0
0	0	18	0	1	18	0	0	4	16	0	0	0	1	0	0	0	16	0	0	0	0	12	0
2	0	0	2	0	0	2	2	0	0	0	0	0	0	59	0	2	0	8	0	0	0	0	28
2	0	0	0	11	0	0	0	2	0	0	0	0	0	0	0	2	0	2	0	0	14	0	0
0	0	0	2	0	0	0	0	0	0	0	0	0	0	0	0	0	0	0	0	0	0	0	0
0	0	0	0	0	0	0	0	0	6	0	0	0	0	0	0	2	6	0	0	0	0	0	0
0	0	0	0	0	0	0	4	2	0	8	0	0	0	0	0	0	0	0	0	0	0	0	0
0	0	0	0	0	0	0	0	0	0	166	0	0	0	0	0	0	0	0	0	0	0	0	0
0	0	0	0	0	0	0	0	0	6	0	0	0	0	0	0	0	6	0	0	0	0	0	0
0	0	0	0	0	0	0	6	0	0	0	0	0	0	0	0	0	0	4	0	2	0	0	0
0	0	0	0	0	0	0	0	0	2	0	0	0	0	0	0	0	8	0	0	0	0	0	0
0	0	0	0	0	0	0	0	4	0	0	0	0	0	0	0	6	0	0	0	0	0	0	0
0	0	0	19	0	0	0	0	0	0	0	0	0	0	0	0	0	0	0	0	0	0	0	0
0	0	0	0	0	0	0	2	0	0	4	0	8	0	0	0	0	0	18	0	0	0	0	2
0	0	0	0	0	0	0	0	0	0	0	2	0	0	0	0	0	0	4	0	2	1	0	0
0	0	0	0	0	0	0	0	4	0	2	0	20	0	0	0	0	0	0	0	0	0	0	2
0	0	0	0	0	0	0	0	0	0	0	0	4	0	0	0	0	0	2	0	0	0	0	0
0	0	0	0	0	0	6	0	0	0	0	0	0	0	0	0	0	0	0	0	6	0	0	0
0	0	0	0	0	0	0	0	0	0	2	0	0	0	0	0	0	0	0	2	0	0	0	0
0	4	0	4	0	0	0	0	0	0	0	0	0	0	0	0	0	0	0	3	0	0	0	0
0	0	0	0	1	0	0	2	4	0	0	0	0	0	0	2	0	0	0	0	2	1	0	0
0	0	0	0	0	0	0	0	0	0	0	4	0	0	0	0	0	0	2	5	0	0	0	0
0	0	0	2	0	0	0	0	0	0	0	0	0	0	0	0	0	0	0	0	0	0	0	0
0	0	0	0	0	0	0	0	0	0	0	0	0	0	12	0	0	0	2	0	0	0	0	4
0	0	0	0	0	0	0	0	0	0	0	0	0	0	0	0	2	0	0	0	2	0	0	0
2	0	0	0	0	0	0	0	0	0	0	0	0	0	0	0	0	0	0	0	0	0	0	0
0	0	0	0	0	0	0	0	0	0	0	0	28	0	0	0	0	0	0	0	0	0	0	0
0	0	0	0	0	0	0	0	0	0	0	38	0	0	0	0	0	0	0	0	0	0	4	0
0	0	0	0	0	0	0	0	0	0	16	0	0	0	0	0	0	0	0	0	0	0	0	0
0	0	0	0	0	0	0	0	0	0	0	0	0	32	0	0	0	0	0	0	0	0	0	0
0	0	0	0	0	0	0	0	0	0	14	0	0	0	0	0	0	0	0	0	0	0	0	0
0	12	0	0	2	0	0	0	0	0	0	0	2	0	0	0	0	0	0	0	1	0	0	0
2	0	0	0	0	0	0	0	0	0	0	0	2	0	0	0	0	0	0	0	0	0	0	0
0	0	0	0	0	0	0	0	0	0	0	0	0	0	0	0	0	0	0	0	0	0	22	0
0	0	33	0	0	0	0	0	0	0	0	0	0	0	0	0	0	0	0	0	0	0	0	0
0	0	16	0	0	0	0	0	0	0	0	0	0	0	0	0	0	10	0	0	0	0	0	0
0	0	0	0	0	0	0	2	0	0	0	0	0	0	0	0	0	0	0	0	0	0	0	0
0	0	0	0	0	0	0	0	0	0	20	0	0	0	0	2	0	0	0	0	0	1	0	0
0	0	0	0	0	0	0	2	0	0	0	0	0	0	0	0	0	0	0	0	0	1	0	0
0	0	0	0	0	0	0	0	16	0	0	0	2	15	0	0	0	0	0	0	4	0	0	0
0	0	0	0	1	0	0	0	0	0	0	0	0	0	0	0	2	0	0	0	0	3	0	0
0	0	0	0	0	0	0	4	0	0	0	6	0	0	4	0	0	0	4	0	0	0	0	0
0	0	0	0	0	2	0	0	2	14	0	0	0	0	0	0	0	12	0	0	0	0	0	0
0	0	0	0	0	0	0	0	0	0	0	0	0	0	0	0	0	22	0	0	0	0	0	0
0	0	0	12	0	0	0	0	0	0	0	2	0	0	0	0	0	0	0	0	0	0	0	0
0	0	0	2	0	0	0	6	0	0	0	8	24	0	0	0	0	0	18	4	0	0	0	4
0	0	22	0	0	0	0	0	4	0	0	0	0	0	0	0	0	4	0	0	0	0	0	0
0	2	0	0	0	0	0	0	0	0	0	4	2	0	2	0	0	0	2	0	0	0	0	0
0	0	2	0	0	0	0	0	0	0	0	0	0	0	0	0	0	0	0	0	0	0	0	0
0	0	0	0	0	0	0	0	0	0	4	0	2	0	0	0	0	0	8	0	0	0	0	0
0	0	0	0	0	0	0	0	0	0	0	0	0	0	0	0	2	0	0	0	0	0	0	0
1	2	0	0	0	0	0	0	0	0	0	0	0	0	0	0	0	0	0	0	0	0	0	0
0	2	0	0	0	0	0	0	2	0	0	0	0	0	0	0	0	0	0	0	0	0	0	6
0	0	0	0	0	0	0	4	8	0	0	2	0	4	0	0	2	0	0	2	2	0	0	0
0	0	0	0	0	0	7	0	0	0	0	0	0	0	4	0	0	0	0	0	0	0	0	0
1	0	0	0	0	0	0	0	0	0	0	0	0	0	4	0	0	0	0	0	0	0	0	0
0	0	0	2	0	0	0	0	2	0	0	0	0	0	0	0	0	0	0	0	0	0	0	0
0	2	0	0	0	0	0	2	2	0	0	0	0	0	0	0	0	0	0	0	0	0	0	0
0	0	0	0	0	0	0	0	0	0	0	0	0	0	17	0	0	0	0	0	0	0	0	0
0	0	0	0	0	0	1	0	6	0	0	0	0	0	6	0	0	0	0	0	0	0	0	22
0	0	0	0	0	0	0	10	0	0	0	0	0	0	2	0	0	0	0	0	0	0	0	2
4	0	0	0	0	0	0	0	0	0	0	0	0	0	0	0	0	0	0	0	0	0	0	0
0	2	4	0	0	0	0	0	0	4	0	0	0	0	0	2	0	0	0	0	0	0	0	0
0	0	0	0	0	0	0	0	0	0	0	0	0	0	6	0	4	0	0	0	0	0	0	0
0	0	0	0	0	0	0	12	0	0	0	0	0	0	0	0	4	0	6	0	0	0	0	0
0	0	0	0	0	0	2	0	6	0	0	0	0	0	4	0	0	0	0	0	0	0	0	10
0	0	4	0	0	0	0	0	0	0	0	0	0	0	0	0	0	0	0	0	0	0	12	0
0	0	0	2	0	0	0	4	2	0	0	6	0	0	0	0	0	0	10	0	5	0	0	0
0	0	0	0	0	0	0	0	16	0	0	2	0	0	2	0	0	0	0	0	0	0	0	0
0	1	0	0	0	0	0	4	0	0	0	2	0	0	34	0	0	0	0	0	0	0	0	2
0	9	0	0	0	0	2	6	0	0	0	2	2	0	2	0	0	0	4	0	0	9	0	0
11	0	0	2	0	0	0	0	0	0	0	0	0	0	0	0	0	0	0	2	2	1	0	0
0	0	0	0	0	0	0	0	0	0	0	0	0	0	0	0	2	0	0	0	0	0	0	0
0	0	0	0	0	0	0	4	2	0	0	20	2	0	3	0	0	0	8	0	2	0	0	0
0	0	0	0	0	0	0	0	0	0	0	0	0	17	0	0	0	0	0	0	0	0	0	0
0	0	0	2	0	0	0	0	0	0	0	6	4	0	0	0	0	0	2	1	0	2	0	0
0	0	0	6	0	0	0	0	2	0	0	0	0	0	10	0	0	0	0	0	0	0	0	28
0	0	0	2	0	0	2	0	4	0	2	0	0	0	0	0	0	0	0	12	2	0	0	0
0	0	0	0	0	0	0	0	0	0	0	0	0	0	20	0	2	0	0	0	0	0	0	0
0	0	0	0	0	13	0	0	0	0	0	0	0	0	0	0	0	4	0	0	0	0	0	0
0	0	0	0	0	0	0	4	4	0	0	0	0	0	0	0	0	0	0	0	2	1	0	0
0	0	0	0	0	0	0	0	0	0	0	0	0	0	0	0	0	0	0	0	0	0	30	0
0	0	0	0	0	0	0	0	2	0	0	18	0	0	1	0	4	0	6	0	4	0	0	0
0	0	12	0	0	1	0	0	0	2	0	0	0	0	0	0	0	0	0	0	0	0	0	0
0	0	0	0	0	0	0	0	2	10	0	0	0	0	0	0	0	8	0	0	0	0	0	0
0	0	0	0	0	0	0	0	0	0	0	0	0	0	24	0	0	0	0	4	0	0	0	0
0	0	0	0	0	0	0	0	0	0	0	0	2	0	0	10	0	0	0	0	0	0	0	0
0	4	2	0	0	0	0	0	0	0	0	0	0	0	0	0	2	0	6	0	4	0	0	0
0	0	0	0	0	0	0	0	0	0	0	0	0	0	2	0	0	0	0	0	0	0	0	2
0	0	0	0	0	0	0	0	0	0	0	0	0	0	20	0	2	0	0	0	0	0	0	0
0	0	0	0	0	0	0	0	0	0	10	0	0	0	0	0	0	0	0	0	0	0	0	0
1	37	0	0	3	0	0	22	0	0	0	18	2	4	3	0	12	0	16	0	0	0	0	2
0	0	0	0	0	0	0	0	0	0	0	0	2	0	2	4	2	0	0	0	0	0	0	0
0	0	0	0	0	0	0	0	0	0	0	0	0	0	0	0	0	0	2	0	4	0	0	0
0	0	0	0	0	0	0	0	54	0	0	0	7	36	0	0	0	0	0	0	13	0	0	0
0	0	0	0	0	0	0	0	0	0	58	0	0	0	0	0	0	0	0	0	0	1	0	2
0	0	0	0	0	0	0	0	0	0	0	0	0	0	10	0	0	0	0	0	0	0	0	0
0	0	0	0	1	0	0	14	0	0	0	0	0	0	10	0	0	0	8	0	0	0	0	0
0	4	0	0	0	0	0	0	0	2	0	0	0	2	0	0	0	0	0	0	2	0	0	0
0	0	0	0	0	0	0	0	0	0	0	4	0	0	0	0	0	0	2	10	0	0	0	0
0	0	0	6	0	0	0	0	4	0	0	0	0	0	0	0	0	0	4	8	0	0	0	0
0	0	0	0	0	0	0	0	0	0	0	0	0	0	0	0	0	0	0	0	0	0	38	0
0	0	0	0	0	0	0	0	0	0	0	0	0	0	0	0	12	0	0	0	0	0	0	0
0	0	0	12	0	0	0	0	0	0	0	2	0	0	0	0	0	0	0	15	0	0	0	0
0	0	0	0	2	0	0	0	0	0	0	0	2	0	0	0	0	0	0	0	0	3	0	0
0	0	0	2	0	0	3	0	0	0	0	0	0	8	0	0	0	0	0	0	0	0	0	0
0	0	0	0	0	0	0	2	4	0	0	2	0	0	0	0	2	0	0	0	0	0	0	0
0	4	0	6	0	0	0	0	0	0	0	0	0	0	0	0	0	0	0	2	0	0	0	0
0	0	0	0	0	0	0	0	0	8	0	0	0	0	0	0	0	2	0	0	0	0	0	0
0	0	0	0	0	0	0	0	0	0	0	0	4	0	0	0	0	0	2	0	0	0	0	0
0	2	0	0	0	0	0	2	0	0	0	0	0	0	0	0	0	0	2	0	0	0	0	0
0	0	2	0	0	0	0	0	0	0	0	0	0	0	0	0	0	2	2	0	4	0	0	0
0	23	0	0	2	0	0	6	0	0	0	0	6	0	2	0	0	0	0	0	0	0	0	0
0	0	0	0	0	0	0	6	0	0	8	0	4	0	0	0	0	0	12	0	0	0	0	0
0	0	0	0	0	0	0	0	2	0	24	0	0	0	0	0	0	0	2	0	0	0	0	0
0	0	0	0	3	0	0	0	0	0	0	0	0	0	0	0	0	0	2	0	7	6	0	0
0	0	0	0	0	0	0	0	0	0	0	0	8	0	0	22	0	0	0	0	0	0	0	0
0	0	0	0	0	0	0	0	0	0	24	0	0	0	0	0	0	0	0	0	0	0	0	0
0	0	0	0	0	0	0	0	4	22	0	0	0	2	0	2	0	32	2	0	0	0	0	0
0	0	0	0	0	0	0	0	0	0	0	0	12	0	0	22	0	0	0	0	0	0	0	0
0	1	0	1	0	0	0	8	4	0	0	8	0	0	2	0	0	0	14	0	5	0	0	0
0	0	0	0	0	12	0	0	0	14	0	0	0	0	0	0	0	6	0	0	0	0	0	0
0	0	0	0	0	0	2	0	2	0	0	0	0	0	2	0	0	0	0	0	0	0	0	16
0	0	0	2	0	0	0	0	0	0	0	4	0	0	0	0	6	0	4	0	0	0	0	0
0	0	0	0	0	0	0	0	0	0	0	0	0	0	8	0	6	0	10	0	0	0	0	0
0	0	0	2	0	0	0	0	0	0	0	0	0	0	0	0	0	0	0	0	0	0	16	0
0	0	0	0	0	0	2	0	4	0	0	0	0	0	8	0	0	0	0	0	0	0	0	16
0	0	0	0	0	0	0	0	4	0	4	0	16	0	0	0	0	0	0	0	0	0	0	0
0	0	0	0	0	0	0	0	0	0	0	0	0	0	12	0	0	0	0	0	0	0	0	2
0	0	0	0	0	0	0	6	4	0	0	4	0	0	0	0	0	0	4	0	0	0	0	0
0	0	2	0	0	0	0	0	0	8	0	0	0	0	0	0	0	4	2	0	0	0	2	0
0	0	0	25	0	0	0	0	0	0	0	0	0	0	0	0	0	0	0	0	0	0	0	0
0	1	0	0	0	0	0	2	0	0	0	2	2	0	0	2	0	0	2	0	34	1	0	0
0	0	0	0	0	0	0	0	0	0	0	0	2	14	0	0	0	0	0	0	0	0	0	0
0	0	0	0	1	0	0	0	0	0	0	0	0	0	0	0	4	0	0	2	0	0	0	0
0	0	0	0	0	0	0	0	0	0	0	4	0	0	0	0	0	0	0	0	0	5	0	0
0	0	0	0	0	0	0	0	0	0	2	4	0	0	0	0	0	0	0	0	0	0	0	0
0	0	4	0	0	0	0	0	0	0	0	0	0	0	0	0	0	0	0	0	0	0	0	0
0	1	0	0	0	0	0	4	2	0	0	8	4	0	0	0	0	0	2	0	3	3	0	0
0	0	0	2	0	0	13	6	8	0	2	14	0	0	4	0	0	0	12	25	2	0	0	0
0	0	0	0	0	0	0	0	0	0	0	0	0	0	0	0	18	0	0	0	0	0	0	0
0	0	0	0	0	0	0	0	0	0	96	0	0	0	0	0	0	0	4	0	0	0	0	0
0	0	0	208	0	0	0	0	0	0	0	0	0	0	0	0	2	0	0	0	0	0	0	0
0	4	0	0	0	0	12	0	20	0	0	0	0	0	26	0	0	0	0	0	0	0	0	106
10	0	0	0	0	0	0	0	0	0	0	0	0	0	129	0	0	0	0	0	0	0	0	0
35	0	0	0	1	0	0	0	0	0	0	0	0	0	2	0	0	0	6	0	10	3	0	0
0	0	0	0	0	0	0	0	0	0	0	0	0	0	0	0	0	258	0	0	0	0	0	0
0	0	0	0	3	0	2	0	0	0	0	2	0	0	0	0	0	0	0	0	56	0	0	0
0	0	2	0	0	0	0	0	0	0	0	0	0	0	0	0	0	0	0	0	0	0	0	0
0	2	0	2	0	0	2	0	0	0	0	0	0	0	0	0	0	0	0	2	0	0	0	0
0	0	0	0	1	11	0	0	0	6	0	0	0	0	0	0	0	8	0	0	0	0	0	0
1	0	0	2	0	0	0	3	0	0	0	0	0	0	0	0	0	0	0	0	4	0	0	0
0	0	0	6	0	0	0	0	2	0	0	0	0	0	0	0	0	0	2	2	0	0	0	0
0	0	0	0	1	0	0	4	2	0	0	0	0	0	2	0	0	0	0	0	0	0	0	0
0	0	0	0	0	0	0	0	0	0	2	0	0	0	0	0	0	12	0	0	0	0	0	0
0	0	0	10	0	0	0	0	0	0	0	0	0	0	0	0	0	0	0	0	0	0	0	0
0	0	0	14	0	0	0	0	0	0	0	0	0	0	0	0	0	0	0	0	0	0	0	0
0	0	0	0	0	0	0	0	0	0	0	0	0	0	0	0	0	0	0	0	0	0	28	0
0	0	0	2	0	0	0	2	0	0	0	0	0	2	0	2	0	0	2	0	0	0	0	0
0	0	0	0	0	0	0	0	4	0	0	4	0	0	0	0	0	0	2	0	0	0	0	0
0	0	0	0	0	0	0	0	0	0	0	0	6	0	0	0	0	0	0	0	2	0	0	0
0	0	0	0	0	0	0	2	0	0	0	2	0	0	0	0	0	0	2	0	0	0	0	0
0	0	0	0	0	0	0	0	0	0	0	0	0	0	0	0	0	0	0	0	0	0	10	0
0	0	0	2	0	0	0	0	0	0	0	6	0	2	0	0	0	0	0	0	0	0	0	0
0	0	0	0	0	0	0	0	0	0	0	2	4	0	0	0	0	0	0	0	0	0	0	0
0	2	0	6	0	0	0	0	4	0	0	0	0	0	0	0	0	0	0	2	0	0	0	0
0	0	0	0	0	0	0	0	0	0	0	0	50	0	0	160	0	0	0	0	0	0	0	6
0	0	0	0	0	0	0	87	0	0	0	89	0	0	45	0	6	0	0	0	0	72	0	14
0	0	0	0	1	0	0	0	2	0	0	0	0	0	0	0	0	0	0	2	0	0	0	0
0	0	0	0	0	0	19	3	0	0	0	8	0	87	6	0	6	0	0	0	0	0	0	0
0	0	0	2	0	0	33	0	44	0	0	0	0	0	91	0	0	0	4	2	0	0	0	228
0	65	18	0	0	5	7	0	6	2	2	0	0	0	0	2	6	12	40	0	26	0	0	2
0	0	0	2	0	0	37	0	0	0	0	0	0	0	0	0	0	0	0	0	0	0	0	0
0	0	0	5	1	0	0	0	2	0	2	0	0	0	0	0	0	0	0	21	0	0	0	0
7	0	0	4	2	0	0	62	148	0	1008	0	24	0	0	12	0	0	104	0	0	11	0	4
0	0	0	2	0	0	2	0	0	0	4	0	0	0	4	0	0	0	0	0	0	0	0	16
0	0	0	0	0	0	0	0	0	0	0	0	2	0	0	16	0	0	0	0	0	0	0	0
2	0	0	0	0	0	0	0	10	0	0	0	0	0	0	0	0	0	0	0	0	1	0	0
1	0	0	0	0	0	8	2	20	0	0	0	32	0	40	0	0	0	0	0	0	0	0	134
1	0	0	0	0	0	2	0	2	0	0	2	0	0	0	0	0	0	2	4	2	0	0	0
0	0	0	0	0	0	0	0	0	0	0	0	2	0	0	12	0	0	0	0	0	0	0	0
0	4	0	0	1	0	0	2	0	0	0	8	0	0	0	0	2	0	0	0	2	1	0	0
0	0	0	0	0	0	0	6	2	0	0	0	0	0	0	0	2	0	2	0	0	0	0	0
0	0	0	0	0	0	0	0	0	0	2	2	0	6	0	0	0	0	0	0	0	0	0	0
0	0	0	0	0	0	0	0	0	0	0	0	30	0	0	66	0	0	0	0	0	0	0	0
0	0	0	0	6	0	0	12	0	0	12	0	22	0	3	0	6	0	6	0	0	0	0	0
1	0	0	4	0	0	5	2	4	0	2	12	0	2	0	0	0	0	0	2	0	0	0	0
0	30	0	0	0	0	22	0	0	0	0	4	0	0	0	74	2	0	0	0	0	0	0	0
0	0	0	0	0	0	0	0	2	0	0	0	0	0	0	0	0	0	0	2	0	0	0	0
0	0	0	0	0	0	0	4	0	0	0	0	2	0	0	0	0	0	0	0	0	0	0	0
0	0	0	0	0	0	0	0	0	0	0	0	0	0	6	0	2	0	0	0	0	0	0	8
0	0	0	0	0	0	0	0	4	0	0	0	0	0	2	0	0	0	2	0	0	0	0	14
0	0	0	0	0	0	0	0	8	0	0	0	0	3	0	0	0	0	0	0	0	0	0	0
0	0	0	0	0	0	0	0	0	16	0	0	0	0	0	0	0	2	0	0	0	0	0	0
0	0	0	0	0	0	0	0	2	0	0	0	0	0	0	0	8	0	0	0	0	0	0	0
0	4	0	0	0	0	0	0	6	0	0	0	4	0	0	0	0	0	0	0	0	0	0	0
0	0	0	0	0	0	0	0	0	0	0	0	0	0	0	10	0	0	0	0	0	0	0	0
1	0	0	0	0	0	0	0	0	0	0	4	0	0	3	0	0	0	0	34	0	1	0	0
0	0	0	0	0	0	3	4	0	0	0	2	0	10	2	2	4	0	0	0	0	0	0	0
2	0	0	0	3	0	0	0	0	0	0	2	0	0	2	0	0	0	0	0	0	0	0	0
0	0	0	0	0	0	5	0	2	0	0	0	0	0	12	0	0	0	2	0	0	0	0	40
1	0	0	0	0	0	0	0	16	0	0	0	0	0	0	0	0	0	0	0	0	3	0	0
0	2	0	2	0	0	0	4	2	0	0	12	0	0	0	2	2	0	12	0	12	0	0	0
2	0	0	0	0	0	0	14	0	0	0	0	0	0	0	0	28	0	8	0	2	0	0	14
0	0	0	0	0	0	0	0	0	0	0	0	0	0	12	0	0	0	0	0	0	0	0	0
0	0	0	0	0	0	0	0	0	0	0	0	0	0	24	0	0	0	2	0	0	0	0	4
0	0	0	0	0	0	0	0	0	0	0	0	0	0	0	0	0	0	0	0	0	0	12	0
0	0	0	0	4	0	0	0	0	0	0	0	0	0	0	0	0	0	0	0	0	0	0	0
0	0	0	0	5	0	0	0	0	0	0	0	0	0	0	0	0	0	0	0	0	0	0	0
0	0	0	5	0	0	0	0	0	0	0	0	0	0	0	0	0	0	0	24	0	0	0	0
0	0	0	0	0	0	0	4	0	0	0	0	2	0	0	0	2	0	2	0	0	0	0	0
0	0	0	0	0	0	0	0	0	0	0	0	0	0	0	0	0	0	0	0	0	0	16	0
0	0	0	0	0	0	0	0	0	0	0	0	0	0	0	0	0	0	0	0	0	0	16	0
0	0	0	0	0	0	0	0	0	0	0	0	0	0	0	0	0	0	0	0	0	0	30	0
0	0	0	0	0	0	0	8	0	0	0	4	0	0	0	0	0	0	8	0	0	0	0	0
0	0	0	0	0	0	0	0	0	0	0	0	4	0	0	6	0	0	0	0	0	0	0	0
0	0	0	0	0	0	0	0	0	0	0	2	0	0	0	0	0	0	0	0	0	0	30	0
0	0	0	29	0	0	0	0	0	0	0	2	0	0	4	0	0	0	0	5	0	0	0	0
0	0	0	0	0	0	0	0	0	0	4	0	0	0	0	0	0	0	0	0	0	0	0	0
0	2	0	0	0	0	0	0	0	0	0	0	0	0	0	0	0	0	0	0	0	0	0	12
0	0	0	0	0	0	0	3	0	0	0	0	8	0	0	0	0	0	0	0	0	0	0	0
0	0	0	0	0	0	0	0	0	0	12	0	0	0	0	0	0	0	4	0	0	1	0	0
0	0	0	10	0	0	0	0	0	0	0	0	0	0	0	0	0	0	0	0	0	0	0	0
0	2	0	0	0	0	0	0	2	0	0	0	6	0	0	0	2	0	4	0	0	0	0	0
0	0	6	0	0	0	1	0	0	0	2	0	0	0	0	0	0	0	0	0	2	0	0	2
0	0	0	0	0	0	0	0	0	0	16	0	0	0	0	0	0	0	0	0	0	0	0	0
0	0	0	0	0	0	0	0	10	0	0	0	2	2	0	0	0	0	0	0	2	0	0	0
0	2	0	0	0	0	0	10	0	0	0	4	0	0	0	0	0	0	2	0	4	0	0	0
0	0	0	0	0	0	0	0	0	0	0	0	0	0	0	0	0	0	0	0	10	0	0	0
0	0	0	0	0	0	0	0	7	0	0	0	2	7	0	0	0	0	0	0	0	0	0	0
0	0	0	0	0	0	0	0	0	0	0	0	0	0	0	0	0	36	0	0	0	0	0	0
0	0	0	0	0	0	0	8	0	0	0	0	0	0	0	0	0	0	0	0	9	0	0	0
0	0	0	2	0	0	2	2	2	0	0	2	0	0	0	0	0	0	0	4	0	0	0	0
0	0	0	0	0	0	0	0	0	6	0	0	0	0	0	0	2	4	0	0	0	0	0	0
9	0	0	0	0	0	0	0	0	0	0	0	0	0	0	0	0	0	0	0	0	0	0	0
0	0	0	0	0	0	0	0	0	0	0	0	0	0	6	0	0	0	2	0	0	0	0	4
0	0	0	0	0	0	0	0	0	0	0	0	0	0	0	22	0	0	0	0	0	0	0	0
0	0	0	0	0	0	0	0	0	0	0	0	0	0	10	0	0	0	0	0	0	0	0	0
0	8	0	0	0	0	0	0	0	0	0	0	0	0	0	2	0	0	2	0	0	0	0	0
0	0	0	0	0	0	0	2	2	0	0	0	4	0	0	0	2	0	0	0	0	0	0	0
1	0	0	0	0	0	0	0	0	0	0	0	0	0	24	0	0	0	0	0	0	0	0	0
0	0	0	0	0	0	0	0	0	0	0	2	0	0	2	0	2	0	4	0	0	0	0	0
0	0	0	0	0	0	0	0	0	0	0	12	0	0	0	0	0	0	0	10	0	0	0	0
0	0	0	0	0	0	0	0	0	0	0	0	0	0	0	0	0	2	0	0	0	0	14	0
4	0	0	2	0	0	0	2	0	0	0	0	0	0	0	0	0	0	6	0	3	19	0	0
0	0	0	0	0	0	0	0	0	0	34	0	0	0	0	2	0	0	0	0	0	0	0	0
0	56	0	0	0	0	10	168	62	0	0	46	80	0	18	0	38	0	100	8	30	17	0	4
0	0	0	0	0	0	0	8	4	0	0	2	4	0	1	0	0	0	4	0	8	0	0	0
0	0	0	0	0	0	0	0	0	0	54	0	0	0	0	0	0	0	0	0	0	0	0	0
0	0	0	0	2	0	0	12	10	0	0	12	10	0	0	0	8	0	0	0	20	3	0	0
0	0	0	0	0	0	0	0	0	0	88	0	0	0	0	0	0	0	0	0	0	0	0	0
0	0	187	0	0	0	0	0	0	0	0	0	0	0	0	0	0	122	0	0	0	0	0	0
0	0	0	0	1	0	0	0	0	0	0	0	0	0	0	0	0	0	0	0	0	0	0	0
0	0	0	10	0	0	6	10	0	0	0	0	0	0	75	0	2	0	14	2	0	0	0	24
0	0	0	2	0	0	1	4	2	0	0	2	0	0	0	0	0	0	0	6	2	0	0	0
0	0	0	0	0	0	0	0	0	0	2	0	0	0	0	0	0	0	0	0	0	0	0	0
0	0	0	0	0	0	0	0	0	0	0	0	0	0	0	0	0	0	4	0	4	0	0	0
0	0	0	0	0	0	0	0	2	6	0	0	0	0	0	0	0	6	0	0	0	0	2	0
0	0	0	0	0	0	3	2	0	0	0	0	0	6	0	0	0	0	0	0	0	0	0	0
0	0	0	0	0	2	0	0	0	2	0	0	0	0	0	0	0	2	0	0	0	0	0	0
0	0	6	0	0	0	0	0	0	0	0	0	0	2	0	0	0	0	0	0	0	0	0	0
0	0	0	0	0	0	0	0	4	0	0	0	0	0	0	0	0	0	0	4	0	0	0	0
3	0	0	0	0	0	0	0	0	0	0	0	0	0	0	0	0	0	0	0	0	0	0	0
0	0	0	0	0	0	0	0	0	0	0	0	0	0	21	0	0	0	0	0	0	0	0	0
27	23	0	0	35	0	2	4	2	0	4	4	10	0	0	0	0	0	10	0	9	21	0	0
0	20	468	0	0	0	35	0	2	48	0	0	12	2	4	56	2	0	18	0	15	0	0	0
0	0	0	0	0	0	0	0	0	0	0	0	0	0	10	0	0	0	0	0	0	0	0	0
0	0	0	0	0	0	0	0	0	0	0	0	8	0	0	2	0	0	0	0	0	0	0	0
0	3	0	0	6	0	0	0	0	0	0	0	0	0	0	0	0	0	0	0	0	0	0	0
0	0	0	0	0	0	4	0	0	0	0	0	0	0	4	0	0	0	0	0	0	0	0	18
0	0	0	0	0	0	0	0	0	0	0	0	4	0	0	12	0	0	0	0	0	0	0	0
0	2	0	4	0	0	2	0	0	0	4	0	0	0	2	0	0	0	2	0	0	0	0	0
0	0	0	0	0	0	0	0	0	0	0	0	0	0	12	0	0	0	0	0	0	0	0	0
0	0	0	0	0	0	0	2	0	0	0	0	4	0	0	0	0	0	4	0	0	0	0	0
0	19	0	0	0	0	3	27	28	0	0	8	22	0	0	0	4	0	18	4	2	0	0	0
10	0	0	0	0	0	0	0	0	0	0	0	0	0	0	0	0	0	0	0	0	0	0	0
0	0	0	0	0	0	0	8	0	0	0	0	8	0	0	0	0	0	24	0	0	0	0	0
0	0	0	0	0	0	2	4	0	0	0	0	0	8	0	0	4	0	0	0	0	0	0	0
4	0	0	0	0	0	0	20	0	0	0	0	0	0	20	0	0	0	0	0	0	0	0	0
5	0	0	0	1	0	2	2	2	0	0	2	0	4	0	0	0	0	2	3	0	0	0	0
0	0	0	0	3	0	0	5	0	0	0	0	0	0	0	0	0	0	2	0	2	0	0	0
6	0	0	0	3	0	1	0	0	0	0	0	0	0	0	0	0	0	0	0	0	0	0	0
2	0	0	0	0	0	0	0	0	0	0	0	0	34	0	0	0	0	0	0	0	0	0	0
18	0	0	0	0	0	0	0	0	0	0	0	0	0	0	0	0	0	0	0	0	0	0	0
0	0	0	0	1	0	5	6	0	0	0	0	0	0	0	0	2	0	6	0	0	4	0	0
0	0	0	0	0	0	0	0	0	0	0	0	2	0	0	0	0	0	0	0	0	0	0	0
0	0	0	0	0	0	0	0	0	0	0	4	0	0	0	0	0	0	2	4	0	0	0	0
0	0	0	0	0	0	0	2	0	0	0	4	0	0	0	0	0	0	2	0	1	0	0	0
0	0	0	0	0	0	0	2	0	0	0	6	0	0	0	0	0	0	2	0	2	1	0	0
0	0	0	0	0	0	0	0	0	0	0	2	0	14	2	0	2	0	0	0	0	0	0	0
0	0	0	0	0	0	1	0	0	0	0	4	0	0	0	0	0	0	2	4	0	0	0	0
0	0	2	0	0	0	0	0	0	0	0	0	0	0	0	0	0	0	0	0	0	0	0	0
0	0	0	0	0	0	0	26	0	0	0	0	0	0	8	0	0	0	0	2	0	0	0	2
0	0	0	2	0	0	0	9	0	0	0	0	2	0	0	0	0	0	8	0	0	0	0	0
0	0	0	0	0	0	0	0	0	0	0	4	0	0	0	0	0	0	0	13	0	0	0	0
0	0	0	8	0	0	0	0	0	0	2	0	0	0	0	0	0	0	0	5	0	0	0	0
0	0	0	21	8	0	6	1	0	0	8	0	2	0	0	0	0	0	0	28	9	1	0	0
0	0	0	0	0	0	0	0	2	0	2	0	2	0	8	0	0	0	0	0	0	0	0	14
0	0	0	0	0	0	0	2	0	0	0	0	2	0	2	0	0	0	2	0	0	0	0	0
0	0	0	0	0	0	0	0	0	0	0	12	0	0	0	4	0	0	2	0	0	0	0	0
0	0	8	0	0	0	0	0	0	0	0	0	0	0	0	0	2	0	0	0	0	0	0	0
0	0	0	0	0	0	0	0	0	0	0	0	0	0	0	0	0	0	0	0	0	0	10	0
0	0	0	12	0	0	0	0	0	0	0	0	0	0	0	0	0	0	0	0	0	0	0	0
0	0	0	0	0	0	0	0	0	0	0	0	0	0	8	0	0	0	0	0	0	0	0	2
0	0	0	0	0	0	2	0	0	0	0	0	0	0	0	0	0	0	0	2	0	0	0	0
0	0	0	0	0	0	0	0	0	0	0	0	0	0	12	0	2	0	0	0	0	0	0	0
0	0	8	0	0	0	0	0	0	2	0	0	0	0	0	0	0	0	0	0	0	0	0	0
0	0	0	0	0	0	0	0	0	10	0	0	0	0	0	0	0	0	0	0	0	0	0	0
0	0	0	0	0	0	0	0	2	0	0	0	0	0	4	0	0	0	0	0	0	0	0	4
0	2	0	0	0	0	0	0	0	0	0	0	0	0	0	0	0	0	0	0	0	0	0	0
0	0	0	0	0	0	0	0	0	0	0	0	0	0	0	0	0	0	0	2	0	0	0	0
0	0	0	0	0	0	0	0	0	0	0	0	0	0	0	0	0	0	2	0	2	0	0	0
0	0	0	0	0	0	2	0	0	0	0	0	0	0	6	0	0	0	2	0	0	0	0	6
0	0	0	0	0	0	0	4	0	0	0	0	0	0	0	0	0	0	0	0	0	0	0	0
2	0	0	0	1	0	0	2	0	0	0	0	0	0	0	0	0	0	0	0	0	0	0	2
0	0	0	0	1	0	0	2	0	0	0	0	0	0	0	0	0	0	2	0	0	0	0	0
0	0	0	0	0	0	0	0	8	0	0	2	0	0	2	0	0	0	0	0	6	0	0	0
0	0	0	0	0	0	2	0	0	0	0	0	0	1	0	0	4	0	0	0	0	0	0	0
0	0	0	0	0	0	24	0	0	0	0	0	0	0	0	0	0	0	0	0	0	0	0	0
0	2	0	0	0	0	0	10	0	0	0	8	4	0	3	0	0	0	4	0	6	0	0	0
0	0	0	0	0	0	0	2	2	0	0	2	0	0	0	0	0	0	6	0	0	0	0	0
0	1	0	0	0	0	0	3	0	0	0	4	10	0	0	0	0	0	10	6	0	0	0	0
0	2	0	0	0	0	0	0	0	0	0	0	0	14	0	0	0	0	0	0	0	0	0	0
0	0	0	0	0	0	0	0	2	0	0	0	0	10	0	2	0	0	0	0	0	0	0	0
0	0	0	4	0	0	0	0	0	0	2	0	0	0	0	0	0	0	0	30	0	0	0	0
0	0	0	0	0	0	0	0	0	0	12	0	0	0	0	0	0	0	0	0	0	0	0	0
0	0	0	2	0	0	1	2	2	0	0	0	0	0	2	0	0	0	4	4	1	0	0	0
0	0	0	0	0	0	0	4	2	0	0	0	2	0	6	0	0	0	0	14	0	0	0	2
0	0	0	0	0	0	0	0	0	0	14	0	0	0	0	0	0	0	4	0	0	0	0	0
0	0	0	0	0	0	2	0	0	0	0	0	0	0	0	0	0	0	0	0	0	0	0	0
0	0	0	0	0	0	0	2	0	0	10	0	0	0	0	0	0	0	0	0	0	0	0	0
0	0	0	0	0	0	0	2	0	0	4	0	6	0	0	0	0	0	2	0	0	0	0	2
0	0	0	0	0	0	7	0	0	0	0	0	0	0	0	0	0	0	0	0	0	0	0	0
0	0	0	0	0	0	0	0	4	0	0	0	0	0	2	0	2	0	0	0	0	0	0	0
0	2	0	0	0	0	0	0	0	0	10	0	0	0	0	0	0	0	2	0	0	0	0	0
7	0	0	0	0	0	0	2	0	0	0	0	0	0	0	0	0	0	0	0	0	0	0	0
25	0	0	0	17	0	2	0	0	0	0	2	0	0	0	0	0	0	2	0	2	8	0	0
0	0	0	6	0	0	0	0	0	0	0	0	2	0	0	0	0	0	0	0	0	0	0	0
13	2	0	0	28	0	0	0	128	0	0	0	18	0	16	34	80	0	0	26	2	77	0	0
0	0	0	0	0	0	9	0	0	0	2	0	0	0	0	0	0	0	0	0	0	0	0	0
0	0	0	0	0	0	3	0	0	0	0	0	0	0	10	0	0	0	0	0	0	0	0	16
2	0	0	0	0	0	0	0	0	0	0	0	0	0	0	0	0	0	0	0	0	1	0	0
0	0	0	0	0	0	0	0	0	0	0	0	0	0	8	0	2	0	2	0	0	0	0	4
0	0	0	0	0	0	0	0	0	0	0	0	0	0	0	0	0	0	2	0	0	1	0	0
0	0	0	0	0	0	0	2	6	0	0	4	0	0	2	0	0	0	2	4	0	0	0	0
0	0	0	0	0	0	0	0	0	0	22	0	0	0	0	0	0	0	0	0	0	0	0	0
0	0	0	0	0	0	0	0	0	0	4	0	0	0	0	0	0	0	0	0	0	0	0	0
0	0	0	0	0	0	0	0	0	0	0	0	0	0	0	22	0	0	0	0	0	0	0	0
0	0	0	0	0	0	0	0	0	0	0	0	0	0	0	2	0	0	0	0	0	0	0	12
0	2	2	0	0	0	2	0	2	0	0	0	0	0	2	0	0	0	0	0	0	0	0	28
0	0	0	0	0	0	0	0	26	0	0	2	0	0	0	0	0	0	0	0	0	0	0	0
0	0	0	0	0	0	1	2	0	0	0	4	0	0	2	0	0	0	0	11	0	0	0	0
0	0	0	0	0	0	3	3	2	0	0	0	0	0	0	0	0	0	2	0	0	0	0	0
0	0	0	0	0	0	0	0	0	0	0	0	0	0	0	0	0	0	0	0	0	1	0	0
0	0	0	0	0	0	0	0	0	0	0	0	0	0	2	0	0	0	0	2	0	0	0	0
0	0	0	0	0	0	0	0	0	0	0	0	2	0	0	0	0	0	0	8	0	0	0	0
0	129	63	0	0	0	1	2	4	124	0	0	0	104	38	10	0	0	18	0	82	0	0	2
0	3	0	0	0	0	0	0	0	0	0	4	0	0	3	0	0	0	0	0	0	0	0	0
0	0	0	0	0	0	0	4	2	0	0	2	0	0	0	0	0	0	4	0	0	0	0	0
0	6	0	11	0	0	0	0	2	0	0	0	0	2	0	0	0	0	0	6	0	0	0	0
0	0	0	0	0	0	0	0	0	0	0	0	0	0	2	0	0	0	0	0	0	0	0	10
0	0	0	0	0	0	0	0	0	0	0	0	0	0	0	0	0	0	0	10	0	0	0	0
0	2	0	0	0	0	0	2	2	0	0	0	2	0	0	0	0	0	4	0	0	0	0	0
0	0	0	8	0	0	0	0	0	0	0	4	0	0	2	0	0	0	6	0	0	0	0	2
4	0	0	0	0	0	0	0	0	0	0	0	0	0	4	0	0	0	0	0	0	0	0	0
0	0	0	0	0	0	0	0	0	0	14	0	0	0	0	0	0	0	0	0	0	0	0	0
0	0	0	0	0	0	0	0	0	0	0	0	0	0	0	0	0	0	0	0	0	2	0	0
0	3	3	0	0	0	2	0	0	6	0	0	0	0	0	2	0	0	0	0	0	0	0	0
0	0	2	0	0	0	0	0	0	0	0	0	260	0	0	236	0	0	0	0	0	0	0	60
0	0	6	0	0	0	0	0	0	0	8	0	0	0	2	0	0	0	2	0	0	0	0	0
0	0	2	0	0	0	0	0	0	0	0	0	0	0	0	2	0	12	0	0	0	0	0	0
0	0	0	0	0	0	0	0	2	6	0	0	0	0	0	0	0	2	0	0	0	0	0	0
0	0	0	8	0	0	0	0	0	0	0	0	0	0	0	0	0	0	0	2	0	0	0	0
0	0	0	8	0	0	0	0	0	0	0	0	0	0	0	0	0	0	0	2	0	0	0	0
2	0	0	2	0	0	0	0	0	0	0	0	0	0	0	0	0	0	0	0	0	0	0	0
0	3	0	0	3	0	1	2	2	0	0	2	4	0	0	0	2	0	0	0	0	0	0	0
0	0	0	0	1	0	0	0	4	0	0	0	2	0	0	4	2	0	0	0	0	0	0	0
0	0	2	0	0	0	4	0	2	0	0	0	0	0	9	0	0	0	0	0	0	0	0	16
0	0	0	0	0	0	0	6	0	0	0	0	0	0	12	0	0	0	0	0	0	0	0	20
0	5	6	0	0	0	1	0	4	0	2	0	0	0	0	2	0	0	2	0	0	0	0	0
0	4	0	0	0	0	4	0	4	0	0	0	2	0	0	0	2	0	2	0	2	0	0	0
0	0	0	0	0	0	0	2	2	0	0	0	0	2	0	0	0	0	0	0	2	1	0	0
0	0	0	0	0	0	0	0	0	0	0	0	0	0	0	4	0	0	0	0	0	0	0	6
0	3	0	0	0	0	0	0	2	0	0	4	0	6	0	0	0	0	2	0	0	0	0	0
0	0	0	0	0	0	0	0	0	0	0	0	0	0	0	0	0	0	0	15	0	0	0	0
0	0	22	0	0	9	0	0	4	38	0	0	0	0	0	2	0	32	0	0	0	0	42	0
0	0	0	0	0	0	0	6	0	0	0	0	0	0	0	0	0	0	0	4	3	0	0	0
2	0	0	0	0	0	0	2	0	0	0	0	0	0	2	0	0	0	0	2	0	0	0	0
0	0	0	0	0	0	0	4	0	0	0	6	0	0	4	0	2	0	0	0	0	0	0	0
0	1	0	0	0	0	0	2	4	0	0	0	0	0	0	0	0	0	0	0	0	0	0	0
0	0	0	0	0	0	1	6	0	0	0	4	0	0	2	0	0	0	0	0	0	0	0	2
0	0	0	0	0	0	0	0	0	0	0	0	8	0	0	4	0	0	0	0	0	0	0	0
0	0	4	0	0	0	0	0	0	0	0	0	0	0	0	0	0	4	0	0	0	0	4	0
0	4	0	0	0	0	0	0	0	0	0	0	0	0	0	0	0	0	0	0	0	0	0	0
0	0	0	0	0	0	0	0	0	0	0	0	0	0	0	0	0	2	0	0	0	0	0	0
0	0	0	68	0	0	0	0	0	0	0	0	0	0	2	0	0	0	0	0	0	0	0	0
0	0	0	74	0	0	0	0	0	0	0	0	0	0	0	0	0	0	0	25	0	0	0	0
0	0	0	0	0	0	1	0	2	0	0	0	0	0	8	0	0	0	0	0	0	0	0	56
0	0	0	0	0	0	0	0	0	0	56	0	0	0	0	0	0	0	0	0	0	0	0	0
0	0	0	2	0	0	8	2	0	0	0	0	0	20	0	2	0	0	0	0	0	0	0	0
0	0	0	0	0	0	0	0	0	0	0	0	0	0	0	0	0	0	0	0	0	0	142	0
0	1	0	0	0	0	0	0	0	0	0	0	0	0	0	0	0	0	2	0	0	0	0	0
0	48	0	0	0	0	0	6	0	0	0	6	0	0	0	0	0	0	0	0	0	0	0	2
0	0	0	0	0	0	0	0	0	0	0	0	0	0	0	4	0	40	0	0	0	0	0	0
0	0	34	0	0	0	0	0	0	0	0	0	0	0	0	0	0	0	0	0	0	0	0	0
4	4	0	0	3	0	0	14	16	0	68	20	6	40	2	2	6	0	28	0	8	0	0	0
0	0	12	0	0	0	0	0	0	0	0	0	0	0	0	0	0	0	0	0	0	0	0	0
0	0	0	0	0	1	0	0	2	6	0	0	0	0	0	0	0	4	2	0	0	0	0	0
0	0	0	0	0	0	0	0	0	0	0	0	24	0	0	0	0	0	0	0	0	0	0	0
0	0	0	0	0	0	3	2	0	0	0	0	0	0	38	0	2	0	6	0	0	0	0	12
0	0	12	0	0	0	0	0	0	0	0	0	0	0	0	0	0	0	0	0	0	0	0	0
0	0	0	2	0	0	0	4	0	0	0	0	2	0	0	0	0	0	4	0	0	0	0	0
0	4	0	0	0	0	0	2	0	0	0	2	0	0	0	0	0	0	2	0	2	0	0	0
1	0	0	0	0	0	0	0	0	0	0	0	0	0	0	0	0	0	0	0	0	0	0	0
0	0	0	0	0	0	0	0	0	0	0	0	0	9	0	0	0	0	0	0	0	0	0	0
1	0	0	0	1	0	0	0	0	0	0	0	0	0	0	0	0	0	0	0	0	1	0	0
0	0	0	0	0	0	0	0	2	0	0	0	0	0	2	0	0	0	0	0	0	0	0	10
0	0	0	0	0	0	0	0	0	0	0	0	0	0	0	2	0	8	0	0	0	0	0	0
0	0	0	0	0	0	0	0	0	0	0	0	2	0	0	2	4	0	0	0	0	0	0	0
0	0	0	0	0	0	0	4	0	0	0	6	0	0	4	0	0	0	0	0	0	0	0	2
0	0	0	0	0	0	0	0	0	0	0	2	0	0	0	0	0	0	4	4	0	0	0	0
0	0	0	0	0	0	0	0	0	0	0	0	14	0	0	0	0	0	0	0	0	0	0	0
0	0	0	0	0	0	0	0	0	0	0	0	2	0	2	0	0	0	0	0	0	0	0	6
1	0	0	0	0	0	0	2	0	0	0	0	0	0	0	0	0	0	0	0	0	0	0	4
1	0	0	0	0	0	0	0	0	0	0	0	6	0	0	0	0	0	0	0	0	0	0	0
1	0	0	0	1	0	0	0	0	0	0	0	0	0	0	0	0	0	0	0	0	0	0	0
0	0	0	10	0	0	0	0	0	0	0	0	0	0	0	0	0	0	0	9	2	0	0	0
0	0	0	0	0	0	0	0	0	0	0	0	2	0	0	0	6	0	0	0	0	0	0	0
0	0	0	0	0	0	0	0	0	0	0	0	0	0	22	0	0	0	0	0	0	0	0	0
0	11	0	0	0	0	0	8	0	0	0	0	0	0	4	0	0	0	0	0	0	0	0	0
0	0	0	0	0	0	0	0	0	0	0	0	0	0	0	2	0	0	0	0	0	0	0	0
0	0	0	0	0	0	0	0	0	8	0	0	0	0	0	0	0	0	0	0	2	0	0	0
0	3	0	0	0	0	0	0	0	0	0	6	0	2	0	0	0	0	4	0	0	0	0	0
0	0	0	0	0	0	0	0	0	0	0	0	0	0	4	0	0	0	2	0	0	0	0	8
0	0	0	0	0	0	0	0	4	12	0	0	0	0	0	0	0	2	0	0	0	0	0	0
0	0	10	0	0	0	0	0	0	0	0	0	0	0	0	0	0	4	0	0	0	0	2	0
0	0	0	0	0	0	0	0	0	0	0	0	4	0	0	8	0	0	0	0	0	0	0	0
0	0	0	10	0	0	0	0	0	0	0	2	0	0	0	0	0	0	0	0	0	0	0	0
0	0	0	0	0	0	0	2	0	0	0	6	0	0	0	0	0	0	2	0	2	0	0	0
0	0	0	0	0	0	0	0	0	46	0	0	0	4	0	2	0	28	4	0	2	0	0	0
0	0	0	0	0	0	0	0	0	0	0	0	0	0	2	0	0	0	0	0	0	0	0	0
0	0	0	0	0	0	0	0	0	0	0	0	0	0	0	0	0	40	0	0	0	0	0	0
34	0	0	0	0	0	0	0	0	0	0	0	0	0	6	0	0	0	0	0	0	0	0	0
2	8	0	0	0	0	0	0	4	0	0	2	2	0	0	0	0	0	0	0	0	4	0	0
0	2	0	0	0	0	0	2	0	0	0	12	4	0	0	0	0	0	4	0	22	0	0	0
0	0	0	0	1	0	0	6	0	0	0	0	0	0	0	0	0	0	6	0	2	0	0	0
0	0	0	0	0	4	0	0	0	0	0	0	0	0	0	0	0	64	0	0	3	0	0	0
0	0	0	0	0	0	0	0	2	0	36	0	0	0	0	0	0	0	4	0	0	0	0	0
0	0	0	0	0	0	0	0	0	0	0	0	0	0	0	0	0	42	0	0	0	0	0	0
0	0	0	0	0	0	0	2	0	0	0	10	4	0	0	0	0	0	4	0	8	0	0	0
1	0	0	0	5	0	0	0	0	0	0	0	0	0	0	0	0	0	0	2	0	2	0	0
14	0	0	0	0	0	0	0	0	0	0	2	0	0	0	0	0	0	0	0	0	0	0	2
0	0	0	0	0	0	0	4	2	0	0	10	0	0	0	0	2	0	0	0	4	0	0	0
0	0	0	0	0	0	0	0	0	0	0	2	0	0	0	0	0	0	44	0	0	0	0	8
0	0	0	0	0	0	0	0	0	4	0	0	0	0	0	2	0	0	0	0	0	0	64	0
0	0	0	0	0	0	0	0	0	0	0	0	28	0	0	16	0	0	0	0	0	0	0	12
2	0	0	0	0	0	2	2	0	0	0	2	0	0	10	0	4	0	0	0	0	0	0	14
0	0	0	0	0	0	0	0	2	0	0	0	2	0	0	0	0	0	0	0	0	0	0	0
0	0	0	0	0	0	0	2	0	0	0	0	0	0	0	0	0	0	0	0	3	1	0	0
0	0	0	0	0	0	0	2	4	0	0	0	0	0	0	0	4	0	2	0	4	0	0	0
0	0	0	0	0	0	0	0	0	0	0	0	0	0	0	0	0	0	10	0	0	0	0	0
0	0	0	0	0	0	0	0	0	0	0	14	0	0	0	0	0	0	0	0	0	0	4	0
0	0	0	0	2	0	0	0	0	0	0	0	0	0	0	0	0	0	0	0	0	2	0	0
0	0	0	0	0	0	0	0	10	0	0	2	0	0	0	0	0	0	0	0	0	0	0	0
0	0	0	0	0	0	0	0	8	0	0	0	0	0	2	6	4	0	0	2	0	0	0	0
0	1	0	0	0	0	0	0	2	0	0	2	0	0	0	0	0	0	10	0	0	0	0	0
0	0	0	0	0	0	0	0	6	0	0	2	2	0	0	0	0	0	0	0	0	0	0	0
0	0	0	6	0	0	0	0	0	0	0	0	0	2	0	0	0	0	0	2	0	0	0	0
0	0	0	0	1	0	0	0	0	0	0	0	0	0	0	0	0	0	2	0	0	0	0	0
1	0	0	0	0	0	0	0	0	0	0	0	0	0	0	0	4	0	0	0	0	0	0	0
0	0	0	0	0	0	1	0	0	0	0	2	0	15	2	0	0	0	0	0	0	0	0	0
0	0	0	0	0	0	0	0	4	0	0	0	0	0	0	0	4	0	0	0	0	0	0	0
0	0	10	0	0	0	0	0	0	0	0	0	0	0	0	0	0	0	0	0	0	0	0	0
0	0	0	4	0	0	0	0	0	0	0	0	0	0	0	0	0	0	0	4	0	0	0	0
0	0	0	0	0	0	0	16	0	0	0	4	0	0	0	0	0	0	0	0	0	0	0	14
0	0	0	0	0	3	0	0	0	8	0	0	0	0	0	0	0	0	0	0	0	0	0	0
0	0	0	0	0	0	0	0	0	0	0	0	0	0	0	0	0	0	12	0	0	0	0	0
0	0	0	0	0	0	0	2	4	0	0	2	0	0	0	0	0	0	2	0	0	0	0	0
0	0	0	0	0	0	1	2	0	0	0	0	0	0	38	0	2	0	4	0	0	0	0	8
0	4	0	0	1	0	0	8	0	0	0	0	2	2	0	0	0	0	0	0	0	0	0	0
0	0	0	0	0	0	0	0	0	0	0	0	0	0	0	16	0	0	0	0	0	0	0	0
0	0	0	0	0	0	2	0	2	0	0	0	0	0	4	0	0	0	0	0	0	0	0	6
0	0	0	0	0	0	0	0	0	0	0	0	0	0	2	0	0	0	0	0	0	0	0	4
0	0	0	0	0	0	2	2	0	0	0	4	0	0	0	0	0	0	0	1	0	0	0	0
0	0	0	0	0	0	0	0	0	0	0	0	12	0	0	0	0	0	0	0	0	0	0	0
0	0	0	0	0	0	0	0	0	0	0	0	0	0	16	0	0	0	0	0	0	0	0	0
0	2	0	4	0	0	0	0	0	0	2	0	0	0	0	2	0	0	0	10	0	0	0	0
0	0	0	0	0	0	0	0	0	2	0	0	0	0	0	0	0	0	0	0	0	0	12	0
0	0	0	0	0	0	0	0	0	0	0	0	0	20	0	0	0	0	0	0	0	0	0	0
0	0	0	0	0	0	2	0	2	0	0	0	0	0	6	0	0	0	0	0	0	0	0	10
0	0	0	2	0	0	0	5	0	0	0	4	2	0	0	0	0	0	10	0	0	0	0	0
0	0	0	0	1	0	0	0	0	0	0	4	0	0	0	0	0	0	0	9	0	6	0	0
0	1	0	4	0	0	3	0	0	0	0	2	0	0	0	0	0	0	0	0	2	0	0	0
2	0	0	0	0	0	0	0	0	0	0	0	0	0	0	0	0	0	0	0	0	0	0	0
1	0	0	0	0	0	0	0	0	0	0	0	0	0	0	0	0	0	0	0	0	0	0	0
0	0	0	0	0	0	0	0	0	2	0	0	0	0	0	0	0	0	0	0	0	0	0	0
0	6	8	0	0	0	2	0	0	0	0	0	0	0	0	0	0	0	0	0	0	0	0	0
0	0	4	0	0	0	0	0	6	0	0	0	0	0	0	0	0	0	0	0	0	0	0	0
0	0	0	0	0	0	0	0	0	0	0	0	0	0	0	0	0	0	2	0	0	0	0	0
0	0	0	0	0	0	0	0	0	0	18	0	0	0	0	0	0	0	0	0	0	0	0	0
0	0	23	0	0	0	0	0	0	0	0	0	0	0	0	0	0	0	0	0	0	0	0	0
1	3	0	0	0	0	0	0	0	0	0	2	0	0	0	0	2	0	2	0	0	0	0	0
0	0	0	0	0	0	0	0	0	0	0	0	0	0	0	0	0	0	2	2	0	3	0	0
0	0	0	0	0	0	0	0	0	0	14	0	0	0	0	0	0	0	0	0	0	0	0	0
0	0	6	0	0	0	0	0	0	4	0	0	0	0	0	0	0	0	2	0	0	0	0	0
0	0	0	0	0	0	0	0	0	0	0	0	0	0	0	0	0	0	26	0	0	0	0	6
0	0	0	0	0	0	0	0	0	0	0	0	2	8	0	0	0	0	0	0	0	0	0	0
0	0	0	0	0	0	0	2	4	0	0	2	2	0	2	0	0	0	2	0	2	0	0	0
0	0	0	0	0	0	0	0	0	0	0	0	4	0	0	4	0	0	0	0	0	0	0	2
0	0	0	0	0	0	0	0	0	0	0	0	0	0	0	0	0	0	0	0	0	0	30	0
0	11	0	0	0	0	0	28	0	0	0	29	0	0	6	0	2	0	26	2	10	0	0	0
0	0	0	0	1	0	0	0	0	0	0	0	0	0	0	0	0	2	0	0	2	0	0	0
0	8	4	0	0	0	0	0	0	8	6	0	0	0	4	2	0	0	0	0	1	0	0	0
0	0	0	0	0	0	0	2	12	0	0	0	0	0	0	0	0	0	0	0	0	0	0	0
0	0	0	0	1	0	0	0	0	0	0	8	0	2	4	0	6	0	14	0	0	0	0	0
0	0	0	0	0	0	0	0	0	0	0	0	0	0	0	0	0	0	0	0	0	0	28	0
21	0	0	0	0	0	0	0	0	0	0	0	0	0	16	0	0	0	0	0	0	1	0	0
0	0	0	0	0	0	0	8	4	0	0	0	0	0	0	0	2	0	2	0	2	0	0	0
0	0	0	0	0	0	0	0	0	0	0	0	4	0	0	12	0	0	0	0	0	0	0	0
0	0	0	0	0	0	0	0	0	0	0	2	0	0	0	0	0	0	4	2	0	3	0	0
0	0	0	0	0	0	0	2	0	0	0	8	0	0	0	2	0	0	4	0	0	0	0	0
0	0	0	0	0	71	0	0	0	0	0	0	0	0	0	4	0	4	0	0	0	0	0	0
0	2	0	2	0	0	0	6	0	0	0	2	2	0	5	0	0	0	6	0	20	5	0	0
0	0	0	0	1	11	0	0	2	6	0	0	0	0	0	0	0	2	0	0	0	0	2	0
0	0	0	0	0	0	20	4	0	0	0	2	0	49	2	0	4	0	0	0	0	0	0	0
0	2	0	0	0	0	2	21	54	0	0	8	0	0	12	4	14	0	8	0	44	3	0	0
2	20	0	0	0	0	1	16	6	0	0	4	4	0	0	0	0	0	10	0	2	27	0	2
9	0	0	0	9	0	0	12	0	0	0	0	0	0	0	0	4	0	2	0	0	0	0	10
0	0	0	0	0	0	0	2	18	0	0	0	8	0	0	2	42	0	0	3	0	0	0	0
0	0	0	0	0	0	0	0	0	0	86	0	0	0	0	0	0	0	2	0	0	0	0	0
0	0	0	0	0	0	0	0	6	0	0	2	0	0	0	0	2	0	2	0	0	0	0	0
2	0	0	0	0	0	0	0	0	0	0	0	0	0	0	0	0	0	0	0	0	0	0	0
0	32	0	0	0	0	0	2	2	0	0	0	0	0	6	0	0	0	8	2	0	1	0	0
0	0	0	0	0	0	0	0	2	0	0	0	0	0	4	0	0	0	0	0	0	0	0	6
0	0	0	0	0	0	0	0	0	2	0	0	0	0	0	0	0	0	0	0	0	0	8	0
0	0	4	0	0	0	2	0	0	2	0	0	0	0	0	0	0	0	0	0	0	0	0	0
0	0	4	0	0	0	0	0	0	0	0	0	0	0	0	0	0	0	0	0	0	0	0	0
0	0	0	0	0	0	0	0	0	0	2	0	0	0	0	2	0	4	0	0	0	0	0	0
0	0	0	0	0	0	0	0	0	10	0	0	0	0	0	0	0	0	0	0	0	0	0	0
0	0	0	0	0	0	0	0	2	0	0	0	8	0	0	0	0	0	0	0	0	0	0	0
0	0	0	0	0	0	0	0	0	0	10	0	0	0	0	0	0	0	0	0	0	0	0	0
0	0	0	0	0	0	0	0	0	0	0	0	2	0	0	0	0	0	0	0	0	1	0	0
0	0	0	0	1	0	0	0	0	0	0	0	0	0	0	0	0	0	0	0	0	1	0	0
0	0	67	0	0	0	0	0	0	0	0	0	0	0	0	0	0	0	0	0	0	0	0	0
0	0	0	0	0	0	0	0	0	0	0	32	0	0	0	0	2	0	26	0	11	0	0	0
0	0	0	0	2	29	0	0	2	8	0	0	0	0	0	0	0	2	0	0	3	0	4	0
6	0	0	0	4	0	0	4	4	0	0	2	0	0	0	0	0	0	0	0	0	9	0	0
0	0	0	0	0	0	0	0	20	0	0	0	4	0	4	2	34	0	0	2	0	0	0	0
2	0	0	0	1	0	2	0	0	0	0	0	0	48	0	0	0	0	0	0	0	0	0	0
0	0	0	0	0	0	2	0	10	28	2	0	0	0	0	0	0	24	2	0	0	0	2	0
0	0	0	0	0	0	0	0	0	0	0	0	0	0	0	0	0	0	0	0	0	0	0	52
0	0	0	0	0	0	0	0	18	0	0	0	0	0	6	8	10	0	0	4	0	0	0	0
0	14	8	0	0	0	0	0	0	0	0	0	0	0	0	0	0	0	4	0	2	0	0	0
0	0	0	0	0	0	0	0	14	0	0	0	0	0	2	0	8	0	0	0	0	0	0	0
0	0	0	0	0	0	0	6	4	0	0	0	0	0	2	0	2	0	4	0	26	1	0	0
0	0	0	0	0	0	5	2	0	0	0	0	0	12	0	0	0	0	0	0	0	0	0	0
0	0	0	0	0	0	0	0	2	0	0	0	2	0	0	0	6	0	0	2	0	0	0	0
1	0	0	0	0	0	0	0	0	0	0	0	0	0	0	0	0	0	0	0	0	0	0	0
0	0	0	1	0	0	0	8	0	0	2	0	2	0	0	0	0	0	4	0	0	0	0	0
4	0	0	0	2	0	0	4	0	0	0	4	0	0	0	0	14	0	8	0	0	0	0	4
0	0	0	0	0	0	0	0	10	0	2	0	0	0	0	0	0	0	0	0	0	0	0	0
0	0	28	0	0	0	0	0	0	0	0	0	0	0	0	0	0	0	0	0	0	0	0	0
0	13	0	0	0	0	0	0	0	0	0	2	0	0	0	0	0	0	0	0	0	3	0	2
0	0	0	12	0	0	0	0	0	0	0	0	0	0	0	0	0	0	0	4	2	0	0	0
3	0	0	0	0	0	0	0	0	0	0	0	0	0	0	0	0	0	0	0	0	0	0	0
0	0	0	0	0	0	0	2	6	0	0	6	0	0	0	0	0	0	2	0	4	0	0	0
0	0	0	0	0	0	0	4	0	0	0	0	0	0	0	0	0	0	0	0	0	0	0	0
0	0	0	0	0	0	0	0	0	0	0	0	0	0	22	0	0	0	0	0	0	0	0	0
0	0	0	0	0	0	0	0	0	0	0	0	0	0	10	0	0	0	0	0	0	0	0	2
0	0	0	2	0	0	4	0	0	0	0	0	0	2	0	0	0	0	2	0	0	0	0	0
0	0	0	0	0	0	0	0	4	0	0	0	0	0	0	0	0	0	2	0	5	0	0	0
0	2	0	0	0	0	0	0	0	0	0	0	0	0	0	0	0	0	0	0	0	0	0	0
0	0	0	0	0	0	0	0	2	0	0	0	2	0	5	0	0	0	0	0	0	0	0	12
1	0	0	3	0	0	0	0	0	0	0	0	0	0	2	0	2	0	2	2	0	0	0	0
0	0	0	0	0	0	0	0	0	0	0	0	2	0	0	0	0	0	6	0	0	0	0	0
0	0	0	0	0	0	0	0	0	0	0	0	0	0	0	0	0	0	2	0	0	0	0	0
0	0	0	0	0	0	0	2	0	0	0	0	4	0	0	0	2	0	2	0	0	0	0	0
0	0	0	6	0	0	0	0	0	0	0	0	0	0	2	0	0	0	0	2	0	0	0	0
0	4	0	0	0	0	0	2	0	0	0	0	2	0	0	0	0	0	0	0	0	2	0	0
0	0	0	0	0	0	0	2	0	0	0	0	2	0	0	0	0	0	0	0	0	0	0	0
15	0	0	0	0	0	0	0	0	0	0	0	0	0	0	0	0	0	0	0	0	0	0	0
0	0	0	0	0	0	0	0	2	40	0	0	0	0	0	0	0	12	0	0	0	0	0	0
0	0	0	0	0	0	5	2	0	0	0	2	0	13	0	0	0	0	0	0	0	0	0	0
0	0	0	0	0	0	2	0	0	0	0	14	0	0	2	0	8	0	10	0	0	0	0	6
0	0	0	0	0	0	0	0	0	0	0	0	0	0	0	0	0	56	0	0	0	0	0	0
0	14	0	32	0	0	0	2	0	0	0	0	0	0	0	0	0	0	2	9	0	0	0	0
16	0	0	0	0	0	0	0	0	0	0	2	0	0	0	0	0	0	0	0	0	0	0	2
1	0	0	0	0	0	0	0	0	0	0	0	0	0	0	0	0	0	0	0	0	0	0	0
2	3	0	0	0	0	41	10	0	0	0	4	0	0	41	0	14	0	0	0	3	2	0	10
0	0	0	0	0	0	0	0	0	0	0	16	0	6	0	0	2	0	2	2	0	0	0	0
0	0	0	0	0	0	0	0	4	0	2	0	0	0	0	0	0	0	0	0	0	0	0	2
0	0	0	8	0	0	0	0	0	0	0	0	0	0	0	0	0	0	0	1	0	0	0	0
0	0	0	0	0	0	0	2	2	0	0	0	0	2	0	0	2	0	0	0	3	0	0	0
0	0	0	0	0	0	0	0	0	0	384	0	0	0	0	0	0	0	0	0	0	0	0	0
0	0	0	0	0	7	0	0	14	118	2	0	0	4	0	0	0	76	4	0	3	0	0	0
0	2	0	0	0	0	0	0	0	2	0	0	0	0	0	0	0	0	0	0	0	0	0	0
0	0	0	6	0	0	0	0	0	0	0	0	0	0	0	0	0	0	0	2	0	0	0	0
0	0	0	0	0	0	0	0	0	0	0	0	0	0	2	0	0	0	6	0	0	0	0	2
0	0	0	2	0	0	0	0	0	0	0	0	2	0	0	0	0	0	0	6	0	0	0	0
0	0	0	2	0	0	0	0	0	0	0	0	0	0	2	0	0	0	0	10	0	0	0	0
0	0	0	0	0	0	0	0	0	10	0	0	0	0	0	0	0	4	0	0	0	0	0	0
2	0	0	0	0	0	0	2	0	0	0	0	0	0	0	2	0	0	0	0	2	0	0	0
2	0	0	0	10	0	0	0	0	0	0	0	2	0	0	0	0	0	0	0	0	0	0	2
0	0	0	0	0	0	0	0	0	0	0	0	0	0	8	0	0	0	2	0	0	0	0	2
0	0	0	19	0	0	0	0	0	0	0	0	0	0	0	2	0	0	0	0	0	0	0	0
0	8	0	0	0	0	0	22	22	0	68	16	0	30	6	2	6	0	22	0	10	0	0	0
0	0	0	2	0	0	0	0	6	0	2	0	0	0	0	0	0	0	0	6	0	0	0	0
0	0	0	19	0	0	0	0	0	0	0	0	0	0	0	0	0	0	0	0	0	0	0	0
0	0	0	0	0	0	13	4	0	0	0	2	0	17	0	0	0	0	0	0	0	0	0	0
1	0	0	0	0	0	0	0	0	0	0	2	0	0	0	0	0	0	2	0	0	7	0	0
3	0	0	0	2	0	0	3	0	0	0	0	0	0	0	0	4	0	2	0	0	0	0	2
0	0	0	0	2	0	0	10	2	0	0	0	0	0	0	0	0	0	4	0	2	0	0	0
0	0	0	0	0	0	0	0	0	0	0	0	0	0	0	0	0	0	0	0	24	0	0	0
0	0	20	0	0	4	0	0	0	0	0	0	0	0	0	4	0	10	0	0	0	0	0	0
0	20	0	0	0	0	0	0	0	0	0	0	0	2	0	6	0	0	0	0	0	0	0	0
0	6	0	0	0	0	0	0	2	0	0	0	0	6	0	6	0	0	2	3	0	0	0	0
1	2	0	0	4	0	0	0	0	0	0	17	0	2	0	0	8	0	6	0	0	0	0	4
2	37	0	0	0	0	11	63	10	0	0	2	36	0	0	0	4	0	20	0	2	19	0	0
0	0	0	0	0	0	0	2	0	0	0	6	2	0	0	0	0	0	6	0	0	0	0	0
0	2	0	2	0	0	2	0	8	0	4	0	0	2	2	0	0	0	0	2	0	0	0	0
0	2	2	0	0	0	3	0	4	0	0	0	0	0	2	0	0	0	4	0	0	0	0	42
0	7	0	0	6	0	0	0	0	0	0	0	0	0	0	0	0	0	0	0	0	0	0	0
0	2	0	1	0	0	0	10	2	0	0	6	0	0	0	0	0	0	4	0	0	0	0	0
0	0	0	29	0	0	0	0	0	0	0	2	0	0	2	0	0	0	0	16	2	0	0	0
0	0	0	0	0	0	0	0	4	0	0	6	0	0	0	0	0	0	0	0	2	0	0	0
0	0	0	0	0	0	0	0	0	0	0	0	0	0	38	0	2	0	0	3	0	0	0	0
0	0	0	0	0	0	0	0	0	0	0	0	0	0	2	0	0	0	0	0	0	0	0	0
0	1	0	0	0	0	0	4	0	0	0	2	0	0	0	0	0	0	4	0	2	0	0	0
1	0	0	0	0	0	0	2	0	0	0	2	0	0	0	0	0	0	0	0	0	0	0	0
0	0	0	0	0	0	0	4	0	0	0	1	0	0	0	0	2	0	0	0	2	0	0	0
0	0	0	0	2	0	0	0	0	0	0	0	0	0	0	0	0	0	0	0	0	0	0	0
0	0	0	142	0	0	0	0	0	0	0	0	0	0	4	0	2	0	0	24	4	1	0	4
0	0	0	0	0	0	0	0	2	0	0	0	0	0	2	0	0	0	0	0	0	0	0	10
0	7	0	0	0	0	0	0	2	0	0	0	0	0	0	0	0	0	2	0	0	0	0	0
0	9	0	0	0	0	0	2	0	0	0	0	0	0	2	0	0	0	0	0	0	0	0	0
0	0	0	0	0	0	0	0	0	0	0	0	0	0	0	0	0	0	0	0	0	1	0	0
0	0	0	0	0	2	0	0	0	0	0	0	0	0	0	0	0	0	0	0	0	0	0	0
0	1	0	0	1	0	0	0	0	0	0	0	0	0	0	0	0	0	0	0	0	0	0	0
0	0	0	0	1	0	9	0	0	0	0	4	0	0	2	0	0	0	0	2	0	0	0	0
0	0	0	0	0	0	6	0	0	0	0	4	0	0	0	0	0	0	0	4	0	0	0	0
0	0	0	0	0	0	1	0	0	0	0	0	0	0	2	0	0	0	0	0	0	0	0	2
0	0	0	0	0	0	0	0	0	0	0	0	0	0	0	0	0	0	0	0	10	0	0	0
0	0	0	0	0	0	34	2	0	0	14	0	0	0	0	0	0	0	0	0	0	0	0	2
0	0	0	2	0	0	4	1	2	0	0	4	0	0	2	0	0	0	2	7	0	0	0	0
0	0	0	0	0	0	0	0	0	0	0	6	0	0	0	0	0	0	0	0	7	0	0	0
0	0	0	2	0	0	0	0	0	0	0	0	0	0	0	0	0	0	0	0	0	0	0	0
0	0	0	0	0	0	0	0	6	0	0	0	0	0	0	0	8	0	0	2	0	0	0	0
0	14	0	0	0	2	0	0	2	0	0	0	6	0	0	0	0	0	0	0	0	0	0	0
0	0	20	0	0	0	0	0	0	0	0	0	0	0	0	0	0	0	0	0	0	0	0	0
1	0	0	0	0	0	0	0	0	0	0	0	0	0	0	0	0	0	6	4	0	3	0	0
0	0	0	0	0	0	0	4	10	0	0	0	0	0	0	0	4	0	2	0	4	0	0	0
0	0	0	0	0	0	0	0	0	0	0	6	0	0	8	0	2	0	0	40	0	0	0	0
0	0	0	0	0	0	0	0	0	0	0	0	0	0	10	0	0	0	0	0	0	0	0	0
0	0	0	0	0	0	0	0	0	0	0	0	146	0	0	0	0	0	0	0	0	0	0	0
31	0	0	0	0	0	0	20	0	0	8	0	0	12	0	0	0	0	4	0	11	0	0	0
0	31	0	0	102	0	0	0	0	0	2	0	0	10	2	0	0	0	2	0	0	0	0	0
0	0	0	346	0	0	0	0	0	0	0	0	0	0	0	0	0	0	0	0	0	0	0	0
0	0	0	0	0	0	0	0	0	166	0	0	0	0	0	0	0	0	0	0	0	0	0	0
4	2	0	0	0	0	1	4	0	0	0	0	0	0	0	0	0	0	0	0	0	14	0	0
0	0	0	0	8	122	0	0	0	8	0	0	0	0	0	0	0	4	0	0	0	0	0	0
0	0	18	0	0	0	0	0	8	0	0	0	0	0	0	0	0	0	0	0	0	0	0	0
6	0	0	4	34	0	1	2	0	0	0	4	0	0	2	0	0	0	2	0	0	3	0	0
0	0	0	4	0	0	0	0	0	0	0	0	4	0	0	0	4	0	0	0	0	0	0	0
0	0	0	0	0	0	0	0	0	0	0	0	0	0	0	0	0	0	0	0	0	0	0	10
0	0	0	2	0	0	0	0	0	0	0	0	0	0	0	0	0	0	0	8	0	0	0	0
0	0	0	0	0	0	0	0	2	0	0	0	0	0	0	0	2	0	2	0	4	0	0	0
1	0	0	0	1	0	0	0	0	0	0	0	0	0	0	0	0	0	0	0	0	0	0	0
0	0	0	0	0	0	0	0	0	0	0	0	2	0	0	4	4	0	0	0	0	0	0	0
0	0	0	0	0	0	0	4	2	0	0	0	2	0	0	0	0	0	2	0	2	0	0	0
0	0	0	0	0	0	2	0	0	0	0	4	0	0	2	0	0	0	0	4	0	0	0	0
0	0	2	0	0	0	0	0	0	0	0	0	0	0	0	0	0	0	0	0	0	0	0	0
7	0	0	0	0	0	0	0	0	0	0	0	0	0	0	0	0	0	0	0	0	0	0	0
0	0	0	0	4	0	0	0	0	0	2	0	2	0	0	0	0	0	0	0	0	6	0	0
0	0	0	0	169	0	0	0	0	0	0	0	0	0	22	0	0	0	0	7	0	0	0	0
7	0	0	0	3	0	0	6	0	0	0	0	0	0	0	0	2	0	2	0	0	0	0	0
0	2	0	4	0	0	0	0	0	0	8	0	0	2	2	0	0	0	0	6	0	0	0	0
0	0	0	0	0	0	0	0	22	0	0	0	4	0	0	2	24	0	0	0	0	0	0	0
0	0	0	0	2	0	0	0	0	0	0	0	0	0	0	0	0	0	2	0	0	0	0	0
1	0	0	0	0	0	0	0	0	0	0	2	0	0	0	0	0	0	0	41	0	0	0	2
0	0	0	0	0	0	0	22	6	0	0	21	0	0	2	2	2	0	10	0	8	0	0	0
0	0	0	0	0	6	0	0	2	10	0	0	0	0	0	0	0	0	0	0	0	0	0	0
0	0	8	0	0	0	0	0	4	12	0	0	0	0	0	0	0	0	0	0	2	0	0	0
0	0	0	0	0	0	0	0	24	0	0	0	0	21	0	0	0	0	0	0	7	0	0	0
0	0	0	0	0	0	5	2	0	0	0	0	0	16	0	0	10	0	0	0	0	0	0	0
0	0	0	0	0	0	0	0	0	0	24	0	0	0	0	0	0	0	0	0	0	0	0	0
0	0	0	0	0	0	0	6	6	0	0	4	0	0	0	0	0	0	14	0	4	0	0	0
0	0	2	0	0	0	0	0	0	0	0	0	0	0	0	0	0	0	0	0	0	0	0	0
4	0	0	0	1	0	0	0	0	0	0	0	0	0	0	0	0	0	0	0	0	0	0	0
0	0	0	47	0	0	0	0	0	0	0	0	0	0	0	0	0	0	0	0	0	0	0	0
0	0	0	0	0	0	1	0	0	0	0	0	0	0	2	0	0	0	0	0	0	0	0	8
0	0	0	2	0	0	1	0	2	0	0	0	0	0	0	0	0	0	0	4	2	0	0	0
0	0	0	0	0	0	0	6	0	0	0	8	0	0	0	0	0	0	8	0	0	0	0	0
0	0	0	0	0	0	0	4	0	0	0	0	4	0	0	0	0	0	4	0	0	0	0	0
0	0	8	0	0	0	0	0	0	0	0	0	0	0	0	0	0	0	0	0	0	0	0	0
0	0	0	0	0	0	0	0	0	0	0	0	2	0	2	0	0	0	0	0	0	0	0	16
0	1	0	0	0	0	0	0	0	0	0	0	6	0	2	0	2	0	4	0	0	0	0	0
0	6	20	0	0	0	0	0	0	6	0	0	0	4	4	4	0	0	6	0	4	0	0	0
0	4	2	0	0	0	0	0	0	0	0	0	0	0	0	0	0	0	2	0	0	0	0	0
0	0	0	0	0	0	0	2	0	0	0	0	0	0	0	0	0	0	2	0	2	0	0	0
0	0	0	0	0	0	0	0	0	0	0	0	0	0	0	0	0	0	0	0	0	0	26	0
0	0	4	4	0	0	0	0	0	0	0	0	0	2	10	0	0	2	2	0	0	0	0	0
0	0	0	0	0	0	0	0	2	0	0	4	0	8	2	4	0	0	14	4	0	0	0	0
0	0	0	0	0	0	0	0	0	0	0	0	0	0	0	0	0	0	0	2	0	1	0	0
0	0	0	0	0	0	0	0	0	0	0	0	0	0	0	2	10	0	0	0	0	0	0	0
0	0	0	0	0	0	0	0	0	0	16	0	0	0	2	0	0	0	0	10	0	0	0	0
0	0	0	0	0	0	0	0	0	0	0	0	4	0	0	4	0	0	0	0	0	0	0	6
0	0	0	0	0	0	2	0	2	0	0	0	0	0	2	0	0	0	4	2	0	0	0	0
0	0	0	0	0	0	4	0	0	0	0	0	0	0	0	0	0	0	0	0	0	0	0	14
0	0	0	0	0	0	0	4	4	0	0	4	0	0	2	0	0	0	6	0	0	0	0	0
0	0	0	0	0	0	0	0	0	0	0	0	18	0	0	20	0	0	0	0	0	0	0	2
0	4	0	0	1	0	0	6	0	0	0	0	0	0	0	0	0	0	0	0	0	0	0	0
0	0	0	0	0	0	0	0	0	0	0	0	6	0	0	10	0	0	0	0	0	0	0	0
0	0	0	0	0	0	0	2	0	0	2	6	0	0	0	0	0	0	0	0	0	0	0	0
0	8	0	0	0	0	0	0	0	0	0	0	0	0	0	0	0	0	0	0	2	0	0	0
0	0	0	0	0	0	0	0	0	8	0	0	0	0	0	0	0	2	0	0	0	0	0	0
0	0	0	0	0	0	0	0	0	0	0	0	0	0	10	0	0	0	0	0	0	0	0	0
0	0	0	0	0	0	0	0	0	6	0	0	0	0	0	0	0	6	0	0	0	0	0	0
0	0	0	0	0	0	0	0	0	0	0	15	0	0	0	0	0	0	0	0	0	0	0	0
0	0	0	0	0	0	2	0	4	0	0	42	4	0	15	0	0	0	0	0	0	0	0	36
0	0	0	0	0	0	0	0	2	0	0	0	0	0	0	0	8	0	0	0	0	0	0	0
0	0	0	0	0	0	0	0	0	8	0	0	0	0	0	0	0	2	0	0	0	0	0	0
0	0	0	0	0	0	0	0	0	0	0	0	0	0	2	2	0	0	2	0	7	0	0	0
0	0	0	0	0	2	0	0	0	6	0	0	0	0	0	0	0	0	0	0	0	0	2	0
0	0	0	0	0	0	0	43	0	0	0	26	0	0	9	0	2	0	0	0	0	2	0	10
0	2	0	0	0	0	0	12	4	0	0	8	4	0	2	0	0	0	20	0	9	0	0	0
0	0	0	0	1	0	0	2	10	0	0	4	0	0	2	0	0	0	6	0	34	11	0	0
0	0	0	0	0	0	0	10	10	0	0	2	0	0	2	0	2	0	0	0	8	1	0	0
0	23	0	0	1	0	0	0	0	0	0	0	0	4	0	0	0	0	0	0	0	0	0	0
0	0	0	2	0	0	0	0	10	0	0	2	6	0	0	6	34	0	0	0	0	0	0	0
0	0	0	0	0	0	0	0	2	24	2	0	0	0	2	2	0	4	0	0	0	0	0	0
0	0	0	0	0	0	0	0	0	0	0	0	0	0	0	0	0	0	8	0	0	0	0	0
1	2	0	0	0	0	0	8	12	0	0	4	10	0	2	0	8	0	10	0	5	2	0	0
0	0	0	26	0	0	0	0	0	0	0	0	16	0	0	22	8	0	0	0	0	0	0	0
0	0	0	0	0	0	0	0	2	0	8	0	0	0	0	0	0	0	0	0	0	0	0	0
0	2	0	0	0	0	0	0	2	0	0	0	2	0	0	0	0	0	2	0	0	2	0	0
0	0	0	0	0	0	0	0	0	0	22	0	0	0	0	0	0	0	0	0	0	0	0	0
0	0	0	0	0	0	0	0	0	0	0	0	4	0	0	8	0	0	0	0	0	0	0	2
0	2	0	0	0	0	0	2	0	0	0	2	2	0	0	0	0	0	2	0	0	0	0	0
0	0	6	0	0	5	0	0	0	20	0	0	0	0	0	4	0	12	0	0	0	0	10	0
0	0	0	0	0	0	0	0	0	2	0	0	0	0	0	0	0	0	0	0	0	0	0	0
2	0	0	0	0	0	0	38	0	0	0	0	0	0	0	0	24	0	4	0	6	0	0	10
0	0	0	2	0	0	0	4	0	0	0	0	0	0	0	0	0	0	4	0	0	0	0	0
1	0	0	0	0	0	0	2	2	0	0	0	4	0	0	0	2	0	0	0	0	0	0	0
0	2	0	0	0	0	0	0	0	0	0	0	0	0	0	0	0	0	0	0	0	0	0	0
0	0	0	0	0	2	0	0	0	2	0	0	0	0	0	0	0	0	0	0	0	0	0	0
0	0	0	2	0	0	2	0	2	0	0	0	0	0	0	0	0	0	0	0	0	0	0	0
0	0	14	0	0	0	1	0	0	2	0	0	0	0	0	0	0	0	0	0	0	0	0	0
0	0	9	0	0	0	0	0	0	0	0	0	0	0	0	0	0	8	0	0	0	0	0	0
0	0	0	0	0	0	0	0	0	0	0	12	0	0	0	0	0	0	22	50	0	2	0	0
0	0	4	0	0	0	0	0	0	0	0	0	0	0	0	2	0	0	0	0	0	0	0	0
1	0	0	4	0	0	0	0	0	0	0	0	0	0	0	0	0	0	0	9	0	0	0	0
0	0	0	0	0	0	0	0	0	0	0	0	0	0	0	0	0	0	0	0	0	3	0	0
0	0	12	0	0	0	0	0	0	0	0	0	0	0	0	0	0	0	0	0	0	0	0	0
0	0	0	0	0	0	0	0	0	0	0	2	0	0	0	0	0	0	0	0	0	0	0	0
0	0	0	0	0	0	0	0	0	0	0	2	0	0	2	0	0	0	14	0	0	0	0	6
0	0	0	0	0	0	0	2	6	0	0	0	0	0	0	0	0	0	0	2	0	0	0	0
0	0	0	0	0	0	0	0	0	0	0	0	0	0	0	0	0	0	0	0	0	0	10	0
0	0	0	4	0	0	0	6	0	0	0	0	0	0	4	0	0	0	0	2	0	0	0	0
0	0	0	0	0	0	0	0	0	0	0	0	0	0	0	0	0	0	0	0	2	0	0	0
0	0	0	0	1	0	0	0	0	0	0	0	0	0	2	0	0	0	0	2	0	2	0	0
0	0	0	0	0	0	0	0	0	0	8	0	0	0	0	0	0	0	0	0	0	0	0	0
0	0	0	0	0	0	0	6	8	0	0	2	0	0	0	0	2	0	2	0	15	0	0	0
0	0	0	0	4	0	0	0	0	0	0	2	0	0	0	0	0	0	0	0	0	0	0	4
0	0	0	0	0	0	0	0	0	0	0	0	0	0	0	0	0	14	0	0	2	0	2	0
0	0	6	0	0	0	0	0	0	6	0	0	0	0	0	0	0	0	0	0	0	0	0	0
0	0	0	0	0	0	0	2	0	0	0	0	0	0	14	0	0	0	0	0	0	0	0	6
0	0	0	0	0	0	0	0	6	0	0	0	16	0	0	0	0	0	2	0	0	0	0	2
0	0	0	0	0	0	0	0	4	0	0	0	0	0	0	0	0	0	2	0	8	0	0	0
0	0	0	0	0	0	0	0	0	0	0	0	0	0	0	0	0	0	0	0	16	0	0	0
0	0	0	0	0	0	0	0	2	0	0	0	0	0	0	0	0	0	0	2	0	1	0	0
0	0	0	0	0	1	0	0	0	12	0	0	0	0	0	0	0	12	4	0	2	0	0	0
0	0	0	0	0	0	0	0	16	0	0	0	0	0	0	8	8	0	0	2	0	0	0	0
0	2	0	0	1	0	0	0	0	0	0	0	0	0	2	0	0	0	0	0	0	0	0	0
0	0	0	0	0	0	2	2	0	0	0	0	0	0	0	0	0	0	4	0	0	5	0	0
0	0	0	0	0	0	6	10	0	0	0	6	0	0	4	0	0	0	8	6	2	0	0	0
0	0	0	0	0	0	0	0	0	0	0	0	0	0	0	0	0	0	0	0	0	0	10	0
0	0	0	0	0	0	0	0	0	0	0	0	0	0	16	0	0	0	0	0	0	0	0	0
0	0	0	2	0	0	0	0	0	0	0	0	0	0	0	0	0	0	0	0	0	0	0	2
0	0	0	0	0	0	0	0	0	0	0	0	0	0	0	0	0	0	0	6	0	0	0	0
0	0	0	0	0	0	0	0	0	0	0	0	0	0	0	0	0	0	0	10	0	0	0	0
0	0	0	0	0	0	0	0	0	6	0	0	0	0	0	0	0	10	0	0	0	0	4	0
0	0	0	0	0	0	0	2	2	0	0	2	0	0	0	0	10	0	0	0	8	0	0	0
0	2	0	0	0	0	0	0	0	0	0	0	2	0	0	0	0	0	0	0	0	1	0	0
0	0	0	0	0	0	0	0	0	0	0	0	4	0	0	6	0	0	0	0	0	0	0	2
0	0	0	0	0	0	0	0	0	0	0	2	0	0	0	0	2	0	2	0	4	0	0	0
0	14	0	0	0	0	0	0	0	0	0	0	0	0	0	0	0	0	0	0	0	0	0	2
0	0	0	0	0	0	0	0	0	0	0	0	0	0	0	0	0	0	0	0	0	5	0	0
0	0	0	0	0	0	0	0	0	0	0	0	0	0	0	0	0	0	0	0	11	0	0	0
0	0	0	0	0	0	0	0	10	0	0	0	0	0	0	2	24	0	2	2	0	0	0	0
0	0	0	0	0	0	0	0	0	0	0	0	0	0	0	0	0	0	0	0	0	8	0	0
0	0	0	0	0	0	0	0	0	0	0	0	0	0	0	0	0	0	0	0	24	0	0	0
0	0	0	0	0	0	0	0	0	0	0	0	4	0	0	0	8	0	0	0	0	0	0	0
0	0	0	0	0	0	0	0	2	8	0	0	0	0	0	0	0	0	0	0	0	0	0	0
0	2	0	0	0	0	0	2	0	0	0	0	0	0	0	2	0	0	2	0	2	0	0	0
0	0	0	0	0	0	0	0	0	0	0	0	4	0	0	8	0	0	0	0	0	0	0	0
0	0	0	0	0	0	0	0	0	8	0	0	0	0	0	0	0	4	0	0	0	0	0	0
0	0	0	0	0	0	0	2	0	0	0	6	0	0	0	0	2	0	4	0	2	0	0	0
0	0	0	0	1	0	0	0	0	0	0	0	0	0	0	0	0	0	0	2	0	0	0	0
0	0	0	0	0	0	0	0	0	0	0	0	2	0	0	0	0	0	4	0	0	0	0	0
6	0	0	12	0	0	0	0	0	0	0	0	0	0	0	0	0	0	0	0	0	0	0	0
0	0	0	0	0	0	0	0	0	0	0	0	4	0	0	4	0	0	0	0	0	0	0	2
0	0	0	0	0	0	0	2	4	0	0	0	4	0	0	0	0	0	0	0	0	0	0	0
0	0	0	0	0	0	0	0	0	0	0	0	0	0	0	0	0	10	0	0	0	0	0	0
0	0	0	0	0	0	0	2	0	0	0	2	0	0	4	0	0	0	4	0	2	0	0	0
0	0	0	0	0	0	0	0	0	0	0	0	0	0	8	0	0	0	0	4	0	0	0	0
0	0	0	0	0	0	0	2	0	0	2	0	4	0	2	0	0	0	0	0	0	0	0	0
0	0	0	0	0	0	0	0	0	0	0	0	2	0	0	0	0	0	0	0	0	0	0	8
0	0	0	0	0	0	0	0	0	0	10	0	0	0	0	0	0	0	0	0	0	0	0	0
0	0	0	0	0	0	5	0	4	0	0	0	0	0	0	0	0	0	0	0	0	0	0	4
0	0	2	4	1	0	0	30	0	2	0	0	0	0	6	0	0	0	0	2	0	0	0	2
0	0	32	0	0	0	0	0	0	0	0	0	0	0	0	0	0	22	2	0	0	0	38	0
0	6	0	17	0	0	2	2	2	0	2	0	0	4	0	0	0	0	0	4	0	0	0	0
0	35	0	0	0	0	0	0	0	0	0	0	0	0	0	0	0	0	4	0	0	0	0	0
0	6	0	0	0	0	13	4	0	0	0	0	0	0	13	0	6	0	2	0	2	0	0	0
0	0	0	0	0	0	0	4	4	0	0	4	0	0	0	0	0	0	8	0	4	0	0	0
0	0	0	0	0	0	1	0	0	0	0	0	0	0	0	0	0	0	0	33	0	2	0	0
0	0	0	0	1	0	0	4	0	0	0	0	0	0	0	0	0	0	0	0	0	0	0	0
0	0	0	0	0	0	0	0	0	2	0	0	0	0	0	0	0	0	0	0	0	0	38	0
0	0	0	0	0	0	0	0	0	0	0	0	0	0	0	0	12	0	0	0	0	0	0	0
0	0	0	2	0	0	0	0	0	2	0	0	0	0	0	0	0	0	0	0	0	0	58	0
0	0	0	0	0	0	0	0	0	0	0	0	0	0	0	0	0	18	0	0	0	0	0	0
0	0	0	0	0	0	0	0	0	0	0	0	0	0	0	14	0	0	0	0	0	0	0	2
0	0	0	0	0	0	0	0	0	0	0	0	32	0	0	2	0	0	0	0	0	0	0	0
3	0	0	4	0	0	0	0	0	0	0	0	0	0	0	0	0	0	0	0	0	0	0	0
0	0	0	0	1	0	0	0	4	0	0	0	0	4	2	4	2	0	0	0	2	0	0	0
0	0	0	0	0	0	0	0	0	0	0	0	8	0	0	26	0	0	0	0	0	0	0	2
0	0	0	0	0	0	0	0	0	4	0	0	0	0	0	0	0	0	0	0	0	0	24	0
0	0	0	0	0	0	0	0	0	0	0	0	0	0	4	2	2	0	0	0	0	0	0	0
0	0	0	0	0	0	0	0	0	0	0	6	0	0	0	0	0	0	0	0	6	0	0	0
0	0	0	0	0	0	0	0	4	0	0	0	0	0	0	0	6	0	0	0	0	0	0	0
0	0	0	10	0	0	0	0	0	0	0	0	0	0	0	0	0	0	0	0	0	0	0	0
0	0	0	0	0	0	27	4	0	0	0	4	0	59	0	0	18	0	0	0	0	0	0	0
2	5	0	2	2	0	0	24	0	0	0	25	10	0	9	0	4	0	22	2	43	15	0	0
0	0	0	0	6	0	1	8	4	0	0	0	2	2	11	0	0	0	0	31	2	34	0	4
0	0	0	0	0	0	0	0	0	0	100	0	0	0	0	0	0	0	6	0	0	3	0	0
0	0	0	0	39	0	0	0	0	0	0	5	8	0	4	0	0	0	0	0	0	1	0	0
0	0	0	0	0	0	0	0	0	36	0	0	0	0	0	0	0	0	0	0	0	0	0	0
1	0	0	0	1	0	0	2	44	0	0	2	4	0	4	18	50	0	4	10	0	4	0	0
3	0	0	0	7	0	0	2	0	0	0	0	0	0	0	0	2	0	2	2	3	12	0	0
37	15	0	0	0	0	0	4	4	0	0	34	0	17	0	12	2	0	22	18	2	0	0	0
0	0	8	0	0	0	2	0	0	0	0	0	0	0	0	0	0	2	0	0	0	0	0	0
0	0	6	0	0	0	0	0	4	0	0	0	0	0	0	0	0	0	0	0	0	0	0	0
0	0	0	0	0	0	0	0	0	0	0	0	0	0	0	0	0	0	0	0	0	9	0	0
0	0	0	0	0	0	0	2	0	0	0	0	0	0	0	0	0	0	0	0	0	0	0	0
0	2	0	0	0	0	0	0	0	2	0	0	0	0	0	0	2	0	0	0	0	0	0	0
0	0	14	0	0	0	0	0	0	0	0	0	0	0	0	0	0	0	0	0	0	0	0	0
0	2	0	0	0	0	0	0	0	0	2	0	0	2	0	0	0	0	0	0	4	0	0	2
0	0	0	0	0	0	0	2	0	0	0	0	0	0	4	0	0	0	0	0	0	0	0	4
0	2	0	2	0	0	0	8	40	0	0	22	0	12	4	8	4	0	20	2	24	0	0	0
0	0	0	0	0	0	0	0	0	0	0	0	0	0	0	0	0	0	0	0	0	0	10	0
0	0	0	0	0	0	0	0	0	0	0	0	2	0	0	8	0	0	0	0	0	0	0	0
0	53	0	0	0	0	0	30	0	0	0	0	2	7	2	0	0	0	0	0	2	0	0	0
0	0	0	0	0	14	0	0	0	0	0	0	0	0	0	0	0	4	0	0	2	0	0	0
0	0	12	0	0	51	0	0	2	66	0	0	0	2	0	0	0	48	4	0	4	0	32	0
0	0	0	0	0	0	0	0	0	0	0	0	0	0	0	0	30	0	0	0	0	0	0	0
0	0	0	0	0	0	2	0	0	0	0	26	0	0	4	0	22	0	22	0	0	0	0	4
0	7	0	0	0	0	0	16	8	0	0	15	12	0	2	0	0	0	22	0	6	0	0	0
0	0	0	4	0	0	0	6	0	0	2	0	2	0	0	0	0	0	18	0	0	0	0	0
0	12	0	16	6	0	2	12	2	0	0	12	0	0	6	0	0	0	2	2	0	3	0	0
0	0	0	0	0	0	2	0	0	0	0	2	0	13	0	2	4	0	0	0	0	0	0	0
0	0	0	0	0	0	0	0	0	0	20	0	0	0	0	0	0	0	6	0	0	0	0	0
0	0	0	2	0	0	0	0	4	0	0	2	30	0	2	0	0	0	0	0	0	0	0	0
0	0	0	40	0	0	0	0	0	0	0	0	0	0	0	0	0	0	0	0	0	0	0	0
0	2	2	0	0	0	7	0	4	0	2	0	2	0	19	0	0	0	0	0	0	0	0	64
0	0	0	0	0	0	0	0	2	0	0	0	0	0	2	8	4	0	0	0	0	0	0	0
0	0	0	0	0	0	0	0	0	0	0	0	24	0	0	0	0	0	0	0	0	0	0	0
1	0	0	2	1	0	0	0	0	0	0	4	0	0	0	0	0	0	6	0	3	7	0	0
0	6	0	2	0	0	0	8	0	0	0	16	2	0	2	0	0	0	10	0	2	2	0	0
0	0	0	0	1	0	0	0	4	0	0	0	2	0	1	2	12	0	0	0	0	3	0	0
0	0	0	0	0	0	0	0	0	0	0	0	6	0	0	0	6	0	0	0	0	0	0	0
0	0	0	0	0	0	0	0	0	2	0	0	0	0	2	0	0	0	2	0	0	0	0	0
0	0	0	0	0	0	0	0	0	0	0	0	14	0	0	0	0	0	0	0	0	0	0	0
0	6	0	0	0	0	0	2	0	0	0	0	6	0	0	0	2	0	2	0	0	0	0	0
0	0	0	0	0	0	0	2	0	0	0	0	0	0	0	0	0	0	0	0	0	0	0	0
1	0	0	4	0	0	3	2	2	0	0	6	0	0	2	0	0	0	0	2	1	0	0	0
0	0	0	0	0	0	2	0	0	0	0	2	0	0	4	0	0	0	0	2	0	0	0	0
0	0	0	556	0	0	0	0	0	0	0	0	0	0	0	0	6	0	0	0	0	0	0	0
1	2	0	22	4	0	4	13	88	0	28	0	8	35	6	0	0	0	2	10	5	4	0	0
0	0	0	0	0	0	0	0	0	0	0	0	0	0	4	0	0	0	4	0	0	0	0	2
0	2	0	0	6	0	0	33	52	0	0	16	4	8	12	0	6	0	12	0	101	80	0	0
34	0	0	0	0	0	0	0	0	0	0	75	0	0	18	0	6	0	0	261	0	38	0	2
0	0	0	0	0	0	0	33	72	0	0	16	0	4	2	0	52	0	12	0	39	5	0	0
0	0	2	0	0	0	0	0	0	0	0	0	0	0	0	0	0	4	0	0	0	0	6	0
0	28	32	0	0	0	0	2	4	0	4	0	2	0	0	2	6	8	12	0	4	0	0	0
0	8	0	0	0	0	0	0	0	0	0	0	0	0	0	0	0	0	0	0	0	0	0	0
0	0	0	16	0	0	0	0	0	0	0	0	0	0	0	0	0	0	0	2	0	0	0	0
0	0	0	8	0	0	0	0	0	0	0	0	0	0	0	0	0	0	0	0	0	0	0	0
0	0	0	0	0	0	0	0	12	0	0	0	0	25	0	0	0	0	0	0	4	0	0	0
0	0	0	0	0	0	0	0	0	0	0	0	4	0	0	32	0	0	0	0	0	0	0	0
0	0	0	0	0	0	0	4	12	0	0	2	0	0	0	0	4	0	4	0	9	1	0	0
0	0	2	0	0	0	0	0	0	0	0	0	38	0	0	0	0	0	0	0	0	0	0	0
0	0	0	6	0	0	0	0	26	0	4	0	0	2	0	0	0	0	0	0	4	0	0	2
0	2	0	2	0	0	0	0	6	0	0	8	4	0	0	4	8	0	0	4	0	2	0	0
0	0	0	6	0	0	0	0	0	0	0	0	0	0	0	0	0	0	0	2	2	0	0	0
0	0	0	10	0	0	0	0	0	0	0	0	0	0	0	0	0	0	0	0	0	0	0	0
0	0	0	10	0	0	0	0	0	0	0	0	0	0	0	0	0	0	2	6	0	0	0	0
0	0	4	0	0	5	0	0	0	0	0	0	0	0	0	0	0	0	0	0	0	0	0	0
0	0	0	0	0	0	0	4	0	0	0	6	0	0	2	0	0	0	0	0	0	0	0	0
0	0	0	0	0	0	0	0	0	0	16	0	0	0	0	0	0	0	0	0	0	0	0	0
0	0	0	0	0	0	0	4	0	0	0	0	0	0	0	0	6	0	2	0	0	0	0	4
0	0	10	0	0	0	0	0	0	0	0	0	0	0	0	0	0	0	0	0	0	0	0	0
0	10	0	0	0	0	7	0	0	0	0	0	0	0	0	8	2	0	0	0	0	0	0	0
0	0	0	2	0	0	0	0	0	0	0	0	0	7	0	4	0	0	0	0	2	0	0	0
0	0	25	0	0	0	0	0	0	0	0	0	0	0	0	0	0	0	0	0	0	0	0	0
0	0	0	0	0	0	0	0	0	0	0	0	0	0	2	0	0	0	0	0	0	0	0	0
0	0	4	0	0	1	0	0	6	40	2	0	0	0	0	0	0	36	0	0	0	0	28	0
11	0	0	0	9	0	0	0	0	0	0	0	0	0	0	0	0	0	0	0	0	0	0	0
0	0	0	4	0	0	2	6	6	0	0	14	0	0	6	0	0	0	2	12	0	0	0	0
0	0	0	0	0	0	0	0	0	0	0	0	0	0	0	0	0	0	0	0	0	0	12	0
0	0	0	0	2	0	0	0	0	0	0	0	0	0	0	0	0	0	0	0	0	0	0	0
0	0	0	0	0	0	0	0	0	0	0	0	0	0	66	0	0	0	0	0	0	0	0	2
0	0	2	0	0	0	0	0	0	0	0	0	0	0	0	0	0	0	0	0	0	0	0	2
0	0	0	0	0	0	0	0	0	0	0	0	0	6	0	0	0	0	4	0	0	0	0	0
0	0	0	0	0	0	0	0	0	0	0	0	0	0	0	0	0	0	0	0	0	0	0	8
0	0	0	6	0	0	0	0	2	0	0	0	0	0	0	0	0	0	0	2	0	0	0	0
0	0	0	0	0	0	0	0	4	0	0	0	4	0	0	0	2	0	0	0	0	0	0	0
0	0	0	14	0	0	0	0	0	0	0	0	0	0	0	0	0	0	0	6	0	0	0	0
0	0	0	0	0	0	0	2	0	0	0	4	0	0	0	0	2	0	0	0	0	0	0	0
3	0	0	0	0	0	2	6	4	0	0	2	0	17	2	2	0	0	2	2	2	0	0	0
0	0	0	0	0	0	0	0	0	0	52	0	0	0	0	0	0	0	0	0	0	0	0	0
0	13	0	0	0	0	0	30	4	0	0	34	10	0	2	0	0	0	34	0	19	0	0	0
0	0	0	0	0	0	24	2	0	0	0	4	0	30	6	4	0	0	0	0	0	0	0	0
0	0	0	55	0	0	2	0	0	0	0	0	10	0	0	2	0	0	0	0	0	0	0	0
0	0	4	0	0	1	2	0	4	14	0	0	0	0	0	0	0	22	0	0	0	0	128	0
0	0	0	0	0	0	15	6	0	0	0	4	0	25	0	0	2	0	0	0	0	0	0	0
2	0	0	0	0	0	0	0	0	0	0	0	0	0	0	0	0	0	0	0	0	12	0	0
8	0	0	2	0	0	0	13	0	0	0	0	0	0	3	0	0	0	0	0	0	0	0	0
0	2	0	0	0	0	8	0	14	0	0	0	2	0	22	0	0	0	0	0	0	0	0	72
0	0	0	0	0	0	0	0	0	0	0	0	0	0	16	0	0	0	0	0	0	0	0	2
0	14	0	0	0	0	0	0	0	0	4	4	0	0	0	0	2	0	6	0	4	0	0	0
0	0	0	0	0	2	0	0	0	6	0	0	0	0	0	0	0	4	0	0	0	0	0	0
0	0	0	0	0	0	0	0	0	0	0	0	0	0	0	10	0	0	0	0	0	0	0	0
0	0	0	0	0	0	0	0	0	2	0	0	0	2	0	4	0	0	0	0	2	0	0	0
0	0	0	4	0	0	0	0	0	0	0	4	0	0	0	0	0	0	0	0	0	0	0	4
0	0	2	0	0	0	0	0	0	2	0	0	0	0	0	0	0	0	0	0	0	0	6	0
0	0	0	18	0	0	0	0	0	0	0	0	0	0	0	0	0	0	0	0	0	0	0	0
0	1	0	0	1	0	0	2	0	0	0	0	2	2	0	0	0	0	0	0	0	0	0	0
0	0	0	0	0	0	0	2	0	0	0	0	0	0	0	0	0	0	2	0	0	1	0	0
0	0	0	0	0	0	2	0	0	0	0	0	6	0	2	0	0	0	2	0	0	0	0	4
1	0	0	0	0	0	0	0	2	0	0	0	4	0	2	4	18	0	2	2	0	0	0	0
0	11	0	0	0	0	3	0	4	0	0	2	8	0	2	0	4	0	8	2	2	0	0	0
0	0	0	0	0	0	0	3	4	0	0	0	0	0	0	0	6	0	2	0	8	0	0	0
0	4	0	0	0	0	0	0	0	0	0	14	0	0	0	2	0	0	0	2	0	0	0	0
0	0	0	0	0	0	0	0	6	0	0	0	0	0	2	0	6	0	0	0	3	1	0	0
0	0	0	0	0	0	0	0	2	0	0	2	0	0	4	4	4	0	0	4	0	0	0	0
0	0	0	0	0	0	9	4	0	0	0	0	0	19	0	2	2	0	0	0	0	0	0	0
0	0	0	0	0	0	0	0	0	0	0	0	0	0	0	4	0	12	0	0	0	0	0	0
0	0	0	0	0	0	0	0	0	0	0	0	18	0	0	22	0	0	0	0	0	0	0	0
0	0	0	0	0	0	0	0	8	0	0	0	0	0	1	4	8	0	2	4	0	1	0	0
0	0	0	0	0	0	0	0	0	0	0	0	0	0	0	0	0	0	0	0	0	16	0	0
0	0	0	0	0	0	0	2	0	0	0	0	2	0	0	0	0	0	2	0	0	1	0	0
0	0	0	0	1	0	0	0	0	0	0	0	0	0	24	0	2	0	0	2	0	0	0	0
0	0	0	0	0	0	0	6	0	0	0	12	0	0	4	0	0	0	0	0	0	0	0	2
0	0	0	0	0	0	0	0	4	0	0	0	4	0	2	2	0	0	0	0	0	0	0	0
0	21	0	0	0	0	0	2	2	0	0	2	0	0	2	0	2	0	6	0	0	0	0	0
0	0	0	0	1	0	0	0	0	0	0	0	0	0	0	0	0	0	0	0	0	0	0	0
0	0	0	0	0	0	0	0	0	0	0	0	2	0	0	8	0	0	0	0	0	0	0	0
0	0	8	0	0	0	0	0	0	0	0	0	0	0	0	0	0	0	2	0	0	0	0	0
0	0	0	12	0	0	0	0	0	0	0	0	0	0	0	0	0	0	0	0	0	0	0	0
5	0	0	0	18	0	0	32	0	0	0	0	0	0	6	0	0	0	22	0	11	0	0	0
117	0	0	17	17	0	109	28	42	0	0	84	0	0	26	0	0	0	30	104	8	14	0	0
0	2	0	0	0	0	0	2	0	0	0	4	0	0	0	0	0	0	2	0	0	0	0	0
6	23	0	0	0	0	5	28	12	0	0	4	24	0	2	0	8	0	32	2	2	86	0	0
0	0	0	0	0	0	0	0	0	6	0	0	0	0	0	0	0	4	0	0	0	0	0	0
0	0	2	0	0	0	0	0	0	0	0	0	0	0	0	0	0	0	0	0	0	0	10	0
0	0	0	0	0	0	0	0	0	0	0	0	0	37	0	0	0	0	0	0	0	0	0	0
0	0	0	0	0	0	0	0	0	0	0	0	28	0	0	46	0	0	0	0	0	0	0	0
0	0	0	0	0	0	12	0	0	0	0	2	0	19	0	0	4	0	0	0	0	0	0	0
0	0	2	0	0	0	0	2	0	0	0	0	0	0	0	0	0	0	4	0	0	2	0	0
2	18	0	2	0	0	0	42	100	0	0	62	2	54	10	24	24	0	62	10	62	3	0	0
0	0	0	0	0	0	0	2	2	0	0	2	0	0	0	0	0	0	0	6	0	0	0	0
0	0	0	0	0	0	5	4	0	0	0	2	0	0	6	0	0	0	0	0	0	0	0	0
0	0	0	0	0	2	0	0	0	2	0	0	0	0	0	0	0	0	0	0	0	0	0	0
0	0	16	0	0	0	0	0	0	0	0	0	0	0	0	0	0	0	0	0	0	0	0	0
0	0	0	0	0	0	0	0	0	6	0	0	0	0	0	0	0	6	0	0	0	0	0	0
0	2	0	0	0	0	0	6	0	0	0	0	0	0	16	0	0	0	0	0	0	0	0	2
0	0	4	0	0	0	0	0	0	0	0	0	0	0	0	0	0	6	0	0	0	0	0	0
0	0	0	0	2	0	0	0	0	0	0	0	0	0	1	0	0	0	0	0	0	0	0	0
0	0	0	15	0	0	0	0	0	0	0	0	0	0	0	0	0	0	0	0	0	0	0	0
7	0	0	0	0	0	0	0	0	0	0	0	0	0	0	0	0	0	0	0	0	0	0	0
0	0	0	13	0	0	0	0	0	0	0	0	0	0	0	0	0	0	0	0	0	0	0	0
0	0	0	0	0	0	0	0	0	0	0	0	0	0	10	0	0	0	0	0	0	0	0	0
0	0	0	0	0	0	0	0	2	0	0	0	0	0	0	0	0	0	0	0	4	1	0	0
0	0	0	0	0	0	0	0	0	0	0	8	0	0	0	0	0	0	0	44	0	0	0	0
0	0	0	0	0	0	0	0	0	0	0	0	0	0	0	0	0	0	0	0	0	0	0	6
0	1	0	0	0	0	0	2	0	0	0	4	0	0	0	0	0	0	0	0	0	0	0	0
0	0	0	0	0	0	0	0	0	0	0	0	0	0	0	0	0	0	0	0	0	0	0	28
2	0	0	0	1	0	3	2	0	0	0	0	0	0	0	0	0	0	2	0	4	0	0	0
0	0	0	0	0	0	0	0	10	0	0	0	2	0	4	0	10	0	0	2	2	2	0	0
6	0	0	0	0	0	0	0	0	0	0	2	0	0	0	0	0	0	2	0	0	1	0	0
0	5	4	0	0	0	0	0	0	6	0	0	0	4	0	2	0	0	4	0	8	0	0	0
0	0	0	0	0	0	0	0	0	0	28	0	0	0	0	0	0	0	0	0	0	0	0	0
0	13	0	0	0	0	0	4	6	0	0	6	2	0	0	0	2	0	8	2	0	0	0	0
2	0	0	0	2	0	4	0	2	0	0	2	0	0	0	0	0	0	2	2	0	0	0	0
0	0	0	0	0	0	0	0	0	0	0	0	12	0	0	32	0	0	0	0	0	0	0	10
10	0	0	0	0	0	0	0	0	0	0	0	0	0	0	0	0	0	0	0	0	0	0	0
0	0	0	0	0	0	0	0	6	0	0	0	0	0	0	4	8	0	0	2	0	2	0	0
0	0	0	2	0	0	0	0	0	0	0	0	0	0	0	0	0	0	0	14	0	1	0	2
0	0	0	0	0	0	0	0	2	6	0	0	0	0	0	0	0	4	0	0	0	0	0	0
0	0	0	0	0	0	0	0	0	0	0	0	0	0	0	0	0	0	2	17	0	1	0	2
0	0	0	0	0	0	0	0	10	0	0	2	0	0	2	0	0	0	0	0	0	0	0	0
0	0	0	0	0	0	0	0	0	0	0	0	0	0	0	0	0	0	2	0	0	0	0	0
0	0	0	2	0	0	0	0	0	0	6	0	0	0	0	0	0	0	0	8	0	0	0	0
0	0	0	0	0	0	4	0	0	0	0	2	0	2	0	0	2	0	0	0	0	0	0	0
0	0	0	0	0	0	0	0	2	0	0	0	0	0	0	0	10	0	0	0	0	0	0	0
0	0	0	0	0	0	0	0	0	0	0	4	0	0	0	0	0	0	0	6	0	1	0	0
0	0	0	0	1	0	0	2	0	0	0	2	4	0	0	0	0	0	2	0	0	0	0	0
0	0	0	2	0	0	0	4	0	0	0	0	0	0	0	0	0	0	2	0	3	0	0	0
3	0	0	0	0	0	32	62	62	0	0	80	0	0	18	0	0	0	44	56	42	0	0	0
0	2	0	0	0	0	0	0	0	0	0	0	0	0	0	0	0	0	0	0	0	0	0	0
0	0	0	0	0	0	0	0	0	0	0	0	0	0	0	2	4	0	0	0	0	0	0	0
10	0	0	0	0	0	0	0	0	0	0	0	0	0	0	0	0	0	0	0	0	0	0	0
0	0	0	0	0	0	0	0	0	0	0	0	0	0	2	0	0	0	0	0	0	0	0	0
0	0	0	10	0	0	0	0	0	0	0	0	0	0	0	0	0	0	0	0	0	0	0	0
0	0	0	0	0	0	0	0	2	0	2	0	0	0	0	0	0	0	0	0	0	0	0	0
0	0	0	0	0	0	0	0	0	4	0	0	0	0	0	0	0	0	0	0	0	0	16	0
0	0	12	0	0	0	0	0	0	0	0	0	0	0	0	0	0	0	0	0	0	0	0	0
0	0	0	0	0	0	0	0	0	0	0	0	0	0	0	12	0	0	0	0	0	0	0	0
0	4	1	0	0	0	0	0	0	0	0	0	0	0	2	0	0	0	2	0	2	0	0	0
0	0	0	0	0	0	0	4	4	0	0	4	0	0	0	0	6	0	0	0	13	0	0	0
0	0	0	0	0	0	11	0	6	0	0	6	0	0	4	0	0	0	2	5	0	0	0	0
0	0	0	0	0	0	0	0	0	0	0	6	0	0	4	0	2	0	0	24	0	1	0	0
0	0	0	0	0	0	0	0	0	0	16	0	0	0	0	0	0	0	2	0	0	0	0	0
0	0	0	1	0	0	9	8	0	0	0	0	0	0	0	0	0	0	0	2	0	0	0	0
0	0	0	0	0	0	0	0	0	0	0	0	0	0	0	0	0	0	0	0	0	0	0	24
0	0	0	0	0	0	0	0	2	0	0	0	0	0	0	0	0	0	0	0	0	0	0	0
7	0	0	0	2	0	0	0	0	0	0	0	0	0	0	0	0	0	0	0	0	0	0	0
0	0	0	0	0	0	0	0	2	0	0	0	0	8	0	0	0	0	0	0	0	0	0	0
34	0	0	0	0	0	0	0	0	0	0	46	0	0	6	0	10	0	0	420	0	8	0	0
57	181	0	0	307	0	3	101	0	0	0	0	40	11	18	0	0	0	0	0	1	0	0	2
82	0	0	0	44	0	0	98	0	0	0	10	0	0	0	0	164	0	28	0	0	0	0	68
17	0	0	0	188	0	10	0	0	0	0	83	0	0	20	0	42	0	64	0	0	1	0	12
0	107	16	0	9	0	0	2	0	0	0	0	14	0	8	0	0	0	16	0	14	0	0	6
0	0	0	0	0	0	2	0	2	0	0	2	0	0	0	0	0	0	0	8	0	0	0	0
0	2	0	0	0	0	0	2	0	0	0	2	0	0	0	0	0	0	0	0	0	1	0	0
0	0	0	0	0	0	0	0	0	0	0	0	2	0	0	0	4	0	0	0	0	1	0	0
0	0	0	0	0	0	0	0	0	0	2	0	0	8	0	0	0	0	0	0	0	0	0	0
0	0	4	0	0	0	0	0	0	0	0	0	14	0	0	0	0	0	0	0	0	0	0	0
0	0	0	0	0	0	0	0	0	0	0	0	0	0	0	0	0	0	0	16	0	0	0	0
0	0	0	29	0	0	0	0	0	0	0	0	0	0	0	0	0	0	0	0	0	0	0	0
0	0	0	2	0	0	0	0	4	0	0	0	2	0	0	2	4	0	0	0	0	0	0	0
0	0	0	2	0	0	0	0	0	0	0	0	8	0	0	2	2	0	0	0	0	0	0	0
0	0	0	0	0	0	0	0	6	0	0	0	0	0	0	4	8	0	0	0	0	0	0	0
0	0	0	0	0	0	0	0	2	0	0	0	0	0	0	2	4	0	0	0	0	1	0	0
0	0	0	20	0	0	0	0	0	0	0	0	0	0	0	0	0	0	0	0	0	0	0	0
0	0	0	10	0	0	0	0	0	0	0	0	0	0	0	0	0	0	0	0	0	0	0	0
0	0	0	4	0	0	0	0	0	0	0	0	0	0	2	0	0	0	0	4	0	0	0	0
0	0	0	2	0	0	3	0	0	0	0	2	0	0	0	0	0	0	2	4	0	0	0	0
0	0	0	0	0	0	0	0	6	0	0	0	0	4	0	0	0	0	0	0	0	0	0	0
0	0	0	0	0	0	0	0	0	2	0	0	0	0	0	0	0	0	0	0	0	0	8	0
0	0	0	0	0	0	0	0	2	14	0	0	0	0	0	0	0	10	0	0	0	0	0	0
1	0	0	0	0	0	0	62	100	0	786	0	30	0	0	6	0	0	78	0	0	7	0	6
0	0	0	0	0	0	0	0	0	0	0	0	0	0	0	0	0	0	0	0	2	1	0	0
0	0	0	0	0	0	2	0	0	0	0	0	0	0	0	0	0	0	0	0	27	0	0	0
0	0	0	0	0	0	0	0	0	0	0	0	0	0	0	0	2	0	8	16	0	3	0	0
0	0	0	0	0	0	0	0	6	0	0	0	0	0	0	2	0	0	0	2	0	0	0	0
0	0	0	0	0	0	0	4	2	0	0	2	0	0	0	0	0	0	0	2	0	0	0	0
0	0	0	0	0	0	0	0	0	0	0	0	14	0	0	0	0	0	0	0	0	0	0	0
0	95	0	308	0	0	2	10	0	0	6	0	2	15	0	0	0	0	0	67	2	0	0	0
0	0	0	0	0	0	0	0	0	0	0	0	8	0	0	6	0	0	0	0	0	0	0	0
0	0	0	0	0	0	0	4	2	0	0	8	0	0	0	0	0	0	6	0	2	0	0	0
0	0	0	0	0	0	0	0	0	0	0	0	0	0	0	0	0	0	0	0	0	0	16	0
0	0	8	0	0	0	0	0	0	0	0	0	0	0	0	0	0	4	0	0	0	0	0	0
0	0	0	0	0	0	0	0	0	0	10	0	0	0	0	0	0	0	0	0	0	0	0	0
0	0	0	0	0	0	0	0	4	0	0	0	0	0	0	2	8	0	0	4	0	0	0	0
0	0	0	0	0	0	0	0	0	0	0	0	0	0	2	0	0	0	0	0	0	0	0	8
0	0	0	2	0	0	0	0	0	0	0	0	0	0	0	0	0	0	0	0	0	0	0	0
0	0	0	0	0	0	0	0	4	0	0	0	0	0	0	2	2	0	0	1	0	0	0	0
0	0	0	0	0	0	0	0	0	0	0	0	0	0	0	0	0	0	0	0	0	0	20	0
0	0	0	12	0	0	0	0	0	0	0	0	0	0	0	0	0	0	0	0	0	0	0	0
0	0	0	0	0	0	0	0	0	0	0	0	0	0	0	0	0	0	0	0	0	3	0	0
0	0	8	0	0	0	0	0	0	0	0	0	0	0	0	0	0	4	0	0	0	0	0	0
0	0	0	0	0	0	0	0	4	0	0	0	8	0	0	0	0	0	0	0	0	0	0	0
0	7	0	0	0	0	0	0	0	0	0	0	0	2	2	0	0	0	0	0	0	0	0	0
0	0	0	0	0	0	0	0	0	0	0	0	0	10	0	0	0	0	0	0	0	0	0	0
0	0	2	0	0	0	0	0	0	0	0	0	0	0	0	0	0	0	0	0	0	0	8	0
0	0	0	0	0	0	0	0	0	0	10	0	0	0	10	0	0	0	6	0	2	0	0	0
0	0	0	0	0	0	0	26	0	0	0	26	0	0	18	0	2	0	0	0	0	0	0	8
0	0	0	0	0	0	0	0	0	0	0	0	0	0	0	0	0	2	0	0	0	0	0	0
0	0	0	0	0	0	0	0	0	0	0	0	0	0	0	0	0	0	0	0	13	15	0	0
0	0	0	0	0	0	0	0	0	0	0	0	0	0	0	0	0	0	0	0	4	0	0	0
0	18	0	0	0	0	3	21	6	0	0	4	10	0	2	0	4	0	6	0	0	0	0	0
0	0	0	0	3	0	1	0	0	0	0	4	0	0	0	0	0	0	0	0	0	0	0	2
0	3	0	0	0	0	0	0	0	0	0	0	0	32	0	0	0	0	0	0	0	0	0	0
0	0	4	0	0	0	0	0	0	0	0	0	0	0	0	0	0	0	0	0	0	0	0	0
0	0	0	0	0	0	0	0	0	0	0	0	0	0	0	0	0	0	0	0	0	17	0	0
0	0	0	0	0	0	0	2	0	0	0	6	0	0	13	0	6	0	0	0	0	0	0	14
0	0	0	0	0	0	0	0	2	0	0	4	0	2	0	4	0	0	0	2	0	0	0	0
0	0	0	0	0	0	0	0	0	0	0	0	2	0	0	0	0	0	0	0	0	0	0	0
0	0	0	0	0	0	0	2	0	0	0	0	0	0	0	0	0	0	6	0	0	3	0	0
0	0	0	0	0	0	0	0	0	0	0	4	0	2	0	0	0	0	2	2	0	0	0	0
0	0	6	0	0	0	0	0	0	0	0	0	0	0	0	0	0	4	2	0	0	0	0	0
0	0	0	0	0	0	0	0	2	6	0	0	0	0	0	0	0	2	0	0	0	0	4	0
0	0	0	0	0	0	0	2	8	0	0	0	2	0	0	0	0	0	0	0	1	0	0	0
0	0	0	0	0	0	3	6	2	0	0	0	0	0	0	0	0	0	2	0	10	0	0	0
0	8	0	0	0	0	0	0	0	0	0	2	0	0	0	0	2	0	6	0	3	0	0	0
0	2	0	0	2	0	0	0	0	0	0	0	0	0	0	0	0	0	0	0	6	1	0	0
0	0	0	0	0	0	0	0	0	0	14	0	0	0	0	0	0	0	0	0	0	0	0	0
2	0	0	0	0	0	0	4	0	0	0	0	0	0	0	0	0	0	0	0	5	0	0	0
0	0	0	0	1	86	0	0	0	0	0	0	0	0	0	0	0	42	0	0	4	0	0	0
0	0	0	0	0	0	10	11	12	0	0	12	0	0	4	0	0	0	8	22	1	0	0	0
0	0	0	4	2	0	1	0	0	0	2	0	2	0	0	0	0	0	0	15	4	0	0	0
209	0	0	0	0	0	0	0	0	0	0	0	0	0	0	0	0	0	0	0	0	0	0	2
0	0	0	0	21	0	0	0	0	0	0	0	0	0	0	0	0	0	0	0	0	0	0	0
0	1	0	0	61	0	0	0	0	0	0	0	0	4	0	0	0	0	0	0	0	0	0	0
0	13	28	0	0	0	7	0	0	4	0	8	0	0	2	0	0	0	0	0	2	0	0	4
4	0	0	0	6	0	0	2	0	0	0	0	0	6	6	0	2	0	2	0	2	0	0	2
0	0	0	0	0	0	0	0	4	0	0	4	0	2	2	0	0	0	0	0	0	0	0	0
0	0	0	0	3	0	0	0	36	0	0	0	14	0	14	18	66	0	0	4	20	3	0	2
0	0	2	0	0	0	0	0	0	0	0	0	0	0	0	2	0	2	0	0	0	0	4	0
0	0	0	0	0	0	0	0	0	6	0	0	0	0	0	0	0	2	2	0	0	0	0	0
0	0	0	0	1	0	0	0	0	0	0	0	0	0	0	0	0	0	0	2	0	0	0	0
0	0	0	0	0	0	0	0	6	0	0	0	0	0	0	0	4	0	0	3	0	0	0	0
0	0	0	2	0	0	3	2	0	0	0	2	0	0	0	0	0	0	0	2	0	0	0	0
0	0	0	14	0	0	0	0	0	0	0	0	0	0	0	0	0	0	0	5	2	0	0	0
0	7	0	0	0	0	0	4	0	0	0	0	0	0	0	0	0	0	0	0	0	0	0	0
0	0	0	0	0	0	0	0	4	0	0	0	0	0	0	0	2	0	2	0	0	1	0	0
0	0	1	0	0	0	0	0	0	0	0	0	0	0	0	0	0	0	0	0	0	0	0	0
0	0	0	18	0	0	0	0	0	0	0	0	0	0	0	0	0	0	0	0	0	0	0	0
0	0	0	0	0	0	0	5	0	0	0	4	0	0	2	0	0	0	0	0	0	0	0	0
0	0	0	0	0	0	0	0	0	0	0	0	0	0	0	0	0	0	8	2	0	0	0	0
0	0	0	4	0	0	0	0	0	0	0	0	4	0	0	2	0	0	0	0	0	0	0	0
0	0	0	16	0	0	0	0	0	0	0	0	0	0	0	0	2	0	0	0	0	0	0	0
0	0	0	0	0	0	0	0	0	0	0	4	0	2	0	0	0	0	2	0	0	0	0	0
0	0	0	0	0	0	0	2	2	0	0	2	0	0	0	0	0	0	0	0	4	0	0	0
0	0	0	0	0	0	0	0	0	0	0	0	0	0	8	0	0	0	4	0	0	0	0	2
0	0	0	0	1	0	0	2	0	0	0	0	0	0	0	0	0	0	2	0	0	0	0	0
0	0	0	0	0	0	0	0	0	0	0	0	8	0	0	2	0	0	0	0	0	0	0	0
0	0	0	0	0	0	0	0	2	0	0	0	0	0	0	0	2	0	0	0	0	0	0	0
0	0	0	0	0	0	0	0	0	0	0	0	0	0	0	0	160	0	0	0	0	0	0	0
0	0	0	8	0	0	0	0	0	0	0	2	0	0	0	0	0	0	0	0	0	0	0	0
0	0	0	0	0	0	0	8	0	0	0	2	0	0	0	0	0	0	2	0	0	0	0	0
0	0	0	0	0	0	0	0	0	0	0	0	0	0	18	0	0	0	0	0	0	0	0	0
0	0	0	0	0	1	0	0	2	2	0	0	0	0	0	0	0	4	0	0	0	0	0	0
0	0	0	0	0	0	33	2	0	0	0	6	0	60	1	0	14	0	0	0	0	0	0	0
0	0	0	0	0	0	0	0	0	0	0	0	0	0	0	0	0	0	0	0	0	0	306	0
2	0	0	0	0	0	0	0	0	0	0	0	0	3	4	0	0	0	2	0	0	9	0	0
0	12	0	0	0	0	7	2	16	0	0	47	0	42	0	22	4	0	34	15	0	0	0	0
1	0	0	0	18	0	0	30	2	0	42	0	66	0	14	0	10	0	56	0	0	0	0	2
0	0	49	0	0	0	0	0	0	98	0	0	0	0	0	0	0	0	0	0	0	0	0	0
0	0	0	0	0	0	0	2	0	0	0	0	0	0	0	0	4	0	0	0	0	0	0	4
0	3	0	0	0	0	0	0	0	0	0	0	0	0	0	0	0	0	0	2	0	0	0	0
1	0	0	0	1	0	0	6	16	0	0	4	4	0	4	6	20	0	2	0	8	3	0	0
0	0	10	0	0	0	0	0	0	0	0	0	0	0	0	0	0	4	0	0	0	0	0	0
0	0	0	0	0	0	0	0	2	0	0	0	0	0	14	0	0	0	0	0	0	0	0	10
0	0	0	0	0	0	6	0	0	0	0	0	0	0	0	0	0	0	0	0	0	0	0	0
0	5	4	0	0	0	0	0	0	4	0	0	0	8	2	0	0	0	0	0	2	0	0	0
0	0	0	0	0	0	1	2	0	0	0	6	0	0	0	0	0	0	2	2	0	0	0	0
0	0	0	0	0	0	0	0	0	0	0	0	2	0	0	8	0	0	0	0	0	0	0	0
0	2	0	0	0	0	0	2	0	0	0	2	2	0	0	0	2	0	2	0	0	0	0	0
0	0	0	0	0	0	0	0	0	0	0	0	0	0	0	0	0	0	0	0	0	0	10	0
0	0	0	0	0	0	0	0	2	0	0	8	0	0	0	0	0	0	2	0	4	0	0	0
0	0	0	0	0	0	0	0	0	0	0	0	10	0	0	0	0	0	0	0	0	0	0	0
0	0	0	0	0	0	0	2	0	0	0	0	0	0	0	0	6	0	0	2	0	0	0	0
0	0	0	0	0	0	0	0	0	0	0	2	2	0	0	0	0	0	2	0	0	0	0	0
0	2	0	0	1	0	0	0	2	0	0	0	0	0	0	0	0	0	0	0	2	0	0	0
0	0	0	0	0	0	0	8	0	0	0	0	0	0	4	0	0	0	0	0	0	0	0	0
4	0	0	0	0	0	0	0	0	0	0	0	0	0	0	0	0	0	0	0	0	0	0	0
0	8	0	0	0	0	0	0	0	0	2	0	0	0	0	0	0	0	0	0	0	0	0	0
0	0	0	0	2	0	0	0	0	0	0	0	0	0	0	0	0	0	0	0	0	0	0	0
0	0	0	0	0	0	0	2	2	0	0	0	0	0	0	0	2	0	2	0	9	0	0	0
1	0	0	0	0	0	1	2	0	0	0	0	0	0	2	0	0	0	2	0	0	0	0	0
0	0	0	2	0	0	73	20	0	0	0	20	0	183	10	2	46	0	0	0	0	0	0	0
0	0	0	0	0	0	0	0	4	0	0	0	0	0	0	0	4	0	0	0	0	0	0	0
0	0	0	0	1	0	0	0	0	0	0	0	0	0	0	0	0	0	2	0	0	0	0	0
0	0	0	6	0	0	0	0	0	0	0	0	0	0	2	0	0	0	0	2	0	0	0	0
0	0	0	0	0	0	0	0	0	0	0	0	0	0	0	0	0	0	0	0	0	0	12	0
0	0	0	0	0	0	0	0	0	0	0	0	0	0	0	0	0	0	0	0	0	0	0	2
0	0	0	0	0	0	0	10	2	0	0	2	0	0	0	0	0	0	2	0	0	1	0	0
0	0	0	0	0	0	0	16	0	0	0	14	0	0	2	0	0	0	0	0	0	5	0	0
0	0	0	0	1	0	0	0	4	0	0	0	2	0	0	0	2	0	0	0	0	1	0	0
0	0	0	0	0	0	0	0	0	0	0	0	18	0	0	24	0	0	0	0	0	0	0	4
0	0	0	0	0	0	0	0	0	0	0	0	0	0	0	0	0	0	0	0	0	0	0	50
0	2	0	0	1	0	0	0	0	0	0	0	0	0	0	0	2	0	0	0	0	0	0	0
0	2	2	0	0	0	1	0	8	0	0	0	0	0	17	0	0	0	0	0	0	0	0	34
0	0	0	0	0	0	0	14	2	0	0	6	0	0	0	0	2	0	8	0	2	0	0	0
0	0	0	0	0	0	0	0	0	0	0	0	36	0	0	4	0	0	0	0	0	0	0	2
0	0	0	0	0	0	1	0	0	0	0	0	0	0	49	0	2	0	14	0	0	0	0	22
0	0	0	2	0	0	1	0	2	0	0	0	0	0	4	0	0	0	4	0	0	0	0	0
0	0	0	2	0	0	0	0	0	0	0	0	0	0	0	0	0	0	4	0	0	2	0	0
0	0	8	0	0	0	0	0	0	0	0	0	0	0	0	0	0	2	0	0	0	0	0	0
0	0	0	0	0	0	0	4	4	0	0	0	4	0	0	0	4	0	6	0	0	0	0	0
0	0	0	0	0	0	0	0	0	0	14	0	0	0	0	0	0	0	0	0	0	0	0	0
0	0	0	0	0	0	6	0	0	0	0	2	0	0	0	0	0	0	2	0	0	0	0	0
0	0	0	2	0	0	0	2	0	0	0	0	2	0	2	0	0	0	2	0	0	0	0	0
0	0	0	2	0	0	0	0	0	0	0	0	0	0	0	0	0	0	0	10	0	0	0	0
0	0	2	0	0	0	0	0	0	6	0	0	0	0	0	0	0	6	0	0	0	0	6	0
0	8	0	0	0	0	0	0	0	0	0	0	4	0	0	0	0	0	2	0	0	0	0	0
0	0	0	0	0	0	0	0	0	0	0	0	8	0	0	22	0	0	0	0	0	0	0	0
0	0	0	0	0	0	0	8	4	0	0	8	0	0	0	0	2	0	2	0	2	0	0	0
0	0	0	0	0	0	2	0	6	0	6	2	0	0	16	0	0	0	0	0	0	0	0	26
1	0	0	0	2	0	0	0	4	0	0	0	0	0	0	0	0	0	0	2	0	2	0	0
3	0	0	0	0	0	0	0	0	0	0	0	0	0	0	0	0	0	0	0	0	0	0	0
0	0	0	2	0	0	0	2	6	0	0	0	0	0	2	0	0	0	6	0	0	0	0	0
0	0	0	8	0	0	0	0	4	0	0	0	0	0	0	0	0	0	2	6	2	0	0	0
0	1	0	20	0	0	0	2	0	0	0	0	0	0	0	0	0	0	0	4	0	0	0	0
0	0	0	22	0	0	0	0	0	0	2	0	0	0	0	0	0	0	0	0	0	0	0	0
0	0	0	0	0	0	0	2	6	0	0	0	0	0	0	0	2	0	2	0	2	0	0	0
0	2	0	0	1	0	0	0	0	0	0	10	0	0	0	4	0	0	2	0	2	0	0	0
0	0	0	0	0	0	0	0	0	0	0	0	0	0	0	10	0	0	0	0	0	0	0	0
0	0	0	0	0	0	0	0	2	0	0	4	0	0	0	0	0	0	4	0	0	0	0	0
0	0	0	0	0	0	0	2	4	0	0	4	2	0	0	0	0	0	2	0	2	0	0	0
0	0	0	0	0	0	0	0	0	0	0	0	10	0	0	0	0	0	0	0	0	0	0	0
0	0	20	0	0	0	0	0	0	0	0	0	0	0	0	0	0	0	0	0	0	0	0	0
0	0	0	0	0	0	0	2	0	0	0	0	0	0	28	0	0	0	4	0	0	0	0	2
0	0	0	0	0	0	0	0	16	0	0	0	44	0	0	0	0	0	0	0	0	0	0	0
0	0	0	0	0	0	8	2	0	0	0	2	0	0	2	0	0	0	0	4	0	0	0	0
0	2	0	0	0	0	0	4	0	0	0	0	0	0	4	0	0	0	0	0	0	0	0	0
23	0	0	0	0	0	0	0	0	0	0	0	0	0	0	0	0	0	0	0	0	0	0	0
0	0	0	0	0	0	0	4	0	0	2	0	0	0	0	0	0	0	6	0	0	0	0	0
0	0	0	0	1	0	2	0	0	0	0	8	0	0	0	0	0	0	0	0	0	0	0	0
0	0	0	0	0	3	0	0	2	26	0	0	0	0	0	0	2	22	0	0	0	0	0	0
0	0	0	0	0	0	0	0	0	0	0	0	0	0	0	0	0	0	0	0	0	0	28	0
0	0	0	0	0	0	0	0	0	0	0	0	0	0	0	0	0	0	0	0	0	0	14	0
0	0	0	0	0	0	0	0	0	0	0	0	0	0	0	0	0	14	0	0	0	0	0	0
0	0	0	0	0	0	0	0	0	0	0	0	0	0	0	0	0	0	0	0	0	2	0	0
2	0	0	0	1	0	0	6	0	0	0	0	0	0	0	0	10	0	0	0	0	0	0	2
0	0	0	10	0	0	0	0	0	0	0	0	0	0	2	0	0	0	0	0	0	0	0	0
0	0	0	0	0	0	0	0	0	0	10	0	0	0	0	0	0	0	0	0	0	0	0	0
0	0	0	0	0	0	0	0	0	0	0	0	8	0	0	2	0	0	0	0	0	0	0	0
0	0	0	0	0	0	0	0	0	0	0	0	2	0	0	4	0	0	0	0	0	0	0	4
0	0	0	0	0	0	0	0	0	0	4	2	0	0	0	0	0	0	2	0	0	0	0	0
6	0	0	0	0	0	0	0	0	0	0	0	0	0	0	0	0	0	0	0	0	0	0	0
0	0	4	0	0	5	0	0	0	14	0	0	0	0	0	2	0	18	0	0	0	0	10	0
0	12	10	0	0	0	0	0	4	12	0	0	0	2	4	0	0	2	2	0	0	0	0	0
0	0	0	0	0	0	0	0	0	30	2	0	0	0	2	0	2	32	0	0	0	0	0	0
2	0	0	0	3	0	0	2	0	0	0	2	2	0	2	2	8	0	2	0	7	4	0	0
0	0	0	0	0	0	6	4	0	0	0	0	0	22	0	0	4	0	0	0	0	0	0	0
0	0	0	10	0	0	27	4	6	0	2	4	2	0	10	0	4	0	4	10	10	0	0	4
36	0	0	0	0	0	1	14	0	0	0	10	0	0	24	0	4	0	0	0	0	12	0	48
0	0	89	0	0	0	0	0	0	0	0	0	0	0	0	0	0	0	2	0	0	0	0	0
3	0	0	0	0	0	0	0	0	0	0	0	2	43	0	0	0	0	0	0	0	0	0	0
0	0	8	0	0	0	0	0	0	0	0	0	0	0	0	0	0	4	0	0	0	0	0	0
0	0	0	0	1	0	0	0	6	0	0	0	0	0	2	4	0	0	0	0	0	1	0	0
0	0	0	0	0	0	0	0	0	18	0	0	0	2	0	0	0	8	0	0	0	0	0	0
0	0	0	0	0	0	0	0	0	0	0	0	0	0	0	0	0	0	0	0	0	1	0	0
0	0	0	0	0	0	0	0	4	12	0	0	0	0	2	0	0	4	0	0	0	0	0	0
0	0	0	0	0	0	0	0	4	12	0	0	0	0	0	0	2	8	0	0	0	0	2	0
0	0	0	1	0	0	0	0	0	0	0	0	0	0	0	0	0	0	0	0	0	0	10	0
0	0	0	0	0	0	4	4	0	0	0	0	0	0	6	0	2	0	4	0	9	0	0	0
2	0	0	0	0	0	0	0	0	0	0	0	0	0	2	0	2	0	2	0	0	2	0	4
0	0	0	38	0	0	0	0	0	0	0	0	0	0	0	0	0	0	0	13	4	0	0	0
0	0	0	0	0	8	0	0	0	2	0	0	0	0	0	0	0	0	0	0	0	0	0	0
0	0	0	0	0	0	18	4	0	0	4	0	2	0	0	0	0	0	0	0	0	0	0	0
0	0	4	8	0	0	0	0	0	0	0	0	0	0	0	0	0	0	0	0	0	0	0	0
0	2	0	0	0	0	0	0	2	0	0	2	2	0	0	0	0	0	2	0	0	0	0	0
0	0	0	0	0	0	0	4	0	0	0	4	2	0	0	0	0	0	0	0	3	0	0	0
0	0	6	0	0	3	0	0	0	0	0	0	0	0	0	0	0	12	2	0	0	0	0	0
0	0	2	0	0	0	0	0	0	2	2	0	0	13	0	0	0	0	0	0	0	0	0	0
0	0	0	0	0	0	0	0	0	6	0	0	0	2	0	0	0	4	0	0	0	0	0	0
0	0	0	0	0	0	2	0	2	0	0	0	0	0	0	0	0	0	0	0	2	0	0	0
0	2	6	0	0	0	0	0	0	2	0	0	0	0	0	0	0	0	0	0	0	0	0	0
0	0	0	0	0	0	0	0	0	0	10	0	0	0	0	0	0	0	0	0	0	0	0	0
0	0	0	0	0	0	0	2	0	0	0	0	0	0	8	0	0	0	0	0	0	0	0	0
0	4	0	2	1	0	0	14	24	0	28	12	6	14	4	6	6	0	22	4	6	0	0	0
0	0	0	0	0	0	0	0	0	0	0	0	2	0	10	0	0	0	2	0	0	0	0	10
0	0	0	46	0	0	0	0	4	0	0	0	18	6	0	24	6	0	0	2	2	0	0	0
0	0	2	0	0	0	0	0	0	0	0	0	2	0	4	0	0	0	0	0	0	0	0	4
1	2	0	0	4	0	0	0	0	0	0	0	0	0	0	0	0	0	0	0	0	5	0	0
0	0	0	0	0	89	0	0	0	0	0	0	0	0	0	0	0	0	0	0	2	0	0	0
62	0	0	0	0	0	0	0	0	0	0	0	0	0	0	0	0	0	0	0	0	0	0	0
0	2	0	0	0	0	0	0	0	0	0	0	0	36	0	0	0	0	0	0	0	0	0	0
0	0	2	0	0	0	0	0	0	0	0	0	0	0	0	0	0	0	0	0	0	0	4	0
0	0	0	0	0	0	0	0	0	0	0	0	0	0	0	0	0	0	0	0	0	0	2	0
0	4	49	0	0	0	3	0	0	16	0	0	0	0	0	16	0	0	0	0	1	0	0	0
0	0	0	0	4	0	0	0	0	0	0	0	0	0	0	0	0	0	0	0	17	0	0	0
0	0	0	0	0	0	0	0	0	0	0	4	0	0	0	0	0	0	2	0	54	1	0	0
0	0	6	0	1	36	1	0	12	86	0	0	0	0	0	0	0	60	0	0	0	0	42	0
0	0	0	12	0	0	0	0	0	0	0	2	0	0	0	0	0	0	0	4	0	0	0	0
0	1	0	0	0	0	0	0	0	0	0	10	0	0	0	0	0	0	0	0	0	0	0	0
0	0	0	0	0	0	0	0	0	6	0	0	0	0	0	2	0	2	0	0	0	0	0	0
0	0	0	6	0	0	0	0	0	0	10	0	0	0	0	0	0	0	0	11	2	0	0	0
0	0	0	0	0	0	0	0	0	0	0	0	10	0	0	10	0	0	0	0	0	0	0	0
0	0	0	0	0	0	0	0	0	0	0	0	0	0	0	0	0	0	0	0	0	0	16	0
0	4	0	0	0	0	0	4	0	0	0	0	0	2	0	0	0	0	0	0	0	0	0	0
0	0	0	2	0	0	0	2	0	0	0	0	0	0	8	0	0	0	0	0	0	0	0	6
0	0	0	0	0	0	0	0	4	0	0	0	0	0	0	0	4	0	2	0	0	0	0	0
0	3	0	0	0	0	0	0	0	0	6	0	0	0	0	4	0	0	0	0	0	0	0	0
0	0	0	0	0	0	0	0	0	0	0	0	0	0	0	0	0	0	2	0	0	1	0	0
0	2	0	0	0	0	0	0	0	0	0	0	0	0	0	0	0	0	0	0	0	5	0	0
0	2	2	0	0	0	0	0	0	0	0	0	0	0	0	0	0	0	0	0	0	0	0	0
0	0	0	0	0	0	0	0	4	0	0	0	0	0	0	0	10	0	0	0	0	0	0	0
0	0	0	0	0	0	0	0	0	0	0	2	0	0	0	0	0	0	2	0	0	0	0	0
0	0	0	0	0	0	0	0	0	0	28	0	0	0	2	0	0	0	0	26	0	0	0	0
0	0	0	0	1	0	0	4	0	0	0	0	0	0	0	0	2	0	4	0	0	0	0	0
0	0	0	0	0	0	0	0	0	2	0	0	0	0	0	0	0	0	0	0	0	0	0	0
0	0	0	0	0	0	0	0	0	0	0	0	30	0	0	0	0	0	0	0	0	0	0	0
0	0	0	0	0	0	0	0	0	0	0	0	0	10	0	0	2	0	0	0	0	0	0	0
0	0	0	0	0	0	0	0	0	0	22	0	0	0	0	0	0	0	0	0	0	0	0	0
0	0	19	0	0	0	0	0	0	0	0	0	0	0	0	0	0	32	0	0	0	0	0	0
0	0	0	0	1	0	0	2	8	0	0	0	0	0	0	0	0	0	2	0	0	3	0	0
0	0	0	0	0	0	0	0	0	0	12	0	0	0	0	0	0	0	0	0	0	0	0	0
0	0	0	0	0	0	0	0	0	0	0	0	0	0	0	0	0	0	0	0	0	2	0	0
0	0	0	0	0	0	0	2	0	0	0	0	0	0	0	0	0	0	0	0	0	0	0	0
0	4	2	0	0	0	0	0	2	0	0	0	0	0	0	0	2	0	2	0	0	0	0	0
0	0	0	0	0	0	0	0	0	0	0	0	16	0	0	4	0	0	0	0	0	0	0	0
0	0	0	0	0	0	62	12	0	0	0	30	0	222	4	2	56	0	0	0	0	0	0	0
0	0	0	136	0	0	0	0	6	0	4	0	2	6	2	0	0	0	0	60	0	0	0	0
0	1	0	0	0	0	0	4	2	0	0	8	2	0	2	0	0	0	8	0	9	5	0	0
2	0	0	40	0	0	0	0	0	0	0	0	2	0	0	0	0	0	4	2	0	4	0	0
0	0	0	0	0	0	0	4	0	0	0	4	0	0	0	0	0	0	2	0	2	2	0	0
0	0	0	26	0	0	0	0	0	0	0	2	0	0	0	0	0	0	2	15	0	0	0	0
0	0	0	0	0	0	0	0	0	10	0	0	0	0	0	0	0	0	0	0	0	0	0	0
0	0	0	10	0	0	0	0	0	0	0	0	0	0	0	0	0	0	0	2	0	0	0	0
0	0	8	0	0	1	0	0	0	0	0	0	0	0	0	0	0	6	0	0	0	0	8	0
0	0	0	0	0	0	6	6	2	0	0	4	2	0	0	0	0	0	0	3	2	0	0	0
0	0	0	0	0	0	5	0	0	0	0	0	0	4	0	0	2	0	0	0	0	0	0	0
0	0	0	0	0	0	0	0	0	0	0	0	0	0	0	0	0	0	2	0	0	0	0	0
0	0	0	0	0	0	3	6	2	0	0	0	0	0	0	0	0	0	0	2	0	0	0	0
17	0	0	0	0	0	0	0	0	0	0	0	0	0	0	0	0	0	0	0	0	0	0	0
0	0	0	0	0	0	0	0	10	0	0	0	0	0	0	0	0	0	0	0	0	0	0	0
0	0	0	0	0	0	2	6	0	0	0	0	0	0	2	0	2	0	0	0	0	0	0	0
0	0	0	0	0	0	0	0	0	0	0	0	0	0	0	2	0	0	0	0	0	0	0	12
0	0	0	0	0	0	0	0	4	0	0	0	2	0	0	0	4	0	0	0	0	0	0	0
0	0	0	6	0	0	0	2	0	0	0	0	0	0	0	0	0	0	0	2	0	0	0	0
0	0	0	4	0	0	0	0	0	0	0	0	0	0	0	0	0	0	0	2	0	0	0	0
0	0	0	0	0	0	11	0	0	0	0	0	0	0	0	0	0	0	0	0	0	0	0	0
2	0	0	0	0	0	0	0	0	0	0	0	0	0	4	0	2	0	0	0	0	0	0	2
0	0	0	0	0	0	0	0	0	0	0	0	0	0	0	0	0	0	0	0	0	1	0	0
0	0	0	0	2	0	0	0	0	0	0	0	0	0	0	0	2	0	0	0	0	0	0	2
7	0	0	22	1	0	65	62	84	0	0	106	0	0	48	0	0	0	44	106	36	2	0	6
0	0	0	0	0	1	0	0	0	16	0	0	0	0	0	0	0	2	0	0	0	0	0	0
1	0	0	0	0	0	0	0	2	0	0	0	0	0	0	0	0	0	0	0	3	2	0	0
0	0	0	0	0	0	0	0	10	0	0	0	0	0	0	4	12	0	0	2	0	0	0	0
0	0	4	0	0	0	0	0	8	12	0	0	0	0	0	0	0	0	0	0	2	0	0	0
0	0	0	0	2	6	0	0	0	4	0	0	0	0	0	0	0	2	0	0	0	0	0	0
0	2	26	0	0	0	0	0	0	4	0	0	0	0	0	0	0	0	0	0	6	0	0	0
0	0	0	0	0	0	0	0	0	12	0	0	0	0	0	0	0	0	0	0	0	0	0	0
0	0	0	0	0	0	0	0	0	0	0	4	0	0	0	0	0	0	0	14	0	0	0	4
0	2	0	0	0	0	0	0	0	0	0	0	0	4	0	4	0	0	6	2	0	0	0	0
0	0	0	0	0	2	0	0	2	24	2	0	0	0	0	0	0	12	0	0	1	0	0	0
0	2	0	0	0	0	0	0	0	0	0	0	0	0	0	10	2	0	0	0	0	0	0	0
0	0	0	8	0	0	0	0	0	0	4	0	0	0	0	0	0	0	0	4	0	0	0	0
0	0	0	0	2	0	0	2	8	0	0	2	0	0	2	0	2	0	0	2	4	3	0	0
0	1	0	0	0	0	0	12	2	0	0	4	0	0	0	0	0	0	8	0	2	0	0	0
0	0	0	0	0	0	0	0	6	0	0	0	6	0	0	2	6	0	0	0	0	0	0	0
0	0	0	0	0	0	0	0	0	0	0	0	0	0	0	0	0	0	0	15	0	0	0	0
0	0	0	4	0	0	2	2	0	0	0	0	0	0	0	0	0	0	0	5	0	0	0	0
0	0	0	0	0	0	0	0	0	0	0	0	0	6	0	0	0	0	0	0	0	0	0	0
3	0	0	0	2	0	0	10	0	0	0	0	0	0	0	0	0	0	4	0	5	0	0	0
2	26	0	6	0	0	0	59	10	0	0	65	12	0	12	0	6	0	66	3	33	6	0	0
0	0	0	0	0	0	0	0	0	0	204	0	0	0	0	4	0	0	8	0	0	0	0	2
0	0	0	1	1	0	0	2	44	0	0	8	16	0	0	14	82	0	6	0	2	2	0	0
9	0	0	0	16	0	0	24	0	0	0	2	0	0	8	0	2	0	16	1	9	0	0	0
58	0	0	4	3	0	0	4	0	0	0	0	0	0	2	0	0	0	0	0	3	1	0	0
3	0	0	10	0	0	33	20	28	0	0	36	4	0	8	0	0	0	20	36	4	0	0	0
0	0	4	0	0	0	0	0	0	4	0	0	2	0	0	0	0	0	2	0	0	0	0	0
0	0	0	0	0	0	0	0	0	0	0	0	0	0	2	0	0	0	0	6	0	0	0	2
0	0	0	14	0	0	0	0	0	0	0	0	0	0	0	0	0	0	0	2	0	0	0	0
0	0	0	10	0	0	0	0	0	0	0	0	0	0	0	0	0	0	0	8	0	0	0	0
0	0	0	8	0	0	0	0	0	0	0	0	0	0	0	0	0	0	0	2	0	0	0	0
0	0	0	0	0	0	0	0	0	0	0	0	22	0	0	0	0	0	0	0	0	0	0	0
0	0	0	0	0	0	0	0	0	0	0	0	6	0	0	0	2	0	2	0	0	2	0	0
0	0	0	0	0	0	0	4	0	0	0	0	0	0	0	0	0	0	0	0	0	5	0	0
0	0	0	0	1	1	1	0	6	56	0	0	0	0	0	0	0	38	4	0	2	0	2	0
0	0	0	0	0	0	0	0	2	6	2	0	0	0	0	0	0	6	0	0	0	0	0	0
0	0	0	0	0	0	0	0	0	0	0	0	84	0	0	0	0	0	0	0	0	0	0	0
0	0	0	0	0	0	0	0	0	0	0	2	6	0	0	0	0	0	4	0	0	0	0	0
0	36	0	9	0	0	15	0	0	0	0	6	0	0	10	0	6	0	22	2	15	5	0	2
0	0	0	0	0	0	0	0	0	0	48	0	0	0	0	0	0	0	0	0	0	2	0	0
0	0	0	50	0	0	0	0	0	0	0	0	44	0	0	26	8	0	0	0	0	0	0	2
0	0	14	0	0	1	0	0	4	48	0	0	0	0	0	0	0	46	8	0	3	0	4	0
0	3	0	0	0	0	0	2	4	0	0	0	4	0	0	0	4	0	0	0	0	3	0	0
3	0	0	64	2	0	0	0	0	0	0	0	0	0	0	0	0	0	0	16	2	0	0	0
1	0	0	0	0	0	0	0	0	0	0	10	0	0	2	0	2	0	0	40	0	0	0	0
0	0	0	0	0	0	0	0	2	0	0	2	0	0	0	0	0	0	0	0	0	0	0	2
0	0	0	0	0	0	0	0	0	0	0	4	2	0	0	0	4	0	0	0	0	0	0	0
0	2	4	0	0	0	0	0	0	0	2	0	0	0	4	0	0	0	0	0	2	0	0	0
1	20	0	0	2	0	0	7	0	0	0	0	4	0	4	0	0	0	0	0	0	0	0	0
1	0	0	0	1	0	0	6	0	0	0	0	0	0	0	0	2	0	2	0	2	0	0	4
0	0	0	0	0	0	0	0	0	0	0	0	10	0	0	0	0	0	0	0	0	0	0	0
0	0	6	0	0	0	0	0	0	6	0	0	0	0	0	0	0	0	0	0	0	0	0	0
0	3	2	0	0	0	0	0	0	0	0	0	2	0	0	0	0	0	4	0	0	0	2	0
0	0	0	0	0	0	0	4	0	0	0	0	0	0	0	0	0	0	2	0	4	0	0	0
0	0	0	0	0	0	0	0	0	0	0	0	0	0	0	0	0	0	0	0	0	1	0	0
0	0	8	0	0	0	0	0	0	0	0	0	0	0	0	0	0	0	0	0	0	0	0	0
0	0	4	0	0	0	0	0	0	4	0	0	0	2	0	2	0	0	0	0	0	0	0	0
0	0	0	0	3	0	0	0	0	0	0	0	0	0	0	0	0	0	0	0	0	1	0	0
0	3	0	0	0	0	0	0	0	0	0	2	2	6	0	6	0	0	2	0	0	0	0	0
8	0	0	0	3	0	0	0	0	0	0	0	0	0	0	0	0	0	0	0	0	0	0	0
0	0	0	0	0	0	0	0	0	0	0	0	2	7	0	0	0	0	0	0	10	0	0	0
1	8	0	0	1	0	0	8	0	0	0	0	4	0	0	0	0	0	0	0	0	0	0	0
0	12	0	0	0	0	7	0	0	0	0	0	0	0	0	26	0	0	0	0	0	0	0	0
4	0	0	4	0	0	0	2	4	0	0	6	0	0	2	0	0	0	4	1	0	0	0	2
0	0	0	0	0	0	0	0	0	0	0	0	22	0	0	50	0	0	0	0	0	0	0	2
0	0	0	0	0	0	0	0	24	0	0	6	0	0	0	0	2	0	0	2	0	0	0	0
0	0	0	0	0	0	0	0	0	0	0	0	0	0	0	2	0	0	0	0	0	0	28	0
0	0	0	0	0	0	0	0	0	0	0	0	0	0	0	0	0	0	14	7	0	0	0	2
2	17	0	0	30	0	0	8	0	0	0	0	6	0	0	0	0	0	0	0	0	1	0	0
0	0	0	0	1	0	0	2	0	0	0	0	0	0	2	0	0	0	0	8	0	15	0	0
6	0	0	0	0	0	0	0	0	0	0	0	0	0	0	0	0	0	0	0	0	3	0	0
1	0	0	0	0	0	0	0	0	0	0	4	0	0	0	0	0	0	0	15	0	0	0	0
0	2	35	0	0	0	5	0	0	4	0	0	0	0	0	2	0	0	0	0	8	0	0	0
0	0	0	0	0	0	0	0	6	0	0	0	0	0	0	0	6	0	0	0	0	0	0	0
0	0	0	0	0	0	0	0	0	0	0	0	14	0	0	0	0	0	0	0	0	0	0	0
0	0	0	0	0	0	0	0	2	4	0	0	0	0	0	0	0	8	0	0	0	0	0	0
0	0	0	0	0	0	2	0	4	0	2	0	2	0	8	0	0	0	0	0	0	0	0	22
0	0	0	0	0	0	0	0	0	0	0	4	0	0	0	0	0	0	0	0	0	0	54	0
0	0	0	0	0	0	0	0	14	0	0	2	2	0	0	0	0	0	0	0	0	0	0	0
0	0	10	0	0	0	0	0	0	2	2	0	4	0	0	2	0	0	2	0	0	0	0	0
0	0	0	0	0	0	0	0	0	0	0	2	0	0	0	2	16	0	0	0	0	2	0	0
0	0	0	28	0	0	0	0	0	0	0	2	0	0	0	0	0	0	0	18	0	0	0	0
0	0	0	0	0	0	2	0	2	0	0	0	0	0	4	0	0	0	0	0	0	0	0	16
0	0	0	10	0	0	0	0	0	0	0	0	0	0	0	0	0	0	0	0	0	0	0	0
0	0	0	0	0	0	0	0	0	0	0	0	0	0	0	0	0	0	0	0	0	0	0	34
0	0	0	0	0	0	3	2	0	0	0	0	0	0	2	0	0	0	2	3	0	0	0	0
0	4	0	0	0	0	0	2	0	0	0	0	0	0	2	0	0	0	8	0	2	0	0	0
0	2	0	0	0	0	10	0	0	0	0	0	0	0	0	0	0	0	4	0	2	0	0	0
0	0	0	0	0	0	0	6	2	0	0	0	2	0	0	0	0	0	8	0	0	0	0	0
0	0	0	6	0	0	0	2	0	0	0	0	0	0	0	0	0	0	0	12	0	0	0	0
0	1	0	0	0	0	0	4	0	0	0	4	0	0	0	0	0	0	2	0	0	0	0	0
1	6	0	2	0	0	0	56	80	0	0	82	44	0	30	24	130	0	30	16	89	2	0	0
0	0	0	0	0	0	0	0	0	0	0	0	0	0	0	0	24	0	0	0	0	0	0	0
0	0	4	0	0	0	0	0	0	2	0	0	0	0	0	0	0	0	2	0	2	0	0	0
0	0	0	0	0	0	0	0	0	0	0	0	0	0	0	0	0	2	0	0	0	0	8	0
0	0	0	0	0	0	0	0	0	8	0	0	0	0	0	0	0	2	0	0	0	0	0	0
0	0	0	0	0	0	0	0	0	0	0	0	0	0	10	0	0	0	0	0	0	0	0	2
0	0	0	0	0	0	0	0	0	0	0	6	0	0	0	0	0	0	0	6	0	0	0	2
0	0	2	0	0	0	0	0	0	0	0	0	356	0	0	384	0	0	0	0	0	0	0	114
0	0	0	0	0	0	0	4	0	0	0	2	0	0	2	0	4	0	2	0	0	0	0	0
0	0	0	0	0	2	0	0	2	10	0	0	0	0	0	0	0	4	0	0	0	0	0	0
0	0	18	0	0	0	0	0	0	0	0	0	0	0	0	0	0	0	0	0	0	0	0	0
0	0	0	0	0	0	0	0	0	0	0	0	0	8	0	0	0	0	0	0	13	0	0	0
0	0	0	0	0	0	0	4	0	0	0	5	0	0	0	0	0	0	12	0	2	0	0	0
0	0	0	0	0	0	0	0	4	0	0	0	0	0	0	0	0	0	0	0	0	0	0	0
12	0	0	0	0	0	0	0	0	0	0	0	0	0	0	0	0	0	0	0	0	0	0	0
0	0	0	0	0	0	0	0	0	0	0	0	6	0	0	4	0	0	0	0	0	0	0	0
0	0	0	0	0	0	0	0	0	0	0	0	16	0	0	0	0	0	0	0	0	0	0	0
0	0	0	0	0	0	0	0	0	0	0	0	0	0	0	0	0	0	2	0	0	0	0	0
0	0	0	2	4	0	0	0	0	0	0	0	0	0	0	0	0	0	0	0	0	0	0	0
0	10	0	8	0	0	0	0	0	0	0	0	0	0	0	0	0	0	0	10	0	0	0	0
0	0	0	0	0	0	0	0	0	0	0	0	0	0	0	0	0	0	0	0	0	1	0	0
0	0	0	10	0	0	0	0	0	0	0	0	0	0	0	0	0	0	0	0	0	0	0	0
0	0	0	0	0	0	0	0	0	0	0	2	0	0	0	0	0	0	2	11	0	0	0	0
0	0	0	0	0	0	2	0	0	0	0	2	0	0	2	0	0	0	2	2	4	0	0	0
0	0	0	0	0	0	0	0	0	0	0	0	6	0	0	12	0	0	0	0	0	0	0	2
0	0	0	0	0	0	0	2	0	0	0	0	0	0	0	0	0	0	0	0	0	0	0	0
0	2	6	0	0	0	0	0	0	0	2	0	0	0	0	0	0	0	0	0	0	0	0	0
2	0	0	0	0	0	0	0	0	0	0	4	0	0	0	0	0	0	0	0	0	1	0	0
0	4	0	0	0	0	0	0	4	0	0	2	0	0	0	0	0	0	2	0	0	0	0	0
0	0	0	0	0	0	0	0	0	0	0	0	12	0	0	0	0	0	0	0	0	0	0	0
0	0	0	2	0	0	0	0	0	0	0	0	2	0	0	6	0	0	0	0	0	0	0	0
0	0	0	0	0	0	0	0	0	4	0	0	0	0	0	0	0	12	0	0	0	0	0	0
0	0	0	1	0	0	0	0	0	0	0	0	0	0	0	0	0	0	0	2	0	0	0	0
0	0	0	0	0	0	0	0	0	0	0	0	0	0	4	0	2	0	6	0	0	0	0	0
0	0	0	0	0	0	0	0	0	8	0	0	0	0	0	0	0	0	0	0	0	0	540	0
3	0	0	0	0	0	312	24	0	0	64	0	0	0	12	0	0	0	0	0	0	0	0	2
2	0	0	0	0	0	0	2	0	0	0	0	0	0	0	0	0	0	0	0	2	0	0	0
1	0	0	0	0	0	0	0	0	0	0	4	0	2	0	2	0	0	0	0	0	0	0	0
0	0	0	0	5	0	0	0	0	0	0	0	0	0	0	0	0	0	0	0	0	0	0	0
0	0	0	0	0	0	0	0	6	0	0	0	18	0	0	0	0	0	0	0	0	0	0	0
0	0	0	0	0	0	0	0	0	0	0	12	0	0	0	0	0	0	0	0	0	0	2	0
0	6	0	0	0	0	0	2	2	0	0	2	2	0	0	0	0	0	4	2	0	0	0	0
0	0	0	6	0	0	2	2	0	0	0	0	0	0	60	0	0	0	20	0	0	0	0	30
0	0	0	0	1	0	0	0	0	0	0	0	0	0	0	0	0	0	0	0	0	0	0	0
0	0	0	22	0	0	0	0	0	0	0	0	0	0	0	0	0	0	0	0	0	0	0	0
0	2	14	0	0	0	0	0	0	0	0	0	0	2	0	0	0	0	0	0	1	0	0	0
0	0	0	2	0	0	0	0	0	0	2	0	0	0	0	0	0	0	0	4	0	0	0	0
0	0	0	41	0	0	0	0	0	0	0	0	0	0	0	0	0	0	0	12	0	0	0	0
0	7	0	37	0	0	0	0	0	0	0	0	0	4	0	0	0	0	0	0	0	0	0	0
0	6	0	0	4	0	0	0	0	0	0	0	0	2	0	0	0	0	2	0	0	0	0	0
0	0	0	0	0	0	0	0	6	0	0	0	0	0	0	0	12	0	0	4	0	0	0	0
0	0	0	0	0	0	0	0	0	0	0	0	0	0	0	0	4	0	0	0	0	0	0	0
0	0	0	0	0	1	0	0	0	0	0	0	0	0	0	0	0	0	0	0	0	0	0	0
0	3	2	0	0	0	0	0	0	2	2	0	0	0	2	0	0	0	0	0	2	0	0	0
0	0	0	0	0	0	0	0	0	0	0	0	0	0	0	0	0	0	0	0	0	0	30	0
3	1	0	0	0	0	0	0	0	0	0	4	0	0	0	0	0	0	0	0	6	15	0	0
0	0	0	0	0	0	0	0	2	0	70	0	0	0	0	2	0	0	2	0	0	0	0	0
0	0	0	0	0	0	18	0	0	0	0	0	0	35	0	0	2	0	0	0	0	0	0	0
0	0	22	0	0	41	0	0	0	2	0	0	0	0	0	0	0	10	0	0	0	0	0	0
18	0	0	0	0	0	1	2	0	0	0	2	0	0	2	0	2	0	2	0	0	5	0	4
4	0	0	0	0	0	0	0	0	0	0	0	0	0	2	0	2	0	0	21	0	0	0	0
0	4	0	0	0	0	0	2	0	0	0	0	8	0	0	0	0	0	20	6	0	1	0	0
19	0	0	0	0	0	0	0	0	0	0	0	0	0	0	0	0	0	0	0	0	0	0	0
1	0	0	0	0	0	0	4	0	0	4	12	0	0	2	0	4	0	0	0	0	0	0	4
0	0	0	6	0	0	0	0	0	0	0	0	0	0	0	0	0	0	0	4	0	0	0	0
0	0	0	0	0	0	0	0	0	0	0	0	10	0	0	20	0	0	0	0	0	0	0	6
0	0	0	2	0	0	0	0	0	0	2	0	2	0	0	0	0	0	0	6	0	0	0	0
0	0	0	16	0	0	0	0	0	0	0	0	0	0	0	0	0	0	0	0	0	0	0	0
0	0	0	13	0	0	0	0	0	0	0	0	0	0	0	0	0	0	0	0	0	0	0	0
0	0	0	4	0	0	0	0	2	0	0	0	2	0	0	0	0	0	0	2	0	0	0	0
1	15	0	10	1	0	0	114	150	0	0	142	70	0	40	44	192	0	134	12	195	1	0	4
0	0	0	0	0	0	0	0	0	0	0	4	2	0	0	0	2	0	2	0	0	0	0	0
0	0	0	0	2	0	0	0	0	0	0	0	0	2	0	2	0	0	0	0	0	0	0	0
0	0	0	0	0	0	0	0	0	0	0	0	6	0	2	0	0	0	2	0	0	0	0	0
0	0	0	0	0	0	0	0	0	0	0	0	22	0	0	6	0	0	0	0	0	0	0	2
0	0	26	0	0	0	0	0	0	0	0	0	0	0	0	0	0	0	0	0	0	0	0	0
0	0	0	0	0	0	0	2	0	0	0	2	0	0	0	0	0	0	6	2	0	0	0	0
0	0	0	0	0	5	0	0	2	4	0	0	0	0	0	0	0	2	0	0	0	0	0	0
0	0	10	0	0	0	0	0	0	0	0	0	0	0	0	0	0	0	0	0	0	0	0	0
0	0	0	10	0	0	0	0	0	0	0	0	0	0	0	0	0	0	0	0	0	0	0	0
0	0	0	10	0	0	0	0	0	0	0	0	0	0	0	0	0	0	0	0	0	0	0	0
0	0	10	0	0	0	0	0	0	2	0	0	0	0	0	0	0	0	0	0	0	0	0	0
0	0	0	10	0	0	0	0	0	0	0	0	0	0	0	0	0	0	0	0	0	0	0	0
0	0	0	0	0	0	0	0	0	6	0	0	0	4	0	0	0	0	0	0	0	0	0	0
0	0	0	0	0	0	0	2	0	0	0	0	0	0	0	0	2	0	0	0	0	0	0	10
0	0	0	0	0	0	0	0	0	0	66	0	0	0	0	0	0	0	0	0	0	0	0	0
0	0	0	0	0	0	0	0	16	0	0	0	60	0	2	0	0	0	0	0	0	0	0	12
0	0	0	0	0	0	11	0	0	0	0	2	0	18	4	0	0	0	0	0	0	0	0	0
0	5	0	0	0	0	0	0	0	0	0	2	0	0	2	0	0	0	10	0	10	0	0	0
0	31	0	0	0	0	0	0	0	0	0	0	0	0	0	0	0	0	0	0	0	0	0	0
3	0	0	0	0	0	0	0	0	0	0	0	0	0	0	0	0	0	72	0	0	3	0	18
0	0	0	0	0	0	0	0	2	0	0	0	0	0	0	0	0	0	0	2	0	0	0	0
0	1	0	81	0	0	0	4	0	0	0	8	0	0	2	0	0	0	0	0	0	0	0	0
2	0	0	2	0	0	0	0	0	0	0	0	0	0	0	0	0	0	2	0	11	0	0	0
0	0	0	2	0	0	0	0	0	0	0	0	4	2	0	0	0	0	0	0	2	0	0	0
0	0	0	0	0	0	0	2	0	0	0	0	0	0	0	0	0	0	0	0	0	0	0	0
0	0	0	0	0	0	0	2	0	0	0	0	0	0	0	0	0	0	0	0	0	0	0	0
0	0	0	0	0	0	0	0	0	0	0	0	2	0	0	0	0	0	4	4	0	0	0	0
0	2	0	14	0	0	0	0	0	0	2	0	0	4	0	0	0	0	2	2	0	0	0	2
0	0	0	0	0	0	0	0	0	10	0	0	0	0	0	0	0	2	0	0	0	0	0	0
0	0	0	0	0	0	0	0	0	0	0	0	8	0	0	12	0	0	0	0	0	0	0	0
1	0	0	0	6	0	0	0	0	0	0	0	0	0	0	0	0	0	0	0	0	0	0	0
0	29	0	0	0	0	6	36	32	0	0	8	42	0	4	0	18	0	34	2	4	1	0	0
8	0	0	0	2	0	0	2	4	0	0	2	0	0	0	0	0	0	2	0	0	1	0	0
0	4	0	0	0	0	0	4	0	0	0	2	0	0	0	0	0	0	0	0	0	0	0	0
0	1	0	0	0	0	0	2	2	0	0	0	2	0	0	0	0	0	0	0	2	1	0	0
0	4	0	0	0	0	2	12	10	0	0	12	6	0	0	0	10	0	20	2	0	1	0	0
0	0	0	0	0	0	0	0	0	0	0	0	8	0	0	4	0	0	0	0	0	0	0	0
0	0	0	0	0	0	0	0	0	0	0	0	0	0	10	0	0	0	0	0	0	0	0	0
0	0	0	0	0	0	0	8	0	0	0	2	0	0	0	0	0	0	0	0	0	0	0	0
0	0	0	0	0	0	0	0	0	0	0	0	0	0	2	0	0	0	0	0	0	0	0	0
0	0	0	0	0	0	0	0	0	0	0	0	0	0	0	0	0	8	2	0	0	0	0	0
0	0	0	0	0	0	0	0	0	2	2	0	0	2	2	0	0	0	0	0	0	0	0	2
0	0	0	6	1	0	0	0	0	0	0	0	0	0	0	0	0	0	0	2	0	0	0	0
0	0	26	0	0	0	0	0	0	0	0	0	0	0	0	0	0	0	0	0	0	0	0	0
0	0	0	0	0	0	3	10	0	0	0	4	0	0	16	0	0	0	2	0	0	0	0	20
0	26	0	0	2	0	0	14	0	0	0	0	4	6	2	0	0	0	0	0	0	0	0	0
0	0	0	0	0	0	0	0	0	0	0	0	0	25	0	0	0	0	0	0	0	0	0	0
0	1	0	0	0	0	0	0	0	0	0	0	2	38	0	0	0	0	0	0	0	0	0	0
0	0	0	0	0	0	0	0	8	0	0	0	2	0	4	6	8	0	0	2	2	0	0	0
0	0	0	4	0	0	1	0	8	0	0	0	0	0	20	0	0	0	2	0	0	0	0	36
0	0	0	0	1	0	0	0	0	0	0	0	0	0	0	0	0	0	0	0	0	0	0	0
3	0	0	0	0	0	0	0	0	0	0	0	0	0	2	0	0	0	0	4	0	4	0	0
0	1	0	0	1	0	0	0	0	0	0	0	0	0	0	0	0	0	0	0	0	0	0	0
0	0	12	0	0	0	0	0	0	0	0	0	0	0	0	0	0	0	0	0	0	0	0	0
0	0	0	2	0	0	0	0	0	0	0	0	0	4	0	2	2	0	0	0	0	0	0	0
0	0	0	0	0	0	2	0	2	10	0	0	0	0	0	0	0	12	0	0	0	0	0	0
0	0	0	0	0	0	0	0	0	2	0	0	0	0	0	0	0	0	0	0	0	0	20	0
0	0	0	0	0	0	0	0	0	0	0	0	0	0	0	0	0	0	0	0	2	0	0	0
0	0	0	0	0	0	0	0	0	2	0	0	0	0	0	0	0	0	0	0	0	0	16	0
0	0	0	0	0	0	0	0	0	0	0	0	4	0	0	8	0	0	0	0	0	0	0	0
0	0	0	0	0	0	0	0	0	2	0	0	0	0	0	0	0	0	0	0	0	0	22	0
0	1	0	0	0	0	0	0	0	0	0	4	0	0	0	0	0	0	2	0	0	0	0	0
0	0	0	0	0	1	1	0	0	10	0	0	0	0	0	0	0	4	0	0	0	0	0	0
2	0	0	0	0	0	0	0	0	0	0	0	0	0	0	0	0	0	0	10	0	0	0	0
1	0	0	2	0	0	0	0	0	0	0	0	0	0	2	0	0	0	2	0	0	0	0	0
0	1	0	0	0	0	0	0	2	0	0	4	0	4	0	8	0	0	0	0	1	0	0	0
0	0	0	0	0	0	0	2	0	0	0	0	0	0	0	0	2	0	2	0	0	0	0	0
1	12	0	0	0	0	0	36	134	0	0	58	4	42	5	32	18	0	66	22	50	1	0	0
0	0	0	0	0	0	0	0	0	0	0	0	0	0	0	0	0	0	0	14	0	0	0	0
0	0	0	0	0	0	0	0	0	0	0	0	0	0	8	0	0	0	0	2	0	0	0	0
0	0	0	0	0	0	4	0	0	0	0	0	0	0	10	0	2	0	0	0	0	0	0	4
0	0	0	0	0	0	0	0	0	0	0	8	0	0	6	0	0	0	0	0	0	0	0	0
1	0	0	0	0	0	0	0	0	0	0	0	0	0	0	0	0	0	0	0	0	0	0	0
0	0	0	0	1	0	0	0	0	0	0	2	0	0	0	0	0	0	8	0	0	0	0	0
0	0	4	0	0	0	0	0	0	0	0	0	0	0	0	0	0	0	2	0	0	0	0	0
0	0	0	0	0	0	0	0	0	0	0	2	0	0	0	0	0	0	0	12	0	0	0	0
0	0	0	4	0	0	0	0	0	0	0	0	6	0	0	0	0	0	0	0	0	0	0	0
0	0	0	0	0	0	0	0	2	0	0	0	0	0	0	0	0	0	0	0	0	0	0	0
3	0	0	2	0	0	0	2	0	0	0	0	0	0	0	0	0	0	0	0	0	0	0	0
0	0	0	14	0	0	0	0	0	0	0	0	0	0	0	0	2	0	0	0	0	0	0	0
0	0	0	0	0	0	0	2	0	0	0	0	4	0	0	0	0	0	8	0	0	0	0	2
1	0	0	0	0	0	0	0	0	0	0	2	0	0	0	0	6	0	0	9	0	0	0	0
0	5	0	0	0	0	0	0	2	0	0	4	0	0	0	0	2	0	6	0	2	0	0	0
0	0	0	0	0	0	0	24	0	0	0	34	6	0	28	0	0	0	30	0	2	0	0	0
0	0	0	0	0	0	0	0	0	0	0	0	0	0	0	0	2	0	0	0	0	0	0	0
0	0	0	0	18	0	0	0	0	0	0	2	0	0	0	0	0	0	2	0	0	0	0	0
0	45	0	0	0	0	0	4	0	0	0	0	0	0	0	0	0	0	0	0	0	0	0	4
0	0	0	2	0	0	0	0	0	0	2	2	2	0	0	0	0	0	0	20	0	0	0	0
0	0	0	0	0	0	0	4	0	0	0	0	0	0	0	0	0	0	4	0	6	0	0	0
0	8	0	0	0	0	0	8	2	0	0	2	0	0	2	0	2	0	0	0	0	1	0	0
0	0	0	0	0	0	0	0	14	0	0	2	0	0	3	0	0	0	0	0	0	0	0	0
0	0	0	0	0	0	0	0	0	0	0	0	0	0	0	0	0	0	0	0	0	0	10	0
0	0	0	0	0	0	0	0	0	0	0	0	0	0	0	10	0	0	0	0	0	0	0	0
0	0	10	0	0	0	0	0	0	0	0	0	0	0	0	0	0	0	0	0	0	0	0	0
0	0	0	0	0	0	0	0	0	0	0	0	0	0	10	0	0	0	0	0	0	0	0	0
0	0	0	0	0	0	0	0	4	0	0	0	0	0	0	2	2	0	0	0	0	0	0	0
0	0	0	0	0	0	0	0	4	0	0	0	0	0	0	0	8	0	0	0	0	0	0	0
0	0	0	0	0	0	0	0	0	0	0	0	0	21	0	0	0	0	0	0	0	0	0	0
1	2	0	0	4	0	0	4	0	0	0	0	0	0	0	0	0	0	0	0	2	0	0	0
23	0	0	0	0	0	0	0	0	0	0	0	0	0	0	0	0	0	0	0	0	0	0	0
0	0	0	0	0	0	0	2	0	0	0	0	2	0	0	0	0	0	6	0	2	0	0	0
0	0	0	0	0	0	0	0	0	0	0	0	6	0	2	0	0	0	0	0	0	0	0	0
0	0	0	0	0	0	0	0	0	0	10	0	0	0	0	0	0	0	0	0	0	0	0	0
1	0	0	0	0	0	0	0	0	0	0	0	0	0	0	0	0	0	0	0	0	0	0	0
0	0	0	0	0	0	0	8	0	0	0	2	0	0	0	0	0	0	0	0	0	0	0	0
0	25	0	0	0	0	0	0	0	0	0	4	0	0	0	0	0	0	0	0	0	0	0	10
0	0	0	0	1	0	0	0	0	0	0	0	0	0	0	0	0	0	4	24	0	1	0	0
0	0	0	0	0	0	2	0	0	0	0	0	0	32	0	0	4	0	0	0	0	0	0	0
2	0	0	0	2	0	0	0	0	0	0	0	0	0	0	0	0	0	0	0	0	0	0	0
0	0	0	2	0	0	2	2	0	0	6	0	0	0	0	0	0	0	0	14	0	0	0	0
0	0	0	0	0	0	0	0	0	0	0	0	0	0	0	0	0	0	0	0	0	2	0	0
1	0	0	0	8	0	0	0	0	0	0	0	0	0	18	0	0	0	0	0	0	0	0	0
0	0	0	0	0	0	0	0	2	0	0	2	2	0	0	0	4	0	2	0	11	0	0	0
0	0	0	0	0	0	0	6	0	0	0	0	2	0	0	0	2	0	0	0	0	0	0	0
1	0	0	0	0	0	0	0	0	0	8	0	0	2	0	0	0	0	0	0	0	0	0	0
0	0	0	0	1	0	0	0	0	0	0	0	0	0	0	0	0	0	2	10	0	3	0	0
0	0	4	0	0	0	0	0	0	0	0	0	0	0	0	0	0	0	0	0	0	0	0	0
1	0	0	0	0	0	0	0	0	0	0	0	0	0	0	0	0	0	0	0	0	0	0	0
0	0	0	0	0	0	0	8	0	0	0	0	0	4	0	0	0	0	0	0	3	0	0	0
0	0	0	0	0	0	0	0	0	0	0	6	0	0	0	0	0	0	0	0	0	0	0	0
1	0	0	0	0	0	0	0	0	0	0	2	0	0	0	0	0	0	0	2	0	0	0	0
0	83	0	0	0	0	59	0	0	0	0	6	0	0	0	132	2	0	4	0	0	0	0	0
0	0	0	0	0	0	0	4	0	0	156	0	0	0	0	2	0	0	2	0	0	0	0	2
0	0	0	0	2	0	0	0	0	0	0	0	0	0	0	0	0	0	0	0	0	0	0	0
0	0	0	0	0	0	0	0	0	0	0	6	0	0	0	0	0	0	10	26	0	0	0	2
2	4	0	0	0	0	0	2	4	0	2	4	4	124	0	2	2	0	2	0	2	0	0	0
2	0	0	2	27	0	0	0	0	0	0	0	0	0	0	0	0	0	0	0	0	5	0	0
0	0	0	0	0	0	0	0	0	0	0	2	0	0	4	0	0	0	0	0	4	0	0	0
0	0	0	8	0	0	0	0	0	0	0	0	0	0	0	0	0	0	0	4	0	0	0	0
0	0	0	0	0	0	0	6	2	0	0	0	2	0	0	0	0	0	6	0	0	0	0	0
0	0	0	0	0	0	0	0	0	0	0	0	0	0	0	0	10	0	0	0	0	0	0	0
0	0	0	0	0	0	0	10	0	0	0	0	2	0	0	0	0	0	2	0	0	0	0	0
1	16	0	2	0	0	0	98	104	0	0	144	50	0	44	44	182	0	124	4	96	4	0	6
0	0	0	14	0	0	0	0	0	0	0	0	0	0	2	0	0	0	0	2	0	0	0	0
0	0	0	0	0	0	0	0	0	0	0	0	0	0	0	0	0	0	0	0	0	0	0	2
0	0	0	14	0	0	0	0	0	0	0	0	0	0	0	0	0	0	0	0	0	0	0	0
0	0	0	0	0	0	0	0	0	0	10	0	0	0	0	0	0	0	0	0	0	0	0	0
0	0	0	0	0	0	0	0	0	0	0	0	0	0	0	0	0	0	0	0	0	0	10	0
0	3	0	0	0	0	0	2	0	0	0	0	4	50	0	0	0	0	0	0	2	0	0	0
0	0	0	0	0	0	0	0	0	0	96	0	0	0	0	0	0	0	0	0	0	0	0	0
3	14	0	0	0	0	0	0	2	0	0	26	0	4	0	12	0	0	18	10	0	0	0	0
0	7	0	0	0	0	0	14	0	0	0	17	2	0	0	0	2	0	16	0	0	0	0	0
0	97	0	0	2	0	0	58	0	0	0	0	12	11	6	0	0	0	0	0	0	0	0	0
0	0	0	0	0	0	0	0	16	0	0	0	8	0	6	4	32	0	0	2	0	0	0	0
1	0	0	4	0	0	39	8	6	0	0	14	2	2	6	0	0	0	14	11	2	0	0	0
0	0	0	2	0	0	40	0	0	0	0	0	0	0	0	0	0	0	0	0	0	0	0	0
0	0	0	0	0	0	0	0	0	0	0	0	0	0	0	0	2	0	0	0	0	0	0	0
0	65	4	0	0	0	0	0	0	0	0	0	6	0	2	0	0	0	14	0	8	0	0	2
0	0	0	0	0	0	0	0	0	0	0	0	0	0	0	0	28	0	0	0	0	0	0	0
0	9	0	0	0	0	0	16	6	0	0	4	12	0	2	0	2	0	22	0	0	1	0	0
0	0	0	0	0	0	0	0	0	0	0	0	0	0	0	0	0	0	0	0	24	0	0	0
0	0	0	0	0	0	0	0	0	0	0	0	8	0	0	18	0	0	0	0	0	0	0	4
0	0	0	0	0	0	0	0	0	0	0	0	0	0	0	0	0	0	0	0	0	0	52	0
0	0	0	0	0	0	0	0	0	0	0	0	0	0	0	0	0	0	0	0	0	0	58	0
0	0	0	0	0	0	0	0	0	0	0	0	0	0	0	0	0	0	0	0	21	0	0	0
0	0	0	0	0	0	0	0	6	0	0	0	2	0	0	8	12	0	0	4	0	1	0	0
0	0	0	0	0	0	0	0	0	0	0	8	0	0	0	2	0	0	2	0	1	0	0	0
0	0	0	0	0	0	0	0	4	10	0	0	0	0	0	0	0	8	0	0	2	0	0	0
0	0	0	0	0	0	0	0	4	0	0	0	2	0	2	2	6	0	2	0	0	0	0	0
0	0	0	2	0	0	0	0	0	0	0	0	0	0	0	0	0	0	0	20	0	0	0	0
1	0	0	0	0	0	0	2	0	0	0	0	0	0	0	0	0	0	0	0	0	1	0	0
0	0	0	0	0	0	11	0	0	0	0	0	0	0	0	0	0	0	0	0	0	0	0	0
0	0	0	0	0	0	5	0	2	0	0	0	0	0	4	0	0	0	0	0	0	0	0	16
0	2	0	0	0	0	0	0	0	0	0	0	0	0	0	0	0	0	2	0	0	0	0	0
0	0	0	0	0	0	0	4	0	0	0	0	0	0	0	0	0	0	0	0	0	0	0	0
0	0	0	2	0	0	8	18	18	0	0	14	0	0	8	0	0	0	8	24	4	0	0	2
0	0	0	0	0	0	0	0	0	0	0	4	6	0	0	0	0	0	16	2	0	0	0	0
0	0	0	0	0	0	0	0	0	0	0	0	0	0	0	12	0	0	0	0	0	0	0	0
0	3	0	0	0	0	0	12	0	0	0	2	8	0	2	0	4	0	0	0	2	0	0	0
0	0	0	0	1	0	0	0	0	0	0	0	0	0	0	0	0	0	0	0	0	0	0	0
0	0	0	0	0	0	0	0	0	0	0	0	0	0	0	0	10	0	0	0	0	0	0	0
0	0	0	0	0	0	0	0	0	0	0	2	0	0	0	0	0	0	2	0	4	0	0	0
0	0	0	0	0	0	0	2	0	0	0	0	2	0	0	0	6	0	2	0	0	0	0	0
0	0	10	0	0	0	0	0	0	0	0	0	0	0	0	0	2	0	0	0	0	0	0	0
0	0	0	2	1	0	0	6	2	0	2	0	0	0	0	0	0	0	0	13	0	0	0	0
0	0	0	4	0	0	0	0	0	0	0	0	10	0	0	2	2	0	0	0	2	0	0	0
0	0	0	2	0	0	0	0	0	0	0	0	0	0	0	0	0	0	0	9	0	0	0	0
0	0	0	4	0	0	0	0	0	0	0	0	0	0	0	0	0	0	0	0	0	0	0	0
0	0	0	0	0	0	0	0	0	0	0	0	0	0	0	0	0	0	2	9	0	0	0	0
0	0	0	0	0	0	1	0	0	0	0	0	0	0	8	0	0	0	2	0	0	0	0	10
0	0	0	0	0	0	0	0	0	0	0	4	0	0	0	0	0	0	0	8	0	0	0	2
0	12	0	0	0	0	0	0	0	0	0	0	0	0	0	0	0	0	0	0	0	0	0	0
0	4	4	0	0	0	0	0	0	0	0	0	0	0	0	0	0	0	2	0	0	0	0	0
0	12	0	0	0	0	0	0	0	0	0	0	0	0	0	0	0	0	0	0	0	0	0	0
0	0	0	0	0	0	0	0	0	14	0	0	0	0	0	0	0	0	0	0	0	0	0	0
0	0	0	0	3	0	0	0	0	0	0	0	0	0	0	0	0	0	0	0	0	0	0	0
0	0	0	2	1	0	0	0	0	0	0	0	0	0	0	0	0	0	0	2	0	1	0	0
0	0	0	0	0	0	0	0	6	0	0	0	6	0	0	0	14	0	0	0	0	0	0	0
0	2	0	0	3	0	0	2	0	0	0	4	0	0	0	0	0	0	4	0	0	0	0	0
0	0	0	0	0	0	0	0	0	0	0	0	0	0	0	4	0	12	0	0	0	0	0	0
0	0	4	0	0	0	0	0	2	6	0	0	0	0	0	0	0	0	0	0	0	0	0	0
0	0	0	0	0	0	0	0	0	0	0	0	0	0	0	0	0	0	0	0	0	0	60	0
0	0	0	0	0	0	0	2	0	0	0	0	2	0	0	0	0	0	10	0	0	0	0	0
0	0	0	35	0	0	0	0	0	0	0	0	0	0	0	0	0	0	0	0	0	0	0	0
0	0	0	0	0	0	0	0	0	0	0	0	12	0	0	0	0	0	0	0	0	0	0	0
0	0	0	0	0	0	0	0	0	0	14	0	0	0	0	0	0	0	0	0	0	0	0	0
0	0	0	0	0	0	2	0	0	0	0	4	0	0	0	0	0	0	2	2	0	0	0	0
0	11	4	0	0	0	0	0	0	0	0	0	2	0	0	0	0	0	4	0	2	0	0	0
0	2	0	0	0	0	0	0	8	0	0	0	0	0	11	0	0	0	0	0	0	0	0	16
0	2	0	8	0	0	2	2	4	0	2	0	0	2	2	0	0	0	8	6	2	0	0	0
0	0	0	0	0	0	0	0	0	0	0	0	8	0	0	2	0	0	0	0	0	0	0	2
0	0	0	0	0	0	0	0	0	0	0	0	0	0	0	0	0	0	0	12	0	0	0	0
0	0	0	0	0	0	0	0	0	0	0	2	0	0	0	0	0	0	2	7	0	0	0	0
0	0	0	0	0	3	0	0	0	2	0	0	0	0	0	0	0	0	0	0	0	0	0	0
0	0	0	0	0	0	0	0	0	0	0	2	0	0	0	0	0	0	0	0	0	0	0	0
0	0	0	0	1	0	0	0	0	0	0	0	0	0	8	0	0	0	0	2	0	0	0	0
0	0	0	0	0	0	0	0	2	16	0	0	0	0	0	0	0	4	0	0	0	0	0	0
0	0	0	0	0	0	0	0	0	0	0	0	0	7	0	0	0	0	0	0	3	0	0	0
1	0	0	0	0	0	0	2	0	0	0	4	0	0	0	0	0	0	0	0	0	0	0	0
1	0	0	0	1	0	0	0	0	0	0	0	0	2	2	0	0	0	2	0	0	0	0	0
0	0	0	0	0	0	0	0	2	0	0	0	0	0	0	2	4	0	0	0	0	0	0	0
1	1	0	0	3	0	0	0	0	0	0	0	0	0	0	0	0	0	0	0	0	0	0	0
0	4	0	0	1	0	0	0	0	0	0	0	0	0	0	0	2	0	0	0	0	1	0	0
0	1	0	0	1	0	0	0	0	0	0	0	0	0	0	0	0	0	0	0	0	0	0	0
0	0	0	0	1	0	0	0	0	0	0	0	0	0	2	0	0	0	0	0	0	1	0	0
0	0	0	0	2	0	0	0	2	0	0	4	2	4	2	0	0	0	0	0	0	0	0	0
0	0	0	0	0	0	0	0	0	0	0	0	0	0	0	0	0	0	0	0	3	0	0	0
0	0	0	0	0	0	3	0	0	0	0	2	0	0	0	0	0	0	0	6	0	0	0	0
0	0	0	0	0	0	0	0	0	0	0	0	2	0	0	0	0	0	0	0	0	0	0	2
1	2	0	0	1	0	0	6	0	0	0	0	0	0	0	0	0	0	0	0	0	0	0	0
0	0	0	0	1	0	0	0	0	0	0	0	0	0	0	0	0	0	0	2	0	1	0	0
0	0	0	0	0	0	0	2	0	0	0	4	8	0	0	0	0	0	4	2	0	0	0	0
0	0	0	0	0	0	0	0	0	0	0	0	412	0	0	328	0	0	0	0	0	0	0	80
0	3	2	0	0	0	0	0	0	0	0	0	0	0	0	0	0	2	8	0	0	0	0	0
0	0	0	13	0	0	0	0	0	0	0	0	0	0	0	0	0	0	0	0	0	0	0	0
0	0	0	0	0	0	0	0	0	0	0	0	0	0	0	0	0	0	0	0	0	0	0	2
0	0	0	0	0	0	0	0	0	6	0	0	0	0	0	0	0	0	0	0	0	0	0	0
0	0	0	0	0	0	0	0	0	0	0	0	0	0	0	0	0	0	14	0	0	0	0	0
0	0	0	0	0	0	0	0	0	0	18	0	0	0	0	0	0	0	0	0	0	0	0	0
0	0	0	0	0	0	5	0	0	0	0	0	0	0	10	0	0	0	0	0	0	0	0	16
0	0	0	0	0	0	0	18	0	0	0	0	0	0	2	0	0	0	32	2	11	0	0	0
0	0	2	0	0	0	0	0	0	0	0	0	0	0	0	0	0	8	0	0	0	0	0	0
18	0	0	4	0	0	0	0	0	0	0	0	0	0	0	0	0	0	0	0	0	0	0	0
0	0	0	0	0	0	0	0	0	0	0	4	0	0	0	0	0	0	0	6	0	0	0	0
0	0	0	0	0	0	0	0	12	0	0	0	2	0	0	0	2	0	0	0	0	0	0	0
0	0	0	0	0	0	0	2	0	0	0	0	6	0	0	2	0	0	0	0	4	0	0	0
17	0	0	0	0	0	0	0	0	0	0	0	0	0	19	0	0	0	0	0	0	0	0	0
0	0	0	0	0	0	0	0	0	0	0	0	6	0	0	0	0	0	0	13	0	0	0	0
1	0	0	0	0	0	0	2	0	0	0	2	2	0	0	0	0	0	0	2	2	1	0	0
0	0	0	0	0	0	10	4	0	0	0	0	0	0	0	0	0	0	4	0	0	0	0	0
0	0	0	0	0	0	0	0	0	0	0	0	0	0	0	0	0	0	2	0	0	4	0	0
0	0	0	0	0	0	0	0	0	0	0	0	0	16	0	0	0	0	0	0	0	0	0	0
0	0	0	0	0	0	0	0	0	0	0	0	2	8	0	0	0	0	0	0	0	0	0	0
0	0	0	0	0	0	0	0	4	0	0	0	2	0	0	2	12	0	0	0	0	0	0	0
0	0	0	0	0	0	0	0	0	0	0	0	2	0	0	0	6	0	0	0	0	0	0	0
0	0	0	0	0	0	2	0	0	0	0	0	2	0	0	0	0	0	0	0	0	0	0	0
0	0	0	0	0	0	0	0	0	0	0	0	0	10	0	0	0	0	0	0	0	0	0	0
0	0	0	14	0	0	0	0	0	0	0	0	0	0	0	0	0	0	0	6	0	0	0	0
0	0	0	0	0	0	2	0	4	0	0	0	0	0	4	0	0	0	0	0	0	0	0	4
0	0	0	0	0	0	0	0	0	0	0	0	0	0	8	0	0	0	0	0	0	0	0	2
1	0	0	0	1	0	0	0	0	0	0	0	0	0	0	0	0	0	0	0	0	0	0	0
0	0	0	8	0	0	2	0	0	0	0	0	0	0	0	0	0	0	0	8	2	0	0	0
0	0	0	0	0	0	0	0	0	0	0	4	2	0	0	0	0	0	8	0	4	0	0	0
0	0	0	0	0	0	0	0	0	0	0	0	0	0	19	0	4	0	0	2	0	0	0	0
0	0	0	0	0	0	0	0	4	6	0	0	0	0	0	0	0	4	0	0	0	0	0	0
0	7	0	0	5	0	0	2	0	0	0	0	0	0	0	0	0	0	0	0	0	0	0	0
0	0	0	0	0	0	2	6	0	0	0	2	4	0	0	0	2	0	2	0	0	4	0	0
0	0	24	0	0	0	0	0	0	0	0	0	0	0	0	0	0	0	0	0	0	0	0	0
1	0	0	0	0	0	0	0	0	0	0	0	0	0	0	0	0	0	0	0	0	0	0	0
0	0	0	0	0	0	0	0	0	0	0	0	0	0	0	0	0	0	0	0	0	0	0	10
0	7	0	0	0	0	0	0	0	0	2	0	0	0	0	0	0	0	2	0	0	0	0	0
0	0	0	0	0	0	0	0	0	0	0	0	0	0	6	0	2	0	0	6	0	0	0	0
0	0	0	14	0	0	0	1	0	0	0	0	0	0	0	0	0	0	0	0	0	0	0	0
0	0	0	0	0	0	0	0	0	0	0	0	0	0	0	0	0	0	0	2	0	0	0	0
0	0	568	0	0	0	0	0	0	0	0	0	0	0	0	0	0	0	0	0	0	0	0	0
0	0	0	0	0	0	0	0	0	0	0	0	22	0	0	18	0	0	0	0	0	0	0	0
0	0	0	0	0	0	0	10	0	0	2	0	0	0	0	0	0	0	12	0	0	0	0	0
0	0	0	0	0	0	0	0	0	0	0	0	0	0	0	0	0	0	0	0	0	6	0	0
0	0	0	0	0	0	0	0	0	0	0	0	28	0	0	2	0	0	0	0	0	0	0	0
0	0	0	0	0	0	0	0	0	22	0	0	0	0	0	0	0	2	0	0	0	0	0	0
0	0	0	0	0	0	0	5	8	0	0	4	0	0	2	0	0	0	2	0	8	0	0	0
0	0	0	0	0	0	0	0	0	0	0	0	32	0	0	40	0	0	0	0	0	0	0	0
0	0	0	0	0	1	0	0	0	0	0	0	0	0	0	0	0	0	0	0	0	0	0	0
0	0	0	0	0	0	0	0	0	4	0	0	0	0	0	0	0	0	0	0	0	0	62	0
2	0	0	0	0	0	0	6	0	0	0	0	0	0	0	0	0	0	0	0	2	0	0	0
1	0	0	2	0	0	0	8	4	0	0	20	2	0	4	0	12	0	8	2	52	12	0	0
0	0	0	0	2	0	0	0	0	0	0	0	0	0	0	0	0	0	0	0	0	1	0	0
0	0	0	0	0	0	0	0	6	0	0	0	0	0	0	0	18	0	0	0	0	0	0	0
0	0	0	6	0	0	0	0	0	0	0	0	2	0	0	0	0	0	0	0	0	0	0	2
0	0	26	0	0	0	1	0	2	30	0	0	0	0	0	0	2	48	4	0	0	0	56	0
0	0	0	15	0	0	0	0	0	0	0	0	0	0	0	0	0	0	0	0	0	0	0	0
0	0	0	0	0	0	0	0	0	0	0	0	0	10	0	0	0	0	0	0	0	0	0	0
0	3	0	0	0	0	1	0	0	0	0	0	0	0	0	14	0	0	0	0	0	0	0	0
0	0	0	0	12	0	0	0	0	0	0	0	0	0	0	0	0	0	0	0	0	1	0	0
0	0	0	0	0	0	0	0	0	0	92	0	0	0	0	2	0	0	0	0	0	0	0	0
16	0	0	0	9	0	0	0	58	0	4	0	0	0	0	0	0	0	0	0	0	39	0	0
0	0	0	0	0	0	0	0	2	0	112	0	0	0	0	0	0	0	6	0	0	0	0	0
0	0	0	0	0	2	0	0	2	72	0	0	0	2	2	0	0	46	2	0	4	0	0	0
0	0	0	4	0	0	23	12	16	0	0	23	0	0	2	0	0	0	10	18	0	0	0	0
0	0	49	0	0	0	0	0	0	0	2	0	0	0	0	0	0	82	6	0	0	0	0	0
0	0	0	0	5	29	0	0	0	14	0	0	0	0	0	0	0	10	0	0	1	0	0	0
0	0	0	0	0	0	30	18	12	0	0	18	0	0	4	0	0	0	0	27	1	0	0	0
1	2	0	0	11	0	0	0	0	0	0	2	0	0	3	0	0	0	0	0	0	5	0	0
0	0	0	0	0	0	0	0	38	0	0	0	0	0	8	20	52	0	0	6	2	0	0	0
0	0	0	2	0	0	36	18	0	0	0	12	0	126	6	2	18	0	0	0	0	0	0	0
0	0	10	0	0	0	0	0	0	0	0	0	0	0	0	0	0	0	0	0	0	0	0	0
0	4	0	0	0	0	0	0	0	0	0	0	0	0	0	0	2	0	0	0	0	0	0	0
0	0	0	0	69	1179	0	0	20	190	4	0	0	4	0	2	2	128	8	0	8	0	0	0
29	121	0	0	0	0	31	137	60	0	0	41	162	0	14	0	64	0	121	4	16	317	0	0
9	7	0	0	179	0	2	22	20	0	2	2	14	0	0	0	2	0	12	25	10	118	0	0
17	26	0	0	1	0	0	0	6	0	6	6	14	639	2	0	4	0	2	0	4	0	0	0
0	0	0	0	0	0	0	0	0	6	0	0	0	0	0	0	0	4	0	0	0	0	0	0
0	0	0	0	0	0	0	0	0	0	740	0	2	0	0	6	0	0	8	0	0	20	0	2
0	0	0	0	0	0	0	0	2	0	8	0	0	0	0	0	0	0	0	0	0	0	0	0
0	2	0	0	0	0	5	0	4	0	0	0	0	0	14	0	0	0	2	0	0	0	0	50
0	0	0	0	0	0	0	0	0	0	0	12	0	0	0	0	0	0	12	40	0	0	0	2
0	0	0	55	0	0	0	0	0	0	0	0	0	0	0	0	0	0	0	0	0	0	0	0
0	0	0	0	0	0	0	0	0	0	0	0	0	0	0	0	0	0	0	0	0	0	0	40
1	0	0	0	0	0	0	0	6	0	0	0	0	0	0	0	2	0	0	0	0	4	0	0
0	0	0	0	0	0	0	0	6	0	0	0	0	0	6	4	6	0	0	0	0	0	0	0
0	0	0	0	0	0	0	0	14	0	0	0	12	0	0	6	34	0	0	0	0	0	0	0
0	0	0	0	0	0	0	6	0	0	0	0	0	0	0	0	0	0	6	0	0	0	0	0
0	7	4	0	1	0	0	0	0	0	0	0	0	0	0	0	0	2	0	0	0	0	0	0
3	2	0	0	3	0	0	0	0	0	0	0	0	0	2	0	0	0	0	0	0	4	0	0
0	0	0	0	0	0	0	20	0	0	0	0	0	0	0	0	0	0	0	0	0	0	0	0
0	0	34	0	0	0	0	0	0	0	0	0	0	0	0	0	0	0	0	0	0	0	0	0
0	0	0	0	0	0	0	0	0	0	0	0	0	0	39	0	0	0	14	0	0	0	0	6
0	7	0	0	0	0	0	0	0	0	2	0	0	0	0	0	0	0	0	0	0	0	0	2
0	0	0	0	0	0	0	0	0	0	0	0	2	0	0	4	0	0	0	0	0	0	0	32
0	0	0	0	0	7	0	0	4	42	0	0	0	0	0	0	0	22	0	0	4	0	0	0
0	0	0	0	0	0	0	0	0	0	0	0	0	0	0	0	0	42	0	0	0	0	0	0
0	2	0	0	0	0	0	0	0	0	0	0	0	0	0	0	0	0	0	0	8	4	0	2
0	8	0	0	0	0	3	4	8	0	0	4	8	0	0	0	4	0	14	0	0	1	0	0
0	0	0	0	0	0	0	0	0	0	0	0	0	0	0	0	2	0	0	0	0	0	0	0
0	0	0	0	0	0	0	2	0	0	0	0	0	0	0	0	0	0	0	0	0	0	0	0
0	0	0	0	0	0	0	0	0	0	2	0	0	1	0	0	0	0	0	2	0	0	0	0
0	0	0	0	0	0	0	2	0	0	0	0	0	0	0	0	2	0	0	0	0	0	0	2
0	0	0	0	0	0	0	0	0	0	0	4	0	0	2	0	0	0	0	7	0	1	0	0
0	0	0	0	0	0	0	2	2	0	0	4	0	0	0	0	0	0	0	3	0	0	0	0
0	0	0	0	0	0	0	0	0	0	0	0	0	11	0	0	0	0	0	0	0	0	0	0
0	0	0	0	1	6	0	0	0	0	0	0	0	0	0	0	0	0	0	0	0	0	0	0
0	2	4	0	0	0	0	0	0	0	0	0	0	0	2	0	0	0	2	0	0	0	0	0
0	0	0	0	0	0	2	0	0	0	0	2	0	0	0	0	0	0	0	0	8	0	0	0
0	0	0	0	0	0	0	0	2	0	0	0	0	0	0	0	0	0	0	0	0	0	0	0
0	2	0	0	0	0	0	2	0	0	0	0	0	0	0	0	2	0	4	0	0	0	0	0
0	0	0	0	0	0	0	0	0	0	0	0	0	0	0	2	0	12	0	0	0	0	0	0
0	2	0	0	0	0	0	2	0	0	0	2	0	0	0	0	0	0	2	0	3	0	0	0
0	0	2	0	0	0	0	0	0	2	0	0	0	0	4	0	0	0	0	0	2	0	0	0
0	0	0	0	0	0	0	2	0	0	2	0	8	0	0	0	0	0	6	0	0	0	0	2
0	0	0	0	0	0	0	6	0	0	0	10	0	0	0	0	0	0	0	0	0	0	0	0
0	0	0	0	0	0	0	0	0	0	0	0	14	0	0	0	0	0	0	0	0	0	0	0
0	0	0	0	0	0	0	0	2	0	0	0	0	0	2	0	4	0	0	0	0	0	0	0
0	0	0	0	0	0	0	0	0	0	0	0	2	0	0	0	0	0	0	0	0	0	0	0
0	0	0	0	0	0	0	0	0	12	0	0	0	0	0	0	0	0	0	0	0	0	0	0
0	2	0	0	0	0	2	0	2	0	0	0	0	0	4	0	0	0	0	0	0	0	0	8
0	0	0	2	0	0	0	0	0	0	0	0	0	0	0	0	0	0	0	0	0	1	0	0
0	0	0	0	0	0	0	0	0	0	0	0	0	0	6	0	0	0	4	0	0	0	0	2
0	4	0	0	0	0	0	2	2	0	0	7	0	0	2	0	0	0	6	0	8	0	0	0
0	2	0	0	0	0	0	2	4	0	0	0	0	0	2	0	2	0	0	0	0	2	0	0
0	0	0	9	0	0	0	0	2	0	0	0	4	0	0	2	0	0	0	0	0	0	0	0
0	0	0	0	0	0	0	0	2	0	0	0	0	0	0	2	12	0	0	0	0	0	0	0
0	0	0	0	0	0	0	2	10	0	0	0	0	0	0	0	2	0	2	0	0	0	0	0
0	0	0	0	0	0	15	0	0	0	0	4	0	38	0	0	0	0	0	0	0	0	0	0
0	0	0	0	0	0	0	2	12	0	0	0	6	0	0	0	8	0	0	2	0	0	0	0
0	0	0	37	0	0	0	0	0	0	0	0	0	0	0	0	0	0	0	0	0	0	0	0
0	0	0	0	0	0	0	12	0	0	0	0	0	0	20	0	0	0	0	0	0	0	0	2
0	0	0	83	0	0	0	0	0	0	0	0	0	0	0	0	0	0	0	0	0	0	0	0
1	0	0	0	5	0	0	0	0	0	0	0	0	0	0	0	0	0	0	0	0	0	0	0
0	0	0	3	7	0	0	0	0	0	0	0	0	0	0	0	0	0	0	0	0	0	0	0
0	0	0	0	0	10	0	0	0	2	0	0	0	0	0	0	0	0	0	0	0	0	0	0
0	20	0	0	0	0	7	0	0	0	0	4	0	0	0	26	0	0	2	0	0	0	0	0
0	0	22	0	0	0	0	0	0	0	0	0	0	0	0	0	0	0	0	0	0	0	0	0
2	0	0	0	3	0	0	0	4	0	0	0	0	0	2	0	6	0	2	2	0	1	0	0
0	0	0	0	0	0	0	0	0	0	0	0	2	19	0	0	0	0	0	0	0	0	0	0
0	0	0	0	0	0	0	2	6	0	0	8	0	0	0	0	4	0	4	0	13	0	0	0
0	0	0	0	0	0	0	0	0	0	0	2	4	0	0	0	0	0	6	0	0	0	0	0
0	0	0	0	0	0	0	0	0	0	0	0	0	0	0	0	0	2	0	0	0	0	8	0
0	0	0	0	0	0	0	0	0	0	0	0	0	0	0	0	6	0	0	0	0	0	0	0
0	0	0	0	0	0	0	0	0	0	14	0	0	0	0	0	0	0	0	0	0	0	0	0
0	0	0	0	0	0	0	0	0	0	0	0	20	0	0	0	0	0	0	0	0	0	0	0
0	0	0	0	0	0	0	0	0	32	0	0	0	0	0	0	0	0	0	0	0	0	0	0
0	0	0	0	4	0	0	0	0	0	0	0	0	0	0	0	0	0	0	0	0	0	0	0
0	0	0	0	0	0	0	0	0	0	0	0	0	0	0	0	0	0	0	0	0	2	0	0
0	0	14	0	0	0	2	0	0	0	0	0	0	0	0	0	0	2	0	0	0	0	0	0
0	0	0	0	0	0	0	0	0	0	0	0	0	5	0	0	0	0	0	0	0	0	0	0
0	4	0	0	0	0	0	0	0	0	0	0	0	0	0	0	0	0	0	0	0	0	0	0
1	0	0	0	0	0	0	0	2	0	0	0	0	0	2	0	0	0	0	0	0	1	0	0
0	0	0	0	1	0	0	2	0	0	0	0	0	0	0	0	0	0	0	0	0	0	0	0
0	0	0	0	0	0	0	0	0	0	0	0	0	0	0	0	0	0	0	0	10	0	0	0
0	0	0	0	0	0	0	2	2	0	0	4	0	0	0	0	0	0	4	0	0	0	0	0
0	0	0	0	0	0	0	0	0	0	0	0	2	0	0	0	0	0	0	0	0	0	0	0
0	0	0	0	0	0	4	0	0	0	0	0	0	0	0	0	0	0	2	0	0	0	0	0
0	0	0	0	0	0	0	0	0	0	0	0	0	0	2	0	0	0	0	0	0	0	0	14
0	0	0	0	0	0	0	0	4	0	0	2	0	0	0	0	0	0	0	4	0	0	0	0
0	0	0	0	0	0	0	0	0	0	0	0	0	0	2	0	0	0	0	0	0	0	0	10
1	0	0	0	3	0	0	2	0	0	2	0	0	0	0	0	0	0	0	0	0	0	0	0
0	5	0	0	0	0	0	0	0	0	0	2	2	0	0	0	0	0	0	0	0	1	0	0
0	0	0	0	0	0	0	0	0	0	0	0	0	0	8	0	2	0	0	0	0	0	0	0
0	0	0	0	0	0	0	0	0	0	0	0	0	0	12	0	0	0	0	0	0	0	0	0
0	0	0	0	1	8	0	0	0	0	0	0	0	0	0	0	0	0	0	0	0	0	0	0
0	0	0	0	0	0	0	0	2	0	24	0	0	0	0	0	0	0	0	0	0	0	0	0
0	0	0	0	0	0	0	0	2	0	0	0	2	0	2	2	8	0	0	0	0	0	0	0
0	0	0	0	0	1	0	0	0	14	0	0	0	0	0	0	0	10	0	0	0	0	2	0
0	0	12	0	0	0	0	0	0	0	0	0	0	0	0	0	0	0	0	0	0	0	0	0
0	0	0	0	0	0	0	0	0	0	0	0	6	0	0	36	0	0	0	0	0	0	0	0
0	0	0	0	0	0	0	0	0	0	0	0	0	0	0	0	0	0	0	0	0	0	28	0
0	0	0	2	0	0	0	0	0	0	0	2	0	0	2	0	0	0	4	0	2	0	0	0
0	0	8	0	0	0	0	0	2	0	0	0	0	0	0	2	0	0	0	0	0	0	0	0
0	0	0	0	0	0	0	0	0	0	0	0	0	0	0	0	0	0	0	0	0	0	16	0
0	31	0	0	0	0	0	0	0	0	0	0	2	114	0	0	0	0	0	0	0	0	0	2
0	0	0	0	0	0	0	0	0	2	0	0	0	0	0	0	0	0	0	0	0	0	0	0
0	0	0	0	0	0	0	0	6	0	0	0	0	0	0	2	0	0	0	0	0	0	0	0
0	0	0	0	0	0	0	0	2	0	84	0	0	0	0	0	0	0	2	0	0	0	0	0
0	0	0	0	0	3	1	0	0	0	2	0	0	0	0	12	0	66	2	0	0	0	2	0
1	0	0	0	2	0	0	2	6	0	0	0	0	0	0	2	0	0	0	0	0	7	0	0
1	5	0	0	0	0	0	0	0	0	0	4	0	13	0	6	0	0	8	2	0	0	0	0
0	11	0	0	0	0	0	35	0	0	0	36	4	0	8	0	0	0	42	0	4	0	0	0
3	0	0	2	0	0	19	8	8	0	4	24	0	6	6	0	0	0	4	22	1	0	0	0
1	0	0	0	0	0	0	0	0	0	0	0	2	6	0	0	0	0	0	0	0	0	0	0
0	0	0	0	0	0	0	0	0	0	0	0	0	0	0	0	0	0	0	0	0	0	0	2
4	0	0	2	0	0	19	8	4	0	0	11	2	0	2	0	0	0	0	10	0	0	0	0
0	0	0	0	2	39	1	0	0	22	0	0	0	0	0	0	0	6	0	0	0	0	0	0
0	0	0	2	0	0	0	0	0	0	0	0	4	0	0	2	2	0	0	0	0	0	0	0
4	0	0	0	0	0	0	2	0	0	0	0	0	0	0	0	0	0	0	0	0	0	0	0
0	0	0	0	0	0	0	0	2	0	0	0	0	0	0	0	8	0	0	0	0	0	0	0
0	0	0	0	0	0	0	0	0	0	0	0	0	0	0	0	0	0	0	0	0	0	12	0
0	0	0	0	0	0	0	0	0	0	0	4	0	0	0	0	0	0	0	0	0	0	0	6
0	0	0	0	0	0	0	0	2	0	0	2	0	0	0	0	4	0	2	0	2	0	0	0
0	0	0	0	0	0	7	0	0	0	0	4	0	24	4	0	8	0	0	0	0	0	0	0
0	0	0	0	0	0	0	0	0	0	0	0	0	0	0	0	0	0	0	0	0	0	16	0
0	0	0	8	0	0	0	4	0	0	0	2	2	0	0	0	0	0	0	2	0	0	0	0
1	0	0	0	1	0	0	0	0	0	0	0	0	0	0	0	0	0	0	0	0	0	0	0
1	0	0	17	0	0	0	0	0	0	0	0	0	0	0	0	0	0	0	0	2	0	0	0
0	0	0	0	0	0	0	0	0	0	0	0	0	0	0	0	0	0	0	0	0	0	8	0
0	11	0	0	0	0	0	2	0	0	0	0	0	2	0	0	0	0	0	0	0	0	0	0
0	0	0	0	0	0	0	0	0	0	0	0	0	0	0	0	0	0	0	0	2	0	0	0
0	0	0	0	0	0	0	2	4	0	0	2	0	0	0	0	0	0	2	0	0	0	0	0
0	0	13	0	0	0	0	0	0	0	0	0	0	0	0	0	0	8	0	0	0	0	0	0
0	0	0	0	0	0	0	0	0	0	0	0	0	0	0	0	0	0	0	0	0	0	12	0
0	0	0	0	0	0	0	0	4	0	0	0	0	0	0	0	2	0	0	0	0	0	0	0
0	0	0	0	0	0	0	0	0	0	0	0	0	0	0	0	0	0	0	0	0	0	20	0
0	0	0	0	0	0	2	0	0	0	0	0	0	0	0	0	0	0	0	0	0	0	0	0
0	0	0	0	0	0	0	0	0	0	2	0	0	0	2	0	0	0	0	0	0	0	0	2
0	0	0	0	0	0	6	2	0	0	0	0	0	0	2	0	0	0	0	0	0	0	0	0
0	0	0	0	0	0	0	0	0	0	0	0	0	0	0	0	18	0	0	0	0	0	0	0
0	2	0	0	0	0	0	2	0	0	0	0	2	0	0	0	2	0	4	0	0	0	0	0
0	0	0	0	0	0	0	2	0	0	0	0	0	0	0	0	0	0	0	0	0	0	0	0
0	0	0	0	1	0	0	4	0	0	0	2	0	0	0	0	0	0	2	0	6	0	0	0
2	0	0	0	0	0	0	0	0	0	0	6	0	0	0	0	0	0	0	11	0	0	0	0
0	0	0	0	0	0	0	4	4	0	0	0	2	0	0	0	2	0	4	0	7	2	0	0
0	0	0	0	0	0	1	0	0	0	0	2	0	0	14	0	0	0	2	0	0	0	0	10
0	0	0	0	0	0	0	0	0	0	0	2	0	0	0	0	0	0	0	0	0	0	0	0
0	3	0	0	0	0	1	8	2	0	0	0	10	0	0	0	0	0	2	0	0	0	0	0
0	0	0	0	0	0	0	0	4	0	0	0	0	0	0	2	6	0	0	0	0	0	0	0
0	0	31	0	0	0	0	0	0	0	0	0	0	0	0	0	0	0	2	0	0	0	0	0
0	4	0	0	0	0	0	0	0	14	0	0	0	0	0	0	0	0	2	0	4	0	0	0
0	10	0	0	0	0	3	2	4	0	0	0	6	0	1	0	0	0	6	2	0	1	0	0
1	0	0	0	0	0	0	0	0	0	0	2	2	6	0	0	0	0	2	0	0	0	0	0
0	7	0	14	0	0	0	0	0	0	0	0	0	0	0	0	0	0	0	2	0	0	0	0
0	0	0	0	0	0	0	0	0	0	0	0	4	0	0	8	0	0	0	0	0	0	0	0
0	0	10	0	0	0	0	0	0	0	0	0	0	0	0	0	0	0	0	0	0	0	0	0
0	0	0	0	0	0	0	0	2	0	0	0	4	0	2	2	6	0	0	0	2	0	0	0
0	0	0	0	0	0	0	0	0	0	0	0	2	0	0	2	2	0	0	0	2	0	0	0
0	0	0	0	0	0	3	2	2	0	0	0	0	0	0	0	0	0	2	4	0	0	0	0
0	1	0	0	0	0	0	0	0	4	0	0	0	2	0	0	0	0	0	0	0	0	0	0
0	6	6	0	0	0	0	0	0	6	0	0	0	0	0	2	0	2	0	0	0	0	0	0
0	0	0	0	0	0	0	0	0	0	0	2	0	0	0	0	0	0	4	0	1	1	0	0
0	0	0	13	0	0	0	0	0	0	0	0	0	0	0	0	0	0	0	4	0	0	0	0
0	0	0	0	0	0	0	0	0	2	0	0	0	0	0	0	0	0	0	0	0	0	20	0
0	0	0	0	0	0	0	0	0	0	0	4	4	0	0	0	0	0	2	4	0	0	0	0
0	0	0	0	0	0	0	0	0	0	0	0	0	10	0	0	0	0	0	0	0	0	0	0
0	48	0	0	5	0	0	0	0	0	0	0	4	169	0	4	0	0	0	0	0	0	0	2
0	0	0	4	0	0	0	0	2	0	4	0	0	0	0	0	0	0	0	0	0	0	0	0
0	0	22	0	0	0	0	0	0	0	0	0	0	0	0	2	0	16	0	0	0	0	0	0
0	0	0	0	0	0	0	0	0	0	0	0	0	0	0	0	0	0	0	0	0	1	0	0
0	0	6	0	0	0	0	0	4	108	2	0	0	4	0	0	2	42	2	0	0	0	10	0
0	0	42	0	0	1	0	0	0	10	0	0	0	0	0	0	0	8	0	0	0	0	6	0
1	12	0	0	0	0	9	22	6	0	0	2	20	0	2	0	8	0	16	0	0	9	0	0
0	2	0	0	0	0	0	0	0	0	0	2	2	0	0	0	2	0	6	0	2	2	0	0
0	0	0	0	0	0	0	0	0	0	0	8	0	0	0	0	0	0	0	56	0	0	0	2
0	0	0	0	0	0	0	0	0	0	0	0	0	0	0	0	0	0	0	0	0	0	142	0
0	0	0	56	0	0	0	0	0	0	0	0	0	0	0	0	0	0	0	0	0	0	0	0
0	0	0	0	0	0	3	0	10	0	0	0	0	0	26	0	0	0	0	0	0	0	0	62
0	0	0	0	13	0	0	0	0	0	0	0	0	0	0	0	0	0	0	0	0	0	0	0
0	0	2	0	0	0	0	0	2	22	0	0	0	0	0	0	0	20	0	0	0	0	0	0
0	0	0	0	0	0	0	0	0	0	0	0	0	0	0	2	0	8	0	0	0	0	0	0
0	0	0	0	0	0	0	0	0	0	0	0	10	0	0	8	0	0	0	0	0	0	0	0
0	0	0	0	0	0	0	0	0	0	0	0	0	0	0	0	0	0	0	0	0	0	10	0
0	0	0	0	0	0	0	0	0	0	0	0	0	0	8	0	0	0	0	0	0	0	0	6
0	0	0	0	0	0	0	0	2	0	0	0	20	0	0	0	0	0	0	0	0	0	0	0
0	0	4	0	0	0	0	0	0	0	0	0	0	28	0	0	0	0	0	0	0	0	0	0
0	13	0	0	0	0	0	0	6	0	0	2	0	0	0	0	2	0	4	0	0	0	0	0
1	0	0	0	1	0	0	10	12	0	0	14	6	0	2	4	8	0	18	0	5	7	0	0
0	0	0	0	0	0	0	0	0	0	0	2	0	0	0	0	0	0	2	7	0	0	0	0
1	2	0	0	0	0	0	4	0	0	0	2	0	0	0	0	0	0	4	0	2	0	0	0
0	36	0	2	1	0	0	38	236	0	2	105	18	126	20	76	46	0	108	26	67	1	0	2
0	0	0	0	0	0	0	0	0	0	0	0	0	0	6	0	0	0	0	0	0	0	0	0
0	0	0	0	0	0	0	0	0	14	0	0	0	0	0	0	0	0	0	0	0	0	0	0
0	0	0	0	0	0	0	0	0	0	0	0	12	0	0	40	0	0	0	0	0	0	0	2
0	0	6	0	0	0	0	0	0	2	0	0	0	2	0	0	0	0	0	0	0	0	0	0
0	0	0	0	0	0	0	0	2	0	0	0	0	0	4	0	0	0	0	0	0	0	0	4
0	0	0	0	0	0	0	0	0	0	0	0	0	0	0	0	0	0	0	0	0	3	0	0
0	0	0	0	0	0	0	0	0	4	0	0	0	2	0	0	0	4	0	0	0	0	0	0
0	0	0	0	0	0	34	4	0	0	0	10	0	95	4	2	20	0	0	0	0	0	0	0
0	0	0	0	0	0	0	0	0	0	0	2	0	0	0	0	0	0	0	0	0	1	0	2
0	0	0	0	0	0	0	0	0	0	0	0	0	0	54	0	4	0	0	11	0	0	0	0
1	6	0	0	0	0	1	0	0	0	2	0	0	0	0	0	0	0	0	0	2	0	0	0
0	0	0	0	0	0	0	2	0	0	6	0	12	0	0	0	4	0	16	0	0	0	0	0
0	0	0	0	0	0	0	4	0	0	0	4	0	0	2	0	0	0	8	0	2	0	0	0
0	0	0	0	0	0	0	0	0	0	0	10	0	0	0	4	0	0	2	0	0	0	0	0
0	14	0	34	0	0	0	0	0	0	2	0	2	0	0	0	0	0	0	9	0	0	0	0
0	0	0	0	0	0	0	6	2	0	0	0	0	0	0	0	0	0	6	0	6	0	0	0
0	0	0	0	0	0	3	4	0	0	0	0	0	7	0	0	2	0	0	0	0	0	0	0
24	0	0	0	0	0	0	0	0	0	0	0	0	0	0	0	0	0	0	0	0	0	0	0
0	0	0	0	0	0	0	0	0	8	0	0	0	0	0	0	0	4	0	0	0	0	0	0
0	0	0	0	0	0	0	0	0	0	0	0	8	0	0	24	0	0	0	0	0	0	0	2
0	0	0	8	0	0	0	0	0	0	0	0	0	0	0	0	0	0	0	2	0	0	0	0
0	5	6	0	0	0	0	0	0	2	0	0	0	0	0	0	0	0	0	0	0	0	0	0
0	0	0	0	0	0	2	0	4	0	0	0	2	0	10	0	0	0	0	0	0	0	0	18
0	0	0	0	0	0	0	0	0	0	0	2	0	0	0	0	0	0	2	0	0	0	0	0
0	0	0	0	0	0	0	0	8	0	0	2	0	0	0	0	2	0	0	0	0	0	0	0
0	0	0	0	0	0	0	2	0	0	0	6	2	0	2	0	0	0	2	0	0	0	0	0
0	0	6	2	0	0	0	0	0	8	0	0	0	0	0	0	0	0	0	0	0	0	0	0
0	0	0	0	0	0	0	0	0	0	0	0	0	0	0	0	2	0	0	0	0	0	0	0
0	0	0	0	0	0	0	0	0	0	0	0	0	0	0	0	0	0	0	4	0	0	0	0
2	0	0	0	0	0	0	0	0	0	0	0	0	0	0	0	0	0	0	0	0	0	0	0
0	6	0	0	0	0	0	0	0	0	0	0	4	0	0	0	0	0	0	0	0	0	0	0
0	0	0	8	0	0	1	0	6	0	0	0	0	0	0	0	0	0	0	6	3	0	0	0
0	0	0	0	0	0	0	0	0	6	0	0	0	0	0	0	0	0	0	0	0	0	0	0
0	4	0	0	0	0	0	2	0	0	0	2	0	0	0	0	0	0	0	0	0	0	0	0
0	0	0	0	0	0	0	2	0	0	0	0	0	0	15	0	0	0	0	0	0	0	0	4
0	1	0	0	0	0	0	2	0	0	0	2	2	0	0	0	0	0	14	0	2	0	0	0
0	0	0	10	0	0	0	0	0	0	0	0	0	0	0	0	0	0	0	0	0	0	0	0
1	0	0	0	0	0	0	0	0	0	0	2	0	0	0	0	0	0	0	0	0	0	0	0
0	10	0	0	0	0	0	0	0	0	0	0	0	42	0	0	0	0	0	0	0	0	0	0
0	0	0	0	0	0	7	2	0	0	0	0	0	0	0	0	2	0	0	0	0	0	0	0
0	0	0	2	0	0	2	4	0	0	0	0	0	0	0	0	0	0	2	2	0	0	0	0
0	0	0	0	0	0	0	0	0	0	0	2	0	0	2	0	2	0	4	0	0	0	0	0
0	0	0	0	0	0	0	0	0	4	0	0	0	0	0	0	0	4	0	0	0	0	0	0
0	0	0	0	6	0	0	0	110	0	0	2	10	0	17	38	60	0	0	15	2	24	0	0
0	0	0	0	0	0	0	53	148	0	0	13	6	0	10	2	62	0	34	0	77	0	0	0
5	0	0	0	14	0	0	0	0	0	0	0	0	0	0	0	0	0	0	0	2	0	0	0
3	0	0	0	6	0	0	10	0	0	0	0	0	0	2	0	0	0	12	2	6	0	0	0
0	16	0	0	0	0	96	0	124	0	0	0	0	0	311	0	0	0	10	0	0	0	0	652
15	0	0	0	0	0	0	2	0	0	0	0	0	0	1	0	2	0	0	0	0	21	0	0
63	0	0	2	5	0	0	2	6	0	0	4	0	0	0	0	0	0	2	8	0	5	0	0
0	0	10	2	0	0	0	0	0	30	0	0	0	0	0	0	0	0	0	0	0	0	0	0
0	0	0	0	0	0	0	0	0	16	0	0	0	0	0	0	0	6	0	0	0	0	0	0
0	0	0	0	0	0	0	0	0	0	0	0	2	0	0	0	10	0	0	0	0	0	0	0
31	0	0	0	0	0	0	0	0	0	0	0	0	0	0	0	0	0	0	0	0	0	0	0
0	0	30	0	0	0	0	0	0	0	0	0	0	0	0	0	0	0	0	0	0	0	0	0
0	0	0	0	0	0	0	8	0	0	4	0	2	0	0	0	0	0	0	0	0	0	0	0
0	11	0	0	0	0	2	0	0	0	0	0	0	0	0	0	0	0	2	0	0	0	0	0
0	0	0	0	0	0	0	0	4	0	0	0	0	0	0	4	16	0	0	2	0	0	0	0
0	0	0	0	0	0	0	0	0	0	0	0	0	0	0	0	0	0	0	0	0	0	44	0
0	0	0	0	0	0	0	8	0	0	0	0	0	0	2	0	0	0	0	0	0	0	0	0
0	0	0	0	0	0	0	4	0	0	0	0	2	0	0	0	2	0	2	0	0	0	0	0
0	0	0	26	0	0	0	0	0	0	0	0	0	0	0	0	0	0	0	0	0	0	0	0
0	0	0	0	0	0	0	0	0	0	0	0	2	0	0	0	0	0	0	0	0	4	0	0
0	0	0	0	0	0	0	0	0	2	0	0	0	0	0	0	0	0	0	0	0	0	0	0
0	0	0	0	0	0	0	2	0	0	0	2	0	0	0	0	0	0	10	0	0	0	0	0
0	0	0	0	0	0	2	6	4	0	0	2	0	0	0	0	0	0	8	0	0	2	0	0
0	0	0	0	0	0	0	0	0	8	0	0	0	0	0	0	0	2	0	0	0	0	0	0
0	0	0	0	0	0	2	0	0	0	2	0	0	0	2	0	0	0	0	0	0	0	0	6
0	0	6	0	0	0	0	0	0	0	0	0	0	0	0	0	0	0	0	0	0	0	0	0
0	0	0	2	0	0	0	0	0	0	0	0	0	0	2	0	0	0	0	0	0	2	0	0
3	0	0	0	0	0	0	0	0	0	0	0	0	0	0	0	0	0	0	0	0	0	0	0
0	0	0	0	0	0	0	0	0	0	0	0	0	0	14	0	0	0	4	0	0	0	0	10
0	0	0	0	0	0	0	0	0	0	22	0	0	0	0	0	0	0	0	0	0	0	0	0
0	0	0	10	0	0	0	0	0	0	0	0	0	0	0	0	0	0	0	0	0	0	0	0
0	0	0	0	0	0	0	0	4	0	0	0	4	0	0	0	4	0	0	0	0	0	0	0
0	0	0	0	1	0	1	0	0	0	0	0	0	0	0	0	0	0	0	0	0	4	0	0
2	0	0	0	0	0	0	0	4	0	0	2	0	0	0	0	0	0	2	3	0	0	0	0
0	0	0	0	0	0	0	0	0	0	0	0	0	0	2	0	0	0	0	0	0	0	0	10
0	0	0	0	0	0	0	0	4	0	0	0	16	0	0	0	0	0	0	0	0	0	0	0
0	0	0	0	0	0	0	2	0	0	0	0	2	0	0	0	2	0	2	0	2	0	0	0
0	0	0	18	0	0	0	0	0	0	0	0	0	0	0	0	0	0	0	0	0	0	0	0
0	0	0	6	0	0	0	2	0	0	2	0	0	4	0	0	0	0	0	6	0	0	0	0
0	0	0	0	0	0	0	0	0	0	0	0	2	0	0	24	0	0	0	0	0	0	0	0
1	0	0	0	5	0	0	0	8	0	0	0	4	0	2	2	12	0	0	0	0	7	0	0
0	0	0	0	0	0	0	0	0	0	0	0	0	0	57	0	0	0	18	0	0	0	0	20
0	0	0	0	0	0	0	0	2	0	0	0	0	0	0	2	12	0	0	2	0	3	0	0
0	0	0	0	0	0	0	0	0	0	30	0	0	0	0	0	0	0	0	0	0	0	0	0
0	1	45	0	0	0	1	0	0	4	0	0	2	0	2	2	0	0	4	0	1	0	0	0
3	0	0	0	0	0	0	0	0	0	0	0	0	0	0	0	0	0	0	0	0	0	0	0
0	0	0	0	0	0	0	5	18	0	0	0	2	0	0	0	10	0	4	0	3	0	0	0
0	0	0	0	0	0	0	0	0	0	0	0	0	0	0	0	4	0	0	0	0	0	0	0
0	0	0	2	0	0	0	0	0	0	2	0	0	0	0	0	0	0	0	0	0	0	0	0
0	1	0	0	0	0	0	0	0	0	0	0	0	0	16	0	0	0	0	0	0	0	0	0
0	0	0	0	0	0	0	0	0	0	10	0	0	0	0	0	0	0	0	0	0	0	0	0
0	0	8	2	0	0	0	0	0	0	0	0	2	0	2	0	0	0	0	0	2	0	0	0
0	0	0	0	0	0	0	0	0	0	2	0	0	0	0	2	0	0	0	0	0	0	24	0
0	0	0	0	0	0	0	0	4	0	0	0	0	0	0	0	0	0	0	0	0	0	0	0
0	0	0	0	0	0	0	0	0	0	0	0	0	0	0	0	0	0	0	0	0	0	0	22
0	2	0	0	0	0	0	0	0	0	0	0	0	2	0	2	0	0	2	2	0	0	0	0
0	0	0	0	2	0	0	0	0	0	0	0	0	0	0	0	0	0	0	0	0	1	0	0
0	0	0	0	0	0	0	0	0	30	0	0	0	0	0	0	0	2	0	0	0	0	0	0
0	0	0	0	0	0	0	0	0	6	0	0	0	0	0	0	0	0	0	0	0	0	0	0
0	0	0	0	0	0	2	2	0	0	0	2	0	0	2	0	0	0	6	0	0	0	0	0
0	0	0	2	0	0	3	0	0	0	0	0	0	0	2	0	0	0	0	0	2	0	0	0
0	0	0	0	0	0	0	0	0	0	0	8	0	0	0	0	0	0	2	0	2	0	0	0
1	0	0	0	1	0	0	2	0	0	0	0	0	0	0	0	4	0	0	0	0	0	0	4
0	0	0	0	0	0	0	4	0	0	0	0	0	0	4	0	0	0	0	2	0	1	0	6
0	0	0	0	0	0	0	0	0	0	0	0	0	0	0	0	4	0	0	0	2	1	0	0
0	0	2	0	0	8	0	0	0	0	0	0	0	0	0	0	0	6	0	0	0	0	0	0
0	0	0	0	0	1	0	0	0	4	0	0	0	0	0	0	0	4	0	0	0	0	0	0
0	0	0	10	0	0	0	0	0	0	0	0	0	0	0	0	0	0	0	0	0	0	0	0
0	0	0	0	0	0	0	2	0	0	0	4	2	0	0	0	0	0	4	0	0	0	0	0
0	0	0	0	0	0	0	0	8	0	0	0	0	0	0	0	0	0	0	0	0	0	0	6
0	0	0	0	0	0	0	0	2	0	0	0	0	0	0	0	4	0	0	0	0	0	0	0
0	1	0	0	0	0	0	4	2	0	0	0	0	0	0	0	0	0	2	0	0	1	0	0
0	0	0	0	0	0	0	4	0	0	0	0	0	0	0	0	0	0	0	2	0	0	0	2
0	0	0	10	0	0	0	0	0	0	0	0	0	0	0	0	0	0	0	0	0	0	0	0
0	0	0	0	0	0	0	0	0	0	0	6	0	0	0	0	0	0	6	0	2	0	0	0
0	0	0	0	0	0	0	0	2	0	0	0	0	0	6	0	0	0	0	0	0	0	0	4
0	0	0	0	0	0	0	2	0	0	0	0	0	0	0	0	0	0	0	0	0	0	0	8
0	0	0	5	0	0	0	0	0	0	0	0	24	0	0	0	2	0	0	0	0	0	0	2
0	2	0	0	5	0	0	0	0	0	0	2	2	0	0	0	4	0	0	0	0	0	0	2
1	3	0	0	0	0	0	6	2	0	0	4	0	0	2	0	2	0	2	0	0	0	0	0
0	0	0	0	0	0	25	0	0	0	0	0	0	43	6	0	26	0	0	0	0	0	0	0
4	0	0	0	3	0	0	8	0	0	0	2	0	0	0	0	10	0	2	0	0	0	0	0
0	0	0	0	0	0	0	0	6	46	0	0	0	2	0	0	0	28	2	0	2	0	0	0
1	0	0	23	1	0	0	1	0	0	0	0	0	0	0	0	0	0	2	10	1	1	0	0
0	22	0	0	0	0	8	24	12	0	0	4	22	0	0	0	12	0	6	0	4	4	0	0
0	0	0	0	0	0	7	0	0	0	0	0	0	0	0	0	0	0	0	0	0	0	0	0
6	0	0	26	0	0	0	0	0	0	0	8	0	0	0	0	0	0	4	7	2	0	0	0
0	0	0	0	0	0	0	0	0	0	0	0	0	0	0	0	0	0	0	0	0	0	30	0
1	0	0	2	0	0	0	0	0	0	0	0	0	0	0	0	0	0	0	0	0	0	0	0
0	0	0	0	0	0	19	0	0	0	12	0	0	0	0	0	0	0	0	0	0	0	0	0
0	0	0	0	0	0	2	2	4	0	0	4	0	0	0	0	0	0	2	4	0	0	0	0
0	0	0	0	0	0	0	0	0	0	0	0	0	0	0	0	0	0	0	0	0	3	0	0
0	0	0	0	0	0	0	0	0	0	0	0	0	0	0	0	0	0	0	0	0	4	0	0
0	0	0	0	0	0	0	2	0	0	0	0	0	0	16	0	0	0	2	0	0	0	0	0
0	8	4	0	0	0	0	0	0	0	0	0	0	0	2	0	0	0	2	0	4	0	0	2
0	0	0	0	0	0	0	0	0	0	0	0	0	0	0	0	0	0	0	0	0	1	0	0
0	0	14	0	0	0	0	0	0	0	0	0	0	0	0	0	0	0	0	0	4	0	0	0
0	0	0	0	0	0	0	8	2	0	0	2	0	0	0	0	0	0	4	0	13	0	0	0
0	0	12	0	0	0	0	0	0	0	0	0	0	0	0	0	0	0	0	0	0	0	0	0
0	0	0	0	0	0	0	0	0	0	0	0	0	0	0	0	0	0	0	10	0	0	0	0
0	4	0	0	0	0	15	0	24	0	0	0	0	0	55	0	0	0	2	0	0	0	0	78
0	0	0	2	1	0	0	0	0	0	0	0	0	0	0	0	0	0	0	0	0	0	0	0
0	0	0	0	0	0	0	2	0	0	0	0	0	0	2	0	0	0	0	0	0	2	0	0
0	0	0	0	0	0	1	2	0	0	0	0	0	0	6	0	0	0	0	0	0	0	0	4
0	0	0	0	0	0	0	0	0	0	0	0	0	0	0	0	0	0	0	0	0	0	12	0
0	0	0	0	0	0	0	2	0	0	0	0	0	0	0	0	6	0	0	0	0	0	0	2
0	0	0	0	0	0	0	0	0	0	12	0	0	0	0	0	0	0	0	0	0	0	0	0
0	0	0	0	0	0	0	0	0	0	0	0	0	0	0	0	0	0	0	0	0	0	0	14
0	0	0	0	0	0	0	8	2	0	0	18	0	0	2	0	2	0	6	0	0	0	0	0
0	0	0	0	0	0	0	0	0	0	0	0	12	0	0	22	0	0	0	0	0	0	0	2
4	0	0	0	8	0	0	4	296	0	0	2	104	0	50	68	438	0	2	40	273	31	0	6
0	0	0	0	0	0	0	7	10	0	0	2	0	0	2	0	0	0	4	0	3	0	0	0
0	0	0	0	0	0	0	0	0	0	36	0	0	0	0	0	0	0	0	0	0	0	0	0
0	17	0	0	0	0	0	4	4	0	0	20	0	0	2	0	6	0	14	0	5	3	0	0
2	0	0	0	1	0	0	8	0	0	0	2	0	0	0	0	12	0	6	0	0	0	0	6
0	0	0	0	0	0	9	0	4	0	0	0	2	0	5	0	0	0	2	0	0	0	0	54
0	17	0	0	0	0	2	6	16	0	0	4	12	0	2	0	2	0	6	4	0	0	0	0
0	0	0	4	0	0	0	0	2	0	2	0	0	0	0	0	0	0	0	2	0	0	0	0
0	0	0	0	0	0	0	0	0	0	2	0	4	0	0	0	2	0	4	0	0	0	0	4
0	0	0	0	0	0	0	4	0	0	0	2	0	0	0	0	0	0	0	0	0	0	0	4
0	0	0	18	0	0	0	0	0	0	0	4	0	0	0	0	0	0	0	2	0	0	0	0
0	0	0	0	0	0	0	0	8	0	0	0	8	0	0	0	0	0	0	0	0	0	0	0
0	0	0	0	0	0	0	0	0	0	12	0	0	0	0	0	0	0	0	0	0	0	0	0
0	0	0	2	0	0	0	0	0	0	0	0	0	0	0	0	0	0	0	16	0	0	0	0
0	0	0	0	0	0	0	0	0	12	0	0	0	0	0	0	0	0	0	0	0	0	0	0
0	0	0	0	0	0	1	2	2	0	0	2	0	0	4	0	0	0	4	2	0	0	0	0
0	2	0	0	4	0	0	0	0	0	0	0	0	0	0	0	0	0	0	0	0	0	0	0
0	0	0	0	0	0	0	0	0	0	0	0	0	0	2	0	0	0	0	8	0	0	0	0
0	0	0	0	0	0	0	0	0	18	0	0	0	0	0	0	0	2	0	0	2	0	0	0
0	0	0	0	0	0	0	0	0	0	0	0	0	0	0	0	0	0	0	0	0	0	10	0
0	0	0	0	0	0	0	2	2	0	0	2	0	0	0	0	4	0	2	0	0	0	0	0
0	0	0	0	0	0	0	0	4	0	6	0	0	0	0	0	0	0	2	0	0	0	0	0
0	0	0	0	0	0	0	0	0	0	12	0	0	0	0	0	0	0	0	0	0	0	0	0
0	0	0	0	0	0	0	0	0	0	0	0	22	0	0	0	0	0	0	0	0	0	0	0
0	0	0	13	0	0	1	0	2	0	0	0	0	0	0	0	0	0	0	5	4	0	0	0
0	0	0	0	0	0	2	2	0	0	0	0	0	6	0	0	4	0	0	0	0	0	0	0
0	0	0	0	0	0	0	0	0	0	10	0	0	0	0	0	0	0	0	0	0	0	0	0
0	0	0	0	0	2	0	0	0	12	0	0	0	0	0	0	0	12	0	0	0	0	0	0
0	0	0	2	0	0	0	4	0	0	0	6	2	0	0	0	0	0	2	0	2	0	0	0
0	8	4	0	0	0	0	0	2	0	0	0	0	2	2	0	0	0	2	0	2	0	0	0
0	0	0	0	0	0	0	0	0	0	0	0	4	0	0	0	0	0	0	0	6	0	0	0
0	0	0	0	0	0	0	2	0	0	0	4	0	0	0	0	0	0	2	0	0	1	0	0
0	0	0	0	0	0	0	0	0	0	0	0	0	0	0	0	0	0	0	0	0	0	0	10
0	0	0	0	0	0	0	2	12	0	0	0	0	0	0	0	6	0	2	0	4	0	0	0
0	0	0	0	1	0	0	4	0	0	0	0	0	0	2	0	2	0	2	0	0	2	0	0
0	0	0	0	0	0	0	0	10	0	0	0	0	0	0	0	0	0	0	0	2	0	0	0
0	0	0	0	0	0	0	0	0	0	0	0	0	0	0	20	0	0	0	0	0	0	0	0
0	0	0	0	0	0	0	0	0	0	0	0	0	0	0	0	0	26	0	0	0	0	0	0
0	0	0	0	0	0	2	0	0	0	0	6	0	0	0	0	0	0	0	6	0	0	0	0
0	0	0	0	0	0	0	0	0	0	0	0	0	0	0	4	0	16	0	0	0	0	0	0
0	0	0	0	0	0	0	0	0	0	0	0	0	0	43	0	0	0	0	0	0	0	0	0
0	0	0	0	0	0	174	18	0	0	24	0	0	0	6	0	2	0	0	0	0	0	0	0
1	0	0	0	1	0	0	0	26	0	0	0	6	0	0	4	42	0	0	5	0	5	0	0
0	0	0	0	0	0	0	0	0	0	0	0	64	0	0	106	0	0	0	0	0	0	0	2
3	136	0	0	0	0	0	16	0	0	0	4	0	0	4	0	0	0	0	0	0	30	0	10
0	4	0	2	1	0	0	16	2	0	0	16	0	0	2	0	0	0	30	0	0	0	0	0
3	0	0	0	0	0	10	8	0	0	0	0	2	0	0	0	6	0	6	0	0	7	0	0
0	14	0	0	1	0	0	4	0	0	0	0	0	0	0	0	2	0	0	0	0	0	0	2
0	0	0	0	0	1	2	0	2	42	0	0	0	0	0	0	0	42	2	0	0	0	2	0
26	0	0	0	0	0	0	0	0	0	0	0	0	0	0	0	0	0	0	0	0	0	0	0
2	0	0	0	23	0	0	2	0	0	0	0	2	0	0	0	0	0	0	3	2	13	0	0
0	0	0	0	0	0	0	0	0	0	0	10	0	0	0	0	0	0	0	0	0	0	0	0
0	0	10	0	0	0	0	0	0	0	0	0	0	0	0	0	0	6	0	0	0	0	0	0
0	0	0	2	0	0	0	0	0	0	2	0	0	0	2	2	0	0	2	2	0	0	0	0
0	0	0	0	0	1	0	0	0	0	0	0	0	0	0	0	0	12	0	0	0	0	0	0
0	0	0	0	0	0	0	0	0	4	0	0	0	0	0	0	0	6	0	0	0	0	0	0
0	0	0	0	0	0	0	0	0	2	0	0	0	0	0	0	0	0	0	0	0	0	0	0
0	6	0	0	0	0	0	0	0	0	0	0	0	0	0	0	0	0	0	0	0	0	0	0
0	0	0	0	0	0	2	0	8	0	0	0	12	0	0	0	0	0	0	0	0	0	0	0
0	0	0	13	0	0	0	2	0	0	0	4	0	0	0	0	0	0	0	0	0	0	0	0
0	2	0	0	0	0	0	4	0	0	0	2	0	0	0	0	0	0	2	0	0	0	0	0
0	0	0	0	0	0	0	0	0	0	0	0	0	0	0	0	0	0	0	0	0	0	12	0
0	0	0	0	0	0	2	0	2	0	0	0	0	0	10	0	0	0	0	0	0	0	0	2
0	0	0	0	0	1	0	0	0	6	0	0	0	0	0	0	0	2	0	0	0	0	0	0
0	2	0	2	0	0	2	0	0	0	2	0	0	0	2	0	0	0	2	0	6	0	0	0
0	0	0	0	0	0	0	2	2	0	0	6	0	0	0	0	0	0	0	0	0	0	0	0
0	0	0	11	0	0	0	0	0	0	0	0	0	0	0	0	0	0	0	38	2	0	0	2
0	0	0	0	0	0	0	0	0	0	0	7	0	0	9	0	0	0	0	27	0	0	0	0
0	0	0	0	0	0	0	0	0	0	0	0	0	0	0	0	0	0	0	0	0	1	0	0
0	0	0	0	0	0	0	0	0	0	0	0	0	0	0	0	0	0	0	0	0	0	4	0
0	0	0	0	0	0	0	0	0	0	56	0	0	0	0	0	0	0	2	0	0	0	0	0
0	0	0	0	0	0	0	10	4	0	0	4	0	0	2	0	12	0	6	0	22	0	0	0
0	0	0	0	0	0	0	0	0	0	0	0	0	0	8	0	0	0	0	0	0	0	0	92
0	1	0	0	0	0	0	4	0	0	0	0	2	0	0	0	0	0	8	3	0	1	0	0
0	0	0	0	0	0	0	0	0	0	0	0	0	0	0	0	0	0	12	0	0	0	0	2
0	0	0	0	0	0	9	2	0	0	0	2	0	0	0	0	0	0	0	8	0	0	0	0
0	2	0	4	0	0	0	0	2	0	4	2	0	2	2	0	0	0	2	1	0	0	0	2
0	1	0	2	0	0	0	2	0	0	0	4	0	0	0	0	0	0	0	0	1	0	0	0
0	0	28	0	0	0	0	0	0	0	0	0	0	0	0	0	0	0	2	0	0	0	0	0
0	0	0	0	0	0	0	0	2	0	0	0	0	0	0	0	4	0	0	4	0	0	0	0
0	0	0	0	0	0	0	0	0	0	0	12	0	0	0	0	0	0	0	0	0	0	2	0
0	0	0	0	0	0	0	0	0	0	0	0	0	0	14	0	0	0	4	0	0	0	0	6
0	0	0	0	0	0	0	0	10	0	0	0	0	0	2	2	2	0	0	0	0	0	0	0
0	0	0	8	1	0	0	2	0	0	0	0	0	0	0	0	0	0	0	0	0	0	0	0
0	0	0	0	0	0	0	0	0	0	0	0	0	0	0	0	0	0	0	0	0	0	30	0
0	0	0	0	0	2	0	0	0	0	0	0	0	0	0	0	0	0	0	0	0	0	0	0
0	0	0	0	0	0	0	0	4	0	0	0	2	0	4	0	0	0	0	0	0	0	0	0
0	9	0	0	0	0	5	12	12	0	0	8	12	0	0	0	2	0	12	0	0	6	0	0
0	0	4	0	0	0	0	0	0	0	0	0	0	0	0	0	0	4	0	0	0	0	0	0
0	0	0	8	0	0	0	0	0	0	0	0	0	0	0	0	0	0	0	0	0	0	0	2
0	0	8	0	0	0	0	0	0	0	0	0	0	0	0	0	0	0	0	0	0	0	0	0
0	0	0	0	0	0	0	0	0	0	0	0	0	0	0	0	4	0	0	0	0	0	0	0
0	0	0	0	0	0	0	0	0	0	0	4	0	0	0	0	0	0	0	9	0	0	0	0
0	0	10	0	0	0	0	0	0	0	0	0	0	0	0	0	0	0	0	0	0	0	0	0
0	0	0	6	0	0	0	0	0	0	0	0	0	0	0	0	0	0	0	0	0	0	0	0
0	0	0	0	0	0	1	0	0	0	0	0	0	0	6	0	0	0	0	0	0	0	0	2
0	0	0	0	0	0	0	2	0	0	0	0	6	0	0	0	0	0	2	2	0	0	0	0
0	0	0	11	0	0	0	0	0	0	0	0	2	0	0	0	0	0	0	4	0	0	0	0
0	0	2	2	0	0	0	0	0	0	0	0	0	0	0	0	0	0	0	0	0	0	0	0
0	0	0	0	0	0	0	0	0	0	0	0	2	0	0	0	0	0	0	2	0	1	0	2
0	0	0	0	0	1	0	0	0	4	0	0	0	0	0	0	0	2	0	0	2	0	0	0
0	0	0	0	0	0	0	0	0	12	0	0	0	0	0	0	0	4	0	0	0	0	0	0
0	2	0	0	0	0	0	38	74	0	0	64	2	24	2	18	34	0	52	8	30	0	0	0
0	0	0	0	0	0	0	4	0	0	0	2	0	0	0	0	0	0	0	0	2	1	0	0
0	0	0	0	0	0	0	0	0	0	0	0	0	0	0	6	0	0	0	0	0	0	0	4
0	0	0	0	0	0	0	0	0	0	0	0	16	0	0	36	0	0	0	0	0	0	0	0
0	4	43	0	0	0	0	0	0	0	0	0	2	0	16	0	0	0	0	0	0	0	0	0
0	0	0	0	0	0	13	6	0	0	0	2	0	30	2	0	4	0	0	0	0	0	0	0
0	0	2	0	0	0	0	0	4	44	0	0	0	0	0	0	0	6	0	0	0	0	2	0
0	0	0	33	0	0	0	4	0	0	0	4	0	0	0	0	0	0	0	55	0	0	0	0
0	0	0	0	0	0	0	4	0	0	0	0	6	0	0	0	0	0	0	0	4	0	0	0
4	0	0	0	0	0	0	0	0	0	0	10	0	0	0	0	0	0	0	0	0	7	0	0
5	0	0	12	15	0	0	29	0	0	0	0	0	0	12	0	0	0	0	2	0	0	0	2
0	2	0	0	0	0	0	6	4	0	0	16	0	0	0	2	4	0	10	0	2	8	0	0
0	2	0	0	0	0	0	0	0	0	0	0	0	0	0	0	0	0	4	4	0	0	0	0
0	0	0	0	3	0	0	0	0	0	0	0	0	0	0	0	0	0	0	0	0	0	0	0
0	1	0	0	0	0	0	0	0	0	0	6	0	0	0	0	0	0	4	0	2	0	0	0
0	2	0	0	0	0	0	13	0	0	0	28	4	0	2	0	0	0	16	2	41	0	0	0
0	0	0	0	0	0	0	4	0	0	0	0	0	0	0	0	8	0	0	0	0	0	0	0
0	0	0	0	0	0	0	0	0	0	0	0	0	0	0	0	2	0	0	0	0	0	0	0
0	0	0	0	0	0	0	0	0	0	0	0	0	0	0	18	0	0	0	0	0	0	0	0
0	0	0	0	0	0	0	4	0	0	2	0	2	0	4	0	2	0	6	0	0	0	0	0
0	0	0	0	0	0	0	0	0	0	0	0	0	9	0	0	0	0	0	0	0	0	0	0
0	0	0	2	0	0	0	0	0	0	0	0	0	0	14	0	0	0	0	0	0	0	0	0
0	0	0	10	0	0	0	0	0	0	0	0	0	0	0	0	0	0	0	0	0	0	0	0
0	0	0	0	0	0	0	0	0	0	0	4	0	0	0	0	2	0	8	0	0	0	0	0
0	0	0	0	0	0	0	0	0	0	0	0	0	0	0	0	0	0	0	0	2	0	0	0
0	0	0	0	0	0	0	4	0	0	0	0	0	0	0	0	0	0	0	0	0	0	0	0
0	0	0	0	0	0	0	0	0	0	0	0	0	0	0	0	0	0	2	0	4	0	0	0
2	0	0	0	0	0	0	4	0	0	0	0	0	0	6	0	4	0	0	0	0	0	0	4
0	6	0	0	1	0	0	0	0	0	0	0	0	0	0	0	0	0	2	0	0	0	0	0
0	0	0	4	0	0	0	0	0	0	0	0	0	0	2	0	0	0	0	20	0	0	0	0
1	0	0	0	0	0	0	0	0	0	0	0	0	48	0	0	0	0	0	0	0	0	0	0
0	0	0	0	0	0	0	0	0	0	0	14	0	2	0	4	0	0	2	0	0	0	0	0
50	0	0	0	0	0	0	0	0	0	0	0	0	0	28	0	0	0	0	0	0	0	0	0
0	0	0	0	0	0	0	0	0	0	0	0	0	23	0	0	0	0	0	0	0	0	0	0
0	0	0	0	0	0	1	2	0	0	0	4	2	0	0	0	0	0	2	0	0	14	0	0
0	0	0	0	0	0	0	0	0	0	0	0	0	0	0	0	0	0	0	0	0	0	0	50
0	4	0	0	0	0	0	2	4	0	0	0	0	14	0	4	0	0	6	2	3	0	0	0
0	0	0	0	1	4	0	0	0	6	0	0	0	0	0	0	0	4	0	0	0	0	0	0
0	0	0	0	6	0	0	2	4	0	0	0	0	0	2	0	0	0	0	2	0	5	0	0
0	18	0	0	0	0	1	1	14	0	0	6	0	0	0	0	0	0	14	2	0	2	0	0
0	1	0	0	0	0	0	0	0	0	0	0	0	27	0	0	0	0	0	0	0	0	0	0
0	0	0	0	0	0	2	0	0	0	0	0	0	0	0	0	0	0	0	0	0	10	0	0
0	0	13	0	0	0	0	0	0	0	0	0	0	0	0	0	0	0	0	0	0	0	0	0
0	0	0	2	0	0	0	0	0	0	0	0	0	0	0	0	0	0	2	2	0	0	0	4
0	0	0	0	0	0	0	0	0	0	0	0	0	0	0	0	0	0	0	0	0	1	0	0
0	0	0	0	0	0	4	0	0	0	0	0	0	7	0	0	0	0	0	0	0	0	0	0
0	0	0	0	1	0	0	0	2	0	0	0	0	0	0	0	0	0	0	0	0	1	0	0
0	0	0	8	0	0	0	0	0	0	0	0	0	0	0	0	0	0	2	2	0	0	0	0
0	0	4	0	0	0	0	0	0	0	0	0	0	0	0	0	0	6	0	0	0	0	0	0
0	0	0	0	0	0	0	0	0	0	0	0	0	0	0	2	0	0	0	0	0	0	20	0
0	0	0	7	0	0	0	0	0	0	0	0	0	0	0	0	0	0	0	5	0	0	0	0
0	3	0	12	0	0	0	0	0	0	0	0	0	0	0	0	0	0	0	0	0	0	0	0
1	0	0	0	0	0	0	0	0	0	0	0	0	0	2	0	0	0	0	0	0	0	0	0
0	0	4	0	0	1	0	0	0	4	0	0	0	0	0	0	0	4	0	0	0	0	0	0
0	0	0	0	0	0	0	0	0	0	0	0	0	7	0	0	4	0	0	0	0	0	0	0
0	0	0	0	0	0	0	0	0	0	0	0	0	0	6	0	0	0	0	0	0	0	0	4
0	0	0	0	0	0	0	2	0	0	0	0	2	0	0	0	0	0	4	0	0	0	0	0
0	0	0	0	0	0	0	2	0	0	0	4	10	0	2	0	0	0	0	0	6	0	0	0
0	0	0	0	0	0	0	0	0	0	0	4	0	0	0	0	0	0	6	0	0	0	0	0
0	0	0	0	0	0	0	0	0	0	0	0	42	0	0	100	0	0	0	0	0	0	0	4
9	0	0	2	0	0	9	8	8	0	2	4	2	2	4	0	0	0	0	4	0	1	0	0
0	0	0	0	0	0	41	4	0	0	0	2	0	51	4	0	2	0	0	0	0	0	0	0
0	0	0	0	0	0	0	0	0	4	0	0	0	0	0	0	0	0	0	0	0	0	52	0
0	0	0	0	0	0	0	8	0	0	0	8	2	0	4	0	0	0	16	0	0	0	0	0
0	2	0	0	0	0	0	0	4	0	2	0	30	0	0	0	0	0	0	0	0	0	0	4
0	0	0	0	0	0	0	0	0	18	0	0	0	0	0	0	0	4	0	0	0	0	0	0
0	0	0	0	0	0	0	0	20	0	0	2	0	2	2	0	0	0	2	0	0	0	0	0
0	0	0	0	3	0	0	0	0	0	0	0	0	0	0	0	0	0	0	0	0	0	0	0
0	0	0	0	0	0	0	4	0	0	0	0	16	0	2	0	0	0	0	0	6	0	0	0
0	0	0	0	0	0	0	0	0	0	0	0	2	0	0	24	0	0	0	0	0	0	0	0
0	0	0	0	0	0	12	0	0	0	0	4	0	0	2	0	0	0	6	4	16	1	0	0
0	0	0	0	0	0	2	0	0	0	0	0	0	0	4	0	0	0	0	0	0	0	0	12
0	0	0	0	0	0	0	0	0	0	0	0	4	0	0	10	0	0	0	0	0	0	0	4
0	0	0	0	0	0	0	0	0	0	0	4	2	0	0	0	2	0	2	0	0	0	0	0
0	0	16	0	0	0	0	0	0	4	0	0	0	0	0	0	0	0	0	0	0	0	0	0
0	0	0	0	0	0	2	0	4	0	0	0	0	0	4	0	0	0	0	0	0	0	0	10
0	0	0	0	0	0	0	4	0	0	0	0	2	0	0	2	2	0	2	0	0	0	0	0
2	13	0	2	1	0	0	24	8	0	0	60	0	0	10	0	4	0	44	0	4	2	0	0
0	0	169	0	0	0	0	0	0	0	0	0	0	0	0	0	0	0	0	0	0	0	0	0
0	0	0	0	0	0	0	0	2	0	0	0	0	0	0	2	0	0	0	0	0	0	0	0
0	6	0	0	2	0	0	14	0	0	0	0	24	0	2	8	2	0	4	0	19	4	0	4
73	0	0	0	0	0	2	14	0	0	0	2	0	0	6	0	10	0	8	0	0	26	0	18
0	2	0	4	0	0	34	18	22	0	2	30	4	4	24	0	0	0	22	37	9	0	0	0
10	0	0	4	2	0	26	5	4	0	0	26	0	0	2	0	0	0	10	25	5	0	0	0
0	13	8	0	4	0	0	0	0	2	0	0	0	0	0	0	0	4	2	0	0	0	0	0
16	0	0	0	1	0	0	0	0	0	0	29	0	0	0	0	0	0	18	104	0	54	0	4
22	0	0	13	2	0	47	20	20	0	0	39	0	0	15	0	0	0	30	48	0	2	0	0
0	0	0	2	0	0	91	8	0	0	0	18	0	201	10	4	44	0	0	0	0	0	0	0
0	4	0	0	0	0	49	0	40	0	0	0	0	0	111	0	0	0	8	0	0	0	0	470
11	34	0	7	4	0	2	87	8	0	0	98	28	0	16	0	0	0	100	4	118	77	0	0
0	5	0	0	0	0	0	4	2	0	0	0	4	0	2	0	2	0	2	0	0	0	0	0
0	0	0	10	0	0	0	0	0	0	0	0	0	0	0	0	0	0	0	2	0	0	0	0
0	0	0	0	0	0	0	0	2	0	0	0	2	0	2	2	0	0	0	0	0	0	0	0
0	0	0	0	0	0	2	0	4	0	0	2	0	0	0	0	0	0	0	1	2	0	0	0
0	0	0	2	1	0	0	27	0	0	0	0	22	0	0	0	0	0	42	0	0	0	0	0
2	0	0	29	1	0	0	4	0	0	0	0	0	0	6	0	0	0	0	0	0	0	0	8
0	0	0	0	1	0	0	6	0	0	0	19	6	0	0	0	0	0	22	0	2	0	0	0
0	2	0	0	0	0	0	0	0	66	0	0	0	69	0	14	0	0	0	0	2	0	0	0
13	0	0	0	0	0	0	0	0	0	0	2	0	0	0	0	0	0	14	16	0	33	0	2
5	5	0	0	0	0	0	0	0	0	0	45	0	17	0	6	0	0	18	2	0	0	0	0
4	0	0	0	17	0	5	0	0	0	0	15	0	0	4	0	8	0	4	0	0	0	0	2
0	5	0	2	2	0	0	2	0	0	0	0	0	2	0	0	0	0	2	0	1	0	0	0
0	0	0	0	0	0	0	0	0	0	0	0	0	0	0	0	0	10	0	0	0	0	0	0
0	2	0	0	0	0	0	4	0	0	0	2	0	0	4	0	0	0	4	0	0	0	0	0
0	0	0	0	0	0	0	0	2	0	0	0	20	0	0	0	0	0	0	0	0	0	0	0
0	0	0	0	0	0	0	4	0	0	0	0	0	0	0	0	0	0	2	0	3	1	0	0
0	0	6	0	0	0	0	0	0	4	0	0	0	0	0	0	0	0	0	0	0	0	0	0
1	0	0	0	1	0	0	0	0	0	0	0	0	0	0	0	0	0	0	0	0	0	0	0
0	2	0	0	0	0	0	4	0	0	0	2	2	0	2	0	0	0	0	0	2	0	0	0
0	0	0	0	0	0	0	0	0	0	0	2	4	0	2	0	0	0	4	0	2	0	0	0
0	0	0	0	0	0	0	4	0	0	0	0	0	0	2	0	0	0	2	0	2	0	0	0
0	0	230	0	0	36	0	0	0	0	0	0	0	0	0	18	0	162	0	0	4	0	0	0
0	0	0	0	1	0	0	4	38	0	0	0	21	0	0	10	70	0	4	4	1	0	0	0
10	15	0	2	13	0	0	21	0	0	0	13	58	0	0	0	0	0	48	37	0	21	0	0
0	0	0	0	0	0	0	0	0	6	0	0	0	0	0	2	0	0	0	0	0	0	866	0
0	6	0	0	0	0	0	0	0	2	0	0	0	2	0	0	0	0	0	0	0	0	0	0
0	0	0	0	0	0	0	0	0	0	0	0	0	0	0	0	0	0	2	6	0	0	0	0
0	0	0	0	0	0	0	0	0	0	0	0	2	0	4	0	0	0	6	0	0	0	0	2
0	0	0	0	0	0	0	0	0	0	0	0	0	0	2	0	0	0	0	0	0	0	0	38
2	0	0	0	0	0	0	0	0	0	0	0	0	0	0	0	0	0	0	0	0	0	0	20
0	0	0	0	0	0	0	0	0	16	0	0	0	0	0	2	0	0	0	0	0	0	0	0
0	0	0	0	0	0	2	0	2	0	0	0	2	0	8	0	0	0	0	0	0	0	0	14
0	0	0	0	0	0	2	0	2	0	0	0	0	0	2	0	0	0	0	0	0	0	0	12
0	0	0	0	0	0	0	0	0	0	0	0	8	0	0	14	0	0	0	0	0	0	0	0
0	0	0	0	0	0	0	0	0	0	0	0	0	0	0	0	0	0	0	0	0	0	0	12
0	0	0	0	0	0	0	2	0	0	0	2	0	0	0	0	2	0	0	0	4	1	0	0
0	0	0	0	0	0	0	0	0	0	6	0	0	0	0	0	0	0	0	0	0	0	0	0
0	0	0	0	0	0	0	0	0	0	0	4	0	0	0	0	0	0	6	0	0	0	0	0
0	0	2	0	0	0	0	0	0	0	0	0	0	0	0	0	0	0	0	0	0	0	0	0
0	0	0	10	0	0	0	0	0	0	0	0	0	0	0	0	0	0	0	0	0	0	0	0
0	0	0	8	0	0	0	0	0	0	0	0	0	0	0	0	0	0	0	2	0	0	0	0
0	0	0	0	0	0	0	0	0	0	0	0	0	0	0	0	2	0	4	0	0	0	0	6
1	0	0	0	0	0	0	0	0	0	0	0	0	0	2	0	0	0	0	0	0	0	0	2
0	0	4	0	0	0	0	0	0	0	0	0	0	0	0	0	0	32	0	0	0	0	0	0
0	0	2	0	0	0	0	0	0	0	0	0	0	2	0	0	0	0	0	0	0	0	0	16
0	0	0	0	0	0	0	0	0	0	0	0	18	0	0	10	0	0	0	0	0	0	0	0
0	0	0	0	0	0	1	0	0	0	0	0	0	0	4	0	0	0	0	0	0	0	0	12
0	8	0	0	0	0	0	0	2	0	0	4	0	6	2	8	0	0	4	5	0	0	0	0
0	0	0	0	0	0	0	2	18	0	0	4	4	0	0	0	12	0	4	0	0	0	0	0
0	0	0	0	0	0	0	0	0	0	48	0	0	0	0	0	0	0	2	0	0	0	0	0
0	0	0	0	0	0	1	0	0	0	0	0	0	0	4	0	0	0	0	0	0	0	0	68
0	0	0	0	1	0	0	0	0	0	0	0	2	2	0	0	0	0	0	0	0	0	0	0
0	0	0	29	0	0	0	0	0	0	0	0	0	0	0	0	0	0	0	0	0	0	0	0
0	0	0	0	0	0	0	4	0	0	0	8	2	0	2	0	0	0	6	0	0	0	0	0
1	0	0	0	1	0	0	0	0	0	0	2	0	0	4	0	0	0	0	0	0	3	0	0
0	2	0	0	0	0	0	2	4	0	0	2	2	0	0	0	0	0	8	0	15	1	0	0
