FEzW4zC11	FEzW0zC7	FEzW4zF8	FEzW4zF5	FEzW2zC6	FEzW0zF11	FEzW2zF4	FEzW2zC8	FEzW4zC1	FEzW4zC6	FEzW2zF2	FEzW0zF7	FEzW2zC10	FEzW0zF5	FEzW6zC4	FEzW0zF6	FEzW4zF1	FEzW6zC3	FEzW6zF8	FEzW0zC9	FEzW4zC10	FEzW0zF1	FEzW2zF7	FEzW4zC2	FEzW4zF3	FEzW6zF5	FEzW2zF8	FEzW6zF2	FEzW6zC6	FEzW2zF6	FEzW0zF2	FEzW2zC2	FEzW6zF9	FEzW4zC3	FEzW0zF3	FEzW4zF9	FEzW6zF6	FEzW2zC9	FEzW6zC2	FEzW0zF9	FEzW2zC4	FEzW0zC2	FEzW4zC9	FEzW6zC10	FEzW0zC1	FEzW4zF4	FEzW6zF3	FEzW2zC3	FEzW4zF7	FEzW0zC6	FEzW6zF11	FEzW0zF4	FEzW2zF11	FEzW4zC4	FEzW0zC10	FEzW6zC7	FEzW6zF7	FEzW6zC5	FEzW6zF1	FEzW2zC5	FEzW0zC4	FEzW0zC5	FEzW6zC9	FEzW6zC1	FEzW2zF1	FEzW2zC11	FEzW2zF9	FEzW2zF5	FEzW2zF3	FEzW2zC1	FEzW2zC7	FEzW4zF2	FEzW4zC7	FEzW6zF4	FEzW4zC5	FEzW0zC8	FEzW4zC8	FEzW4zF6	FEzW0zC11	FEzW6zC11	FEzW6zC8
911	584	0	0	0	5	0	2	0	0	0	0	0	0	0	35	0	0	0	0	0	61	1166	0	0	0	0	0	0	0	0	0	0	6	1	0	1350	15	0	0	0	0	0	44	0	0	0	0	101	3	0	0	91	0	0	297	579	0	0	0	0	0	0	0	0	33	0	256	0	0	402	45	778	0	0	0	602	0	0	485	1442
430	80	0	0	0	14	2	0	0	0	0	7	0	0	36	0	0	0	0	178	3	0	400	0	0	0	0	68	0	0	0	0	0	0	0	0	89	4	0	0	0	0	38	28	0	0	0	0	1891	0	0	89	2	541	4	0	37	0	0	0	0	0	601	0	0	20	0	0	0	0	2	0	0	0	0	34	177	0	2	162	1107
296	436	266	284	132	141	176	91	354	192	408	59	139	241	96	48	162	39	234	313	66	176	74	287	195	335	413	272	115	169	158	202	57	8	281	250	278	68	219	201	153	69	193	142	318	143	382	79	261	34	140	186	54	75	198	198	146	20	138	76	473	41	110	427	182	182	77	184	349	284	146	283	289	137	375	330	217	283	127	8	433
269	856	613	223	438	82	1219	773	794	377	364	190	398	70	749	658	211	806	417	51	145	269	82	182	1061	1057	734	403	570	428	71	33	1352	1031	1270	960	511	444	149	592	484	57	613	272	54	1217	316	676	1008	265	39	921	414	692	917	474	480	1259	12	945	87	541	549	1083	54	314	659	126	1898	1028	908	44	1516	1271	1498	1054	22	360	128	437	1715
189	627	452	363	227	158	623	112	866	515	1335	45	200	904	112	91	675	662	705	638	295	840	546	271	190	604	689	1061	355	643	696	521	173	149	230	0	479	124	304	369	679	104	3	43	982	120	984	86	1063	83	868	286	194	89	78	254	343	371	553	225	195	28	173	535	1738	285	119	824	259	692	16	506	332	401	710	646	397	622	261	688	1396
188	315	34	64	78	34	47	18	76	101	61	19	42	118	22	30	75	67	46	193	46	64	139	55	38	96	82	91	35	45	36	78	76	147	47	71	92	10	56	61	71	11	84	27	76	27	80	25	238	7	82	72	11	38	80	50	83	42	51	27	75	28	84	50	111	26	17	72	100	56	106	31	193	37	93	121	132	49	43	263	348
163	33	17	4	0	0	72	44	16	0	47	26	86	0	0	83	0	0	24	3	8	46	0	0	0	0	4	0	0	6	16	0	46	0	0	0	0	0	0	8	0	0	82	28	3	58	0	0	0	0	108	44	0	0	131	147	0	92	0	31	0	182	79	0	206	0	0	0	0	0	58	0	189	15	0	427	0	0	0	137	0
155	6	114	207	121	200	116	109	246	38	136	204	6	61	265	38	399	11	538	26	66	121	0	98	2	0	433	0	614	272	146	164	429	16	194	181	216	187	98	76	247	533	16	96	392	236	7	30	11	577	193	161	321	69	47	100	0	222	435	45	344	0	3	340	844	454	45	386	0	255	23	0	59	223	284	21	35	21	78	31	69
150	179	45	91	15	31	77	26	23	54	94	27	59	101	39	25	51	29	51	75	62	49	37	17	46	112	80	69	54	69	26	40	96	77	53	136	141	22	11	61	32	33	70	46	33	47	66	57	102	8	99	65	12	45	62	94	55	47	44	19	36	21	65	41	112	38	34	112	65	31	23	28	154	57	112	64	72	63	16	70	249
125	329	41	112	208	15	164	29	71	144	67	27	40	170	18	13	30	8	37	66	15	49	86	7	160	63	38	7	47	51	19	8	7	92	21	57	152	20	5	88	15	6	90	35	28	39	130	20	224	6	117	88	4	11	43	59	37	12	45	10	48	29	88	118	69	33	47	135	225	46	161	3	135	51	9	119	121	54	50	99	136
102	64	4	0	0	5	13	5	18	4	15	0	25	2	12	0	0	122	14	36	26	0	37	6	118	28	0	220	7	14	3	5	3	44	15	18	66	7	6	18	3	0	33	14	0	3	100	0	110	2	26	11	4	71	4	31	74	3	0	5	9	0	29	19	22	23	2	0	272	0	45	55	93	10	12	31	23	23	3	42	224
86	7	43	0	0	0	25	7	2	22	2	7	2	0	0	6	0	0	56	37	0	4	16	77	10	0	7	0	29	34	24	12	0	10	0	4	30	80	4	0	0	35	36	13	18	3	29	21	8	7	8	15	7	0	16	0	36	5	1	15	9	5	0	5	0	10	8	3	4	5	56	34	74	7	9	2	28	24	7	0	111
86	156	24	38	46	22	28	9	36	50	46	12	26	61	25	18	32	48	24	106	28	28	83	32	15	58	37	45	19	24	18	32	37	88	27	36	45	11	36	33	57	17	48	10	28	15	35	16	131	10	56	40	5	24	33	29	58	27	37	14	47	15	41	37	63	18	10	36	37	32	67	23	124	12	80	77	92	24	26	123	204
79	158	237	383	478	21	77	166	51	546	688	6	31	275	152	20	142	0	146	103	92	318	29	202	401	335	24	177	466	65	493	556	362	3	229	429	418	231	499	4	201	42	259	74	224	139	419	530	813	142	198	21	218	183	11	502	53	248	72	163	267	30	484	823	560	237	113	356	161	68	354	124	293	143	805	75	166	247	11	357	728
77	17	2	0	144	4	0	0	5	8	30	11	2	0	16	4	17	0	0	0	0	0	51	8	96	0	0	2	8	4	3	2	31	0	0	17	92	3	0	23	0	16	2	0	0	4	43	3	20	0	2	8	11	88	0	21	0	17	43	6	7	12	0	3	18	0	36	29	77	6	56	0	149	7	160	3	0	6	2	14	35
59	7	11	4	0	4	5	1	1	4	14	2	1	7	11	0	7	6	8	17	3	9	12	11	25	29	3	24	7	1	7	4	35	20	2	26	23	2	28	11	8	5	11	13	3	5	35	2	61	0	10	8	0	68	7	13	25	12	15	3	1	0	13	11	14	5	0	12	12	4	19	6	50	7	19	18	19	7	4	43	142
52	6	22	0	0	0	0	0	0	0	0	0	1	0	3	0	0	0	14	2	2	0	3	3	0	0	0	0	0	15	1	11	20	2	0	3	47	1	0	1	24	0	0	1	0	0	0	0	40	1	1	0	1	20	0	8	38	11	8	0	3	0	8	44	0	0	0	0	0	5	6	0	12	0	22	0	7	21	4	13	78
48	8	0	4	22	0	0	0	3	42	0	0	0	0	5	0	0	83	0	2	2	0	3	18	22	73	0	35	13	2	0	2	2	0	0	0	35	0	14	2	25	0	2	0	0	0	1	0	37	0	0	2	0	17	2	44	24	7	0	2	0	2	0	0	0	3	0	0	97	2	22	22	174	0	0	4	24	4	0	102	69
48	53	0	0	0	13	10	4	12	0	0	4	11	0	7	15	14	25	0	45	12	15	0	13	7	0	9	0	0	14	8	16	0	31	0	23	20	6	15	3	23	6	13	5	11	3	24	8	33	0	10	17	0	11	0	0	18	8	13	8	13	7	14	17	23	5	0	0	0	15	13	0	33	12	29	0	19	14	5	43	61
42	39	10	24	0	29	0	0	0	0	0	8	0	35	1	2	13	0	0	72	0	0	0	0	0	24	20	0	0	0	36	0	0	16	0	4	62	4	0	104	8	25	6	3	0	24	0	0	11	0	0	0	0	2	0	0	30	41	25	0	27	0	5	10	19	0	1	0	2	9	20	0	0	35	0	8	53	54	15	2	51
41	82	12	39	7	81	8	41	49	143	21	28	3	157	20	42	10	8	0	45	5	102	0	2	13	0	35	94	9	8	23	17	22	45	21	5	94	9	24	62	47	50	1	0	15	22	6	12	11	30	24	58	9	7	18	116	29	11	10	10	10	31	0	20	76	48	5	28	0	117	10	11	13	20	9	87	6	15	15	74	71
41	0	10	9	0	100	0	6	7	0	34	29	26	40	0	64	0	0	18	57	5	6	0	0	0	3	30	0	0	29	0	0	0	0	0	1	23	21	0	9	0	15	13	0	24	0	0	0	0	21	20	0	34	0	55	0	0	53	0	0	5	135	23	0	0	24	4	0	0	0	50	0	86	3	0	11	0	7	129	35	0
39	0	10	12	0	16	0	0	42	82	0	0	9	30	9	5	3	0	23	0	0	0	27	0	0	0	25	67	66	49	8	5	0	19	16	8	11	0	0	9	5	38	0	0	14	5	33	7	6	9	3	22	16	25	21	18	12	0	0	0	0	13	3	8	58	6	2	46	30	32	13	41	24	0	21	0	13	8	2	15	17
35	37	4	13	4	10	19	10	8	20	15	8	21	29	7	4	10	8	10	21	12	13	5	4	13	24	22	18	9	10	5	11	19	11	14	30	44	3	3	13	4	5	17	15	2	15	13	13	20	4	18	14	2	8	18	12	10	14	11	8	12	2	12	5	23	12	10	26	12	7	8	3	12	6	18	17	15	14	2	19	50
34	0	20	23	0	12	0	0	27	28	10	2	2	6	9	0	22	0	6	29	5	13	0	13	0	0	37	14	52	6	5	0	81	0	24	6	36	8	0	5	0	2	0	10	7	0	0	2	12	2	0	7	12	2	19	6	17	3	16	0	5	7	9	16	41	27	0	14	3	3	10	15	64	13	39	13	7	8	15	11	48
33	87	3	0	0	3	0	9	1	0	0	6	5	1	5	0	0	0	5	12	0	4	19	0	3	0	3	5	0	10	4	0	3	0	0	10	35	2	0	21	0	3	4	3	2	1	9	0	47	0	15	11	0	0	13	18	8	3	0	0	0	3	11	0	0	3	9	0	0	0	41	0	35	0	2	23	25	9	11	13	31
32	0	12	17	0	20	0	0	27	107	0	0	3	18	7	6	3	0	24	0	0	0	25	0	10	0	29	81	58	36	7	0	0	25	30	17	6	0	0	10	5	34	0	0	17	6	50	12	7	22	7	8	10	17	22	29	16	2	0	0	0	22	0	6	64	5	0	25	24	22	19	25	42	0	19	0	13	7	9	11	17
31	0	9	7	10	0	6	6	3	3	20	0	0	5	0	0	0	4	13	7	0	0	0	0	3	21	15	0	4	20	9	0	13	0	2	20	3	0	5	0	2	0	17	5	0	0	5	0	0	0	25	11	3	3	0	0	2	0	0	0	0	0	13	6	0	4	5	9	13	0	0	3	16	3	0	7	0	30	0	8	2
30	0	0	0	0	0	0	0	0	0	0	0	0	0	0	0	0	0	17	0	0	1	66	0	0	0	0	0	0	0	0	0	0	0	0	0	36	0	0	0	0	0	0	1	1	0	0	0	21	0	0	0	2	0	0	51	29	0	0	0	0	0	0	0	10	0	0	0	0	0	29	32	32	0	0	0	0	0	0	39	37
29	0	8	0	0	21	7	0	0	0	0	0	0	11	0	0	5	0	13	31	0	0	0	14	6	0	14	0	0	0	3	12	0	6	3	0	0	23	0	27	0	14	6	0	43	42	30	0	0	4	0	6	0	0	0	0	0	45	0	46	3	3	0	0	0	0	0	13	0	0	0	0	0	14	51	0	0	0	6	0	8
27	0	1	14	0	0	13	4	0	34	0	0	24	6	0	4	24	0	5	17	0	8	0	33	9	12	0	0	24	3	4	17	0	26	14	0	0	0	17	0	5	2	0	3	16	0	0	2	4	6	20	2	0	0	0	0	2	47	37	18	5	5	0	0	49	0	0	8	3	15	0	0	0	3	32	28	0	0	0	27	5
27	4	21	11	43	0	0	15	0	0	0	0	0	0	2	0	0	16	31	4	0	0	4	50	18	21	17	16	25	5	0	0	31	0	0	11	26	0	35	0	0	0	0	3	0	0	32	0	0	0	12	12	9	18	10	19	0	0	0	0	0	0	4	0	38	17	7	16	93	7	2	24	3	21	32	51	25	16	0	1	42
27	0	0	0	0	0	0	0	0	0	0	0	0	0	0	0	0	0	0	0	0	0	6	0	0	0	0	0	0	0	0	0	7	0	0	13	39	0	0	2	0	0	0	2	0	0	0	0	4	0	3	0	0	0	0	2	0	0	0	0	0	0	6	0	0	0	0	0	0	0	0	0	41	0	0	2	5	11	0	3	11
27	9	17	4	3	67	5	9	0	33	14	14	58	35	2	24	3	0	17	60	10	17	15	24	62	29	9	4	47	9	32	36	11	5	22	1	22	9	7	62	3	46	0	15	32	9	4	8	3	50	13	43	5	7	22	4	8	17	0	12	21	27	3	0	30	21	14	20	43	46	3	0	27	20	38	56	0	9	135	20	29
26	0	0	0	0	0	0	0	0	0	0	0	0	0	0	0	0	0	0	0	0	0	0	0	0	0	0	0	0	0	0	0	0	0	0	0	4	0	0	0	0	0	0	0	0	0	0	1	0	0	0	0	0	0	4	0	0	6	0	3	0	0	0	0	0	0	0	0	0	2	16	12	0	0	0	0	0	0	0	0	0
25	40	38	79	66	1	20	16	2	117	126	2	6	92	14	8	13	0	48	23	29	85	0	32	63	45	1	51	109	8	110	118	94	6	36	72	62	62	108	8	42	16	38	3	30	35	93	87	137	32	29	2	51	42	3	86	10	60	22	43	71	19	83	172	62	27	24	70	13	7	65	34	68	51	130	20	18	38	8	80	154
25	23	12	21	14	0	8	3	0	0	9	0	2	3	7	2	0	5	19	5	11	10	2	0	10	46	15	0	0	25	0	0	0	0	0	0	45	11	0	0	8	0	11	2	0	7	15	0	22	0	9	30	0	14	14	0	14	5	0	0	3	0	17	0	0	6	3	11	10	0	3	0	0	6	22	20	3	4	0	0	16
25	10	0	6	4	4	7	3	43	2	3	5	0	0	8	0	6	0	0	7	0	4	0	14	9	24	0	0	11	2	0	3	0	3	0	21	0	0	13	11	27	6	6	0	22	9	30	3	7	0	0	2	4	3	2	0	10	20	0	15	0	5	0	0	0	7	0	0	3	2	0	4	15	2	23	5	4	11	5	6	39
24	0	15	0	0	0	0	2	0	0	7	0	0	8	0	25	7	2	0	8	0	2	2	13	0	36	3	0	2	7	9	4	2	2	3	2	0	2	2	4	15	2	17	0	11	4	0	7	2	0	0	2	0	0	0	0	0	15	0	0	0	5	0	0	0	0	2	22	0	5	0	0	0	3	2	0	0	4	0	0	0
23	0	0	52	0	2	0	4	14	3	2	0	0	0	0	0	2	4	0	0	0	0	0	0	0	17	14	0	0	0	0	0	0	4	0	0	4	0	0	0	0	0	0	0	7	2	0	2	0	0	0	0	6	0	0	9	0	1	0	5	0	0	0	28	9	0	0	15	0	16	0	8	10	7	9	0	3	0	0	6	17
23	22	0	2	0	0	0	6	0	0	0	8	0	7	3	3	5	0	4	0	0	1	0	0	3	0	6	0	0	9	1	0	5	4	0	0	23	2	0	60	3	2	5	0	3	0	0	0	5	0	0	4	0	0	0	0	14	11	0	0	11	0	5	7	15	0	0	2	0	0	13	0	0	0	0	2	29	0	4	0	31
23	13	2	39	6	90	30	31	11	195	69	38	27	71	28	86	119	7	25	102	8	155	0	181	39	162	6	0	24	22	159	288	55	20	37	10	11	25	63	20	183	109	56	4	61	56	31	194	0	135	18	24	3	59	3	42	0	10	47	47	30	98	10	32	82	41	22	58	8	50	1	13	3	53	136	34	6	21	14	19	3
22	34	4	10	3	0	15	2	9	5	26	2	0	20	109	0	5	70	6	0	6	7	15	56	0	143	2	102	7	5	2	42	45	13	6	28	41	1	130	13	75	4	0	8	2	3	7	4	33	0	11	4	0	147	4	53	30	29	7	11	4	3	23	6	4	0	2	24	9	3	9	53	25	6	16	6	22	16	7	32	49
21	86	11	24	1	2	31	8	40	23	56	2	0	29	163	6	14	156	7	0	10	5	25	136	10	397	3	253	17	3	0	102	42	28	8	61	42	17	321	21	173	2	2	9	1	2	5	9	80	0	5	4	0	285	13	7	102	46	12	17	3	3	29	15	7	6	4	30	6	4	1	139	15	10	21	8	23	28	3	44	50
21	26	5	0	4	56	12	11	0	25	2	19	53	16	1	23	4	0	15	43	7	17	13	0	49	41	10	5	51	8	27	39	0	6	23	0	13	10	0	42	0	39	0	10	53	5	0	6	3	68	19	31	13	0	4	0	5	0	0	11	0	44	7	0	26	22	9	21	39	31	5	0	26	0	22	47	14	11	146	23	25
21	29	8	21	5	11	44	8	9	32	18	3	11	29	13	9	10	93	28	9	27	10	9	5	14	69	16	18	12	20	15	27	20	49	22	30	15	5	19	9	20	6	12	2	13	9	43	8	28	0	23	20	2	4	19	26	12	55	11	25	9	9	20	14	31	8	7	20	25	13	13	18	23	11	16	14	16	26	5	142	61
20	18	3	3	4	0	7	0	10	13	9	0	0	9	56	3	2	27	3	2	17	10	29	31	2	121	2	83	1	6	0	33	85	8	3	54	27	1	122	2	49	0	0	19	4	2	4	1	24	0	6	6	0	63	5	45	29	20	7	11	3	2	66	7	6	2	5	16	7	2	3	59	26	2	12	1	57	11	0	95	112
20	2	0	0	0	0	0	0	0	3	0	0	0	0	0	0	0	0	0	0	0	0	3	0	0	0	0	0	0	0	0	9	0	4	0	0	0	0	3	21	0	11	0	0	6	0	0	0	1	1	0	0	3	0	2	0	0	0	15	0	0	0	0	14	16	0	0	0	0	0	0	0	0	0	0	2	0	0	0	23	0
19	0	0	0	0	0	0	0	0	0	0	0	0	0	0	0	0	0	0	0	0	0	0	0	0	0	0	0	0	0	0	0	0	0	0	0	0	0	0	4	0	0	0	0	0	0	0	0	0	2	0	0	0	0	0	0	0	0	0	0	0	0	0	8	0	0	0	0	0	0	0	0	0	0	0	0	0	0	0	10	0
19	0	0	0	0	2	0	0	0	0	0	0	0	0	0	0	0	0	0	2	0	0	0	0	0	0	0	0	0	3	0	0	0	0	2	0	111	0	0	0	0	0	0	0	0	0	0	0	0	0	0	0	3	0	0	0	0	0	0	0	0	0	59	0	0	3	0	0	0	0	0	0	0	0	0	5	0	11	3	68	0
19	8	0	32	18	13	0	19	5	25	2	5	0	5	0	5	16	8	3	4	0	13	15	43	52	39	3	0	0	13	4	5	0	3	2	0	25	3	17	15	7	20	2	0	2	2	32	0	10	0	0	0	5	45	15	18	10	14	7	3	4	10	9	31	117	15	0	9	86	6	12	20	19	22	13	0	12	10	3	37	6
17	0	0	0	1	4	0	2	0	8	6	0	0	0	0	3	2	0	0	0	0	0	0	0	2	5	3	0	0	7	0	0	0	0	0	0	8	0	2	2	0	0	5	0	0	0	4	0	3	0	0	0	4	2	0	0	10	3	0	2	0	3	4	2	3	5	0	5	0	3	0	2	7	2	8	0	0	4	0	7	9
17	0	2	2	0	0	0	0	7	0	0	0	0	0	0	0	10	0	0	0	0	0	0	0	0	5	5	0	0	0	0	0	4	0	0	0	16	0	0	0	0	0	0	0	0	0	0	0	0	0	0	0	0	0	0	0	0	0	2	0	0	0	0	0	3	0	0	2	5	0	0	0	0	0	0	0	0	0	0	12	0
15	0	0	0	0	0	49	17	57	54	192	26	24	156	42	52	139	2	0	15	15	173	0	0	0	65	19	32	11	189	154	29	68	38	34	66	0	0	38	0	150	104	0	14	10	4	0	103	6	42	0	93	5	10	43	171	64	0	113	0	94	115	0	0	194	4	7	56	4	127	2	50	24	0	0	501	3	3	50	0	4
14	0	0	0	27	0	0	0	0	2	2	0	2	5	0	2	6	3	0	5	0	0	0	2	3	0	3	0	3	0	9	0	1	3	3	2	9	0	4	6	0	9	6	0	2	0	4	0	0	2	5	0	0	0	0	0	0	0	0	2	0	2	0	2	11	0	0	8	4	5	0	0	0	0	0	0	0	3	3	5	14
14	0	0	0	0	3	0	0	0	4	5	0	0	2	0	0	0	0	3	0	0	0	0	0	4	0	0	0	5	0	0	0	2	0	0	5	6	0	0	7	0	0	0	0	0	0	3	0	0	0	0	4	2	0	0	0	0	0	0	0	0	4	2	0	0	0	0	0	4	0	0	0	13	0	7	20	0	0	3	8	0
14	4	3	15	6	0	0	4	17	29	5	0	0	9	0	8	21	0	9	0	0	17	0	13	10	28	14	6	21	9	8	7	16	2	4	8	13	12	9	18	0	2	8	0	5	5	8	2	0	0	6	0	4	0	0	11	8	22	16	8	0	5	0	12	15	0	2	7	6	14	4	13	21	9	25	0	0	5	0	4	17
14	0	0	3	0	3	0	0	0	0	0	0	0	7	0	0	0	0	4	0	2	0	0	0	0	3	0	0	0	2	0	0	10	0	2	0	2	0	0	6	0	0	2	0	3	0	0	0	15	5	2	3	4	5	5	0	5	0	0	0	3	0	11	0	0	0	0	3	0	0	21	5	11	0	0	4	0	0	3	8	3
13	0	4	0	6	9	0	6	0	0	2	0	4	2	0	0	0	0	22	0	11	4	0	0	11	18	6	0	3	4	5	3	2	2	5	2	14	3	6	4	4	5	4	9	6	2	28	0	0	0	8	0	0	3	23	12	0	3	0	0	2	2	0	2	0	5	5	0	24	0	2	0	15	2	0	5	0	0	7	0	5
12	0	0	56	89	0	99	0	0	694	0	0	0	0	0	0	517	95	0	0	47	0	0	445	0	26	0	0	151	287	0	66	0	542	0	628	20	0	1001	0	0	0	73	0	0	0	251	45	0	0	0	0	23	0	41	18	0	0	374	0	0	0	100	0	0	36	0	0	0	0	0	0	0	0	0	0	0	194	0	35	0
12	0	0	0	0	0	0	1	0	0	0	0	0	0	0	0	0	0	0	1	0	0	0	0	0	0	0	0	0	0	0	0	0	0	0	0	0	0	0	0	0	0	0	0	0	0	0	0	0	0	0	0	0	0	5	0	0	0	0	0	0	0	0	0	0	0	0	0	0	0	0	0	0	0	0	0	0	0	0	10	7
12	12	3	0	0	8	0	0	3	10	2	0	0	8	0	9	2	11	7	8	0	3	0	3	5	15	6	0	4	4	7	2	2	0	2	3	7	3	0	9	9	3	3	0	8	0	3	0	6	3	0	5	3	4	0	2	3	0	2	0	12	0	8	9	15	8	0	5	9	8	2	4	8	0	2	12	7	2	0	8	7
12	0	0	0	0	6	0	0	0	0	2	12	0	21	0	2	0	0	0	4	0	0	25	0	0	0	0	0	0	0	2	0	0	0	0	2	0	0	0	22	0	5	0	0	12	0	0	0	17	0	5	0	0	0	2	0	4	0	0	0	7	12	3	0	0	0	0	0	0	0	3	2	0	0	0	2	0	0	7	2	14
12	0	0	0	12	8	8	16	22	22	9	9	6	16	0	5	5	28	16	12	5	9	6	0	45	30	8	30	31	0	8	33	0	7	6	2	2	10	0	0	1	29	0	0	14	2	28	3	2	5	0	20	7	8	0	37	0	23	11	21	2	6	2	26	40	11	17	1	18	7	8	10	26	0	29	0	9	0	38	8	0
11	0	0	0	4	0	0	0	0	9	8	0	2	0	13	0	0	0	19	0	5	0	5	0	0	10	0	0	2	1	0	0	4	2	0	0	0	2	0	0	20	0	1	0	0	2	1	0	2	0	0	0	3	11	0	0	0	0	2	0	25	0	0	0	0	9	0	9	2	0	1	1	0	1	3	0	0	0	24	18	0
11	0	0	0	0	0	0	0	0	0	0	0	0	0	0	0	0	0	0	0	0	0	0	3	0	0	0	5	0	0	0	0	0	0	0	0	0	0	0	0	0	0	0	0	0	0	0	0	0	0	0	0	0	0	0	0	0	0	0	0	0	0	0	0	0	0	0	0	0	0	0	0	0	0	0	0	0	0	0	0	0
11	2	7	0	0	3	4	6	5	0	21	13	0	10	2	8	0	0	10	9	8	17	5	0	0	0	13	19	0	5	16	8	0	4	2	0	16	7	3	4	3	20	2	0	16	0	0	7	11	2	11	4	2	4	12	6	6	0	0	0	11	17	2	0	12	7	0	8	0	0	2	6	11	2	3	27	0	29	14	2	17
11	0	7	5	0	4	0	3	0	13	3	6	0	10	3	2	6	2	17	5	3	3	0	4	12	0	2	2	16	3	9	7	14	3	0	0	6	2	2	0	0	9	7	4	12	6	11	2	0	3	6	8	3	4	0	12	0	7	0	5	0	5	0	12	5	2	0	0	11	0	4	0	16	11	11	0	2	5	4	6	6
11	217	61	38	13	22	118	27	70	26	28	14	15	49	11	36	53	34	76	46	0	18	73	0	126	80	18	77	28	103	28	82	0	46	14	41	39	34	102	53	33	24	40	20	28	7	315	13	0	6	50	29	16	15	34	30	0	45	49	37	17	2	0	7	37	29	20	2	77	15	54	59	127	54	132	172	0	77	48	19	71
10	1	4	4	0	0	6	2	6	0	2	0	2	8	1	2	0	7	3	7	0	4	0	6	0	7	0	0	2	6	0	14	0	5	2	7	0	0	19	10	0	0	2	3	0	3	12	0	1	0	0	6	0	4	3	10	1	0	3	0	5	0	0	0	2	0	0	6	0	0	3	0	8	0	4	2	0	14	0	3	4
10	1	0	0	0	0	0	0	0	0	8	0	0	0	2	10	0	0	0	0	0	0	0	4	0	0	0	0	0	0	0	31	0	0	0	0	3	2	6	0	0	18	0	2	1	0	0	0	0	0	0	0	0	10	0	16	0	0	0	4	1	8	2	7	10	7	0	0	0	24	0	3	0	0	0	8	0	2	0	5	1
10	6	17	28	10	21	14	5	27	9	10	10	9	32	4	4	30	11	12	13	21	8	41	0	11	11	8	30	23	5	7	26	2	25	4	4	5	8	8	50	25	24	32	3	3	12	3	24	16	11	10	27	19	0	20	19	15	5	16	13	27	20	33	46	8	11	10	20	18	18	0	6	6	22	7	15	5	15	12	18	6
10	0	3	0	4	8	6	20	1	54	1	3	4	3	0	14	36	1	5	4	0	4	0	0	4	0	3	73	0	0	31	7	3	0	0	5	0	0	0	0	27	1	0	0	3	1	0	5	27	6	2	40	0	0	0	11	100	4	2	5	1	4	0	5	28	0	1	0	68	2	0	33	24	12	10	0	16	9	0	38	0
10	2	0	0	0	0	0	0	0	0	0	0	0	0	0	0	0	0	0	0	0	0	0	0	0	0	0	0	0	0	0	0	0	0	0	9	0	0	0	0	0	0	0	0	0	0	0	0	0	0	0	0	0	0	0	2	0	0	0	0	0	0	0	0	0	0	0	0	0	0	0	0	7	0	0	0	0	0	0	1	4
10	0	0	3	0	7	6	0	6	0	4	7	4	4	0	1	4	2	5	3	2	6	1	12	2	0	2	0	1	9	4	8	3	0	0	0	18	0	24	7	6	0	12	2	3	11	0	0	0	4	10	0	0	0	2	1	7	2	1	0	7	4	2	0	0	0	0	8	0	2	0	5	0	11	0	1	6	3	4	1	3
9	0	0	0	0	0	0	0	0	0	0	0	0	0	0	0	0	0	0	0	0	1	0	0	0	0	0	0	0	0	0	0	23	0	2	13	0	0	0	0	0	0	0	4	0	0	1	0	0	0	0	1	0	0	0	12	0	0	0	0	0	0	12	0	4	0	0	0	0	0	2	0	7	0	0	0	4	0	0	13	19
9	0	0	4	0	0	0	0	0	2	0	0	0	0	0	0	0	0	0	0	0	0	0	0	0	5	0	0	0	2	0	0	2	0	0	3	0	2	0	0	0	0	0	0	0	0	0	0	5	0	0	0	0	0	0	0	0	0	0	0	0	0	0	0	0	0	0	0	0	0	0	0	3	0	0	0	0	2	0	2	5
9	0	0	5	0	27	22	54	15	99	23	4	35	7	0	6	8	0	0	0	9	11	17	0	4	9	4	40	8	1	0	0	90	2	0	16	0	3	0	0	0	62	3	0	0	8	0	2	0	0	0	0	64	0	0	35	4	0	0	54	0	69	0	2	69	14	3	154	0	0	0	0	28	5	0	4	0	0	0	12	0
9	9	2	9	10	0	5	0	11	11	15	0	4	0	0	0	6	17	0	0	0	10	0	6	0	21	4	7	2	5	4	5	3	9	0	5	0	3	12	4	3	0	6	2	5	0	0	6	5	0	0	3	0	16	0	0	0	3	11	0	4	0	0	13	9	0	2	5	3	7	0	5	6	2	3	0	3	8	0	5	3
8	0	0	0	2	0	0	0	0	0	0	0	0	4	2	0	0	0	0	6	0	5	0	2	2	4	0	0	0	0	0	0	0	0	0	0	7	2	0	2	0	0	1	5	0	0	7	0	6	0	3	0	0	4	0	0	0	0	0	0	0	0	9	20	0	6	0	12	3	2	0	0	3	0	0	18	5	0	2	0	0
8	2	0	0	0	0	0	0	0	0	0	0	0	0	0	0	0	0	0	0	0	0	0	0	0	0	0	0	0	0	0	0	0	0	0	0	0	0	0	0	0	0	0	0	0	0	0	0	0	0	0	0	0	0	0	0	0	0	0	0	0	0	0	0	0	0	0	0	0	0	0	0	3	0	0	0	0	0	0	8	0
8	0	0	2	0	0	7	4	8	5	2	0	5	0	3	0	0	0	0	6	6	3	2	0	2	0	0	0	0	6	0	4	3	3	3	0	10	0	2	0	0	2	0	0	3	0	10	0	8	0	2	0	2	0	0	4	4	11	6	6	2	0	4	14	3	2	6	2	3	6	5	3	14	6	0	3	13	7	3	0	16
8	0	0	0	1	3	0	0	0	5	0	0	2	3	0	3	3	6	2	1	0	0	7	1	0	3	3	2	5	2	1	0	0	0	2	1	3	2	2	0	2	0	0	0	0	0	1	0	0	3	0	2	7	0	1	15	2	5	0	10	0	0	0	4	1	0	0	3	1	12	0	6	5	0	0	1	0	0	0	0	0
8	0	3	0	0	0	0	0	0	3	0	2	0	0	2	2	3	2	2	0	2	0	0	6	2	0	7	0	6	2	4	0	2	1	0	0	12	0	0	3	4	0	0	0	0	0	5	0	0	0	0	0	0	4	0	1	0	3	2	6	0	2	0	0	0	0	0	2	0	4	0	0	10	0	11	4	3	0	5	6	5
8	0	0	0	0	4	0	0	0	0	0	5	0	0	0	4	0	7	3	0	0	0	5	0	0	0	0	2	0	0	0	0	1	0	0	0	0	0	0	0	0	0	1	0	0	0	0	0	1	0	0	1	0	0	0	0	3	0	0	0	0	0	0	0	0	0	0	0	0	0	0	0	0	0	0	1	0	0	7	0	3
8	8	0	3	3	0	0	8	2	15	0	2	6	0	0	0	3	0	0	35	0	5	21	0	11	13	13	0	7	6	2	0	8	0	0	9	10	7	0	8	0	0	0	0	8	3	11	6	0	5	0	0	2	0	8	18	17	0	4	0	0	0	2	0	0	0	0	15	0	2	0	0	9	2	0	0	16	0	5	4	39
8	0	0	0	0	0	0	0	0	0	0	0	0	0	0	0	0	0	0	8	0	0	3	0	0	0	0	5	0	0	0	2	0	0	0	0	0	0	0	0	0	0	0	2	0	0	0	0	0	0	0	0	0	0	0	2	0	0	0	0	0	0	0	0	0	0	5	0	0	0	0	2	0	0	0	0	0	0	1	0	4
7	0	0	2	2	0	0	2	0	0	0	0	0	0	3	0	0	0	0	0	0	0	0	0	10	0	0	5	5	0	0	0	0	0	0	0	0	0	6	4	6	5	0	0	0	0	17	0	0	0	4	0	0	0	0	10	0	0	0	0	0	0	0	0	0	6	0	0	9	1	0	0	8	2	0	0	0	0	5	2	14
7	0	0	2	0	25	0	3	5	0	9	13	0	0	0	12	0	0	4	11	1	0	0	0	0	0	0	0	0	1	0	0	0	0	0	0	2	4	0	0	0	5	2	0	3	0	0	0	0	3	2	0	5	0	5	0	0	16	0	0	0	36	6	0	0	7	0	0	0	0	22	0	21	0	0	1	0	3	27	4	0
7	29	24	32	0	8	3	25	0	55	43	7	14	36	0	0	3	110	32	14	0	49	2	0	11	57	20	7	12	34	6	10	0	46	24	53	12	3	56	0	15	9	5	7	0	0	10	0	93	5	2	13	7	0	12	48	0	8	39	22	24	3	13	150	9	2	0	12	78	31	0	2	61	0	0	80	13	0	2	47	26
7	41	0	0	0	0	0	0	17	0	0	0	0	29	4	1	0	28	8	0	1	1	15	0	0	0	9	0	7	6	13	0	0	5	8	0	8	2	0	33	17	0	0	3	15	5	0	5	24	30	3	13	0	0	46	0	7	9	0	0	15	2	5	7	10	0	2	0	0	11	15	8	0	0	0	13	25	0	3	0	18
7	0	0	6	0	0	2	0	0	2	6	0	2	0	0	4	0	0	4	0	0	4	2	2	0	3	20	0	0	6	0	0	2	0	0	3	0	2	0	2	0	0	7	0	0	0	0	2	0	0	3	2	0	0	0	0	0	0	0	0	0	0	0	2	3	5	0	2	0	8	0	0	0	2	0	2	0	6	0	0	0
7	0	0	3	0	3	0	0	2	0	5	0	2	4	0	0	4	0	6	0	0	0	4	0	12	8	2	2	10	2	0	7	0	0	0	4	5	4	0	10	0	3	0	0	6	0	3	7	3	0	2	6	2	0	7	0	6	8	2	0	6	2	0	0	9	3	2	0	0	21	0	4	0	0	2	0	0	0	4	0	0
7	0	4	7	4	0	0	0	0	4	0	2	0	7	0	0	2	0	14	0	0	6	0	2	32	8	10	0	4	0	0	0	2	0	0	0	3	0	0	0	7	0	0	0	0	0	10	0	4	0	4	0	0	7	0	0	8	0	0	0	0	0	0	0	0	0	0	0	8	7	0	4	0	0	7	3	0	4	0	0	4
7	0	0	0	0	0	0	0	0	0	0	0	0	0	0	0	0	0	0	2	0	0	3	0	0	0	0	0	0	0	2	0	0	0	0	0	0	0	0	0	0	0	0	0	0	0	0	0	0	0	0	0	0	0	0	0	0	0	0	0	0	0	0	0	0	0	0	0	0	0	0	0	0	0	0	0	0	0	0	0	0
7	13	0	7	13	0	3	2	0	13	0	0	0	11	12	0	0	1	0	1	1	0	2	0	14	7	0	4	4	0	2	4	4	2	3	13	2	0	6	0	9	0	8	2	0	0	21	0	14	0	3	2	0	9	3	17	5	1	4	0	0	0	18	5	3	3	3	19	13	0	9	0	47	0	0	0	8	0	0	21	61
7	12	4	32	24	31	5	10	16	28	19	45	12	56	8	14	8	14	15	12	7	16	7	32	35	53	25	2	22	28	14	75	8	42	20	8	0	8	24	106	31	30	23	12	17	20	43	11	0	114	24	12	23	17	23	16	0	10	15	4	37	36	4	85	12	2	14	50	42	74	3	3	0	31	18	8	2	10	7	2	2
7	7	7	16	12	14	28	5	22	0	23	6	6	10	3	12	0	3	0	25	4	11	0	5	3	3	7	0	0	3	60	13	9	26	20	14	0	17	24	17	3	3	6	0	17	6	16	4	0	3	12	21	0	2	4	0	0	3	0	15	14	8	35	39	0	2	3	147	45	0	4	4	1	6	19	14	8	39	22	0	56
7	0	0	0	0	3	0	0	0	0	0	0	0	0	0	0	3	0	2	0	0	0	5	0	0	0	0	0	0	0	0	0	0	0	2	9	5	0	0	0	0	0	0	0	0	0	0	0	0	2	0	2	0	0	0	0	2	0	0	2	0	0	0	0	14	0	0	0	0	0	6	0	9	0	0	0	20	0	2	0	4
6	0	3	4	0	0	0	2	0	0	2	0	0	0	0	2	0	8	3	2	0	0	2	2	0	0	0	16	0	3	0	0	2	0	0	0	7	5	7	0	0	0	2	0	0	0	0	0	2	0	4	0	0	0	0	6	2	5	0	0	4	0	8	11	2	3	0	0	0	2	0	6	4	0	3	0	0	0	0	7	0
6	36	0	9	10	0	3	0	0	27	2	0	2	15	2	0	1	2	0	0	6	2	2	5	8	9	0	9	9	0	0	3	2	0	7	13	3	2	11	3	8	0	10	0	0	0	29	0	29	2	4	0	0	7	0	14	5	1	7	0	0	0	18	6	5	0	0	20	27	0	19	0	63	0	0	5	15	3	0	12	78
6	0	0	3	0	0	0	2	2	0	2	3	3	0	0	0	0	7	2	0	0	0	0	5	0	0	4	0	4	0	2	7	0	0	0	0	3	0	8	1	3	5	0	0	0	2	0	0	0	3	0	0	0	0	0	0	3	0	0	3	2	5	0	0	4	0	0	2	6	0	3	11	9	0	0	1	4	2	3	3	4
6	0	0	17	52	2	0	0	0	21	7	0	0	10	3	0	0	14	0	0	30	9	0	100	0	209	25	0	18	0	0	28	25	0	0	16	55	0	0	0	0	0	23	0	0	21	0	0	89	1	35	1	0	27	0	17	24	56	3	26	0	15	67	57	0	10	0	43	16	45	15	0	53	34	16	0	20	0	0	37	28
6	0	0	8	0	0	0	5	0	19	4	0	0	0	0	0	11	0	15	0	0	4	8	0	0	0	0	7	0	7	3	0	0	3	0	2	17	0	2	0	0	2	0	0	0	0	0	6	12	4	0	0	0	0	0	3	2	4	7	2	0	0	0	0	24	0	2	0	0	0	0	0	14	4	2	0	2	2	0	0	7
6	0	0	0	3	0	0	2	0	0	0	0	0	0	0	0	0	0	0	0	2	0	0	0	0	3	0	3	0	0	0	0	0	0	0	0	5	0	0	0	2	0	2	0	0	0	0	0	0	0	0	0	0	0	0	3	1	0	0	0	0	0	2	2	0	0	0	0	0	2	2	0	2	0	2	0	0	0	0	0	2
6	0	5	0	0	0	6	0	3	0	0	0	5	0	0	4	0	0	11	0	2	0	0	0	8	0	4	0	0	13	0	0	0	0	0	4	6	0	0	0	0	0	0	0	0	0	21	0	4	0	0	0	0	0	2	0	2	0	0	0	0	0	0	14	0	4	3	0	5	15	0	0	0	0	0	0	0	4	4	0	0
5	0	6	18	10	8	3	2	0	32	2	5	0	2	2	4	3	11	4	4	0	9	28	2	0	24	0	3	13	2	0	12	0	4	3	2	26	0	0	9	7	6	4	0	0	4	0	2	6	6	2	2	8	5	6	8	7	6	2	0	0	5	9	18	14	0	2	24	6	3	8	6	9	3	10	0	6	2	7	2	21
5	32	2	33	15	19	0	7	7	9	6	3	11	22	8	12	39	58	0	8	22	42	14	87	20	11	1	8	36	24	27	77	22	30	12	7	10	15	19	41	22	11	11	11	42	2	31	11	13	18	19	7	18	31	0	10	24	10	12	7	23	20	12	12	9	5	9	21	56	25	37	30	22	11	22	4	24	17	25	3	49
5	0	0	0	5	3	0	5	0	2	0	0	0	0	0	0	0	0	0	0	0	0	0	0	0	0	0	0	0	1	0	0	0	0	0	0	0	0	0	3	0	0	1	0	0	7	3	0	0	0	0	0	0	0	0	0	0	0	0	0	0	0	0	12	0	2	0	0	0	0	0	0	0	0	0	9	0	0	6	0	0
5	0	0	0	0	0	0	0	0	0	0	0	0	0	0	0	0	0	0	0	0	0	2	0	0	0	0	0	0	0	0	0	0	0	0	0	0	0	0	0	0	0	0	0	0	0	0	0	0	0	0	0	0	0	0	0	1	0	0	0	0	0	0	0	0	0	0	0	0	0	0	0	0	0	0	0	2	0	0	1	0
5	2	2	30	0	9	0	10	13	0	8	2	0	44	0	2	0	5	3	10	0	47	0	11	0	0	38	0	0	0	26	0	0	0	15	4	5	0	3	77	28	12	0	0	20	0	0	0	0	40	0	13	0	0	0	0	2	3	4	2	26	20	7	7	0	18	16	39	0	49	0	0	6	0	17	25	4	0	0	2	0
5	0	0	7	0	6	7	0	0	7	4	7	0	0	0	0	3	0	2	3	3	2	0	3	0	2	2	0	0	12	5	0	10	0	0	10	0	2	20	2	0	0	3	3	7	0	0	0	10	4	3	2	3	0	2	5	5	2	2	0	6	0	2	27	0	8	0	0	0	0	5	0	4	0	9	2	3	7	7	14	4
5	0	0	0	0	4	3	0	0	5	0	2	0	2	0	3	0	0	0	3	0	0	0	0	0	0	0	0	2	2	4	2	2	0	3	0	0	4	2	0	4	0	5	0	6	2	2	0	0	2	0	2	0	0	0	0	0	2	0	0	0	2	0	0	0	3	0	5	0	4	0	0	2	0	0	0	0	0	4	0	0
5	0	0	3	2	0	0	3	2	8	0	0	0	0	0	0	0	9	0	0	0	0	5	4	3	0	0	4	5	0	0	10	0	5	0	0	0	0	4	0	0	3	2	0	3	0	0	0	4	4	0	0	0	3	2	0	6	0	0	2	0	3	0	3	0	0	0	3	27	7	1	0	0	0	0	0	3	0	0	0	2
5	0	0	0	0	0	0	0	0	0	0	0	0	0	0	0	0	0	0	0	0	0	0	0	0	0	0	0	0	0	0	0	0	0	4	0	0	0	0	0	0	0	0	0	0	0	0	0	0	0	0	0	0	0	3	0	0	0	0	0	0	0	0	0	0	0	0	0	0	0	0	0	0	0	0	0	0	0	2	0	0
4	2	2	0	2	0	0	2	0	0	2	0	0	0	0	2	3	0	0	0	0	2	3	3	2	0	0	2	0	0	4	0	6	5	3	3	8	3	6	10	0	0	0	0	4	0	0	0	8	2	0	0	3	0	0	3	0	4	2	2	2	0	0	2	0	0	0	0	6	4	4	0	8	8	2	3	2	2	0	5	4
4	69	15	26	2	29	12	17	11	4	69	8	7	26	0	10	24	0	9	14	5	11	0	38	39	53	16	27	30	16	9	21	6	0	9	3	11	17	49	19	0	10	17	6	6	23	29	29	0	5	18	12	8	0	9	4	0	17	10	15	0	11	4	0	11	22	31	50	5	19	5	7	23	38	2	32	4	4	10	1	0
4	0	0	2	3	7	0	1	1	2	0	0	0	0	0	0	2	0	0	8	0	0	3	1	0	0	0	1	0	2	0	1	0	0	0	2	0	0	2	6	7	2	0	0	2	0	2	0	2	3	0	3	3	0	0	0	1	5	0	0	0	0	13	4	0	6	0	0	3	0	0	0	3	1	0	0	0	2	7	0	0
4	0	0	0	0	0	0	0	0	0	0	0	0	0	0	0	0	0	0	0	0	0	0	0	0	0	0	0	0	0	0	0	0	0	0	0	0	0	0	0	0	0	3	0	0	0	0	0	0	0	0	0	0	0	0	0	0	0	0	0	0	0	0	0	0	2	0	0	5	0	0	0	0	0	0	0	0	0	0	5	0
4	0	0	3	2	0	0	0	5	0	2	0	0	4	0	5	0	0	2	11	0	4	4	3	0	2	7	7	0	0	3	0	2	0	0	3	0	0	0	1	4	3	3	0	2	0	3	0	2	2	1	0	2	1	0	0	0	0	0	0	1	7	0	6	6	3	1	3	0	9	0	0	0	0	2	0	0	0	0	0	4
4	0	0	0	0	0	0	0	0	0	0	0	0	0	0	0	0	0	0	0	0	0	0	0	0	0	0	0	0	0	0	0	0	0	0	0	0	0	0	0	0	0	0	0	0	0	0	0	0	0	0	0	0	0	0	0	0	0	0	0	0	0	0	0	0	0	0	0	0	0	0	0	0	0	0	0	0	0	0	4	0
4	0	0	0	0	2	11	3	15	11	70	5	16	31	11	21	25	0	0	2	5	68	0	0	0	26	2	15	9	65	40	9	23	8	13	12	0	0	8	0	66	39	0	2	6	0	0	38	2	13	0	22	5	2	14	45	17	0	31	0	40	34	0	0	49	0	3	18	2	35	0	24	3	0	0	185	2	0	10	0	2
4	0	0	0	0	0	0	0	0	2	0	0	0	0	0	0	2	0	0	0	0	0	0	0	0	2	0	0	0	0	0	0	0	0	0	3	0	0	2	0	0	4	0	0	0	0	0	0	0	0	0	0	0	0	0	11	0	0	0	0	4	0	0	0	0	0	0	0	0	0	0	0	0	0	0	0	0	0	0	0	0
4	8	8	3	0	0	11	0	2	0	3	0	0	0	2	0	5	6	2	3	2	0	0	2	2	6	7	2	0	3	6	0	0	4	0	5	4	0	7	3	4	0	3	0	0	5	5	0	10	0	14	2	0	3	0	5	5	0	0	5	0	4	2	4	0	0	0	4	2	0	0	3	10	10	5	2	4	2	3	5	20
4	0	0	0	0	0	1	0	0	0	0	0	0	11	0	0	0	0	10	29	13	3	0	0	0	0	0	0	0	4	10	0	0	2	3	2	0	8	0	4	0	11	15	3	8	18	0	0	0	0	6	0	20	0	7	2	0	0	6	0	0	0	4	1	0	0	0	0	0	0	0	0	0	0	2	0	0	11	10	2	0
4	0	0	0	0	0	0	0	0	0	0	8	0	0	0	0	0	0	0	0	0	0	2	0	0	31	0	0	0	0	0	0	0	0	3	0	2	0	3	0	0	0	0	0	0	0	0	0	9	0	0	4	0	0	0	0	5	0	0	0	0	0	6	5	0	0	0	0	2	0	0	0	0	0	5	0	0	7	0	0	3
4	11	0	10	12	0	10	4	2	15	23	0	0	3	2	4	8	12	0	4	0	6	4	2	2	26	3	8	8	3	0	0	13	8	5	3	5	2	22	0	11	0	2	0	6	3	9	5	10	0	0	3	0	8	0	13	0	10	12	5	4	0	3	26	0	6	0	8	12	6	5	0	13	5	0	10	0	3	0	5	17
4	0	0	0	3	1	3	1	0	0	0	0	1	0	0	2	0	0	0	6	0	0	0	0	0	0	2	0	0	0	0	0	0	0	0	5	0	0	0	0	0	0	7	2	6	13	0	0	0	2	0	0	14	0	4	0	0	0	0	0	4	0	8	0	0	0	0	0	0	2	1	0	11	8	0	0	4	0	16	0	0
4	0	0	0	0	0	2	0	0	0	0	0	0	0	0	0	0	0	0	0	0	0	0	0	0	2	0	0	0	0	0	0	0	0	0	0	0	0	2	0	2	0	0	0	0	0	0	0	0	0	0	0	0	0	0	0	0	0	0	0	2	0	0	2	0	0	0	3	0	0	0	0	0	3	0	0	5	0	0	0	2
4	3	5	58	0	0	0	0	0	63	4	0	0	41	11	0	0	0	11	0	0	0	0	0	40	14	3	0	51	2	6	10	2	0	0	4	13	0	3	0	39	3	0	2	10	4	24	0	0	0	5	2	0	3	4	20	0	0	3	0	16	0	0	6	22	14	2	37	3	2	2	0	17	25	0	0	2	5	0	1	0
4	0	0	0	0	0	0	0	0	2	0	0	0	0	0	0	0	0	0	0	0	0	0	0	2	3	0	0	0	5	0	0	0	0	0	0	0	0	2	0	0	0	0	0	0	0	2	0	0	0	0	0	0	0	0	2	0	5	0	2	0	0	0	4	0	0	0	2	0	0	0	0	2	2	0	0	0	3	0	0	0
4	0	0	12	0	0	0	0	9	0	0	0	0	2	0	0	2	0	6	0	0	0	0	11	0	6	2	0	0	0	9	24	0	0	0	0	0	4	1	0	3	21	9	0	0	3	0	7	0	0	0	1	0	0	0	3	0	7	0	7	0	3	0	6	7	0	0	0	0	0	0	0	0	4	4	0	0	0	0	0	0
4	0	2	4	0	3	0	0	0	0	0	0	0	0	2	0	0	0	5	0	3	4	0	7	5	2	0	0	9	0	0	0	0	5	0	0	3	2	2	6	0	2	7	2	4	2	0	0	0	2	5	0	2	0	0	4	0	0	5	0	5	0	0	10	0	0	0	0	0	2	0	0	16	3	0	2	0	5	7	5	6
4	13	0	5	3	8	0	2	0	0	3	2	2	10	0	4	0	5	0	6	0	3	8	0	4	16	7	0	3	4	8	3	5	2	2	2	10	2	3	24	6	0	2	0	2	0	3	0	5	0	6	0	4	4	2	3	5	8	4	0	5	7	0	0	7	0	9	3	2	4	0	2	3	2	8	6	0	4	12	0	16
3	3	0	0	2	4	0	0	0	0	2	0	0	1	4	0	3	0	1	1	2	0	0	11	5	3	1	13	0	17	3	4	6	0	1	9	3	0	0	0	2	0	2	2	0	0	1	0	1	0	8	2	0	0	0	0	3	7	1	4	0	2	4	0	2	0	2	4	6	6	1	5	4	3	0	3	2	6	0	5	5
3	0	0	0	0	7	0	1	0	2	1	4	1	0	0	5	0	0	2	0	4	3	0	8	0	0	0	0	9	1	0	0	0	0	0	1	2	6	20	5	0	2	2	2	0	3	8	0	0	0	0	4	2	2	3	0	0	7	0	0	0	4	0	0	19	3	3	0	0	2	0	7	0	3	4	12	2	6	3	0	2
3	0	0	0	0	1	0	0	0	0	0	0	0	0	0	0	0	0	0	3	0	0	0	0	0	0	0	0	0	0	0	0	0	0	0	0	0	0	0	0	0	5	0	0	0	0	0	0	4	0	0	1	0	0	0	1	0	0	0	0	0	0	0	0	1	3	0	0	0	0	0	0	0	0	0	0	0	0	0	0	0
3	0	0	0	17	0	11	0	5	5	14	0	4	0	0	4	6	12	0	4	0	2	2	3	3	28	6	7	24	2	5	0	7	2	0	10	6	2	51	0	3	0	6	0	21	2	57	4	11	0	2	16	0	4	0	6	3	0	2	5	8	5	3	13	5	0	0	0	34	3	0	2	0	11	42	0	0	6	2	0	0
3	0	0	0	0	0	0	0	0	0	0	0	0	0	0	0	0	0	0	0	0	0	0	6	0	0	0	0	0	0	0	0	0	0	0	0	0	0	0	0	0	0	0	0	0	0	0	0	0	0	0	0	0	0	0	4	0	0	0	0	0	0	0	0	0	0	0	0	0	3	0	0	0	0	0	0	0	0	0	0	1
3	0	0	0	2	0	0	0	0	0	0	0	0	0	0	0	0	0	0	0	0	0	0	0	0	0	0	0	0	0	0	0	0	0	0	0	0	0	0	2	0	0	0	0	0	0	0	0	0	0	2	0	0	0	0	0	0	0	0	0	0	0	0	0	0	0	0	0	0	0	0	0	0	2	0	0	0	0	0	0	0
3	0	0	5	0	0	0	0	0	0	3	0	0	0	2	0	0	0	0	0	0	0	0	0	0	5	0	0	0	0	2	2	3	0	0	0	6	0	3	0	0	0	0	0	0	0	2	0	0	0	0	0	0	2	0	0	0	0	0	0	0	0	0	0	2	0	0	14	0	0	0	0	0	0	0	0	0	2	4	0	0
3	5	2	0	7	0	0	0	0	12	2	0	1	5	11	0	3	2	2	0	0	3	0	0	15	7	0	1	3	0	0	1	6	0	1	0	2	2	0	0	3	0	7	4	2	0	12	2	0	0	2	0	3	3	0	4	2	6	0	0	0	0	13	11	2	4	0	11	9	2	5	0	16	2	3	0	0	1	0	5	27
3	0	0	0	0	0	0	8	2	0	0	0	0	3	3	0	0	0	0	2	5	4	0	0	0	0	0	0	0	4	4	2	0	3	0	0	0	2	5	0	0	0	0	0	0	3	2	0	2	0	2	0	0	0	2	0	0	0	2	0	0	0	0	0	6	0	0	3	2	0	0	0	0	0	3	0	0	0	0	0	0
3	0	0	0	0	0	0	0	0	2	0	0	0	0	1	0	0	0	4	2	0	0	0	0	2	0	0	0	0	0	0	0	0	0	0	0	1	0	0	0	0	0	0	0	0	0	0	0	3	0	2	0	0	0	0	0	0	0	2	0	0	0	0	0	0	3	3	0	0	0	0	3	9	0	0	0	0	5	0	0	1
3	0	2	0	0	0	0	0	0	0	0	0	0	0	0	2	0	0	4	0	0	2	0	0	0	0	0	0	0	0	0	2	2	0	0	0	4	0	0	6	0	0	4	0	0	3	5	0	2	0	2	0	0	0	2	3	0	0	0	0	0	0	0	5	4	0	0	0	0	0	0	0	2	5	0	0	2	0	2	0	2
3	3	8	8	4	0	15	0	25	23	20	2	0	4	6	4	3	8	1	3	0	0	0	10	0	38	2	7	17	4	9	19	11	9	2	25	9	6	60	0	9	2	4	0	6	4	11	10	14	0	0	7	0	10	4	16	5	35	4	10	11	7	12	27	4	3	2	8	10	5	0	3	11	16	34	6	4	20	5	1	14
3	0	0	0	0	0	0	0	0	0	0	0	0	0	0	0	0	0	0	0	0	0	1	0	0	0	0	0	0	0	0	0	0	0	0	0	0	0	0	0	0	0	0	0	0	0	0	0	8	0	0	0	0	0	0	2	2	0	0	0	0	0	0	0	0	0	0	0	0	0	1	0	8	0	0	5	2	0	0	0	4
3	0	0	2	0	7	0	0	6	0	0	0	0	3	0	2	0	5	0	0	0	4	0	0	0	0	2	0	0	4	0	0	0	1	0	0	15	0	2	0	0	0	0	0	0	0	0	0	0	0	2	0	4	0	0	4	0	0	0	0	0	0	0	16	8	0	0	5	0	6	0	0	2	0	2	0	0	0	0	0	0
3	0	0	0	0	0	0	0	0	3	0	0	0	0	2	3	0	0	0	0	0	0	0	0	2	0	0	0	0	0	4	0	0	0	0	0	0	2	3	6	2	0	3	0	3	0	0	0	0	0	0	3	0	0	0	3	0	0	3	0	0	0	0	0	0	2	0	0	0	0	0	0	2	0	0	0	0	0	2	0	3
3	0	0	0	0	0	0	0	0	0	5	0	0	0	0	2	0	0	0	4	0	0	0	0	0	0	0	0	0	0	2	0	0	0	0	1	0	2	0	0	0	0	2	0	0	0	0	0	0	0	1	0	2	0	0	0	0	0	0	0	0	0	0	0	0	0	0	0	0	0	0	0	0	0	0	0	0	11	0	2	0
3	0	0	0	0	0	0	0	0	0	2	0	0	0	0	0	0	0	0	0	0	0	0	0	0	0	0	0	0	0	0	0	4	2	0	0	0	0	0	0	0	0	0	0	0	0	3	0	0	0	0	0	0	0	0	0	0	0	2	0	0	0	0	0	8	0	0	0	0	0	0	0	0	0	0	2	0	0	0	0	0
3	0	3	0	0	4	0	0	0	0	0	0	0	2	0	0	0	2	0	5	0	0	0	0	0	0	2	0	0	2	0	5	3	0	3	0	0	0	0	2	3	0	2	0	0	0	0	0	3	0	2	0	0	0	2	2	7	0	0	2	0	2	0	0	0	0	0	3	0	3	2	0	0	0	0	8	3	0	6	0	3
3	2	5	9	17	6	0	0	0	7	3	4	2	0	0	0	6	0	8	8	0	3	0	3	0	2	4	27	2	5	7	0	3	0	0	2	0	5	0	3	8	5	2	0	0	0	3	0	0	7	0	2	8	0	2	13	2	3	9	0	2	2	2	0	13	4	2	2	4	2	0	0	0	0	0	5	0	2	12	7	8
3	2	0	0	0	0	0	0	0	6	0	0	0	0	0	0	0	0	0	0	0	0	0	0	0	0	0	0	0	0	0	0	0	0	0	0	0	2	0	0	0	0	0	0	0	0	0	0	0	0	3	3	0	0	0	0	0	0	3	0	3	0	0	0	0	0	0	0	0	0	0	0	0	0	0	2	0	0	0	0	0
3	13	3	7	9	17	5	7	18	14	12	7	6	6	0	13	6	12	13	9	7	3	2	15	22	9	3	15	18	6	6	60	3	16	8	4	0	2	12	23	9	17	3	7	4	6	3	2	6	17	4	9	8	2	10	5	16	7	3	10	7	14	4	5	3	5	6	8	9	5	2	2	9	9	4	10	0	6	8	4	0
3	0	2	7	0	0	4	3	0	0	0	4	0	0	0	0	20	0	0	3	0	0	0	0	0	0	0	4	0	7	0	0	10	0	0	0	0	0	0	3	0	2	2	3	2	0	0	5	0	4	2	0	0	0	5	0	0	0	18	3	0	3	3	0	0	2	7	9	0	0	0	0	0	3	0	0	0	0	4	0	0
3	0	0	0	0	0	0	0	0	3	2	0	0	3	0	0	0	13	0	0	0	0	0	0	0	0	0	0	0	0	0	0	2	4	0	0	0	0	0	4	0	0	0	0	0	3	0	0	3	0	0	0	0	0	0	0	2	0	0	0	0	0	9	0	0	2	0	0	0	0	0	3	6	6	0	0	0	0	3	2	0
3	0	0	0	3	8	7	9	2	0	0	0	6	3	0	0	0	0	0	2	0	0	0	0	0	0	0	0	0	3	2	0	0	0	0	0	0	5	0	0	2	0	1	0	6	4	0	0	0	0	0	0	9	0	5	0	0	0	0	0	0	4	10	8	0	1	0	0	0	2	7	0	3	1	0	0	5	0	34	0	0
3	0	0	4	0	8	0	0	14	9	4	1	2	3	2	3	13	7	4	5	0	5	2	1	14	4	6	8	14	7	4	3	2	1	0	0	0	3	6	5	0	5	4	0	11	0	5	3	2	5	0	2	0	3	4	10	2	8	7	5	0	5	3	4	3	3	0	6	10	6	0	3	2	3	9	12	0	0	4	2	6
3	0	0	0	0	0	0	0	0	0	0	0	0	0	0	0	0	0	0	0	0	0	12	0	0	0	0	0	0	0	0	0	2	0	0	0	0	0	0	0	0	0	0	0	0	0	0	0	25	0	0	0	0	0	0	4	3	0	0	0	0	0	0	0	0	2	0	0	0	0	14	0	35	0	0	14	5	0	0	17	23
3	0	0	2	4	2	3	0	0	0	0	2	2	2	0	3	3	0	4	16	3	2	0	2	0	0	0	0	2	2	5	5	0	0	2	7	2	2	0	6	0	2	4	0	4	2	0	0	0	3	8	2	0	0	3	2	7	0	2	0	7	6	0	7	6	0	3	0	8	0	0	0	2	4	2	2	0	6	18	2	4
2	0	0	3	0	0	0	0	3	5	0	0	0	0	0	0	3	0	1	0	0	3	0	0	0	6	0	0	2	13	2	0	2	0	3	3	4	0	0	0	5	4	2	0	0	0	0	0	2	5	2	0	0	0	3	0	0	9	0	0	0	5	2	0	2	2	0	0	0	6	2	3	5	4	2	0	0	0	0	0	11
2	2	6	6	4	0	0	2	6	2	12	0	28	1	0	0	0	5	0	4	2	4	3	0	12	3	5	0	0	0	3	0	0	0	0	7	2	13	0	5	0	0	6	0	4	0	5	0	3	0	1	0	2	4	3	0	0	0	0	0	1	4	15	12	0	0	0	11	2	12	12	0	8	0	8	1	22	0	2	0	1
2	0	2	0	0	0	0	0	0	0	0	0	0	0	0	0	0	0	0	0	0	0	2	0	0	0	0	0	0	0	0	0	0	0	0	0	0	0	0	0	0	0	0	0	0	0	0	0	2	0	0	0	0	0	0	0	0	0	0	0	0	0	0	0	0	0	0	0	0	0	0	0	0	0	0	0	0	0	0	6	0
2	0	0	0	4	23	2	0	12	0	5	2	0	5	0	12	0	3	0	5	3	25	0	5	13	0	0	0	0	1	9	34	1	10	17	3	9	14	6	13	4	14	10	0	8	0	30	3	0	7	1	13	3	0	14	0	0	5	6	4	0	5	0	22	0	21	3	0	27	12	0	0	0	0	25	10	0	2	22	0	2
2	0	0	0	0	0	0	0	0	0	0	0	0	0	0	0	0	0	0	1	0	4	0	0	0	0	0	3	0	0	0	0	0	0	0	0	0	0	0	0	1	0	0	0	0	0	0	0	0	0	0	0	0	0	0	8	2	0	1	0	0	0	0	0	0	0	0	0	0	0	0	0	0	0	0	0	0	0	0	3	1
2	0	0	0	0	0	0	0	0	0	0	0	0	0	0	0	0	0	0	0	0	0	0	0	0	0	0	0	0	0	0	0	0	0	0	0	0	0	0	0	0	0	0	0	0	0	0	0	0	0	0	0	0	0	0	0	0	1	0	0	0	0	3	0	0	0	0	0	0	0	0	0	0	0	0	0	0	0	0	1	0
2	0	0	5	0	2	0	0	0	0	0	0	0	0	0	0	0	0	0	0	0	0	1	0	0	0	0	1	0	0	2	0	0	0	0	0	0	0	0	0	0	2	0	0	0	0	0	0	0	0	0	0	0	0	0	0	0	0	0	2	0	0	0	0	5	2	0	0	0	0	0	0	0	0	3	0	0	0	0	0	0
2	0	0	0	0	0	0	0	0	0	3	0	0	0	0	0	0	0	0	0	0	0	0	0	0	0	0	5	0	0	0	0	2	0	0	0	3	0	0	0	0	0	0	0	0	0	0	0	2	0	0	0	0	0	0	0	2	0	0	0	0	0	0	0	0	0	0	0	0	0	0	4	0	0	0	0	0	0	0	0	0
2	6	14	6	0	36	2	6	0	0	3	0	1	11	0	2	0	0	5	0	4	0	0	0	0	5	0	5	0	0	3	0	0	0	0	3	0	0	0	3	0	6	0	0	7	4	0	0	8	7	0	0	1	0	2	0	7	0	0	0	0	0	0	0	10	0	1	1	0	0	4	9	0	3	0	0	0	5	1	0	0
2	2	2	0	2	0	0	0	4	0	0	0	0	3	5	2	2	0	10	2	0	0	2	3	0	10	0	0	5	3	5	0	0	2	3	3	0	4	7	0	0	0	5	2	0	0	3	0	0	2	0	0	2	2	0	2	0	8	6	3	0	0	3	9	3	0	0	2	0	0	2	0	3	2	2	0	0	4	2	4	0
2	0	0	0	0	0	0	0	0	0	2	0	2	0	0	0	4	0	3	2	3	0	0	3	2	0	0	0	0	0	2	0	2	0	0	0	0	2	3	0	0	0	0	0	0	0	0	0	0	0	0	0	3	2	3	6	0	2	2	0	4	2	3	2	0	0	0	0	0	0	0	0	5	2	0	2	0	0	2	3	0
2	0	0	0	0	0	2	0	0	0	2	0	0	4	0	1	2	0	0	1	0	0	0	0	0	0	0	0	3	0	0	3	0	0	0	0	0	2	0	3	0	2	0	0	3	0	0	0	0	0	2	0	2	0	2	0	0	0	0	1	1	1	0	0	0	0	0	2	1	2	0	0	0	2	3	0	0	0	0	0	0
2	0	2	2	0	0	0	0	0	0	0	0	2	2	0	0	0	0	0	0	0	0	0	0	0	0	0	0	2	0	3	3	3	4	0	0	0	0	0	0	2	2	0	0	0	0	0	0	3	0	0	0	0	0	0	0	4	4	0	0	2	3	0	3	3	0	0	0	3	0	0	0	2	2	4	1	0	0	0	0	0
2	3	0	2	3	9	0	7	3	6	4	0	3	0	0	4	0	6	4	2	5	4	3	0	5	3	0	8	4	6	4	5	0	5	6	0	4	0	2	4	4	2	4	0	5	0	0	0	0	5	3	3	2	0	10	2	2	2	0	4	0	6	0	6	8	0	0	7	2	5	0	2	1	0	14	3	0	0	11	2	0
2	0	0	0	0	0	0	0	0	0	0	0	0	0	0	0	0	0	4	0	0	0	0	0	0	0	0	3	0	0	0	0	1	0	0	0	7	0	0	2	0	0	0	0	1	0	0	0	0	0	3	0	0	0	0	0	0	0	0	0	0	0	0	0	4	2	0	0	0	0	0	2	6	0	0	0	0	0	0	5	2
2	0	0	0	0	0	2	0	0	0	0	0	2	0	0	0	0	0	2	2	0	0	0	0	0	0	0	0	0	0	0	0	0	0	0	0	0	0	0	0	0	0	0	0	0	0	2	0	0	0	0	0	0	0	0	0	0	0	0	0	0	0	2	0	0	0	0	0	0	0	0	0	2	0	0	0	0	0	0	0	3
2	0	0	0	2	0	0	2	0	9	0	2	0	0	0	0	4	0	0	0	0	0	0	0	0	0	0	0	0	12	2	1	0	0	0	4	4	1	0	0	0	0	1	1	0	0	0	0	0	0	0	0	0	1	0	0	0	1	0	0	0	0	0	0	0	0	0	0	0	0	4	0	0	4	3	0	0	0	0	0	0
2	0	3	7	0	1	4	14	3	0	8	0	0	7	0	0	0	12	6	4	0	2	0	12	1	17	0	16	7	1	1	6	3	0	0	1	8	3	10	5	1	15	0	0	0	0	5	7	2	2	9	4	0	5	6	3	10	18	0	12	7	2	2	1	5	0	5	0	0	10	0	3	0	12	18	9	3	0	1	0	0
2	0	0	0	0	0	0	0	0	0	0	4	0	0	0	0	0	9	0	0	0	0	2	0	0	2	0	0	0	0	0	0	0	0	0	0	0	0	0	1	0	0	0	0	0	0	0	0	1	0	0	0	0	0	1	0	0	0	0	0	0	0	0	0	0	0	0	0	0	0	0	0	0	1	0	0	0	0	2	0	0
2	0	0	0	0	0	0	2	4	0	0	0	0	0	0	0	0	0	3	0	0	0	0	0	0	0	0	0	0	0	2	0	3	0	0	2	0	0	2	0	0	0	2	0	0	0	0	0	0	0	0	0	0	0	0	3	3	0	0	0	0	0	0	9	0	0	0	0	0	0	3	0	0	0	3	0	0	0	2	8	0
2	0	0	0	27	0	2	0	3	0	0	0	0	0	0	1	0	4	2	0	0	0	14	0	0	0	0	0	0	0	0	0	2	0	0	0	0	0	1	11	0	2	0	0	9	0	0	0	43	4	0	0	3	0	0	0	0	0	0	0	0	0	0	0	0	0	0	0	9	3	0	3	0	0	0	4	0	0	0	0	0
2	0	2	0	0	0	0	0	0	0	0	0	0	4	6	0	0	0	5	0	2	7	0	0	0	0	3	0	6	0	6	0	0	0	0	2	0	0	0	0	6	0	0	2	6	3	2	0	0	7	0	2	0	0	0	0	0	0	0	0	13	11	0	6	0	2	0	0	0	4	0	0	0	0	0	0	0	0	1	0	0
2	0	0	0	0	0	0	0	0	0	0	0	0	0	0	0	0	0	0	0	0	3	0	0	0	0	0	0	0	0	0	0	0	0	0	0	0	0	0	0	0	0	0	0	0	0	0	0	0	0	0	0	0	0	0	6	0	0	0	0	0	0	0	0	0	8	0	0	0	0	3	0	8	0	0	0	0	0	0	12	0
2	0	3	2	0	0	0	0	0	0	2	0	0	0	0	13	5	0	4	5	0	0	0	9	2	2	0	5	0	0	0	3	0	0	0	2	0	4	7	0	3	0	3	2	0	2	0	0	0	2	0	0	0	0	3	3	2	7	2	2	0	10	0	0	0	0	3	0	0	0	0	2	0	2	5	3	0	0	2	0	2
2	0	0	0	0	0	0	0	0	0	0	0	0	0	0	0	0	0	0	0	0	0	0	0	0	0	0	0	0	0	0	0	0	0	0	0	0	0	0	0	0	0	0	0	0	0	0	0	0	0	1	0	0	0	0	0	0	3	0	0	0	0	0	0	0	0	0	0	1	0	2	0	4	0	0	0	0	0	0	0	0
2	0	0	0	0	0	0	0	2	0	0	0	2	0	6	0	10	2	0	0	0	0	0	0	0	0	0	0	0	0	6	0	0	0	0	0	0	0	0	0	0	1	2	0	0	0	0	2	0	2	0	0	0	0	9	0	0	0	1	3	18	0	0	8	2	0	0	0	0	0	0	0	0	0	0	0	0	3	20	0	0
2	0	0	3	0	0	0	0	3	0	8	0	0	0	0	0	5	0	0	0	0	0	0	0	0	0	0	0	0	4	2	0	0	0	0	4	0	0	10	0	0	0	2	0	0	0	0	0	3	0	0	0	2	0	0	3	0	0	3	0	0	0	0	7	0	0	0	0	3	3	0	0	10	0	0	0	0	3	0	2	6
2	0	0	0	0	0	0	0	2	0	0	0	0	0	0	0	0	0	0	0	0	0	0	0	0	0	0	2	0	0	0	0	0	2	0	0	0	0	0	0	0	0	0	0	0	0	0	0	0	0	0	0	3	0	0	0	0	0	0	0	0	0	0	10	0	0	0	0	0	2	0	0	0	0	0	0	0	0	0	0	0
2	2	4	0	0	0	0	3	0	0	11	0	0	0	0	0	2	0	5	4	0	0	0	0	0	0	0	0	0	3	8	0	0	0	0	10	0	4	0	0	0	0	5	0	2	0	0	10	0	0	0	2	0	0	0	0	0	0	0	0	0	0	0	0	0	3	0	0	0	0	0	0	0	2	0	0	0	0	0	0	0
2	0	0	0	0	0	0	0	0	0	0	0	0	0	0	0	0	0	0	0	0	0	0	0	0	4	0	0	0	0	0	0	0	0	0	0	0	0	0	0	4	0	0	0	0	0	0	0	0	0	2	0	0	0	0	0	0	0	0	0	4	0	0	0	0	2	0	0	0	0	0	0	0	0	0	0	0	0	0	0	0
2	0	0	0	0	0	0	0	2	0	0	0	0	0	0	0	3	4	0	0	0	0	0	0	0	0	0	0	0	0	0	0	0	0	0	0	0	0	0	0	0	0	0	0	0	0	0	0	2	0	0	0	0	3	0	0	0	0	0	0	0	0	0	2	0	0	0	0	0	4	0	0	3	0	2	0	0	0	0	0	4
2	2	2	0	0	0	0	0	0	0	0	0	0	0	0	0	0	0	0	0	0	0	0	0	0	29	0	0	0	0	4	0	0	0	0	0	4	0	2	0	0	0	0	0	0	0	0	0	0	0	0	0	0	0	2	3	0	0	0	0	0	0	0	0	6	0	0	0	0	0	0	6	0	0	0	3	2	0	2	0	0
2	0	0	0	0	0	0	0	0	0	0	0	0	0	1	0	0	0	0	0	0	0	0	0	0	0	0	0	0	0	0	0	2	0	0	0	0	0	2	0	1	0	0	0	0	0	0	0	0	0	0	0	0	2	0	0	0	0	0	0	0	0	0	0	0	0	0	0	0	0	0	0	0	0	0	0	0	0	0	0	0
2	7	1	3	22	2	0	0	23	22	4	2	6	0	5	4	5	13	7	3	0	9	16	0	96	42	5	0	33	5	18	0	5	0	2	0	9	9	7	13	12	6	12	4	1	0	94	2	9	3	5	8	5	17	5	0	15	5	3	0	3	3	11	93	23	7	0	0	24	23	3	0	1	0	3	1	4	11	0	2	12
2	0	0	3	3	0	0	0	0	5	2	0	0	0	6	0	0	0	2	0	0	2	0	2	21	0	5	24	2	0	0	0	0	0	0	0	2	0	0	1	16	1	0	0	0	0	9	0	0	0	5	0	0	0	0	17	0	2	0	0	0	0	0	0	0	2	0	12	13	7	0	0	15	5	0	0	0	0	1	13	16
2	0	0	0	0	0	0	0	0	0	0	0	0	0	0	0	5	0	0	0	0	0	0	2	0	4	0	0	0	0	0	0	0	0	0	0	0	0	5	0	0	0	0	0	0	0	0	0	0	0	0	0	0	0	0	0	0	0	2	0	0	2	0	0	0	0	0	7	0	0	0	0	0	0	0	0	0	0	2	0	0
2	0	0	0	0	3	0	6	2	0	1	0	3	3	0	4	0	0	0	0	2	0	2	0	2	4	3	2	4	2	4	10	0	5	1	0	0	2	0	5	3	5	0	0	2	3	2	3	0	7	3	0	5	2	0	10	2	3	2	0	0	3	0	0	2	0	2	0	0	3	0	0	0	5	5	0	2	0	0	2	0
2	0	0	0	0	0	0	0	0	0	0	0	0	0	0	0	0	0	0	4	0	0	0	0	0	0	0	0	0	2	0	0	0	0	0	0	0	0	0	0	0	0	0	0	0	0	0	0	0	0	0	0	0	0	2	0	0	0	0	0	0	0	0	2	0	0	0	0	0	0	0	0	0	0	0	0	0	0	0	0	2
2	0	0	11	4	9	0	0	6	5	2	0	3	3	0	0	0	5	4	0	0	9	3	20	3	27	0	0	6	0	4	23	0	8	0	0	2	0	6	8	6	0	0	0	5	3	22	22	0	0	2	0	8	12	0	3	4	10	0	2	0	3	0	3	2	2	5	10	0	8	0	0	0	4	7	0	0	2	0	0	0
2	3	0	0	2	0	0	0	0	0	0	0	0	0	0	0	0	0	0	0	0	0	0	0	6	0	0	0	0	0	0	0	0	0	0	0	0	0	0	0	0	0	0	0	0	0	0	0	0	0	4	0	0	0	0	0	0	0	0	0	0	0	0	0	0	0	0	2	0	0	0	0	9	3	0	0	0	0	4	0	0
2	0	2	2	0	0	2	0	3	0	0	0	0	4	0	0	0	0	0	0	0	2	0	0	3	6	5	0	0	0	0	0	0	0	0	0	0	0	0	0	0	0	3	0	0	3	7	0	0	0	2	0	0	0	0	0	0	0	3	0	0	0	0	0	3	0	0	0	0	0	0	0	0	6	2	0	0	0	0	0	0
2	0	0	0	0	0	2	2	0	18	0	0	0	0	0	0	0	0	0	0	0	0	1	0	0	0	0	0	6	0	0	2	0	2	0	0	3	2	0	2	0	7	10	0	0	0	2	3	0	0	0	0	0	0	0	4	3	0	5	0	2	0	7	0	0	0	0	0	0	5	3	0	5	0	0	0	0	0	0	0	0
2	2	6	10	0	0	11	4	10	3	5	5	0	10	2	2	6	2	0	0	0	3	2	0	9	7	8	0	2	8	16	4	12	0	0	0	7	6	0	2	4	11	0	0	2	6	0	3	0	5	0	6	0	0	0	3	0	0	16	3	0	3	0	0	15	9	4	5	0	0	0	0	5	12	7	10	0	6	0	0	0
2	0	0	2	0	4	0	2	0	2	8	2	8	0	2	0	4	0	3	2	3	3	0	0	4	3	6	2	6	0	8	2	2	0	3	3	0	0	3	0	5	2	4	0	6	2	10	8	0	4	0	0	0	0	2	0	4	6	2	5	5	4	0	4	11	2	0	6	8	17	2	0	0	0	8	0	0	0	2	0	0
2	0	0	0	0	2	0	2	0	0	0	0	3	0	0	0	0	2	0	0	0	0	0	2	0	0	2	0	2	0	0	4	0	0	0	0	0	0	0	2	0	4	0	0	0	3	0	0	0	0	0	3	0	0	2	0	0	0	2	0	0	3	0	0	0	0	0	2	5	2	0	0	0	4	3	3	0	0	0	0	2
2	5	4	4	0	11	3	0	8	5	4	8	2	0	0	4	4	3	3	0	2	0	0	0	3	11	0	4	8	4	6	0	5	5	13	10	0	4	0	15	3	6	3	4	2	4	10	4	5	3	0	9	12	0	14	0	10	0	7	5	8	0	0	2	11	2	6	1	2	2	0	4	5	6	0	0	7	5	11	6	5
2	11	10	9	3	9	1	7	14	10	8	0	6	3	3	11	7	7	22	17	2	3	8	11	0	13	3	4	11	4	11	35	2	3	0	3	5	3	15	16	3	10	2	0	2	7	1	2	18	4	8	3	7	5	3	18	5	11	2	5	9	10	5	9	10	7	9	23	4	5	10	0	12	10	5	11	8	0	13	6	3
2	2	0	0	6	6	0	3	7	2	2	2	3	4	2	0	0	8	0	3	0	0	2	8	0	0	5	0	2	0	0	7	0	15	2	0	4	4	0	0	6	0	0	0	0	4	2	0	3	0	0	0	2	0	0	5	2	0	2	0	0	0	2	4	0	0	0	0	24	9	0	2	6	0	4	0	4	0	2	10	0
1	0	0	51	0	11	7	14	58	108	44	14	4	32	4	38	35	31	3	5	29	3	0	63	3	46	20	0	9	5	8	83	27	96	0	7	0	10	65	65	37	45	14	2	82	10	43	18	15	52	0	9	6	0	18	43	20	52	39	15	29	11	11	49	29	0	0	71	0	87	15	32	62	14	29	11	11	0	10	3	4
1	0	6	27	15	19	0	12	59	28	3	81	13	8	0	31	16	25	0	33	9	10	0	11	32	13	5	27	78	21	12	14	34	0	5	14	0	6	6	40	2	20	19	5	2	0	35	3	0	9	8	2	15	2	14	0	18	0	35	2	5	22	15	29	16	8	8	25	10	19	0	0	0	0	0	9	10	2	29	0	0
1	0	0	0	0	0	0	0	0	0	0	0	0	0	0	0	0	0	0	0	0	0	0	0	0	0	0	0	0	0	0	0	0	0	0	0	0	0	0	0	0	0	0	0	0	0	0	0	0	0	0	0	0	0	0	0	0	0	0	0	0	0	0	0	0	0	0	0	0	0	0	0	0	0	0	0	0	0	0	0	0
1	0	0	0	0	0	0	0	0	0	0	0	0	2	0	0	0	2	0	0	0	0	0	0	0	0	0	0	0	0	2	0	0	0	0	0	0	0	0	0	0	0	0	0	2	0	0	0	3	0	0	0	0	0	0	6	0	0	0	0	0	0	0	2	0	0	0	0	0	3	0	6	3	0	2	2	0	2	0	0	3
1	0	0	0	0	0	0	0	0	0	0	0	0	0	0	0	0	0	0	0	0	0	2	0	0	0	0	0	0	0	0	0	2	0	0	0	0	0	0	0	0	0	0	0	0	0	0	0	3	0	0	0	0	0	0	2	3	0	0	0	0	0	0	0	0	0	0	0	0	0	3	0	5	0	0	5	0	0	0	0	1
1	3	0	3	0	9	1	8	2	0	2	6	2	0	0	18	1	0	4	4	3	5	0	6	0	0	0	0	2	0	4	9	0	0	5	0	0	4	3	6	2	7	0	0	2	5	11	3	0	0	0	5	2	0	5	0	0	2	5	7	4	8	0	2	0	0	0	0	2	2	0	0	0	5	5	0	2	0	5	0	0
1	0	2	0	0	0	0	0	0	0	1	4	0	2	0	0	0	0	7	0	0	0	0	0	0	0	4	3	0	0	0	0	0	0	0	0	0	0	0	0	0	0	3	0	0	0	0	0	0	0	0	0	0	0	0	4	0	0	0	0	0	0	2	0	0	0	0	0	0	0	0	3	0	0	0	0	0	0	0	0	0
1	0	2	0	0	2	0	3	2	2	0	0	0	0	2	0	2	0	2	5	0	0	11	0	0	0	1	3	0	0	0	10	3	0	0	0	0	0	3	5	9	0	0	0	0	5	0	0	3	0	6	0	4	9	0	0	0	0	0	0	7	1	0	5	8	0	4	2	0	3	0	0	0	3	3	0	5	0	2	0	0
0	194	12	12	0	154	8	16	25	25	19	64	37	13	2	72	0	6	53	221	14	5	0	11	49	71	42	0	13	40	17	36	0	36	13	14	0	26	9	50	46	47	46	27	27	15	21	12	0	28	17	16	40	11	68	10	0	31	11	7	74	103	21	3	9	19	102	8	13	3	0	5	4	74	7	9	0	7	177	13	16
0	147	49	0	0	19	14	54	0	0	39	21	43	0	0	32	0	0	29	123	41	149	0	5	0	0	9	0	0	23	104	0	0	0	56	38	0	81	0	98	0	26	60	25	85	24	0	8	0	20	37	25	36	0	40	0	0	8	0	24	19	16	0	0	0	0	39	0	0	0	0	0	0	19	48	0	0	40	27	0	0
0	84	0	0	0	0	0	0	0	0	0	0	0	0	0	0	0	0	0	0	0	0	0	0	0	0	0	0	0	0	0	0	0	0	0	0	0	0	0	0	0	0	0	0	0	0	0	0	0	0	0	0	0	0	0	0	0	0	0	0	0	0	0	0	0	0	0	0	0	0	0	0	0	0	0	0	0	0	0	0	0
0	75	8	3	0	22	0	5	6	2	2	14	6	8	4	35	8	0	11	34	10	2	4	0	2	0	0	0	0	0	8	12	0	15	3	2	2	3	0	11	6	22	12	6	18	7	10	2	0	29	20	0	24	4	51	0	2	4	0	2	27	17	2	7	0	2	9	9	11	11	0	0	0	33	6	26	0	2	50	3	0
0	72	11	21	26	4	12	7	16	25	23	6	6	25	3	2	11	17	11	25	8	8	37	7	6	39	13	27	11	5	2	20	30	26	11	13	15	1	8	0	5	0	20	0	18	5	10	0	65	3	15	10	6	0	19	22	10	15	20	4	10	3	16	9	10	3	3	17	30	0	20	21	48	0	0	33	31	2	5	57	105
0	50	16	5	0	4	39	7	12	0	4	8	11	0	4	11	5	2	16	0	0	5	12	0	30	0	0	20	0	25	2	14	0	17	0	23	0	7	19	13	3	3	6	7	10	1	73	7	0	0	5	8	8	0	5	2	0	0	12	0	7	0	0	0	9	0	13	0	11	0	13	15	22	4	35	32	0	37	16	0	20
0	40	0	2	0	19	0	8	2	0	0	29	0	0	0	4	0	2	0	36	0	4	0	15	5	0	0	0	0	8	10	0	10	0	4	0	0	3	7	36	0	38	0	2	6	0	9	0	0	4	7	10	6	0	41	0	0	0	0	4	6	14	2	0	2	0	0	3	2	0	0	0	0	0	6	25	0	0	8	0	0
0	36	24	25	9	13	25	35	38	0	170	5	5	76	2	2	92	3	121	71	4	84	18	0	12	20	24	133	1	58	58	12	11	0	32	0	106	13	0	36	43	21	0	3	84	11	50	0	58	11	39	27	16	3	5	73	22	18	67	4	19	2	0	59	159	22	8	65	27	41	1	53	34	11	47	59	28	99	34	20	88
0	34	0	0	0	0	0	0	0	0	0	0	0	0	0	0	0	0	0	0	0	0	0	0	0	0	0	0	0	0	0	0	0	0	0	0	0	0	0	0	0	0	0	0	0	0	0	0	0	0	0	0	0	0	0	0	0	0	0	0	0	0	0	0	0	0	0	0	0	0	0	0	0	0	0	0	0	0	0	0	0
0	25	0	0	5	24	0	8	0	7	5	15	11	17	0	24	1	4	7	7	6	5	7	8	1	13	21	0	9	5	15	8	13	22	0	4	0	3	3	0	0	13	0	0	12	0	14	0	2	7	4	0	0	4	9	0	14	14	1	0	0	20	3	1	13	3	2	0	0	0	0	0	0	7	1	22	0	5	28	3	0
0	20	40	32	4	14	101	21	16	22	107	28	66	15	26	11	26	0	157	91	42	64	0	0	5	0	36	0	10	264	46	0	11	0	132	219	0	48	0	25	3	16	7	41	23	26	20	6	0	6	59	50	42	3	26	0	0	5	135	66	13	9	31	87	8	0	6	38	0	0	0	0	0	74	110	15	0	37	39	0	0
0	19	0	0	0	0	0	0	0	0	0	0	0	0	0	0	0	0	0	0	0	0	0	0	0	0	0	0	0	0	0	0	0	0	0	0	0	0	0	0	0	0	0	0	0	0	0	0	0	0	0	0	0	0	0	0	0	0	0	0	0	0	0	0	0	0	0	0	0	0	0	0	0	0	0	0	0	0	0	0	0
0	14	0	6	0	0	0	0	2	0	0	3	0	3	0	0	0	6	0	47	0	0	0	0	2	0	2	0	0	12	14	0	0	113	2	7	0	45	0	0	0	3	10	0	5	0	0	0	0	0	0	20	0	0	6	0	0	6	0	0	10	0	0	0	0	0	0	2	0	0	9	0	19	0	0	7	0	0	2	77	0
0	13	3	0	2	16	0	2	0	10	3	6	0	3	0	8	0	0	6	17	4	0	0	0	0	0	6	0	9	3	10	3	0	3	3	0	0	10	0	0	0	0	4	0	7	0	0	0	0	16	10	2	12	0	16	3	0	0	0	0	5	2	0	4	0	3	4	3	8	13	0	0	0	0	4	0	0	3	111	0	0
0	12	0	0	75	0	0	0	0	0	0	30	0	0	0	8	0	0	0	0	0	2	0	0	0	0	0	0	0	64	6	0	0	0	93	0	0	0	0	0	0	0	0	0	61	0	0	0	0	0	0	0	0	0	0	0	0	0	0	0	0	0	0	0	0	0	0	0	0	0	0	0	0	0	0	274	0	138	0	0	0
0	12	0	0	0	0	0	0	6	0	0	0	0	2	1	0	0	31	6	0	3	1	9	0	0	0	0	0	4	0	0	0	0	0	11	0	0	5	0	4	18	0	0	0	8	0	0	2	7	16	0	2	0	0	53	0	0	0	0	0	13	0	5	0	0	0	0	0	0	11	0	11	0	0	0	0	0	0	0	0	0
0	12	5	0	0	0	0	0	6	0	1	0	0	5	2	0	0	44	9	0	8	2	10	0	0	0	0	0	9	0	7	0	0	0	12	0	0	0	0	8	21	0	0	2	5	0	0	5	11	20	0	2	0	0	56	1	0	0	0	0	25	0	1	3	0	1	0	0	0	15	0	25	0	0	0	1	1	0	0	1	0
0	11	21	0	0	0	0	0	0	0	6	2	7	0	0	0	0	0	12	12	5	0	0	0	0	0	4	0	0	24	15	0	0	0	12	10	0	10	0	0	0	3	2	5	12	2	0	5	0	2	18	0	4	0	0	0	0	0	0	0	3	0	0	0	0	0	0	0	0	0	0	0	0	2	0	0	0	5	8	0	0
0	11	22	2	0	1	22	0	3	0	12	10	2	56	0	6	0	0	14	43	8	148	0	0	0	0	9	0	0	15	182	28	0	0	14	26	0	8	0	90	47	79	5	2	18	114	0	39	0	35	1	70	0	0	47	32	0	5	0	4	29	84	4	0	0	3	5	2	0	0	4	0	41	44	9	0	0	7	0	41	0
0	11	0	0	0	0	0	3	0	0	0	0	0	0	0	0	0	0	0	0	4	0	0	0	0	0	0	0	0	0	6	0	0	0	3	0	0	3	0	0	0	0	0	0	0	0	0	0	0	0	0	0	2	0	2	0	0	0	0	0	0	0	0	0	0	0	0	0	16	0	0	0	0	0	0	0	0	0	0	0	0
0	10	0	0	0	9	0	0	0	0	0	0	0	0	0	0	0	0	0	0	0	0	0	0	0	0	0	0	0	0	3	0	0	0	0	14	0	0	0	0	0	0	0	0	0	0	0	0	0	0	23	0	4	0	0	0	0	0	0	0	0	0	0	0	0	0	0	0	0	0	0	0	0	0	0	0	0	0	8	0	0
0	10	0	2	16	2	5	2	5	6	4	0	2	2	60	12	0	0	7	48	0	4	0	63	94	0	0	0	17	4	6	0	8	0	8	0	0	37	27	16	18	0	49	0	33	3	67	0	0	0	12	5	3	35	23	0	0	2	0	5	10	25	142	16	0	0	0	0	9	0	0	0	0	11	10	20	0	4	1	0	0
0	9	0	0	0	0	0	0	0	0	0	0	0	0	0	0	0	0	0	3	0	0	0	0	0	0	0	0	0	0	0	0	0	0	0	0	0	0	0	0	0	0	0	0	0	0	0	0	0	0	0	0	0	0	0	0	0	0	0	0	0	0	0	0	0	0	0	0	0	0	0	0	0	0	0	0	0	0	4	0	0
0	9	0	0	0	0	0	0	0	1	2	1	0	0	0	0	0	0	0	0	0	0	1	0	0	0	0	0	0	0	0	0	0	0	0	0	2	0	0	0	0	0	0	0	0	0	0	0	0	0	0	0	0	0	0	0	0	0	5	0	0	0	0	4	0	0	0	0	0	4	0	0	0	0	0	0	0	0	0	0	6
0	9	2	5	11	19	0	0	0	0	12	8	0	5	3	0	6	0	35	6	2	6	0	0	0	0	3	0	4	3	11	0	2	0	18	0	0	3	2	5	15	0	2	0	2	2	12	0	0	0	8	0	0	0	5	0	0	0	3	0	0	0	2	4	0	14	0	7	0	5	0	0	12	0	20	11	0	3	30	0	0
0	9	20	1	0	59	6	74	46	0	75	54	0	208	0	19	77	28	43	9	45	36	0	0	0	72	13	234	0	21	3	0	5	89	2	20	0	18	0	0	0	43	0	23	21	5	0	54	0	0	0	0	12	0	0	11	56	30	46	27	3	78	0	88	162	0	6	10	0	0	0	37	11	24	3	0	44	26	29	33	16
0	8	0	0	0	0	0	0	0	0	0	0	0	0	0	0	0	7	0	3	2	0	0	0	0	0	0	0	0	1	2	6	2	1	2	0	0	2	4	0	0	0	0	2	0	0	0	0	10	0	3	0	0	0	0	0	4	0	0	3	0	0	5	0	0	0	2	0	2	5	2	0	0	0	2	0	0	0	2	0	0
0	8	0	0	0	0	0	0	0	0	0	3	0	0	0	0	0	0	0	3	0	4	0	0	0	10	0	0	0	1	0	0	0	0	0	3	2	7	0	0	4	0	7	2	0	0	2	0	0	0	0	0	4	0	0	3	0	0	0	0	0	0	0	0	0	2	0	5	0	0	0	0	0	2	4	8	0	0	0	0	2
0	8	0	0	0	0	0	0	0	0	0	0	0	0	0	0	0	0	0	0	0	0	0	0	0	0	0	0	0	0	0	0	0	0	0	0	0	0	0	0	0	0	0	0	0	0	0	0	0	0	0	0	0	0	0	0	0	0	0	0	0	0	0	0	0	0	0	0	0	0	0	0	0	0	0	0	0	0	16	0	0
0	8	2	6	0	13	7	8	11	7	8	11	16	3	3	9	9	42	5	9	11	2	3	5	6	2	3	0	4	2	6	45	7	15	6	0	0	3	10	68	3	6	5	3	6	9	6	6	0	12	6	3	18	0	8	8	0	8	6	12	2	20	2	3	2	6	7	5	0	6	0	1	2	9	3	12	8	2	31	2	3
0	7	0	0	0	5	0	0	0	0	0	0	0	0	0	0	0	0	4	3	0	0	0	0	0	0	2	0	0	0	0	0	0	0	0	0	4	0	0	0	0	0	0	0	0	0	0	0	0	0	0	0	0	0	0	2	0	0	0	0	0	0	0	0	0	0	0	0	0	0	0	0	0	0	0	0	0	0	0	0	0
0	7	0	0	0	0	0	0	0	0	0	0	3	0	0	1	0	0	1	0	1	0	0	0	0	0	0	0	0	0	0	0	5	0	0	3	0	3	0	8	0	0	0	3	0	0	0	0	0	0	13	2	0	0	0	0	0	0	0	0	0	0	0	0	0	4	0	0	0	0	0	0	0	0	0	4	0	0	15	0	0
0	7	0	0	0	0	0	0	0	0	0	0	0	0	0	0	0	0	0	5	0	0	0	0	0	0	0	0	0	0	0	0	0	0	0	0	0	0	0	0	0	0	0	0	0	0	0	0	0	0	0	0	0	0	0	0	0	0	0	0	0	0	2	0	0	0	0	0	0	0	0	0	0	0	0	0	0	2	0	0	0
0	7	2	0	0	26	1	1	2	0	0	6	1	6	0	11	0	14	0	0	3	2	3	8	0	5	5	0	13	5	2	20	3	2	5	0	11	0	0	0	0	7	1	0	4	0	3	3	4	2	0	2	5	0	2	1	3	5	1	11	1	2	5	0	0	2	0	0	0	1	0	5	2	1	3	50	0	4	16	0	1
0	7	11	0	0	7	5	2	3	0	3	0	2	0	0	0	0	0	10	5	0	0	0	0	0	0	20	0	0	0	0	0	9	0	0	21	25	2	0	8	0	0	2	0	0	2	0	0	0	0	4	0	2	0	0	0	0	0	0	0	0	0	3	0	0	0	11	0	0	0	0	0	0	0	0	0	0	2	5	0	0
0	6	0	0	0	0	0	4	11	6	4	0	0	0	19	0	2	38	0	0	0	0	0	33	1	86	0	59	2	3	0	25	0	4	0	0	0	6	102	0	16	0	0	0	0	0	0	0	12	0	0	0	2	0	4	0	22	9	2	0	1	0	0	8	0	1	1	2	0	2	3	26	0	0	2	0	0	2	0	0	0
0	6	0	0	0	0	0	0	5	1	0	0	2	3	0	3	0	2	0	3	0	0	0	2	0	0	0	5	6	0	0	2	2	4	0	0	0	0	2	2	0	0	0	0	0	0	0	0	0	0	2	0	0	0	0	5	4	3	0	0	2	0	2	2	0	2	2	3	2	2	0	0	4	2	0	0	0	0	2	0	0
0	5	0	0	0	2	0	0	0	0	0	2	0	2	0	0	0	0	0	7	0	0	0	0	0	0	0	0	0	0	0	0	5	0	0	0	0	0	5	12	0	3	0	0	2	3	2	0	0	0	0	0	0	0	3	2	0	0	4	3	0	3	0	4	0	0	0	0	6	8	0	4	0	2	0	0	0	0	2	0	5
0	5	0	0	0	0	2	0	0	3	0	0	0	0	2	0	0	0	4	2	0	3	0	0	3	0	0	3	4	0	0	6	0	0	2	1	0	6	0	5	0	0	0	0	1	1	7	5	0	0	0	0	0	3	0	2	0	1	4	0	4	0	0	0	11	3	2	12	0	0	0	0	0	3	1	0	2	0	4	0	2
0	5	0	4	0	30	0	10	3	14	13	13	11	15	6	10	12	451	7	15	12	9	0	17	4	2	10	22	30	9	13	139	4	6	5	6	13	8	7	14	10	22	4	4	12	10	3	23	6	22	12	0	31	3	30	3	45	11	5	5	10	58	0	2	1	8	27	0	0	12	0	37	8	15	4	0	9	9	25	0	3
0	5	0	0	0	0	0	0	0	0	0	0	0	0	0	2	0	0	0	15	0	0	0	0	0	0	0	0	0	5	0	0	2	50	8	1	0	13	0	0	0	0	4	0	0	0	0	0	0	0	2	7	0	0	1	0	0	0	0	0	5	0	0	0	0	0	0	0	0	0	4	0	4	0	0	0	0	0	0	16	0
0	5	0	0	0	0	0	0	0	0	0	0	0	0	2	0	0	0	0	0	0	2	0	3	0	0	0	5	3	5	0	3	0	2	0	0	0	0	0	0	0	1	0	0	1	0	5	3	2	0	0	0	2	0	2	0	0	0	0	0	0	0	0	0	0	0	0	0	0	0	0	0	0	0	2	0	2	0	2	0	0
0	4	0	0	0	1	1	0	2	1	0	0	0	3	0	1	3	0	0	4	0	10	0	2	0	5	0	32	2	0	12	0	0	1	0	0	4	6	0	0	2	25	1	0	0	4	0	1	0	5	0	2	0	0	4	2	0	0	3	0	8	6	0	0	9	7	0	0	0	0	0	7	2	0	21	0	0	0	22	0	7
0	4	24	0	0	0	0	0	28	0	0	0	0	0	0	0	0	0	96	2	0	0	0	0	0	0	0	0	0	59	44	0	85	0	0	10	0	0	0	0	0	0	42	0	2	0	0	0	0	0	110	0	3	0	15	0	0	0	0	0	0	0	41	5	0	0	0	0	0	0	0	0	0	0	0	0	0	62	3	0	0
0	4	0	0	0	2	0	2	0	0	0	0	0	0	0	0	0	0	0	0	0	0	0	0	0	0	0	0	0	1	0	0	0	0	0	0	1	0	0	0	0	0	0	0	0	0	0	0	0	0	0	5	0	0	0	0	0	0	0	1	0	0	0	0	0	0	2	0	0	0	0	0	0	0	0	0	0	2	0	0	0
0	4	8	20	4	72	10	22	26	23	23	21	21	40	2	36	2	7	42	18	4	12	0	3	20	6	23	19	10	8	19	39	25	14	14	12	0	30	8	104	2	29	20	6	12	30	2	8	0	40	33	25	18	0	65	0	6	19	8	11	15	31	5	21	13	7	29	18	6	11	6	0	5	2	41	31	0	23	111	0	0
0	4	0	0	0	0	0	0	0	0	0	0	0	0	0	2	2	2	0	0	0	0	0	0	0	0	0	0	0	3	2	0	0	0	0	0	0	0	0	0	0	0	0	0	0	0	4	0	0	0	0	0	0	0	0	0	0	0	3	0	0	0	0	0	0	0	0	0	0	0	0	0	0	0	0	0	0	0	0	0	0
0	4	0	0	0	2	1	0	2	0	2	0	3	3	0	3	2	3	2	6	0	6	0	0	4	3	1	0	3	1	0	2	5	0	3	2	0	6	3	3	1	0	6	2	3	0	2	0	0	1	3	6	0	0	8	0	2	0	1	5	10	8	3	6	3	4	2	0	2	0	0	0	4	0	8	11	0	1	14	0	0
0	4	0	0	0	0	2	0	0	0	0	0	4	2	0	0	0	0	0	4	0	3	0	0	0	3	0	0	0	0	4	0	0	0	0	0	0	0	0	0	0	0	3	0	3	3	0	0	0	0	2	0	0	0	0	0	0	0	0	0	0	0	0	0	0	0	0	0	0	0	0	0	0	0	0	0	0	0	0	0	0
0	4	0	0	0	6	0	4	0	0	0	0	0	0	0	0	0	2	2	3	0	0	0	0	3	0	0	0	0	3	0	2	0	2	0	2	0	0	0	0	3	3	0	0	0	2	0	0	0	2	0	0	2	0	2	2	0	0	0	0	2	3	0	2	2	0	0	3	2	0	0	3	0	0	0	0	0	3	5	0	2
0	4	4	11	0	0	0	0	2	0	4	0	2	0	0	0	5	0	4	3	0	0	0	0	2	10	0	0	0	0	11	5	0	0	2	4	2	3	0	0	5	2	0	0	4	3	0	2	2	0	2	2	0	0	0	0	0	6	0	3	0	0	0	4	0	0	0	12	0	4	0	0	0	0	2	0	0	3	0	0	0
0	4	0	0	3	5	0	0	3	2	0	2	3	0	0	2	2	2	4	0	0	0	0	0	0	3	0	0	0	0	0	4	3	0	0	0	0	3	0	3	4	2	3	0	2	0	0	0	0	0	0	0	9	0	3	0	0	0	0	3	0	0	7	2	0	0	5	3	4	2	0	0	0	0	0	0	0	0	5	0	0
0	4	2	0	0	1	0	0	4	0	0	0	0	0	0	0	0	0	2	0	0	0	0	0	0	0	0	0	0	0	0	0	0	0	0	1	0	0	0	13	0	0	0	0	0	0	0	0	3	3	2	0	2	0	0	0	1	6	0	2	0	0	0	0	3	0	0	0	0	1	7	0	0	0	0	0	0	0	0	0	0
0	4	0	0	0	0	0	0	0	0	0	0	0	0	0	0	0	0	0	0	0	0	0	0	0	0	0	0	0	0	0	0	0	0	0	0	0	0	0	3	0	0	0	0	0	0	0	0	0	0	0	0	0	0	0	0	0	0	0	0	0	0	0	0	0	0	0	0	0	0	0	0	0	0	0	0	0	0	4	0	0
0	4	20	0	0	0	0	2	0	0	4	3	0	0	0	6	0	0	27	12	4	2	0	0	0	0	3	0	0	0	2	0	5	0	5	0	0	4	0	5	0	2	7	0	0	0	0	0	0	2	2	0	0	0	2	0	0	0	0	0	0	3	7	0	3	0	0	0	0	0	0	0	3	2	2	4	0	2	12	5	0
0	4	0	0	0	0	5	0	0	0	0	0	0	0	0	0	0	0	0	0	0	0	0	0	0	0	0	0	0	0	2	0	0	0	0	0	0	0	0	0	0	0	0	0	0	5	0	0	0	0	9	2	0	0	0	0	0	0	0	0	0	0	0	0	0	0	6	5	0	0	0	0	0	2	0	0	0	0	0	2	0
0	4	0	0	0	2	0	0	0	0	3	0	0	0	0	0	2	0	0	0	0	5	3	0	3	0	0	0	3	0	0	4	3	0	3	0	0	0	2	2	2	0	0	0	0	2	2	0	0	4	0	6	0	3	4	0	0	2	0	0	6	0	3	0	0	0	0	0	4	8	0	0	0	0	3	8	0	0	0	0	0
0	4	4	0	0	0	0	0	6	0	0	0	8	0	4	0	0	0	7	2	5	0	0	0	0	0	4	0	0	0	3	0	0	0	0	3	0	9	0	3	8	0	20	6	0	0	5	0	0	0	19	0	7	0	6	5	0	0	0	0	7	0	5	19	0	3	0	0	0	0	0	0	0	2	0	2	0	4	2	0	0
0	4	0	0	0	1	0	0	0	0	0	0	0	0	0	0	0	2	2	3	4	0	0	0	1	0	0	0	0	0	0	2	0	0	0	0	0	0	0	0	0	1	0	0	0	0	0	0	0	0	0	0	3	0	0	0	0	0	0	0	0	0	0	0	0	0	0	0	0	0	0	0	0	0	0	2	0	0	0	0	0
0	4	0	0	0	0	0	0	0	0	0	0	2	0	0	9	0	0	0	4	5	0	0	0	0	0	0	0	0	0	16	0	0	0	0	0	0	0	0	0	2	0	0	6	0	0	0	0	0	3	0	0	0	0	3	0	0	3	0	0	0	0	0	0	0	0	0	0	0	0	0	0	0	0	0	0	0	11	0	0	0
0	4	2	0	0	0	3	0	0	3	0	2	0	0	0	0	2	0	0	5	0	0	0	0	0	4	5	0	2	0	0	0	2	0	3	6	0	0	0	0	0	2	0	0	0	0	0	0	0	0	0	2	0	0	0	0	0	3	0	0	2	0	0	6	0	0	0	7	0	0	0	0	0	3	2	0	0	3	0	0	2
0	4	38	0	0	0	0	0	16	0	2	0	4	0	11	0	0	0	33	8	18	0	0	0	4	0	4	0	0	0	16	0	0	0	0	4	0	16	0	7	9	0	45	11	0	0	14	0	0	0	29	2	10	0	5	16	0	0	0	0	2	0	16	43	0	0	2	0	0	6	0	0	0	4	0	5	0	2	0	0	0
0	4	0	0	0	0	0	0	0	0	6	0	2	5	0	0	5	0	0	0	2	2	5	0	6	7	2	3	7	0	2	5	0	0	3	3	3	3	0	2	0	0	0	0	0	0	9	8	3	5	0	10	3	0	6	0	8	9	0	0	9	0	0	0	5	0	6	2	0	9	0	4	0	0	0	0	0	2	4	0	0
0	3	9	0	0	10	0	23	3	2	0	0	2	0	11	22	16	0	21	28	0	2	8	0	69	4	15	4	0	15	0	11	5	0	2	2	2	0	2	12	0	7	0	0	0	4	10	0	0	0	0	2	8	0	0	5	0	0	8	0	6	7	0	4	3	13	0	13	119	38	0	0	0	30	2	14	0	5	0	0	6
0	3	0	2	0	0	0	0	0	2	0	3	0	0	0	0	0	0	0	0	0	0	0	1	0	0	0	0	0	0	0	0	0	2	3	0	0	0	0	0	0	0	0	0	0	0	0	0	0	0	0	0	0	0	0	0	0	0	0	0	0	0	0	0	0	0	2	3	0	0	0	0	0	0	0	0	0	0	8	0	0
0	3	0	0	1	1	0	0	0	0	0	0	3	0	0	0	0	0	0	0	2	0	0	0	0	1	0	0	0	0	1	1	0	1	0	1	0	0	0	0	0	0	0	0	0	0	1	0	0	0	0	0	0	0	1	1	0	0	0	0	0	0	1	0	0	0	1	1	5	0	1	2	0	0	0	1	0	0	4	0	0
0	3	0	0	0	2	0	0	0	0	0	0	0	3	0	4	0	0	0	0	0	2	0	0	2	3	0	2	0	0	0	0	0	3	0	0	0	0	2	0	0	0	0	0	0	0	0	0	0	0	0	0	0	0	0	2	0	0	0	3	0	0	0	0	2	0	0	0	0	0	0	0	0	0	0	0	0	0	0	3	0
0	3	0	0	0	5	3	0	2	0	0	2	0	0	2	3	1	0	0	0	3	0	0	3	0	0	3	0	1	4	0	7	1	0	1	0	0	0	0	0	3	3	0	0	0	0	4	0	0	4	2	0	0	2	0	0	0	2	4	2	0	1	0	1	3	0	0	3	4	3	0	0	0	0	2	0	0	3	0	0	0
0	3	2	0	0	2	0	0	0	0	0	0	0	0	0	0	2	0	0	0	0	0	0	0	0	0	1	0	0	2	0	0	0	0	0	0	0	0	0	2	0	0	0	0	0	0	0	0	0	0	0	0	0	0	0	0	0	0	0	0	0	0	0	0	0	0	0	0	0	0	0	0	3	0	0	0	0	0	3	0	0
0	3	0	0	0	0	0	0	2	0	11	0	0	0	0	0	0	0	0	0	0	0	0	0	0	0	0	0	0	0	0	0	0	0	0	0	0	0	3	0	0	0	0	0	0	0	3	0	2	0	0	2	0	0	2	0	0	0	0	0	2	2	5	0	0	0	0	0	0	0	0	0	0	8	0	0	0	2	0	0	0
0	3	1	0	4	7	0	0	12	2	0	6	5	0	0	3	3	0	3	13	8	2	6	0	6	0	1	11	1	8	5	4	7	5	3	7	7	3	0	5	11	0	4	0	3	0	0	0	0	1	3	1	2	1	2	0	4	0	0	1	1	1	4	3	13	5	6	2	15	4	3	10	7	0	1	0	4	0	19	2	0
0	3	9	59	0	4	0	64	18	3	60	0	4	0	31	0	0	0	29	9	2	143	0	18	0	110	54	0	0	22	0	3	0	0	4	45	0	21	9	3	82	0	24	0	37	4	0	6	0	0	16	3	0	14	0	6	0	0	0	9	7	13	0	5	6	0	20	0	157	8	0	26	8	10	41	0	42	12	0	2	39
0	3	0	0	0	5	0	0	0	0	0	6	0	0	0	10	0	0	6	7	0	2	0	0	0	0	0	0	0	3	6	0	0	0	0	0	0	5	0	7	0	1	5	0	3	0	0	0	0	3	0	0	9	0	4	0	0	0	0	0	6	0	0	0	0	4	0	0	0	0	8	0	2	0	0	0	0	0	6	0	0
0	3	0	0	0	0	0	0	0	2	0	0	0	0	0	0	0	0	0	0	2	0	0	0	0	0	0	2	0	0	0	0	0	0	0	0	0	0	0	2	0	0	0	0	0	0	0	0	4	0	3	2	2	0	0	3	0	3	0	0	0	0	2	0	0	0	4	0	0	0	0	0	3	2	0	0	3	0	0	3	2
0	3	0	0	0	0	0	0	0	0	0	0	0	0	0	0	0	0	0	0	0	0	0	0	0	0	0	0	0	3	0	0	0	0	0	0	0	0	0	0	0	0	0	0	0	0	0	0	0	0	0	0	0	0	0	0	0	0	0	0	0	0	0	0	0	0	0	0	0	4	0	0	0	0	0	0	0	0	0	0	3
0	3	2	0	0	18	8	0	0	0	19	0	9	7	0	17	0	0	31	15	14	4	0	0	0	0	3	0	0	5	7	48	14	22	0	2	0	11	0	13	0	10	2	22	11	8	0	12	0	20	6	13	19	0	14	0	0	0	0	3	10	27	0	0	0	4	21	3	0	0	6	0	4	9	17	0	0	0	39	3	0
0	3	0	0	0	5	0	0	0	0	0	0	0	2	0	0	0	0	0	0	0	2	0	0	0	0	2	0	0	0	3	0	0	0	0	0	5	0	0	0	0	2	0	0	2	0	0	0	0	0	0	0	0	0	2	0	0	0	0	0	0	0	0	3	0	0	0	0	0	0	0	3	0	0	0	1	0	0	3	2	2
0	3	2	0	0	4	0	0	13	5	3	1	0	4	0	8	5	0	3	5	4	0	0	8	0	0	0	1	11	2	2	6	7	5	0	3	3	6	1	22	0	5	9	0	5	3	5	3	0	2	3	0	4	0	3	6	5	4	2	5	0	10	4	10	21	3	0	0	19	5	0	3	5	2	10	19	3	0	5	3	0
0	3	0	0	0	0	0	0	0	0	0	6	0	0	0	12	0	0	0	0	0	0	0	0	0	0	0	0	0	0	8	0	4	0	0	0	0	0	0	0	0	0	0	0	0	0	0	0	0	0	0	0	0	0	0	0	0	0	0	0	0	0	0	0	0	0	0	0	0	0	0	0	0	0	0	0	0	0	10	0	2
0	3	88	48	0	24	56	44	149	0	185	12	19	107	30	33	81	0	94	55	24	81	0	0	0	0	42	0	0	80	90	8	32	82	20	52	0	34	54	95	3	24	20	27	100	79	161	41	0	51	20	51	22	0	46	0	0	57	74	85	36	18	14	159	112	43	22	45	11	8	0	0	0	64	127	121	0	76	65	0	0
0	3	0	0	0	2	2	3	0	0	0	2	2	0	0	2	0	0	5	5	4	0	0	0	0	0	5	0	0	2	0	0	0	0	0	0	0	0	0	0	0	0	0	0	0	0	0	0	0	0	0	0	0	0	5	8	0	0	0	0	0	3	0	0	0	2	0	0	0	0	6	0	20	6	0	0	5	0	0	0	11
0	3	0	2	0	0	0	0	3	2	0	6	2	0	0	13	0	2	0	0	0	0	0	2	3	0	4	0	3	0	4	7	0	2	0	0	0	2	0	0	0	4	5	0	2	0	3	0	0	5	0	0	0	2	0	0	0	2	0	0	0	3	0	0	15	0	0	0	0	3	5	0	0	0	8	7	0	0	2	2	0
0	3	11	6	0	14	0	5	12	4	3	4	11	12	3	6	9	11	7	19	4	6	0	19	15	13	8	0	8	5	7	43	2	8	7	0	0	5	7	14	14	3	7	2	3	9	7	0	0	10	8	12	4	3	11	2	0	15	9	8	10	29	9	2	16	3	6	11	14	6	0	0	0	8	11	15	0	0	31	2	0
0	3	0	0	10	0	0	0	0	0	0	0	0	9	0	0	0	0	2	0	0	0	0	0	0	0	0	0	0	0	0	0	0	2	0	0	0	0	3	0	0	0	0	0	0	0	0	0	0	0	0	0	0	0	0	0	0	0	0	0	0	0	0	0	0	0	0	0	0	0	9	0	0	0	3	0	0	0	0	0	0
0	3	0	0	0	12	0	0	0	4	0	2	0	0	0	0	0	7	2	3	0	2	0	0	0	3	0	7	0	0	0	0	3	1	2	0	1	0	0	6	4	0	0	0	2	2	1	0	0	1	5	0	1	4	3	0	2	1	0	0	0	2	8	2	0	0	3	4	8	4	3	0	5	8	1	0	0	0	0	0	1
0	3	0	0	0	3	0	0	0	0	0	7	0	0	0	0	0	0	0	0	0	0	0	0	0	0	0	0	0	0	0	0	0	0	0	0	0	0	0	0	0	2	0	0	0	0	0	0	0	0	0	0	0	0	0	0	0	0	0	0	10	8	0	0	0	0	0	0	0	0	0	0	0	0	0	0	0	0	4	0	0
0	3	0	0	0	0	0	0	0	0	0	0	0	0	0	0	0	0	0	0	0	0	0	0	0	0	0	0	0	0	2	0	0	0	0	0	0	0	0	0	0	0	2	0	0	0	0	0	0	0	0	0	0	0	0	0	0	0	0	0	0	0	0	0	0	0	0	4	0	0	0	0	0	0	0	0	0	0	0	0	0
0	3	0	0	0	4	2	0	2	2	3	0	0	0	0	0	0	7	0	0	0	0	0	2	4	2	2	0	0	0	2	2	0	0	0	2	0	0	0	2	2	0	0	0	0	0	6	0	0	0	0	0	0	0	0	0	0	0	0	0	0	0	0	2	1	0	0	0	14	0	0	2	0	0	2	0	0	0	2	0	3
0	3	0	0	0	0	12	0	0	0	3	0	0	0	0	0	9	2	0	0	3	3	0	0	0	4	0	0	0	2	3	0	0	2	0	0	0	2	0	0	0	0	0	0	0	2	0	0	0	0	0	4	0	0	2	6	0	0	3	0	0	0	0	0	20	7	0	6	0	0	0	0	0	3	0	0	0	9	0	0	0
0	2	0	0	0	0	0	0	0	0	0	0	0	0	0	0	0	0	2	0	0	0	0	0	0	0	0	0	0	0	0	0	0	0	0	0	0	0	0	0	0	0	0	0	3	0	0	0	0	0	0	0	0	0	3	0	0	0	0	0	0	0	0	0	0	0	0	0	0	0	0	0	0	0	0	0	0	0	0	0	0
0	2	0	0	0	0	0	0	2	0	0	0	0	0	0	0	2	0	0	0	0	0	0	0	0	0	0	0	0	0	2	0	0	0	0	0	0	0	0	0	2	0	0	0	0	0	0	0	0	5	0	0	0	0	0	0	0	0	0	0	6	2	6	0	0	0	0	0	0	0	0	0	0	0	0	0	0	0	12	0	0
0	2	0	0	0	0	0	0	0	0	0	0	2	0	0	3	0	3	2	3	0	2	0	2	0	0	2	2	0	0	0	0	0	0	0	2	2	0	0	0	0	0	0	0	0	0	4	0	0	2	3	2	0	0	0	0	0	0	0	0	0	2	3	1	0	0	0	0	0	0	0	0	2	0	0	0	0	0	5	1	0
0	2	0	0	0	0	0	0	0	0	0	0	0	0	0	0	0	0	0	0	0	0	0	0	0	0	0	0	0	0	0	0	0	0	0	0	0	0	0	0	0	0	0	0	0	0	0	0	0	0	0	0	0	0	0	0	0	0	0	0	1	0	0	0	0	0	0	0	0	0	0	0	0	0	0	3	0	0	0	0	0
0	2	3	0	0	19	2	8	0	0	0	0	2	0	0	11	7	0	0	4	4	0	0	0	0	0	10	0	0	24	0	0	0	0	0	0	0	0	0	11	0	0	0	0	0	10	0	0	0	8	2	18	4	0	2	0	0	3	8	0	2	0	2	0	0	0	2	0	0	0	0	0	0	5	2	13	0	28	0	0	0
0	2	2	0	26	6	5	11	4	17	0	2	10	5	0	3	3	0	5	30	9	6	0	102	2	0	4	0	18	3	2	28	26	0	3	11	0	12	31	16	2	9	19	12	0	0	0	4	0	7	7	5	0	17	7	5	0	0	7	0	5	7	3	17	0	3	3	3	21	6	0	0	3	2	10	2	0	7	27	2	0
0	2	0	0	0	0	3	0	0	0	3	0	0	2	0	0	0	0	0	0	0	0	2	0	0	0	0	0	0	0	0	0	0	0	0	2	0	0	0	0	0	0	0	0	0	0	0	0	0	0	0	0	2	0	0	0	0	2	0	0	0	0	0	0	0	0	0	0	2	0	0	0	0	0	0	0	0	0	0	0	0
0	2	0	0	0	0	1	0	0	1	0	0	0	0	0	0	0	0	0	0	0	0	0	0	0	0	0	0	0	0	0	4	0	0	0	0	0	1	0	0	0	1	0	0	0	0	0	1	0	0	0	0	0	0	0	0	1	0	0	0	0	0	0	0	0	0	0	0	0	0	0	0	0	0	0	0	0	0	0	0	0
0	2	0	0	0	0	0	0	0	0	0	0	0	0	0	0	0	0	0	0	0	0	0	0	0	0	0	0	0	0	0	0	0	0	0	0	0	0	0	4	0	0	0	0	0	0	0	0	0	0	0	0	0	0	0	0	0	0	0	0	3	0	7	0	0	0	0	0	0	0	0	0	0	0	0	0	0	0	4	0	0
0	2	14	4	0	2	6	8	0	1	0	0	1	0	0	2	1	0	5	0	0	4	0	4	0	0	0	0	5	0	14	16	0	0	4	0	0	3	3	0	12	13	0	0	10	0	0	4	0	0	0	1	0	0	0	5	0	4	3	5	4	18	0	2	0	16	0	0	0	6	0	0	0	12	3	14	0	0	2	0	0
0	2	5	0	0	0	0	0	0	0	0	0	0	7	0	1	0	0	2	0	0	0	0	0	0	0	0	0	0	0	0	0	0	0	0	0	0	0	0	0	0	0	1	0	0	0	0	0	0	0	1	0	0	0	0	0	0	0	0	1	3	0	2	0	0	0	2	0	0	0	0	0	0	0	0	0	0	0	0	0	0
0	2	0	0	0	1	0	0	1	0	2	0	7	0	0	0	0	0	2	0	3	0	0	0	0	0	1	0	1	0	0	4	0	2	3	0	0	0	0	0	0	0	0	0	0	0	0	0	2	0	0	0	0	0	0	0	0	0	0	0	0	0	0	0	0	0	0	0	0	0	0	0	0	0	0	0	0	0	0	0	0
0	2	0	3	0	0	0	0	0	0	0	0	2	0	0	0	0	0	0	0	0	0	0	0	0	0	0	0	0	0	0	0	0	0	0	0	0	0	0	2	2	0	0	0	0	0	0	0	0	0	0	0	0	0	0	0	0	0	0	0	0	0	0	0	0	0	0	5	0	0	0	0	0	0	0	0	5	4	2	0	4
0	2	3	0	0	0	8	0	3	3	4	0	3	2	0	0	10	6	4	0	0	2	0	0	0	5	0	0	0	3	0	0	0	0	4	3	0	2	2	0	3	2	0	0	4	4	0	3	0	0	0	0	0	0	7	7	0	0	16	3	0	0	0	0	12	7	0	11	0	0	0	0	0	7	0	0	0	6	0	0	0
0	2	0	0	0	0	0	0	0	0	0	0	0	0	0	8	0	0	2	0	4	0	0	0	0	0	0	0	0	0	0	0	0	0	0	1	0	0	0	3	0	0	0	0	0	0	0	0	0	0	0	0	0	0	8	0	0	0	0	0	0	0	0	0	0	0	0	0	0	0	0	0	0	0	0	11	0	0	21	0	0
0	2	0	0	0	0	0	1	0	2	0	0	2	0	0	5	3	4	0	0	5	0	3	0	7	0	0	0	1	0	3	8	0	0	0	0	0	0	2	11	0	2	0	0	4	0	2	0	0	3	0	0	0	0	3	0	0	4	0	0	0	4	5	8	0	0	0	2	14	15	0	0	0	2	2	4	0	0	1	0	0
0	2	0	3	0	0	0	0	0	0	2	0	0	0	0	0	0	0	0	0	0	0	0	0	0	2	0	3	0	0	0	0	0	0	0	0	0	0	0	0	0	0	0	0	0	0	0	0	0	0	0	0	0	0	0	0	0	4	0	0	0	0	0	0	0	0	0	0	0	0	0	0	3	0	0	0	2	0	0	0	0
0	2	2	0	0	2	0	0	6	2	0	0	0	0	0	5	0	0	0	2	0	0	2	0	0	0	0	4	0	0	7	12	0	3	4	2	0	2	0	7	0	5	2	0	4	0	2	0	11	8	0	2	5	0	8	0	2	0	0	4	2	3	0	0	4	2	0	0	0	0	2	0	0	7	0	0	2	2	2	0	5
0	2	2	4	6	0	2	5	9	21	0	0	1	2	0	6	2	14	4	0	0	7	3	12	7	18	10	5	40	0	4	5	5	4	2	11	10	0	25	9	14	0	0	2	3	0	21	6	6	4	0	2	0	3	2	3	4	2	0	4	5	4	3	4	16	0	3	4	5	17	1	4	6	0	14	3	4	0	0	2	3
0	2	0	0	0	0	2	0	0	0	0	0	0	0	0	0	0	0	0	2	0	0	0	0	0	0	0	0	0	0	0	0	0	0	0	0	0	0	0	0	0	0	0	0	0	0	0	0	0	0	0	0	0	0	0	0	0	0	0	0	0	0	0	0	0	0	0	0	0	0	0	0	2	0	0	0	0	0	0	2	3
0	2	0	0	0	0	0	0	0	0	0	0	0	0	0	0	0	0	0	0	0	0	0	0	0	0	0	0	0	0	0	0	0	0	3	0	0	0	0	0	0	0	0	0	0	0	0	0	0	0	0	0	0	0	0	0	0	0	0	0	0	0	0	0	0	0	0	0	6	0	0	0	0	0	2	0	0	0	0	0	0
0	2	0	0	0	0	0	0	2	0	0	0	0	0	0	0	0	5	0	0	0	0	0	0	0	9	0	0	0	0	0	0	0	0	0	2	0	0	0	2	0	2	0	0	0	0	0	0	0	2	0	0	2	0	0	0	2	0	0	0	0	0	3	2	0	0	2	2	2	2	0	0	0	4	0	0	0	0	0	0	0
0	2	11	0	0	0	0	2	18	0	2	0	0	0	0	0	0	0	103	0	0	0	0	0	0	0	0	0	0	49	42	0	80	0	0	8	0	0	0	0	0	0	32	0	0	0	0	0	0	0	100	4	0	0	9	0	0	0	0	0	0	0	40	3	0	0	0	0	0	0	0	0	0	0	0	0	0	69	3	0	0
0	2	0	0	0	0	0	0	0	0	0	0	0	0	0	0	0	0	0	1	2	0	0	0	0	0	0	0	0	0	0	0	0	0	0	0	0	2	0	0	0	0	0	2	0	0	0	0	0	0	0	0	0	0	0	0	0	0	0	0	0	0	4	0	0	0	0	0	0	0	0	0	0	0	0	0	0	0	2	0	0
0	2	0	6	0	13	0	0	0	0	2	0	0	0	2	0	0	0	0	2	11	0	0	0	0	0	0	0	0	0	6	0	0	0	2	0	0	3	0	0	0	4	2	3	10	0	0	0	0	7	0	0	4	0	0	0	0	0	0	0	23	3	0	0	0	0	0	0	0	0	0	0	0	0	0	0	0	2	13	0	0
0	2	0	9	6	2	0	0	0	10	0	4	4	0	0	5	2	0	9	4	0	0	0	11	0	0	8	0	3	5	4	0	2	0	0	3	0	5	4	6	7	4	7	2	0	0	2	0	0	0	3	0	0	0	3	0	0	2	4	0	5	3	0	0	0	0	3	2	9	2	0	0	0	3	0	4	0	7	4	0	2
0	2	0	0	0	5	0	0	0	0	0	9	3	0	0	4	0	0	0	8	0	2	0	0	0	2	0	0	0	0	4	7	0	2	8	9	0	0	0	0	0	0	0	0	7	0	0	0	0	0	5	0	0	0	4	0	0	3	0	0	0	0	0	0	3	2	5	0	0	0	0	0	0	0	6	0	0	0	6	0	0
0	2	4	0	0	0	23	35	4	0	0	17	0	0	0	32	0	0	0	18	0	18	0	30	0	0	2	0	0	0	30	0	3	0	0	0	0	0	12	128	3	0	0	0	0	6	0	3	0	0	84	54	0	0	17	0	0	0	0	0	0	0	14	0	0	7	0	0	0	3	0	0	0	9	70	2	0	0	0	0	0
0	2	7	0	2	3	7	12	0	0	5	0	25	1	0	4	22	0	2	19	6	28	0	0	0	0	0	0	0	2	0	0	8	2	3	0	0	0	0	51	0	10	1	6	17	23	0	0	0	0	6	17	0	0	2	0	0	0	0	0	0	0	14	0	0	0	0	0	0	0	0	0	0	33	0	42	0	1	0	0	0
0	2	0	0	0	0	0	0	0	0	0	0	0	0	0	0	0	2	0	0	0	0	0	0	0	4	0	0	0	0	0	0	0	0	0	0	0	0	0	0	0	0	0	0	0	0	0	0	0	0	0	0	0	0	0	0	0	0	0	0	0	0	0	0	0	1	0	0	0	0	0	0	6	0	1	0	0	0	0	0	0
0	2	0	0	0	2	0	0	0	0	0	0	4	0	0	0	0	0	5	8	0	2	0	0	0	0	0	0	0	0	3	0	0	0	0	0	0	12	0	0	0	0	0	0	0	0	0	0	0	0	2	0	0	0	16	0	0	0	0	0	0	0	0	0	0	0	0	0	0	0	0	0	0	0	0	0	0	0	1	0	0
0	2	0	0	0	1	0	0	3	0	15	0	0	0	0	5	1	0	0	0	0	0	0	0	0	0	0	0	0	1	0	0	0	0	0	0	0	8	0	9	5	1	0	2	1	0	0	2	0	0	0	0	4	0	0	0	0	13	0	6	2	0	0	0	0	4	0	0	0	2	0	2	0	0	10	0	0	0	2	0	0
0	2	0	0	0	3	4	14	0	0	3	0	4	0	0	0	0	0	0	0	7	2	0	0	0	0	0	0	0	0	0	4	0	0	0	0	0	0	0	0	0	4	0	0	0	5	0	4	0	0	0	5	4	0	4	0	0	19	0	26	0	3	0	0	0	2	2	4	0	2	0	0	0	0	5	3	0	0	0	0	0
0	2	0	0	0	0	0	0	0	0	0	0	0	0	0	0	0	0	0	0	0	2	0	0	0	0	3	0	0	0	0	0	0	0	0	0	0	0	0	0	0	0	0	0	0	0	0	0	0	0	0	0	0	0	0	0	0	0	0	0	0	0	0	0	0	0	0	0	2	0	0	0	0	0	0	0	0	0	0	0	1
0	2	0	0	0	0	0	0	3	0	2	0	0	0	0	0	0	0	0	6	0	0	0	0	0	0	0	0	0	0	7	0	0	0	0	0	0	1	0	0	0	0	0	0	1	0	0	0	0	0	0	0	0	0	4	0	0	0	0	0	0	0	0	0	0	0	0	0	0	0	0	0	0	0	0	2	0	0	7	0	0
0	2	0	0	0	0	0	8	0	0	0	0	0	3	2	0	0	0	0	4	0	0	10	0	0	0	2	0	0	0	0	0	4	0	2	2	0	7	0	7	0	3	0	0	0	0	0	0	0	0	4	0	0	2	2	0	0	0	0	0	3	0	4	2	0	0	0	2	2	0	0	0	7	0	0	0	3	0	7	0	0
0	2	0	2	0	2	0	0	0	4	1	1	0	0	0	5	0	3	2	0	3	0	0	2	0	0	0	0	0	0	1	4	0	0	0	0	0	0	2	0	4	7	0	0	2	2	0	2	2	0	3	0	0	3	0	0	0	0	0	0	0	6	0	5	3	0	2	4	0	0	0	0	0	5	0	0	0	0	8	0	0
0	2	0	0	0	0	0	0	0	0	0	0	0	0	0	0	0	0	0	0	0	0	0	0	0	0	0	0	0	0	0	0	0	0	0	0	0	0	0	0	0	0	0	0	0	0	0	0	0	0	0	0	0	0	0	0	0	0	0	0	0	0	2	0	0	0	0	0	0	0	0	0	0	0	0	0	0	0	0	0	0
0	2	0	0	0	0	0	0	0	0	0	0	0	0	0	0	0	0	0	0	0	0	0	0	0	0	0	0	0	0	0	0	0	0	0	0	0	0	0	0	0	0	0	0	0	0	0	0	0	0	0	0	0	0	0	0	0	0	0	0	0	0	0	0	0	0	0	0	0	0	0	0	0	0	0	0	0	0	0	0	0
0	2	0	0	0	0	0	0	0	0	0	0	0	0	0	0	0	0	0	0	0	0	0	0	0	0	0	0	0	0	0	0	0	0	0	0	0	0	0	0	0	0	6	0	0	0	0	0	0	0	0	0	0	0	0	0	0	0	0	0	0	0	3	0	0	0	0	0	0	0	0	0	0	0	0	0	0	7	0	0	0
0	1	0	0	0	0	0	0	0	0	0	0	0	0	2	0	0	0	0	0	0	0	0	0	0	0	5	0	1	0	0	0	2	0	0	0	0	0	0	0	4	0	0	0	0	0	0	0	0	0	0	0	0	0	0	0	0	0	0	0	0	0	0	0	0	2	3	0	1	0	0	0	0	0	0	0	0	0	0	0	0
0	1	2	0	2	0	0	0	0	0	0	2	2	3	0	1	0	0	2	1	0	0	0	4	2	0	2	0	0	2	0	8	2	0	0	0	0	0	8	8	0	3	0	0	0	3	0	0	0	0	0	2	0	3	0	2	0	0	0	0	0	0	0	7	0	0	0	0	10	3	2	0	9	3	5	2	0	0	5	0	0
0	1	0	0	0	0	0	0	3	0	0	0	0	0	0	0	0	0	0	0	0	2	2	3	0	0	0	0	0	0	3	7	0	0	0	0	2	0	0	0	2	4	0	0	2	0	13	0	1	0	5	0	1	0	0	0	3	0	0	2	0	3	0	0	6	0	0	0	0	0	0	0	0	0	0	0	0	3	0	0	0
0	1	2	0	0	6	0	2	3	2	2	0	0	4	0	3	4	2	0	0	0	2	2	6	0	0	2	0	0	2	0	0	0	3	0	3	9	0	11	0	7	0	3	0	2	3	0	3	3	2	2	3	0	0	0	0	0	3	1	3	0	7	2	3	0	0	0	1	0	0	0	0	0	1	10	3	0	0	0	0	0
0	1	1	0	0	9	0	6	9	0	10	0	0	2	0	6	4	0	5	2	0	4	0	0	0	0	2	0	0	2	1	14	0	4	0	3	4	1	2	6	1	5	1	0	5	9	0	1	0	1	1	1	4	0	2	0	0	13	0	15	1	0	1	0	0	6	5	0	0	2	0	2	0	0	19	7	0	0	0	0	0
0	1	4	0	0	8	0	2	0	0	0	1	2	4	0	1	4	0	13	0	0	0	0	0	7	0	10	0	0	8	0	0	15	0	0	11	11	2	0	0	0	0	8	3	0	0	7	0	0	0	0	2	8	6	2	0	0	0	3	1	0	3	8	0	0	4	0	0	0	3	0	0	5	8	0	20	0	0	0	17	0
0	1	3	2	0	17	0	0	0	0	0	3	9	6	0	5	0	0	5	2	18	8	3	0	0	1	3	0	2	7	0	3	0	1	3	3	0	0	0	5	0	3	4	2	0	0	0	2	4	22	0	0	24	0	10	0	4	0	2	0	5	4	0	0	1	0	4	1	0	0	0	7	2	0	0	0	0	0	9	0	0
0	1	5	0	0	0	0	5	2	0	0	0	0	2	0	10	1	0	4	3	0	0	0	0	0	0	0	0	0	0	0	0	0	0	0	9	7	0	0	4	4	0	1	2	0	0	0	4	0	3	0	0	0	0	0	0	0	14	0	13	2	0	1	0	0	5	2	0	0	0	0	2	0	0	15	7	2	0	1	0	0
0	1	4	0	0	0	0	3	0	0	0	0	6	0	0	2	14	0	1	0	0	8	0	0	3	0	1	0	0	1	16	0	0	0	0	0	0	0	4	0	6	7	0	0	10	2	0	15	0	3	0	5	0	0	0	0	0	3	2	3	0	0	0	0	9	0	0	0	0	12	0	0	0	17	0	1	0	0	0	0	0
0	1	0	2	0	0	0	0	0	5	3	4	0	1	0	6	0	0	0	0	3	0	0	1	5	0	2	0	7	0	1	8	1	0	0	2	0	0	0	0	0	1	2	0	0	0	1	0	0	0	0	0	0	3	2	7	0	1	0	6	0	2	0	0	10	0	0	0	0	1	0	0	8	0	6	7	2	0	3	0	0
0	1	13	2	0	2	2	5	2	7	7	0	0	2	0	0	3	2	20	9	3	3	0	0	2	11	2	0	6	2	1	6	17	0	0	3	5	0	0	8	0	2	9	0	2	0	4	0	2	5	4	3	2	3	2	3	2	4	3	3	0	0	5	15	17	0	3	2	0	3	6	2	4	4	2	10	3	2	5	8	2
0	1	0	0	0	0	0	0	0	0	11	0	2	0	0	0	0	0	0	0	0	5	0	0	0	0	0	11	0	0	1	0	0	0	0	0	0	2	0	0	0	1	0	0	0	0	0	0	0	0	6	0	0	0	2	0	0	0	0	0	2	0	5	0	9	0	0	0	0	0	0	0	0	0	0	0	0	3	2	0	0
0	1	0	0	15	0	0	0	0	0	0	5	0	0	0	1	0	0	0	0	0	0	0	0	0	0	0	0	0	19	0	0	0	0	7	0	0	0	0	0	0	0	0	0	10	0	0	0	0	0	0	0	0	0	0	0	0	0	0	0	0	0	0	0	0	0	0	0	0	0	0	0	0	0	0	59	0	41	0	0	0
0	0	105	213	0	12	0	47	0	111	0	0	0	0	0	0	0	0	91	252	0	0	0	0	239	0	58	0	249	0	11	0	0	0	27	0	0	196	0	64	0	0	168	0	204	46	434	0	0	3	97	177	0	0	0	0	0	0	0	0	172	0	3	0	0	121	0	0	188	0	0	0	0	32	0	4	0	130	8	0	79
0	0	100	0	0	2	71	80	30	0	0	0	119	0	0	6	0	0	61	44	94	195	0	0	0	0	89	0	0	13	6	10	10	0	209	32	0	24	0	4	0	50	1	71	27	164	0	56	0	100	5	6	6	0	207	0	0	0	0	0	68	0	0	1	0	0	8	0	0	13	0	0	0	146	0	4	0	42	5	0	0
0	0	73	3	0	6	2	16	0	0	11	4	10	0	2	0	0	0	50	16	13	0	0	0	0	0	16	0	0	7	17	0	6	0	5	18	0	12	0	4	0	2	95	17	7	0	0	0	0	0	72	13	9	0	0	0	0	0	0	4	26	15	18	0	0	25	10	7	0	0	0	0	0	9	0	20	0	22	36	0	0
0	0	59	25	0	18	2	6	2	0	16	15	20	0	0	0	0	0	24	6	8	11	0	0	0	0	20	0	0	48	0	0	43	0	0	63	0	24	0	9	0	4	29	8	2	0	0	2	0	0	27	4	2	0	0	0	0	40	14	5	43	0	5	0	0	2	10	8	0	0	0	0	0	4	2	0	0	34	28	0	0
0	0	56	0	0	0	0	21	0	0	44	2	68	0	0	0	0	0	63	0	75	0	0	0	0	0	0	0	0	0	0	0	186	0	0	120	0	222	0	0	0	0	0	0	0	0	0	0	0	0	2	0	95	0	67	0	0	0	0	0	0	0	0	0	0	253	252	0	0	0	0	0	0	0	0	0	0	0	30	0	0
0	0	44	34	0	0	13	0	0	0	0	0	0	0	0	0	0	0	0	0	0	0	0	0	0	0	74	0	0	0	0	0	0	17	0	0	0	2	0	3	0	0	10	0	0	33	2	4	0	0	0	0	0	0	0	0	0	0	0	0	0	0	0	0	0	3	0	0	9	0	0	0	0	0	0	0	0	0	0	0	0
0	0	43	31	139	132	23	15	106	84	111	78	34	99	18	96	45	0	166	114	109	92	0	284	98	0	231	0	147	137	76	3	4	19	78	79	0	52	71	263	16	14	96	13	142	25	5	63	0	161	95	35	36	0	96	0	0	34	26	8	91	25	53	68	0	84	6	0	201	54	0	0	0	40	143	28	0	97	140	0	0
0	0	42	0	0	0	17	17	0	0	2	0	24	0	0	16	23	0	132	0	73	9	0	0	0	0	82	0	0	21	2	0	0	0	0	27	0	62	0	0	0	2	65	24	0	13	0	15	0	0	70	0	15	0	56	0	0	9	47	33	50	13	0	0	0	47	6	0	0	0	0	0	0	59	0	9	0	20	0	0	0
0	0	36	0	0	0	42	67	0	0	49	3	56	0	0	13	0	0	6	4	57	0	0	0	0	0	7	0	0	0	11	0	0	0	0	7	0	22	0	2	0	0	0	67	3	40	0	0	0	0	5	0	0	0	0	0	0	0	0	0	0	0	0	0	0	0	16	0	0	0	0	0	0	5	0	0	0	0	3	0	0
0	0	33	9	0	0	2	0	0	0	0	0	0	0	0	0	0	0	2	0	0	0	0	0	0	0	7	0	0	0	0	0	0	4	0	0	0	7	0	0	0	0	12	0	2	16	3	2	0	0	0	0	0	0	0	0	0	0	0	0	0	0	0	0	0	0	0	0	6	0	0	0	0	0	0	0	0	0	0	0	0
0	0	29	0	0	0	16	0	0	0	13	0	0	0	0	0	0	0	0	0	0	6	0	25	0	0	0	0	0	3	0	26	0	0	0	0	0	25	9	0	46	10	0	0	0	37	0	0	0	7	61	48	0	0	0	0	0	64	0	32	126	6	0	0	11	0	0	0	0	10	0	0	0	45	116	2	0	0	0	0	0
0	0	26	32	2	0	0	16	6	25	12	3	0	12	0	0	7	1	68	23	7	0	4	15	20	31	39	40	44	9	0	0	53	0	0	24	19	0	33	0	0	0	0	2	0	0	0	0	9	0	0	0	6	2	0	4	33	1	0	0	0	0	0	0	87	0	13	18	3	13	7	10	30	30	0	0	8	0	0	0	7
0	0	23	0	0	0	3	5	2	9	2	0	2	0	0	3	27	0	22	12	0	0	7	30	5	0	3	0	11	15	7	2	0	0	0	9	2	34	0	3	0	15	13	8	4	2	30	7	0	5	6	3	0	0	0	0	22	0	6	0	4	2	0	6	0	7	3	28	0	0	0	0	23	7	3	0	10	7	3	0	51
0	0	21	0	0	0	0	3	0	0	0	0	6	0	0	0	0	0	4	5	13	0	0	0	0	0	19	0	0	0	0	0	6	0	0	6	0	0	0	0	0	0	0	0	0	0	0	0	0	0	2	0	12	0	6	0	0	0	0	0	0	2	0	0	0	2	0	0	0	0	0	0	0	0	0	19	0	13	0	0	0
0	0	20	2	0	0	8	2	2	4	0	0	0	0	0	0	4	0	0	4	0	0	0	0	9	10	0	0	0	8	0	0	0	0	0	3	0	2	0	0	3	0	2	0	0	0	12	0	0	2	0	13	0	2	0	0	2	0	0	0	0	0	0	13	0	2	0	0	0	0	2	0	0	0	0	0	0	0	0	0	0
0	0	18	2	0	1	0	0	2	0	9	2	10	2	0	0	0	0	0	4	6	1	0	0	0	0	7	0	0	11	0	0	10	0	0	7	0	6	0	2	0	2	17	6	0	0	0	0	0	0	12	1	3	0	0	0	0	3	5	0	12	0	1	0	0	0	1	1	0	0	0	0	0	2	0	0	0	6	15	0	0
0	0	17	0	0	0	0	3	0	0	3	0	0	0	0	0	0	0	0	3	0	2	0	0	0	0	0	0	0	6	0	0	0	0	0	0	0	0	0	0	0	0	4	0	0	0	0	0	0	0	0	0	0	0	10	0	0	0	0	0	3	5	0	0	0	3	0	0	0	0	0	0	0	0	0	0	0	0	0	0	0
0	0	16	11	0	0	0	0	0	0	0	0	4	0	0	0	0	0	3	12	0	0	0	0	0	11	2	0	0	0	0	0	0	0	0	3	0	4	0	0	0	0	14	0	0	0	0	0	0	0	4	0	0	0	0	0	0	0	2	0	0	0	0	0	0	0	0	0	0	2	0	0	0	0	0	0	0	12	0	0	0
0	0	15	0	6	8	7	4	22	7	21	8	6	9	0	0	14	8	52	7	14	8	0	3	7	4	40	0	11	7	8	8	3	17	5	3	0	8	0	0	5	0	35	6	4	11	17	0	0	0	7	17	10	0	0	5	0	13	19	10	0	23	0	12	4	0	11	0	36	18	0	0	0	10	7	0	0	17	58	0	3
0	0	14	0	0	0	13	10	4	0	0	0	19	0	5	0	0	0	13	12	6	0	0	0	0	0	4	0	0	3	7	0	4	0	3	9	0	16	0	2	35	4	14	0	0	2	0	0	0	0	0	4	0	3	13	0	0	0	0	0	0	0	0	0	0	16	0	0	0	10	0	0	0	0	0	24	0	14	14	0	0
0	0	13	0	0	0	0	0	0	7	0	0	0	5	0	0	0	11	0	0	0	0	7	0	0	0	0	38	0	0	0	5	0	0	0	0	0	0	0	0	9	0	0	0	0	0	10	0	3	0	0	0	0	0	0	0	14	0	0	0	0	0	0	0	0	0	0	14	0	21	0	0	0	0	0	8	0	0	3	0	0
0	0	13	0	0	0	0	0	0	0	0	0	0	0	0	0	0	0	0	0	0	0	0	0	0	0	0	0	0	0	0	0	0	0	0	0	0	0	0	0	0	0	0	0	0	0	0	0	0	0	3	0	0	0	0	0	0	0	0	0	0	0	0	0	0	0	0	0	0	0	0	0	0	0	0	0	0	0	0	0	0
0	0	13	218	1	23	4	1	0	0	0	0	0	0	0	2	0	0	28	16	0	0	0	0	0	0	0	0	0	15	37	2	35	0	19	0	0	12	35	0	0	0	0	23	29	0	2	2	0	0	6	2	0	0	46	0	0	0	11	0	63	3	12	23	0	0	1	0	46	0	0	0	0	28	14	4	0	0	14	0	0
0	0	13	15	0	0	0	11	0	0	27	24	3	3	0	18	0	0	6	15	0	6	0	0	0	0	4	0	0	35	6	6	0	0	0	0	0	9	0	0	0	28	21	8	15	43	0	25	0	2	46	4	2	0	72	0	0	0	0	6	43	25	0	0	0	0	2	4	0	0	0	0	0	22	0	0	0	3	55	0	0
0	0	13	19	0	1	0	2	0	0	5	7	10	2	0	2	0	0	14	2	10	0	0	0	0	0	12	0	0	38	0	0	18	0	0	28	0	4	0	3	0	5	19	7	2	0	0	2	0	0	13	5	6	0	0	0	0	13	8	0	16	0	12	0	0	0	2	1	0	0	0	0	0	0	0	0	0	18	3	0	0
0	0	12	6	0	0	0	0	0	0	0	0	0	0	4	0	0	0	24	0	6	0	0	0	0	0	2	8	0	0	0	0	9	0	0	3	0	0	0	0	0	2	0	7	0	0	0	8	0	0	5	0	12	0	0	0	0	3	0	0	0	0	0	0	0	0	0	0	0	0	0	0	0	0	0	0	0	0	0	0	0
0	0	12	0	26	0	0	8	3	0	0	0	0	0	3	0	20	0	3	0	0	34	0	0	0	0	0	0	0	0	0	0	0	0	0	0	0	3	40	0	3	0	19	0	0	0	0	0	0	0	9	0	1	0	0	17	0	6	5	0	0	0	9	21	20	7	0	0	0	0	0	0	0	0	0	8	0	0	23	0	0
0	0	10	0	0	0	0	0	0	0	0	0	0	0	0	0	0	0	7	28	0	0	0	0	0	0	0	0	0	0	0	0	0	0	0	0	0	0	0	0	0	0	36	3	0	0	0	0	0	0	4	2	0	0	2	0	0	0	0	0	0	0	7	0	0	0	0	0	0	0	0	0	0	0	0	0	0	10	3	0	0
0	0	10	3	0	0	0	5	0	0	5	7	4	2	0	11	0	0	2	19	0	10	0	0	0	0	4	0	0	7	2	1	0	0	0	0	0	6	0	1	0	10	8	1	8	19	0	11	0	0	19	0	1	0	49	0	0	0	0	5	13	21	0	0	0	0	0	1	0	0	0	0	0	5	0	0	0	2	17	0	0
0	0	10	0	0	0	12	14	0	0	8	0	12	0	0	3	0	0	0	0	11	0	0	0	0	0	2	0	0	0	1	0	0	0	0	0	0	6	0	0	0	0	0	11	0	10	0	0	0	0	0	0	0	0	0	0	0	0	0	0	0	0	0	0	0	0	1	0	0	0	0	0	0	2	0	0	0	0	3	0	0
0	0	9	16	5	0	0	4	0	0	2	0	2	5	0	0	2	5	5	5	3	2	3	4	3	20	4	0	2	5	0	0	7	0	0	6	4	0	14	3	0	2	2	4	2	0	2	0	7	0	2	0	0	0	0	2	3	0	0	7	7	0	3	0	0	9	0	6	3	2	0	0	0	0	2	15	0	8	0	0	8
0	0	9	0	19	0	0	0	9	5	0	0	0	0	0	0	0	0	6	4	0	0	0	2	0	0	0	0	4	0	2	0	0	0	0	0	0	0	2	0	0	0	0	0	6	0	0	2	0	2	0	0	2	2	0	0	0	0	0	0	0	0	0	14	0	0	0	0	26	0	0	0	0	0	2	0	0	4	6	0	0
0	0	9	0	0	0	0	6	0	0	0	0	12	0	0	0	0	0	7	0	13	0	0	0	0	0	0	0	0	0	0	0	25	0	0	11	0	32	0	0	0	0	0	0	0	0	0	0	0	0	0	0	19	0	13	0	0	0	0	0	0	0	0	0	0	56	35	0	0	0	0	0	0	0	0	0	0	0	7	0	0
0	0	9	0	0	5	3	5	4	0	0	3	12	0	0	3	13	0	8	13	2	4	0	3	0	0	5	2	6	13	10	9	19	0	6	20	5	7	2	5	2	5	2	0	6	4	7	0	0	4	22	2	13	0	11	0	0	4	31	3	5	6	0	0	5	6	9	0	0	5	0	0	0	10	0	3	0	13	10	0	0
0	0	9	0	0	3	0	2	0	0	0	0	0	0	0	0	0	0	0	0	0	0	0	0	0	0	0	0	0	0	0	0	0	0	0	4	0	8	0	0	0	0	0	0	0	0	0	0	0	0	2	0	0	0	0	4	0	0	0	0	0	0	0	0	0	0	0	0	0	0	0	0	0	0	0	6	0	0	0	0	3
0	0	9	0	0	17	6	0	2	0	4	1	31	0	0	0	0	0	4	31	0	32	0	0	0	0	30	0	0	0	71	0	0	0	8	0	0	20	0	0	0	9	0	1	54	1	0	4	0	24	3	0	5	0	15	0	0	0	0	2	34	27	0	0	0	0	0	0	2	2	0	0	0	9	0	21	0	0	28	0	0
0	0	8	1	0	0	4	17	8	4	0	0	2	0	0	2	8	0	0	0	0	6	0	2	0	0	0	0	0	3	8	17	0	0	2	0	0	3	0	0	5	22	0	0	25	5	0	2	0	0	0	0	2	0	0	0	0	6	0	11	1	35	0	0	1	6	0	8	0	0	0	0	0	9	6	3	0	0	0	0	0
0	0	8	4	0	22	0	0	0	3	3	0	0	0	0	1	0	0	0	31	0	0	0	0	0	18	3	0	0	0	7	0	0	6	0	1	0	1	0	0	0	2	1	0	0	3	0	0	0	0	0	0	2	0	0	0	0	0	16	0	0	0	0	0	0	0	0	0	0	0	0	0	0	19	0	0	0	27	4	0	0
0	0	8	0	0	27	0	24	16	0	18	24	0	62	0	9	14	0	28	4	11	21	0	0	0	0	9	67	0	5	0	0	0	18	2	5	0	1	0	0	0	16	0	7	0	0	0	5	0	0	0	0	5	0	0	0	13	15	18	7	0	9	0	25	54	0	0	3	0	0	0	14	3	0	0	0	13	8	12	11	2
0	0	7	25	41	0	29	0	10	35	10	0	3	24	0	0	9	3	0	0	3	2	0	0	24	14	0	0	11	3	0	3	0	24	0	0	0	0	0	0	2	0	4	0	2	6	20	4	0	3	0	1	2	2	0	0	0	0	16	2	16	0	6	33	20	0	0	31	43	9	0	0	0	11	0	0	0	6	4	0	0
0	0	7	2	0	0	0	0	0	0	0	0	0	0	0	4	0	0	0	0	4	0	0	19	0	0	0	0	0	10	7	0	0	5	0	0	5	0	0	24	0	0	0	0	0	0	0	4	0	0	0	0	7	0	53	0	0	0	0	0	0	0	0	0	0	0	0	0	0	0	0	0	0	7	0	0	0	3	20	0	0
0	0	7	0	0	2	0	5	0	0	0	0	1	0	0	0	0	0	2	2	7	0	0	0	0	0	6	0	0	0	10	5	5	0	0	0	0	0	0	5	0	3	0	10	0	0	0	6	0	0	0	0	0	0	4	0	0	0	0	0	0	0	0	0	0	0	0	0	0	0	0	0	0	0	0	0	0	0	4	0	2
0	0	7	0	0	0	0	0	0	0	0	0	0	0	0	0	0	0	9	0	25	0	0	0	0	0	11	0	0	0	2	0	0	0	0	2	0	0	0	0	0	0	0	0	0	0	0	0	0	0	0	0	0	0	0	0	0	0	0	0	0	0	0	0	0	0	0	0	0	0	0	0	0	0	0	0	0	0	0	0	0
0	0	7	5	0	0	0	0	0	0	0	0	0	0	0	0	0	0	13	0	3	0	0	0	0	4	5	5	0	0	0	0	7	0	0	5	0	0	0	0	0	2	0	1	0	0	0	3	0	0	4	0	8	0	0	0	0	0	0	0	0	0	0	0	0	0	0	0	0	0	0	0	0	0	0	0	2	0	0	0	0
0	0	7	0	0	29	0	2	0	0	0	0	2	0	0	0	0	0	109	0	38	0	0	0	0	0	0	0	0	0	0	0	0	0	0	0	0	0	0	0	0	0	0	0	0	0	0	0	0	0	0	0	0	0	0	0	0	0	0	0	0	0	0	0	0	0	0	0	0	0	0	0	0	0	0	8	0	0	7	0	0
0	0	7	0	0	0	0	0	0	0	0	0	0	0	0	0	0	0	0	0	0	0	0	0	0	0	0	0	0	1	0	0	5	0	21	0	0	0	0	0	0	0	1	0	0	0	0	0	0	0	0	0	0	0	0	0	0	0	0	0	0	0	0	0	0	0	8	0	0	0	0	0	0	0	0	0	0	0	0	0	0
0	0	7	0	13	0	0	3	0	0	0	3	0	0	2	0	7	0	0	0	0	17	0	0	0	0	0	2	0	0	0	0	0	0	0	0	0	2	21	0	0	0	11	0	0	0	0	0	0	0	4	0	0	0	0	5	0	2	2	0	0	0	10	13	7	2	0	0	0	0	0	0	0	0	0	6	0	0	17	0	0
0	0	6	0	0	24	0	39	14	0	17	19	0	64	0	5	26	0	0	2	1	12	0	0	0	0	0	75	0	12	0	0	0	23	0	6	0	2	0	0	0	17	0	12	0	0	0	21	0	0	0	0	3	0	0	2	17	8	23	2	4	6	0	27	37	0	0	0	0	0	0	7	3	0	2	0	5	4	13	7	7
0	0	6	0	0	0	0	8	0	0	0	0	0	0	0	0	0	0	0	0	0	0	0	0	0	0	0	0	0	0	0	0	0	0	0	10	0	0	0	0	0	0	0	0	0	0	0	0	0	0	0	0	0	0	0	0	0	0	0	0	0	0	0	0	0	0	0	0	0	0	0	0	0	0	0	3	0	2	0	0	0
0	0	6	5	0	2	0	10	10	4	2	0	6	10	2	1	18	7	5	6	8	14	0	23	5	8	11	22	23	8	3	48	4	10	4	0	2	4	23	7	9	19	9	7	2	0	13	9	0	16	6	3	3	3	0	4	0	0	0	7	5	3	0	13	7	0	0	9	18	8	0	0	0	0	6	11	0	2	1	2	6
0	0	6	17	42	8	12	11	0	35	3	0	4	26	14	27	0	0	4	0	2	8	0	49	41	0	16	0	33	18	60	95	0	0	9	2	0	4	57	3	13	17	0	0	0	23	14	43	0	16	2	32	5	15	2	0	0	38	0	17	11	8	0	0	0	0	0	4	0	0	0	0	0	27	76	2	0	0	0	0	0
0	0	6	0	0	1	0	17	0	0	2	1	0	2	0	2	4	0	0	20	3	13	0	0	0	0	0	0	0	1	0	0	2	0	6	0	0	0	0	4	0	0	0	7	17	0	0	0	0	0	8	16	0	0	6	0	0	0	0	0	1	4	0	0	0	0	0	0	0	0	0	0	0	21	0	16	0	2	0	0	0
0	0	6	0	2	1	14	12	0	0	8	2	22	0	0	4	15	0	3	13	3	58	0	0	0	0	0	56	0	3	2	0	8	0	0	0	0	0	0	61	0	6	11	27	28	53	0	0	0	5	3	22	2	0	1	0	0	0	0	2	2	0	26	0	0	0	0	0	0	0	0	0	0	36	2	47	0	4	5	0	0
0	0	6	0	0	5	1	0	0	0	2	0	9	0	0	0	0	0	0	21	0	16	0	0	0	0	7	0	0	0	22	0	0	0	0	0	0	6	0	0	0	5	0	3	13	0	0	0	0	0	0	0	2	0	0	0	0	0	0	1	12	10	0	0	0	0	0	0	2	0	0	0	0	1	0	0	0	0	2	0	0
0	0	6	13	0	0	0	4	0	0	28	15	2	0	0	16	0	0	13	27	0	3	0	0	0	0	8	0	0	17	10	5	0	0	0	0	0	2	0	0	0	20	33	7	9	42	0	16	0	0	27	3	5	0	60	0	0	0	0	5	26	16	0	0	0	0	0	4	0	0	0	0	0	15	0	0	0	0	36	0	0
0	0	6	2	0	5	0	0	0	11	4	0	6	3	0	8	3	0	2	5	7	12	0	15	2	0	4	0	15	5	6	6	8	0	0	2	2	7	22	9	0	4	0	0	8	9	12	0	0	0	0	0	4	7	7	2	2	10	11	0	0	4	0	0	41	3	7	0	4	5	1	2	3	0	16	28	3	1	0	0	4
0	0	6	0	0	7	0	15	0	0	0	0	2	0	2	5	9	0	6	9	0	2	2	0	26	0	3	0	0	5	0	5	0	0	0	0	3	0	0	3	0	0	0	0	0	3	1	0	0	0	0	3	3	0	2	0	0	0	3	2	0	0	0	0	0	0	0	4	33	15	0	0	0	7	0	4	0	0	0	0	5
0	0	6	0	0	0	0	2	0	0	0	0	0	0	0	0	0	0	4	16	0	2	0	0	0	0	0	0	0	0	2	0	0	0	0	0	0	0	0	0	0	0	16	0	0	0	0	0	0	0	14	0	0	0	2	0	0	0	0	0	0	0	10	0	0	0	2	0	0	0	0	0	0	0	0	0	0	2	0	0	0
0	0	5	0	0	0	0	0	3	0	0	0	0	0	0	0	0	0	12	0	0	0	0	0	0	0	0	0	0	2	5	0	0	0	0	0	0	6	0	0	0	0	9	0	4	0	0	0	0	0	11	0	2	0	0	0	0	0	0	0	0	0	0	0	0	0	0	0	0	0	0	0	0	0	0	0	0	5	10	0	0
0	0	5	0	0	0	0	0	0	0	0	0	0	0	0	0	0	0	0	0	0	0	0	0	0	0	3	0	0	0	0	0	0	0	3	0	0	0	0	0	0	0	2	0	0	0	0	0	0	0	4	0	0	0	0	0	0	0	0	0	0	0	0	0	0	0	0	0	0	0	4	0	0	0	0	0	0	0	0	0	0
0	0	5	8	0	0	0	1	0	0	24	15	0	0	0	34	0	0	3	13	4	5	0	0	0	0	0	0	0	12	9	1	0	0	0	0	0	12	0	2	0	27	22	6	19	35	0	6	0	0	13	1	2	0	46	0	0	0	0	2	31	34	0	0	0	0	7	4	0	0	0	0	0	27	0	0	0	0	13	0	0
0	0	5	0	0	0	0	0	0	36	0	0	0	0	0	0	0	8	8	0	0	0	0	0	17	20	15	27	67	0	0	0	0	10	0	22	0	0	0	0	0	0	0	0	0	0	10	0	14	0	0	0	0	0	0	39	27	0	0	0	0	0	0	0	62	0	11	0	0	0	12	0	27	0	15	0	0	0	0	21	5
0	0	5	7	0	8	3	7	26	0	15	4	0	10	0	0	0	0	0	10	5	28	0	0	0	0	0	0	0	0	2	3	0	0	3	0	0	0	0	15	2	16	9	0	12	10	0	5	0	30	15	5	0	0	7	0	0	3	0	11	9	38	3	0	0	3	0	0	0	0	0	0	0	4	0	0	0	4	9	0	0
0	0	5	2	0	2	8	0	0	10	0	0	2	0	0	3	0	0	2	0	0	0	0	11	0	0	2	0	2	4	0	20	0	0	2	0	0	1	7	0	0	8	0	0	0	6	0	9	0	0	0	0	0	0	0	5	0	0	13	4	3	20	0	0	0	7	0	5	0	0	0	0	0	5	0	6	0	0	0	0	0
0	0	5	0	0	0	0	0	0	0	0	0	7	0	0	0	0	0	3	0	5	0	0	0	0	0	0	0	0	0	0	0	0	0	0	0	0	0	0	0	0	0	0	2	0	0	0	0	0	0	0	0	0	0	0	0	0	0	0	0	0	0	0	0	0	0	0	0	0	0	0	0	0	0	0	0	0	0	0	0	0
0	0	5	0	0	0	0	2	0	0	0	0	10	0	0	0	0	0	31	59	11	0	0	0	0	0	0	0	0	32	0	0	2	0	0	27	0	2	0	6	0	0	91	23	0	0	0	0	0	0	5	0	0	0	17	0	0	0	0	0	0	0	28	0	0	0	0	0	0	0	0	0	0	0	0	0	0	28	7	0	0
0	0	5	0	0	2	0	0	26	0	2	55	0	2	0	0	0	0	0	320	0	14	0	0	0	0	0	0	0	0	97	0	0	0	248	0	0	49	0	509	0	7	3	0	95	0	0	0	0	48	0	3	65	0	0	0	0	0	0	0	163	2	0	0	0	0	0	0	0	0	0	0	0	0	0	7	0	11	314	0	0
0	0	5	2	0	0	6	4	16	2	1	5	0	6	0	0	5	0	9	4	0	9	0	0	8	0	0	0	0	2	2	5	10	0	6	1	9	11	12	11	0	2	19	0	1	10	0	2	0	0	8	8	0	0	12	10	0	7	0	15	14	1	0	12	0	15	5	27	0	8	0	0	17	2	17	5	1	5	30	0	18
0	0	5	3	0	0	0	0	2	0	0	0	0	0	0	0	0	0	0	0	5	5	0	0	0	0	6	0	0	4	2	0	7	0	2	7	2	3	0	4	2	0	0	0	4	0	6	0	0	0	0	0	0	0	4	3	0	0	0	0	0	0	0	4	0	4	0	0	5	2	0	0	4	0	0	0	0	0	0	2	0
0	0	4	0	0	0	0	0	0	0	2	0	0	0	6	0	0	0	0	0	0	0	0	0	0	0	17	0	0	0	0	0	0	0	0	0	0	0	0	0	0	0	5	0	0	0	14	0	0	4	5	0	0	0	0	0	0	6	0	0	0	0	0	0	0	0	0	0	0	0	0	0	0	0	0	0	0	2	6	0	0
0	0	4	0	0	4	2	0	0	0	8	0	11	2	0	14	0	0	7	0	2	2	0	0	0	0	4	0	0	12	0	0	8	0	0	4	0	0	0	0	0	0	0	8	0	5	0	3	0	0	0	4	0	0	17	0	0	0	3	4	0	0	2	0	0	0	4	0	0	0	0	0	0	11	5	6	0	0	0	0	0
0	0	4	0	0	18	3	0	0	0	0	0	0	0	0	0	0	0	3	6	0	0	0	0	0	0	0	0	0	0	0	0	0	0	0	0	0	2	0	3	0	0	0	0	10	7	0	0	0	0	0	6	0	0	0	0	0	0	0	0	11	0	1	0	0	13	0	0	0	0	0	0	0	2	0	0	0	0	0	14	0
0	0	4	0	0	0	0	0	0	0	0	0	0	0	0	0	1	1	1	1	0	0	0	0	3	0	0	0	4	0	0	0	0	7	0	2	0	0	0	2	0	0	1	0	0	0	33	0	0	0	0	0	1	0	0	0	5	0	0	2	0	1	0	4	3	0	0	0	0	0	0	0	0	0	2	1	0	0	0	0	0
0	0	4	0	0	23	0	0	0	0	0	36	4	2	0	8	0	0	50	22	0	23	0	0	0	0	11	0	0	18	21	0	0	0	3	7	0	15	0	6	0	3	36	0	4	0	0	2	0	5	4	0	8	0	64	0	0	0	0	3	7	3	0	0	0	0	0	0	0	0	0	0	0	0	0	0	0	21	17	0	0
0	0	4	0	0	0	2	5	2	0	0	0	6	0	0	0	0	0	2	0	5	7	0	0	0	0	3	0	0	0	0	0	2	0	0	0	0	0	0	6	0	2	4	10	0	0	5	4	0	0	1	0	6	0	20	0	0	16	3	0	0	0	0	0	0	0	0	0	0	0	0	0	0	18	0	0	0	5	2	0	5
0	0	4	0	0	0	0	0	0	0	0	0	0	0	0	0	0	0	8	0	0	0	0	0	0	0	0	0	0	0	0	0	4	0	0	3	3	0	2	0	0	0	3	0	0	0	0	0	0	0	4	0	2	0	0	0	0	0	0	0	0	0	2	0	0	0	0	0	0	0	0	0	0	0	0	0	0	0	0	0	2
0	0	4	0	2	2	2	0	0	0	0	0	0	0	0	0	0	0	0	0	0	0	0	0	0	0	0	0	0	0	2	0	0	4	0	2	0	2	0	3	0	0	0	0	0	0	0	0	0	0	0	0	0	0	0	0	0	4	0	0	0	0	0	0	0	2	0	2	0	0	0	0	0	0	3	0	0	2	2	0	0
0	0	4	2	0	0	0	0	0	0	0	0	0	0	0	0	0	0	0	0	0	0	0	0	0	0	0	0	5	0	0	0	2	0	2	0	0	0	3	0	0	0	0	0	0	0	0	0	0	0	0	0	0	0	0	0	0	0	0	0	0	0	0	3	0	0	0	0	2	0	0	0	2	0	2	0	0	0	0	0	0
0	0	4	0	3	0	0	0	0	0	0	0	0	0	0	0	0	0	0	4	0	0	0	0	0	0	0	0	0	0	0	0	4	2	0	0	0	0	5	0	0	0	9	0	0	0	0	0	0	0	0	3	0	0	0	0	0	0	0	0	0	0	0	3	0	0	0	0	0	0	0	0	0	0	0	0	0	0	0	0	0
0	0	4	0	0	0	0	0	0	0	0	0	0	0	0	4	0	0	0	2	0	0	0	0	0	0	0	0	0	0	0	0	5	0	0	6	0	7	0	1	0	0	3	2	0	0	0	0	0	0	2	0	0	0	0	0	0	9	0	0	2	0	21	0	0	3	0	0	0	0	0	0	0	0	0	12	0	0	0	3	0
0	0	4	1	2	0	0	0	31	0	0	0	0	0	0	6	0	0	0	0	0	0	0	8	5	0	0	0	0	0	0	0	0	0	0	0	0	0	10	0	0	0	0	0	0	0	10	3	0	0	2	0	0	0	0	0	0	0	0	0	0	0	0	6	0	0	0	0	0	0	0	0	0	0	0	0	0	0	0	0	0
0	0	4	1	0	0	0	0	3	0	0	0	0	0	0	0	0	0	0	4	0	0	0	0	0	0	0	0	0	0	2	0	0	0	0	0	3	0	0	3	1	0	0	0	0	0	0	0	0	0	0	0	4	0	0	0	0	2	0	0	0	0	0	0	0	0	0	0	0	0	1	0	0	3	0	0	0	0	0	2	0
0	0	4	41	3	4	20	11	55	0	58	0	14	3	83	5	41	2	21	6	6	0	0	75	110	0	32	87	85	0	3	11	56	5	3	31	0	0	63	51	18	2	114	4	0	42	79	14	0	23	5	20	4	28	52	70	0	10	53	7	5	13	57	110	0	10	47	3	16	25	0	0	145	93	35	75	9	6	4	28	194
0	0	4	0	0	6	2	9	0	0	0	0	0	0	0	3	3	0	12	7	0	0	2	0	28	0	6	0	0	8	0	10	2	0	0	0	0	0	0	4	0	0	0	0	0	4	3	0	2	0	0	0	8	0	0	0	0	0	4	0	0	0	0	2	0	7	0	6	36	12	0	0	0	8	3	14	0	0	0	0	6
0	0	4	26	0	4	0	0	0	0	0	0	0	0	0	8	0	0	0	0	0	0	0	0	0	2	0	0	0	17	0	0	0	0	0	0	0	0	0	0	0	0	11	0	0	0	0	0	0	0	0	0	11	0	0	0	0	0	0	0	0	0	0	0	0	0	0	0	0	0	0	0	0	0	0	0	0	5	0	0	0
0	0	3	0	0	6	0	3	9	5	14	4	5	0	0	5	0	0	4	13	3	2	0	3	0	0	13	0	2	0	0	0	8	9	3	0	0	3	0	5	0	4	3	0	0	2	6	5	0	0	3	6	0	0	5	0	0	2	0	10	4	10	0	0	0	0	0	0	0	0	0	0	0	0	2	35	0	3	7	0	0
0	0	3	5	0	0	0	0	0	0	0	0	0	0	0	0	0	0	0	0	0	0	0	0	0	0	0	0	0	0	0	0	0	0	0	0	0	0	0	0	0	0	0	0	0	0	0	0	0	0	2	0	0	0	0	0	0	0	0	0	0	0	0	0	0	2	0	0	0	0	0	0	0	0	0	0	0	0	0	0	0
0	0	3	3	0	2	2	6	0	0	7	0	9	2	0	0	0	0	6	4	4	12	0	0	0	0	7	0	0	0	8	8	2	0	0	0	0	5	0	1	0	1	0	3	0	0	7	10	0	0	0	0	0	0	0	0	0	0	6	0	4	1	0	0	0	0	0	0	0	0	0	0	0	19	0	3	0	6	0	0	2
0	0	3	3	0	28	0	0	0	3	1	3	2	0	0	1	3	0	0	35	0	0	0	0	0	9	1	0	0	4	1	0	0	5	0	1	0	3	0	0	0	9	3	0	0	14	0	0	0	0	0	0	2	0	0	0	0	2	16	0	0	0	0	0	0	0	3	0	0	0	0	0	0	12	0	0	0	22	6	0	0
0	0	3	0	2	0	3	0	0	0	0	0	3	2	0	0	3	0	3	2	0	0	0	5	0	0	2	2	2	4	2	0	0	0	2	2	0	0	2	0	0	0	2	0	3	0	0	0	0	0	0	0	0	0	0	0	0	0	2	0	0	0	0	0	5	0	0	0	0	3	0	0	0	0	4	0	0	0	0	0	0
0	0	3	0	0	0	0	3	4	0	12	0	0	0	0	0	0	1	2	3	0	0	0	0	0	0	0	0	0	4	1	0	3	0	0	0	4	0	0	5	0	0	0	2	3	0	0	0	0	0	6	2	0	0	1	0	0	0	0	3	4	1	0	0	0	1	2	6	0	0	0	4	0	0	0	0	2	0	0	0	0
0	0	3	4	5	4	6	3	6	4	8	2	3	6	2	2	0	0	6	4	0	6	2	8	2	7	6	3	6	9	7	9	5	5	2	12	4	4	11	5	5	6	6	2	4	3	3	7	5	3	4	10	0	2	5	2	0	5	0	9	13	9	2	10	11	0	0	6	5	6	3	0	5	6	7	4	0	0	7	18	1
0	0	3	0	2	0	5	0	2	0	8	0	0	0	0	0	2	0	2	0	0	0	0	0	0	0	0	0	0	2	0	0	8	0	0	4	0	3	0	0	0	0	3	0	0	0	0	0	0	0	2	0	0	0	0	6	0	5	0	2	0	0	0	6	5	2	0	3	8	4	0	0	6	0	2	0	0	8	0	0	0
0	0	3	0	0	0	0	0	0	0	17	0	0	0	0	0	0	0	0	2	0	1	0	0	1	0	2	0	0	0	0	0	0	0	0	0	0	0	0	0	0	0	0	0	0	0	0	0	0	0	0	0	0	0	3	0	0	0	0	0	0	0	0	0	0	0	19	0	3	0	0	0	0	0	0	0	0	0	3	0	0
0	0	3	11	0	0	0	0	0	0	0	0	0	0	0	0	10	0	2	0	0	0	0	7	0	0	0	0	0	0	0	10	0	0	0	0	0	0	4	0	0	0	0	0	0	7	0	0	0	0	2	0	0	0	0	0	0	0	0	0	0	0	0	0	14	0	0	0	0	0	0	0	0	3	0	0	0	0	0	0	0
0	0	3	0	0	0	0	0	0	4	54	0	0	2	0	0	0	0	0	0	0	0	0	0	0	0	2	2	0	0	0	7	2	3	0	0	0	0	2	0	0	0	3	0	0	0	0	2	2	2	0	3	0	0	0	3	0	3	0	0	0	0	0	0	0	0	0	0	0	0	2	0	0	7	28	0	0	0	0	0	0
0	0	3	0	0	19	0	7	4	6	1	0	5	0	0	0	0	137	1	0	8	0	0	0	8	0	6	0	32	7	0	8	6	0	0	0	15	3	0	0	0	0	4	0	5	0	0	4	0	0	5	0	0	0	0	0	0	57	0	0	1	0	3	0	0	3	0	0	0	0	0	0	0	0	31	11	0	0	0	0	0
0	0	3	16	0	0	39	0	0	13	36	0	0	9	0	0	0	2	0	3	0	10	0	0	0	3	6	0	0	47	2	7	13	9	2	0	5	0	0	0	0	0	0	0	0	0	0	0	0	0	0	0	0	0	0	0	0	0	0	0	0	0	8	0	0	0	0	13	15	0	5	0	27	0	0	0	6	0	0	0	0
0	0	3	0	0	3	0	6	0	0	5	0	4	0	0	0	2	0	0	3	4	0	0	0	0	0	3	0	0	2	4	8	0	4	0	2	0	0	1	4	0	3	1	0	5	15	0	5	0	0	0	0	3	0	1	0	0	5	0	5	0	0	0	0	2	0	0	0	0	0	0	1	0	1	7	0	0	0	0	0	0
0	0	3	0	0	5	0	0	0	0	0	6	5	8	0	4	0	0	13	35	3	0	0	0	0	0	5	0	0	5	6	0	2	0	0	54	0	10	0	17	0	0	34	7	0	0	0	0	0	0	12	17	11	0	13	0	0	0	0	0	0	4	18	0	0	14	13	0	0	0	0	0	0	0	0	16	0	51	7	0	0
0	0	3	2	0	0	0	2	2	0	2	0	0	0	0	2	0	0	7	2	0	3	0	0	0	0	0	0	0	0	0	0	0	0	2	5	0	5	0	3	0	3	2	0	0	2	0	0	0	2	5	0	0	0	0	0	0	0	0	0	4	0	0	2	0	3	0	0	0	0	0	0	0	10	0	0	0	15	3	0	0
0	0	3	0	0	0	0	0	0	0	0	0	0	0	0	0	0	0	12	0	7	0	0	0	0	0	0	0	0	0	0	4	0	4	0	0	0	0	0	0	0	0	6	0	2	0	0	0	0	0	0	0	0	0	4	0	0	0	0	0	0	0	0	0	0	0	0	0	0	0	0	0	0	0	0	0	0	0	0	0	0
0	0	3	0	4	4	14	30	0	0	3	0	17	2	0	3	28	0	2	26	6	63	0	0	0	0	0	0	0	2	0	0	6	0	3	0	0	0	0	44	0	11	7	13	43	35	0	0	0	0	14	31	4	0	3	0	0	0	0	0	0	1	15	0	0	0	0	0	0	0	0	0	0	40	0	56	0	0	0	0	0
0	0	3	0	0	0	0	2	0	0	0	0	0	0	2	0	0	0	2	0	0	0	10	0	0	0	2	0	6	0	0	0	0	0	0	0	32	0	2	0	12	0	0	0	0	0	0	0	22	0	0	0	0	0	0	0	8	0	0	0	0	0	0	0	0	0	0	0	0	7	4	0	0	0	0	0	5	0	0	0	24
0	0	3	7	0	2	3	5	2	0	2	0	2	0	0	0	4	0	0	2	0	0	0	0	0	15	9	9	0	0	2	0	2	0	5	2	0	7	0	0	0	0	5	2	3	3	0	2	0	0	2	2	0	0	8	0	0	5	7	0	0	0	0	0	0	5	0	3	0	5	0	0	0	0	6	7	0	0	0	0	0
0	0	3	0	0	0	3	0	2	0	6	0	0	0	0	2	0	4	0	0	2	3	0	0	0	0	0	2	0	0	2	0	2	0	0	0	7	2	0	0	0	0	0	0	0	0	0	0	0	0	0	0	0	0	4	0	0	2	0	2	0	3	0	0	0	2	1	2	0	0	0	6	0	0	0	0	0	4	0	0	3
0	0	3	0	0	0	0	0	0	0	2	0	0	0	0	0	0	0	2	2	0	2	0	0	0	0	0	0	0	0	2	0	4	0	0	7	0	0	0	0	0	0	4	0	0	0	0	0	0	0	0	0	0	0	0	0	0	0	0	0	0	0	4	0	0	2	0	0	0	0	0	0	0	0	0	0	0	0	5	0	0
0	0	3	23	0	10	0	2	20	24	0	5	5	0	0	11	4	0	9	9	0	0	0	0	16	0	7	0	7	12	0	3	0	0	1	0	0	7	0	13	9	0	12	0	0	0	38	4	0	0	5	0	5	0	0	0	0	4	1	0	0	0	0	2	0	4	7	0	0	42	0	0	0	0	14	14	0	8	13	2	0
0	0	3	0	0	0	0	4	0	0	10	0	2	2	0	0	0	2	2	2	3	0	0	3	3	0	0	0	0	0	0	4	0	0	3	0	0	0	0	2	3	1	3	0	0	0	0	2	0	0	0	2	0	3	0	2	0	3	2	0	5	2	2	2	2	0	0	0	2	2	0	3	0	4	0	4	0	2	3	0	0
0	0	3	0	0	0	3	0	6	0	0	0	11	0	0	5	0	0	4	0	9	0	0	0	0	0	7	0	0	34	0	0	0	0	0	0	0	4	0	0	0	0	17	0	4	0	0	0	0	0	7	6	4	0	0	0	0	4	0	2	4	6	0	0	0	0	0	0	0	0	0	0	0	0	5	0	0	11	0	0	0
0	0	2	0	0	0	0	0	4	0	1	1	0	0	0	0	0	0	2	5	1	0	6	1	5	0	0	0	0	0	0	2	0	0	0	2	0	0	0	0	0	1	0	2	0	0	2	1	2	4	0	0	1	0	0	4	0	6	2	0	5	1	0	0	0	0	0	0	0	2	0	0	0	3	0	0	0	0	0	0	0
0	0	2	0	0	0	0	0	0	0	0	0	0	0	0	0	0	0	0	0	0	0	0	1	0	0	0	0	0	0	0	0	0	0	0	0	0	0	5	0	0	0	0	0	0	0	0	2	0	0	0	0	0	0	0	0	0	0	0	0	0	0	0	0	0	0	0	0	0	0	0	0	0	0	0	0	0	0	0	0	0
0	0	2	10	0	0	0	6	1	0	0	0	0	3	0	0	7	2	2	0	0	0	0	1	0	8	0	0	0	0	4	0	0	0	0	0	0	2	3	0	2	0	6	0	0	2	0	0	0	2	0	6	0	0	0	0	0	18	2	5	0	0	0	4	8	0	0	6	0	0	0	0	0	0	6	0	0	0	0	0	0
0	0	2	0	0	0	0	0	3	0	0	0	2	0	0	0	0	0	0	2	4	0	2	0	0	0	2	0	0	3	0	0	0	0	0	0	0	0	5	0	6	0	0	3	4	0	0	0	0	0	0	5	0	2	3	0	0	0	0	0	3	0	0	32	0	0	0	0	0	14	0	0	0	0	2	0	0	0	0	6	0
0	0	2	5	3	8	0	0	0	0	2	7	0	5	0	3	0	0	0	13	0	6	0	0	0	0	0	0	0	6	4	7	0	12	4	6	0	1	4	5	0	6	3	2	1	3	0	1	0	11	10	3	2	0	10	0	0	0	0	0	5	4	1	0	0	4	5	0	0	0	0	0	0	10	0	0	0	4	22	0	0
0	0	2	0	3	0	0	0	0	0	0	0	0	0	0	0	3	0	0	0	0	0	0	0	0	0	0	0	0	3	0	0	0	0	0	4	0	0	0	0	0	0	0	0	0	0	0	0	0	0	0	0	0	0	0	2	0	0	0	0	0	0	0	0	0	0	0	0	0	0	0	0	0	0	0	0	0	0	0	0	0
0	0	2	0	0	0	0	1	0	0	0	0	0	2	0	4	0	0	0	0	2	2	0	0	0	0	0	1	2	0	0	3	0	0	0	1	0	2	2	0	0	0	0	0	0	0	2	0	2	0	0	0	0	0	2	0	0	3	0	0	0	1	0	0	0	0	4	0	0	0	0	0	0	0	2	0	0	0	2	0	0
0	0	2	6	0	0	0	0	0	5	0	0	0	0	0	4	0	0	1	0	0	0	0	0	8	0	2	2	0	0	0	0	0	0	0	0	0	0	0	0	0	0	2	0	0	0	0	0	0	0	0	0	0	0	0	5	0	0	0	0	0	0	0	3	12	7	0	5	0	1	0	0	4	0	0	0	0	0	0	0	4
0	0	2	0	0	4	0	0	4	0	5	0	0	0	0	3	2	0	2	0	0	2	0	2	2	0	0	0	0	0	0	0	0	0	5	0	0	0	2	0	0	0	0	0	0	0	0	0	0	2	0	0	0	0	2	4	3	2	3	5	0	2	0	6	8	0	3	0	0	0	0	0	0	0	2	2	0	0	0	2	0
0	0	2	0	0	14	0	4	3	0	0	2	7	0	3	0	3	0	0	0	1	0	0	0	0	0	2	0	0	0	0	0	0	0	0	0	0	0	0	3	0	0	0	0	0	1	5	0	0	0	2	0	5	0	0	0	0	3	5	0	0	0	0	2	3	0	7	0	0	0	0	0	0	2	1	9	0	7	0	0	0
0	0	2	0	0	3	0	0	0	0	0	0	0	0	0	0	11	0	0	0	0	0	0	0	0	0	0	0	0	0	0	0	4	0	0	0	0	0	0	2	0	1	0	4	0	4	0	0	2	0	2	6	2	0	0	7	1	0	5	2	0	6	0	0	2	0	2	0	0	0	0	0	0	0	0	0	0	0	3	0	0
0	0	2	0	0	9	0	0	0	0	2	1	0	2	0	1	0	0	0	3	0	0	0	0	2	0	3	1	0	2	1	0	0	0	0	4	0	0	0	31	0	0	0	0	0	6	0	0	0	0	0	0	0	0	3	0	3	2	0	0	0	2	0	1	0	2	6	0	0	0	0	0	9	5	0	10	0	0	8	0	0
0	0	2	3	0	2	0	5	10	2	7	2	1	4	0	0	0	0	1	1	0	0	0	0	0	1	5	0	1	0	0	0	2	0	3	0	0	1	0	2	0	0	2	0	2	0	0	0	0	2	0	0	0	0	2	0	0	3	0	0	0	2	2	0	0	2	3	1	0	2	0	0	0	0	8	2	0	2	6	0	0
0	0	2	0	0	0	0	0	0	0	0	0	0	0	0	0	0	0	0	10	0	2	0	0	0	0	0	0	0	0	0	0	2	0	0	4	0	3	0	0	0	0	0	0	1	0	0	0	0	3	0	1	0	0	5	0	0	0	0	0	0	2	0	0	0	7	2	0	0	0	0	0	0	0	0	5	0	2	2	0	0
0	0	2	0	0	6	1	37	0	0	3	0	8	1	0	12	13	0	0	25	3	43	0	0	0	0	0	0	0	4	2	0	1	0	6	0	0	0	0	37	0	5	4	9	18	75	0	0	0	0	12	33	0	0	3	0	0	0	0	2	0	2	10	0	0	0	0	0	0	0	0	0	0	43	0	54	0	2	0	0	0
0	0	2	0	0	0	0	0	4	0	0	0	6	0	0	0	2	0	11	3	10	0	0	0	0	0	0	0	0	8	15	0	2	0	0	1	0	10	0	0	0	0	6	0	0	0	0	0	0	0	5	0	3	0	0	0	0	0	0	0	0	0	0	0	0	0	6	0	0	0	0	0	0	0	0	0	0	6	2	0	0
0	0	2	0	0	8	0	0	0	0	1	1	7	0	0	0	0	0	1	18	0	19	0	0	0	0	6	0	0	0	16	0	0	0	1	0	0	4	0	0	0	8	0	2	4	2	0	0	0	0	0	0	3	0	7	0	0	0	0	1	3	2	0	0	0	0	0	0	0	1	0	0	0	2	0	17	0	0	0	0	0
0	0	2	0	0	0	0	0	0	0	0	0	0	0	0	0	0	0	0	2	0	0	0	0	0	0	0	0	0	0	0	0	0	0	0	0	0	0	0	0	0	0	0	0	0	0	0	0	0	0	2	0	0	0	0	0	0	0	0	0	0	2	0	0	0	0	0	0	0	0	0	0	0	0	0	0	0	0	0	0	2
0	0	2	0	1	0	0	0	0	0	0	0	0	0	0	0	0	3	0	0	0	0	2	0	0	0	0	0	2	0	0	0	0	0	0	0	0	0	0	0	0	0	0	0	0	0	0	0	2	0	0	0	0	0	0	3	4	0	0	0	0	0	3	0	0	0	0	0	5	0	0	0	7	0	0	2	0	2	0	0	2
0	0	2	0	0	0	0	0	0	3	3	2	0	0	0	0	0	0	0	2	0	2	0	2	4	0	0	0	0	0	2	0	4	0	0	0	0	0	0	3	0	3	0	0	2	0	0	0	0	0	0	2	3	0	0	0	0	0	0	0	0	0	0	0	0	0	0	4	0	0	0	0	0	3	0	0	0	0	0	0	0
0	0	2	24	0	21	21	0	0	9	32	16	0	7	0	4	0	0	19	4	0	0	0	5	13	0	11	0	17	32	5	0	0	0	7	11	0	17	0	0	0	2	12	0	37	77	14	9	0	20	50	0	10	0	0	0	0	0	37	9	12	4	0	37	0	0	19	56	0	0	0	0	0	0	0	0	0	23	18	0	0
0	0	2	0	0	0	0	0	0	0	0	0	2	0	0	0	0	37	0	0	3	0	0	0	3	0	0	0	9	1	0	4	0	0	0	0	6	0	0	0	0	0	0	0	0	0	0	0	0	0	0	0	0	0	0	0	0	14	0	2	0	0	0	0	0	0	0	0	0	0	0	0	0	0	10	0	0	0	0	0	0
0	0	2	0	0	0	0	0	0	0	4	0	0	0	0	0	0	0	0	0	2	0	0	5	0	0	0	0	0	1	0	1	0	0	2	4	0	0	3	0	0	0	0	0	0	0	0	1	0	0	0	0	0	0	2	0	0	0	0	0	0	0	0	0	0	6	1	0	0	0	0	0	0	0	0	0	0	0	1	0	0
0	0	2	21	0	0	0	0	15	0	15	6	0	2	7	2	0	0	3	8	0	2	0	0	0	9	4	0	0	30	0	3	26	0	15	29	0	0	0	12	0	6	10	0	0	0	0	9	0	7	6	0	0	0	10	0	0	14	0	4	3	0	0	0	0	4	0	0	0	0	0	0	0	0	9	0	0	3	0	0	0
0	0	2	0	0	0	0	0	7	0	0	0	0	2	8	0	0	0	0	0	6	0	0	0	0	2	0	0	0	0	2	0	0	0	0	0	0	0	0	0	0	1	0	2	0	0	0	0	0	0	0	2	7	0	11	0	0	0	3	0	8	5	0	10	6	0	0	0	0	0	0	0	0	0	0	0	0	2	43	0	0
0	0	2	0	0	0	0	0	0	0	0	0	0	0	0	0	0	0	2	2	0	0	0	0	0	0	0	0	0	0	1	0	0	0	0	3	0	1	0	0	0	0	3	0	0	0	0	0	0	0	3	0	0	0	11	0	0	0	0	0	0	0	0	0	0	0	1	0	0	0	0	0	0	0	0	0	0	2	0	0	0
0	0	2	0	5	0	0	0	4	2	0	0	0	3	0	0	3	0	3	6	0	0	0	2	4	0	0	0	4	6	7	0	4	0	2	0	0	4	11	0	6	0	5	5	0	2	12	0	7	0	2	0	2	0	0	0	5	6	0	0	0	0	2	7	0	2	0	0	4	9	0	2	3	0	5	0	0	4	0	2	2
0	0	2	0	0	0	0	2	0	0	0	0	0	0	0	0	0	0	0	0	0	0	0	0	0	0	0	0	0	0	0	0	2	2	0	0	0	2	0	0	0	0	0	0	0	0	0	0	0	0	0	0	4	0	0	0	0	0	0	2	0	0	0	0	0	0	3	4	0	0	0	0	2	0	0	0	0	0	0	0	0
0	0	2	0	0	0	0	0	0	0	0	0	0	0	0	0	0	3	0	0	0	0	0	0	2	0	0	0	0	0	0	0	0	0	0	0	0	0	0	2	0	2	0	0	0	0	0	0	0	0	0	0	0	0	0	0	0	0	0	0	0	0	0	0	0	0	0	0	5	0	0	0	0	0	0	0	0	0	3	0	0
0	0	2	0	0	0	0	0	0	0	2	0	0	0	0	0	0	0	0	0	0	0	0	0	0	0	0	0	0	0	0	0	0	0	0	0	0	0	0	0	0	0	0	0	0	0	0	0	3	0	0	0	0	0	0	0	0	0	0	0	0	0	0	1	0	0	0	0	0	0	0	0	0	0	0	0	0	0	0	0	4
0	0	1	0	0	4	3	6	0	0	0	2	4	0	0	0	0	0	0	0	5	6	0	0	0	0	3	0	0	0	7	4	2	0	2	0	0	0	0	0	0	4	0	5	0	0	1	2	0	0	21	2	22	0	0	0	0	49	3	0	0	2	0	0	0	0	0	0	0	0	0	0	0	0	10	2	0	2	0	0	2
0	0	1	2	0	0	10	0	0	0	5	1	0	19	0	0	0	0	2	7	0	11	0	0	0	0	5	0	0	0	48	7	0	0	0	1	0	0	0	5	15	16	1	0	2	29	0	11	0	9	3	3	0	0	0	8	0	0	0	0	15	0	0	0	0	0	0	1	0	0	0	0	7	17	0	0	0	0	0	0	0
0	0	1	0	3	5	0	0	1	5	5	1	1	5	2	1	5	2	8	6	4	4	2	5	1	8	1	7	12	0	0	7	0	0	1	2	3	5	6	2	1	1	9	0	2	4	9	0	3	5	0	1	6	7	5	2	0	6	0	3	0	5	0	6	0	2	3	6	4	6	0	0	4	4	3	3	0	0	17	0	0
0	0	1	0	0	9	0	0	2	0	0	0	17	0	0	0	0	0	1	0	0	5	0	0	0	0	8	0	0	0	38	0	0	0	1	0	0	0	0	0	0	0	0	1	28	0	0	1	0	4	0	0	6	0	5	0	0	0	0	6	7	12	0	0	0	0	0	0	0	1	0	0	0	1	0	0	0	0	9	0	0
0	0	1	0	0	8	1	4	0	0	0	0	0	0	0	15	0	0	11	7	0	2	0	0	0	0	3	0	0	19	13	0	0	0	0	0	0	1	0	8	0	0	0	2	0	1	0	0	0	1	1	0	1	0	1	0	0	0	0	0	14	0	0	0	0	0	0	0	0	0	0	0	0	0	2	0	0	0	62	0	0
0	0	1	13	0	81	2	9	0	0	0	0	0	0	0	0	0	3	32	0	0	0	0	0	0	0	0	0	0	0	3	0	13	2	0	0	0	0	0	2	0	41	0	0	0	0	0	3	0	0	0	0	0	0	0	0	0	0	0	4	4	0	23	0	0	62	0	0	0	0	0	0	0	0	0	83	0	0	0	0	0
0	0	1	0	0	2	2	0	0	0	0	0	3	0	0	0	0	2	0	0	0	0	0	0	0	2	0	0	0	0	0	0	0	2	0	0	0	0	0	1	0	0	0	0	0	0	0	0	0	0	0	2	0	0	0	5	0	0	0	0	0	0	2	0	0	0	0	0	0	0	3	0	0	0	2	0	0	0	0	1	0
0	0	1	0	6	19	0	0	0	0	0	7	3	0	0	10	1	0	9	3	11	5	0	4	0	0	2	0	0	4	11	0	1	0	7	0	0	0	0	12	0	12	3	2	0	8	0	0	0	11	0	0	4	7	8	0	0	0	0	0	5	2	10	0	0	0	2	0	2	1	0	0	1	2	0	3	11	3	11	0	0
0	0	0	4	0	2	0	0	0	3	0	2	0	16	1	1	0	103	2	0	0	8	0	0	1	37	0	0	7	0	3	7	0	15	11	24	2	0	0	0	2	22	3	0	3	3	0	31	5	28	1	3	0	0	0	0	14	13	0	6	6	5	2	0	3	0	3	0	4	3	0	7	0	5	17	2	1	15	0	0	0
0	0	0	0	0	2	0	0	0	0	3	2	2	0	0	3	4	0	0	0	0	0	0	3	0	0	0	0	2	1	0	1	0	0	0	3	0	1	3	0	0	0	0	0	0	5	0	0	0	0	0	2	0	3	4	0	0	7	10	0	0	2	0	0	10	2	2	0	2	1	1	0	0	2	9	0	0	2	0	0	1
0	0	0	0	0	0	10	0	0	7	0	0	0	0	0	0	4	0	0	0	0	2	6	0	0	0	0	0	9	0	0	0	0	3	0	0	2	4	0	0	0	4	3	0	0	0	0	3	0	0	0	0	0	0	0	0	2	0	0	0	0	0	2	0	3	0	0	0	0	5	2	2	6	0	0	0	0	0	0	0	0
0	0	0	0	0	4	0	0	0	2	0	0	0	4	0	5	0	4	5	14	3	0	3	2	0	2	0	0	0	0	0	0	0	5	4	2	0	0	0	0	0	2	0	0	4	0	0	2	0	0	0	0	6	0	2	2	0	0	0	0	2	5	0	1	0	0	0	0	0	0	0	0	0	2	0	3	0	0	7	0	0
0	0	0	3	0	0	0	6	0	0	0	0	2	0	0	5	0	0	0	0	0	0	0	8	0	5	2	2	9	0	0	0	12	3	2	0	0	0	7	0	0	3	0	0	0	0	0	0	3	0	0	0	0	3	0	0	9	5	0	0	0	0	0	2	2	0	0	0	0	3	2	0	0	0	5	2	0	0	0	0	7
0	0	0	0	0	3	0	0	0	0	2	0	0	6	0	0	0	0	0	0	4	2	3	0	5	2	0	0	3	0	3	2	0	0	0	4	2	0	0	9	0	0	0	0	0	0	4	2	0	3	0	3	0	0	2	0	12	4	0	0	5	2	0	0	3	2	0	0	0	12	0	3	0	0	0	0	0	0	2	0	0
0	0	0	2	2	10	0	0	0	4	0	0	0	0	0	0	0	29	3	0	0	3	17	44	0	20	0	0	0	0	0	79	0	11	0	0	1	0	5	0	3	10	2	0	2	3	0	0	0	1	0	0	0	0	0	2	3	0	5	0	2	3	0	0	0	5	1	0	0	2	0	11	0	0	1	0	3	0	0	0	3
0	0	0	0	0	0	0	0	0	3	0	0	0	0	0	0	0	3	0	0	0	0	0	0	0	0	0	0	0	0	0	0	0	0	0	0	2	0	0	0	0	0	0	0	0	0	3	0	0	0	2	0	0	0	0	0	0	0	0	0	0	0	0	0	0	0	0	0	0	0	0	0	0	0	2	2	0	0	0	0	4
0	0	0	0	0	0	0	0	2	0	0	0	0	5	0	0	0	0	0	0	0	0	0	0	0	0	2	0	3	0	0	0	0	0	2	0	0	0	0	0	4	5	0	0	0	0	0	0	0	2	0	3	0	0	0	0	3	7	0	0	3	0	5	1	0	2	0	0	3	0	0	0	0	0	3	0	0	0	9	0	0
0	0	0	0	0	0	0	0	0	0	0	0	0	0	0	0	0	2	3	0	3	0	0	0	0	0	0	0	0	0	0	5	0	0	0	0	0	0	0	5	0	0	0	0	0	0	0	0	0	0	0	0	0	0	3	0	3	0	0	0	0	4	0	0	0	0	0	0	0	0	0	0	0	2	0	0	2	0	4	0	0
0	0	0	0	0	4	0	0	0	0	0	0	0	1	0	3	0	2	0	0	0	0	0	0	0	0	0	7	0	0	0	0	0	0	2	0	8	0	0	1	0	0	0	0	0	0	0	0	0	0	0	0	0	0	0	0	0	0	0	0	0	0	13	0	0	0	0	2	0	0	0	0	0	0	0	0	0	0	0	0	0
0	0	0	2	0	0	0	0	0	0	0	0	0	3	0	0	0	0	0	2	0	2	0	0	0	0	0	0	0	3	0	0	0	0	0	0	0	0	0	2	0	0	0	0	0	0	2	0	0	5	0	0	0	0	0	0	0	0	0	0	0	0	0	0	0	0	0	0	0	0	0	0	5	0	0	0	0	0	0	0	0
0	0	0	0	0	0	0	0	0	39	0	0	0	0	0	0	1	0	0	0	0	0	0	39	0	0	0	0	17	0	0	0	0	49	0	100	0	0	75	0	0	0	19	0	0	0	0	0	0	0	0	0	0	0	8	0	0	2	20	0	0	7	0	0	0	0	0	0	0	0	1	0	0	0	4	0	0	6	0	0	0
0	0	0	5	0	2	0	0	0	1	0	0	0	0	0	2	2	13	0	0	0	0	0	8	0	11	2	0	0	0	0	18	0	4	0	0	0	0	3	0	0	7	0	0	0	1	0	2	5	0	0	0	0	0	0	0	0	0	0	0	0	2	2	0	0	1	4	0	0	1	1	0	0	0	4	0	1	0	0	0	0
0	0	0	0	0	0	0	0	0	0	0	0	0	0	0	0	0	0	0	0	0	0	0	0	0	0	0	0	0	0	0	0	0	0	0	0	5	0	0	2	0	0	0	0	0	0	0	0	0	0	0	0	0	0	0	0	0	0	3	0	0	0	0	0	6	0	0	0	0	0	0	0	0	0	0	0	0	0	0	5	0
0	0	0	0	0	0	0	0	0	2	0	0	0	0	0	2	2	0	0	0	0	0	2	2	0	0	1	0	1	0	0	0	0	0	0	0	0	0	0	2	0	0	0	0	0	0	0	0	2	0	0	0	0	0	0	0	1	0	0	0	0	0	0	0	0	0	0	0	0	3	0	0	1	0	0	3	0	0	2	0	0
0	0	0	0	0	0	0	0	0	0	2	0	0	0	0	2	0	0	1	0	2	0	0	0	0	0	0	0	0	0	3	0	0	0	0	0	0	0	0	0	0	0	0	0	0	0	0	0	0	0	0	0	0	0	0	0	0	0	0	0	0	4	0	0	0	0	0	0	0	0	0	2	0	0	0	0	0	0	0	2	0
0	0	0	0	3	0	0	0	0	9	0	0	0	2	0	2	0	0	2	2	0	0	0	0	0	0	0	4	0	0	0	0	0	0	0	0	2	0	0	0	0	0	3	0	0	0	0	0	0	0	0	0	0	4	0	0	0	0	0	0	0	0	5	2	0	3	0	0	6	0	0	0	0	0	0	0	0	0	0	0	0
0	0	0	0	2	0	0	0	0	0	0	0	0	0	0	0	0	2	0	2	0	0	0	0	0	0	2	0	0	0	0	2	0	0	0	0	0	0	0	0	0	0	0	0	0	0	3	0	0	0	0	0	0	0	0	0	0	2	0	0	0	0	3	0	0	0	0	0	0	2	0	0	0	0	9	0	0	0	0	0	0
0	0	0	0	0	0	0	16	1	0	0	0	0	0	0	0	2	0	1	0	0	0	0	0	0	3	0	0	0	2	0	10	2	1	0	2	1	0	0	0	0	9	7	0	0	0	0	0	0	0	0	6	4	0	2	17	2	0	0	1	3	0	6	0	0	8	0	0	0	0	3	0	0	0	0	0	0	0	0	0	0
0	0	0	0	0	0	0	0	1	0	0	0	0	0	0	0	0	2	0	0	0	0	0	0	0	0	0	0	0	3	0	6	0	0	0	0	0	0	0	0	0	0	0	0	0	0	0	0	0	0	0	0	2	0	0	14	0	0	0	0	0	0	0	0	0	0	0	0	0	0	0	0	2	0	0	0	0	0	1	0	0
0	0	0	0	1	0	2	0	0	0	0	0	0	0	0	0	0	0	0	0	3	0	0	0	0	0	0	0	0	0	0	0	0	3	0	0	0	0	0	0	0	0	2	0	3	0	6	1	0	0	0	0	1	0	0	0	0	0	3	0	0	0	0	0	0	0	0	0	1	0	0	0	0	0	1	0	0	0	0	0	0
0	0	0	0	0	0	2	0	0	0	12	0	0	2	0	3	0	0	0	3	0	2	0	5	0	0	0	0	0	0	0	9	0	2	2	0	2	0	2	0	0	4	0	0	0	3	0	4	6	2	0	0	0	0	0	0	2	0	0	3	0	6	0	0	0	0	0	0	0	0	0	0	0	3	7	0	0	0	0	0	0
0	0	0	0	2	0	0	0	0	2	0	0	0	0	0	3	2	0	0	4	0	0	0	0	0	0	0	0	0	0	0	0	0	0	0	0	2	0	0	0	0	0	0	0	0	0	0	0	3	0	2	0	0	0	5	0	0	0	0	0	0	0	0	0	5	0	0	0	2	0	0	2	4	0	0	0	0	0	1	0	0
0	0	0	4	0	0	0	4	0	0	0	0	0	0	0	4	3	0	0	0	0	2	0	6	0	0	0	1	0	0	0	0	0	0	0	1	0	0	4	0	0	0	3	0	0	0	0	0	0	0	0	0	2	0	0	4	0	0	0	0	0	1	0	0	2	0	0	0	0	0	0	2	0	0	3	0	0	0	0	0	3
0	0	0	0	0	0	0	0	0	2	0	0	0	0	0	0	0	0	0	0	0	0	0	0	0	2	0	2	2	0	0	0	0	0	0	0	0	0	2	0	0	0	0	0	0	2	0	0	0	0	0	0	0	0	0	0	2	0	0	0	0	2	0	0	0	0	0	0	0	2	0	0	0	2	0	0	0	2	0	0	3
0	0	0	0	0	0	0	0	0	0	0	0	0	0	0	0	0	0	0	0	0	0	0	0	0	0	0	0	0	0	0	0	0	0	0	0	0	0	0	3	0	0	0	0	0	0	0	0	0	0	0	0	0	0	0	0	0	0	0	0	0	0	3	0	0	0	0	0	0	0	0	0	0	0	0	0	0	0	2	0	0
0	0	0	0	0	0	0	0	5	0	3	0	0	0	0	0	0	0	0	0	0	0	0	0	0	0	0	2	0	0	0	0	0	0	0	0	2	0	3	0	0	0	0	0	0	0	5	0	0	0	0	0	0	0	0	3	0	0	0	0	0	0	0	3	0	0	2	0	0	0	0	0	3	0	6	0	0	0	0	0	5
0	0	0	0	0	0	0	0	0	0	0	0	0	0	0	0	0	0	0	0	0	0	0	0	0	2	0	0	0	0	1	0	0	0	0	0	2	0	0	2	0	0	0	0	0	0	0	0	0	0	0	0	0	0	0	0	0	0	0	0	0	0	0	0	0	3	0	0	0	0	0	0	7	0	0	3	0	0	3	2	2
0	0	0	0	0	0	3	0	0	2	0	0	0	0	0	0	0	0	0	0	0	0	0	0	0	0	0	2	4	0	0	11	0	1	0	0	2	0	0	0	2	0	0	0	0	0	4	3	0	0	0	0	0	0	0	0	0	2	0	0	0	0	0	0	3	0	0	0	0	0	0	6	0	0	0	0	0	0	0	0	0
0	0	0	0	0	3	0	0	0	0	0	0	0	0	0	0	0	0	0	0	0	0	0	0	0	0	2	0	0	0	0	4	0	0	0	0	0	0	0	2	0	0	0	0	0	0	0	0	0	0	0	0	0	0	0	0	0	3	0	0	0	2	0	0	0	0	0	3	0	0	0	0	0	0	0	0	0	0	2	0	0
0	0	0	0	0	0	0	0	0	0	0	0	0	0	0	0	0	0	0	0	0	0	0	0	0	22	0	0	0	0	0	0	0	0	0	0	0	0	0	0	0	0	0	0	0	0	0	0	0	0	0	0	0	0	0	0	0	0	0	0	0	0	0	0	0	0	0	0	0	0	0	0	0	0	0	0	0	0	0	0	0
0	0	0	6	0	0	0	0	0	0	3	0	0	2	0	0	2	0	5	0	0	4	0	0	0	14	2	0	0	0	0	0	2	13	0	5	0	0	0	0	3	0	0	0	0	0	0	0	0	0	2	0	0	0	0	0	0	0	3	0	0	0	0	0	5	2	2	0	0	0	0	0	0	0	4	0	0	0	0	0	0
0	0	0	3	2	0	0	0	0	0	1	0	0	0	0	0	0	0	0	0	0	2	0	0	0	4	0	0	0	0	0	0	0	0	0	2	0	1	0	0	0	0	0	0	2	0	0	0	0	0	0	0	0	0	2	0	0	0	0	0	0	0	0	0	0	0	0	0	0	0	0	0	0	0	1	2	0	1	0	0	0
0	0	0	0	0	0	0	0	0	0	0	0	0	0	0	0	0	42	17	0	20	0	0	0	15	0	0	0	46	0	42	0	0	2	33	0	3	0	0	0	0	0	18	1	0	0	40	43	0	0	2	0	0	0	0	165	0	0	0	0	0	0	7	0	0	0	0	0	12	0	0	0	341	0	0	0	80	0	0	79	8
0	0	0	0	0	0	0	0	0	0	3	1	0	0	0	1	0	0	0	1	2	2	0	2	0	0	0	0	0	0	1	0	0	0	0	0	0	0	0	1	5	1	3	0	0	0	1	0	0	3	1	3	0	0	0	0	0	0	0	0	0	4	6	0	0	0	0	12	1	0	0	0	0	0	0	0	0	0	4	0	0
0	0	0	0	0	0	0	0	0	0	0	0	0	2	0	0	1	0	0	0	0	0	0	0	0	0	0	0	1	0	0	0	0	0	0	0	0	0	0	0	0	0	0	0	0	0	0	0	0	0	0	0	0	0	0	0	0	0	3	0	0	0	0	0	0	0	0	0	0	0	0	0	0	0	0	0	0	0	0	0	0
0	0	0	0	0	2	0	0	1	10	0	0	0	0	0	2	0	0	0	0	0	0	0	3	0	1	0	16	23	0	0	0	0	2	0	4	6	0	2	0	6	0	5	0	0	5	2	0	0	0	0	2	0	3	1	6	10	10	0	0	0	0	0	0	0	0	0	1	4	13	0	0	1	4	2	1	0	0	0	0	1
0	0	0	0	0	0	0	0	0	0	0	0	0	0	0	0	0	0	0	0	0	0	0	0	0	0	0	0	0	0	0	8	0	0	0	0	0	0	0	1	0	2	0	0	0	0	0	0	0	0	0	0	0	0	0	0	0	0	0	0	0	2	0	0	0	0	0	0	3	2	0	0	0	2	0	2	0	0	0	0	0
0	0	0	5	0	3	0	0	4	6	5	4	0	3	0	4	0	3	2	7	0	0	6	3	6	0	0	0	5	0	0	3	0	1	3	0	2	0	5	0	3	5	6	0	5	1	0	0	5	6	0	3	2	0	2	0	3	2	0	0	3	10	0	7	4	3	0	3	0	2	4	4	0	3	2	0	0	0	9	0	0
0	0	0	0	0	0	0	0	0	0	0	0	0	0	0	0	0	0	0	0	0	0	0	0	0	0	0	0	0	0	2	0	0	0	0	0	0	0	0	0	0	0	1	0	0	0	0	0	0	0	3	0	0	0	0	4	0	0	0	0	0	0	0	0	3	0	0	1	0	0	0	0	0	0	0	0	0	11	0	0	0
0	0	0	0	4	0	0	0	0	0	0	0	0	0	0	0	2	0	0	0	0	0	0	0	0	0	0	0	0	0	0	0	0	0	0	0	0	0	0	0	0	0	2	0	0	0	0	0	0	0	0	0	2	0	0	0	0	0	2	0	0	0	0	0	0	0	0	0	0	0	0	0	0	0	0	0	0	0	0	0	0
0	0	0	0	0	0	0	0	0	0	2	0	0	0	0	0	0	0	0	0	0	0	0	0	0	3	0	0	0	0	0	0	0	2	0	0	3	0	0	0	0	0	0	0	0	0	0	0	0	0	0	0	0	0	0	0	0	2	2	0	0	0	0	0	0	0	0	0	0	0	0	0	0	0	0	0	0	0	0	0	0
0	0	0	2	0	0	0	0	3	0	3	0	0	0	0	0	0	0	3	0	0	0	0	3	0	0	0	0	4	0	0	0	4	0	0	0	4	2	6	5	0	0	0	0	0	0	0	0	0	0	0	0	0	0	0	2	0	5	0	0	0	0	0	8	0	3	0	0	0	3	0	0	3	0	2	0	0	0	0	5	6
0	0	0	0	0	0	0	0	0	0	0	0	0	0	0	1	0	0	0	0	0	0	0	0	0	4	0	0	0	0	0	0	0	0	0	0	0	0	0	0	0	0	0	0	0	0	0	0	0	0	0	0	0	0	0	0	2	0	0	0	0	0	0	0	0	0	0	0	0	0	0	0	0	0	0	2	0	0	0	0	3
0	0	0	2	0	0	0	0	7	0	3	0	0	2	0	0	2	0	0	0	0	0	0	0	0	0	0	3	2	0	0	10	4	3	0	0	2	2	0	0	0	0	0	0	0	0	2	0	3	0	0	0	0	1	2	0	3	0	0	6	0	1	4	0	0	0	0	0	4	0	2	0	0	0	0	0	0	0	0	0	0
0	0	0	0	0	7	0	0	0	0	0	0	0	0	0	0	0	0	0	0	0	0	0	0	0	0	0	0	0	0	0	0	3	0	0	0	4	0	0	2	2	0	0	0	0	3	0	0	0	0	2	7	0	0	0	0	0	0	0	0	0	0	0	0	0	0	0	0	0	0	0	0	0	0	2	0	0	0	0	0	0
0	0	0	0	5	0	1	0	0	2	0	0	0	0	2	0	0	3	0	0	0	4	0	0	4	0	0	11	0	0	1	0	5	2	0	0	3	0	0	0	0	0	1	0	4	0	5	0	6	0	2	0	0	0	0	3	0	0	0	0	0	0	0	0	2	0	0	0	3	0	0	0	0	0	6	0	0	0	0	0	3
0	0	0	0	0	0	0	0	0	0	0	1	0	2	0	0	0	2	0	0	0	0	2	0	0	1	0	14	1	0	0	3	0	0	0	0	0	0	0	0	0	0	0	0	2	0	0	0	0	4	0	0	0	0	0	1	0	0	0	0	2	0	0	0	0	0	0	0	0	0	0	0	0	0	0	0	0	0	0	0	0
0	0	0	0	0	0	0	2	0	0	0	0	0	0	0	0	0	0	1	0	0	0	0	0	0	0	0	0	0	0	0	0	2	2	0	0	0	0	0	0	0	0	0	0	0	0	0	0	0	0	0	0	0	0	0	0	0	0	0	0	0	0	0	0	0	0	0	0	0	0	0	0	0	1	0	0	0	0	0	0	0
0	0	0	0	0	0	0	0	0	0	0	0	0	0	0	0	0	0	0	1	0	0	7	0	0	13	0	0	8	0	0	0	0	0	0	0	0	0	0	0	0	0	0	0	0	0	10	0	0	0	0	0	0	12	0	0	0	0	0	1	0	0	0	0	0	15	0	0	0	0	2	0	0	0	0	37	0	0	2	0	0
0	0	0	0	2	0	0	0	0	0	0	0	0	0	0	0	0	0	0	0	0	0	0	2	0	0	0	0	0	0	0	0	0	0	0	0	0	0	0	0	0	0	0	0	0	0	0	0	0	3	0	0	0	0	2	0	0	0	0	0	0	4	0	3	0	0	0	0	1	0	0	0	0	0	0	3	0	0	0	0	0
0	0	0	0	0	0	0	0	4	0	0	0	3	0	0	0	0	0	0	2	2	0	0	0	0	0	0	0	0	0	0	0	0	0	0	2	0	0	0	0	0	0	0	0	0	2	0	0	0	0	0	0	9	0	0	1	0	0	0	0	0	0	0	0	0	0	2	0	0	0	5	0	0	0	1	0	0	0	0	0	0
0	0	0	0	3	0	12	0	5	2	1	0	12	0	4	0	0	2	0	37	0	0	99	2	9	1	0	0	3	5	8	6	0	13	0	0	0	13	2	0	16	0	0	0	0	0	2	0	11	4	0	0	0	39	0	39	0	6	0	0	14	5	0	3	0	0	0	19	64	1	24	28	0	0	65	0	63	0	0	0	57
0	0	0	62	0	0	0	0	0	0	0	0	1	0	0	0	0	0	10	0	0	0	0	0	0	0	0	0	0	0	0	0	0	1	0	0	0	0	14	0	0	0	0	4	0	0	9	11	0	0	0	4	0	0	10	0	0	0	0	0	17	3	22	7	0	0	0	0	13	0	0	0	0	0	0	0	0	0	0	0	0
0	0	0	25	0	0	0	0	6	0	0	0	0	0	0	0	0	0	0	0	0	0	0	0	0	0	0	0	0	0	0	0	0	0	0	1	0	0	0	0	0	0	0	0	0	0	0	0	0	0	0	0	0	0	0	0	0	0	0	0	0	0	0	4	0	0	0	11	0	0	0	0	0	0	0	0	0	12	0	0	0
0	0	0	19	0	4	0	15	0	0	17	7	0	0	0	0	0	0	0	0	0	0	0	0	0	0	0	0	17	0	0	6	0	0	17	21	0	0	0	0	0	0	0	0	0	0	0	27	0	13	0	0	0	0	18	0	0	22	0	14	24	0	0	0	0	2	6	3	0	0	0	0	0	0	31	0	0	0	0	0	0
0	0	0	17	0	0	0	0	4	0	0	0	0	2	0	2	0	0	4	6	0	0	0	0	0	32	4	0	0	14	2	0	0	0	0	4	28	5	0	0	2	0	0	0	8	0	0	0	0	0	11	0	0	0	0	0	0	0	0	0	0	0	0	7	0	0	0	9	0	0	4	0	0	0	0	0	0	4	0	0	0
0	0	0	14	0	0	0	0	0	0	0	0	0	5	0	0	0	0	0	0	0	0	0	0	0	0	0	0	0	2	0	0	0	0	0	44	0	0	0	0	0	0	0	0	0	0	0	0	0	0	0	0	0	0	0	0	0	0	0	0	0	0	0	0	0	0	3	4	0	0	0	0	0	0	0	0	0	0	2	0	0
0	0	0	14	0	0	0	21	49	0	0	0	0	0	13	0	23	0	2	0	4	0	0	70	0	0	0	7	0	0	0	12	36	0	0	27	0	20	34	0	3	0	88	0	0	36	0	3	0	0	0	0	7	25	0	23	0	68	20	0	0	0	4	307	3	0	18	0	0	0	0	0	0	96	4	0	7	0	0	0	0
0	0	0	14	0	0	0	0	2	0	0	0	0	0	0	0	0	0	0	0	0	0	0	0	0	0	0	0	0	0	0	0	0	0	0	5	0	0	0	0	0	0	0	2	0	0	0	0	0	0	0	0	0	0	0	0	0	0	0	0	0	0	0	0	0	0	0	3	0	0	0	0	0	0	0	0	0	3	0	0	0
0	0	0	12	0	0	2	0	3	7	0	0	5	26	0	2	0	0	0	0	0	0	5	0	2	0	0	1	16	15	0	8	0	0	0	6	0	0	0	4	3	9	0	0	0	1	0	2	1	4	0	11	0	2	7	4	0	0	0	0	0	8	0	0	17	0	0	4	5	7	11	6	6	0	3	0	0	0	1	15	0
0	0	0	9	16	15	0	7	18	13	0	1	6	7	0	6	9	5	0	11	5	7	0	0	6	7	9	11	17	3	1	5	2	0	0	5	2	3	3	10	0	0	0	4	6	17	0	3	0	15	0	13	0	2	8	11	6	2	4	8	7	0	10	4	6	13	0	0	0	16	0	0	0	25	5	20	0	0	62	4	9
0	0	0	9	25	0	0	0	3	0	5	0	0	8	35	0	0	0	0	0	0	0	0	0	0	0	0	0	0	0	0	0	0	13	0	0	0	0	0	0	0	0	0	0	3	0	11	0	0	0	0	9	0	0	0	0	0	0	0	0	0	0	0	36	0	0	0	18	4	0	0	10	0	0	4	0	0	0	0	0	0
0	0	0	8	0	2	0	0	0	0	42	0	0	5	0	0	0	0	2	16	6	3	0	0	0	0	0	0	0	0	4	0	5	0	12	0	0	0	0	14	0	0	0	13	0	0	12	0	0	0	0	0	0	0	3	53	0	0	0	0	4	0	16	20	0	7	9	0	0	4	0	0	0	0	0	17	0	100	2	0	0
0	0	0	8	0	0	0	0	0	0	0	0	0	0	0	0	0	0	0	0	0	0	0	0	0	0	3	0	0	3	0	0	0	0	0	1	0	0	0	0	0	0	0	0	0	0	0	0	0	0	0	0	0	0	0	0	0	0	0	0	0	0	0	0	0	0	0	3	0	0	0	0	0	0	0	0	0	3	0	0	0
0	0	0	7	0	0	0	0	0	0	0	0	0	0	0	0	0	0	0	0	0	0	0	0	0	0	5	0	0	0	0	0	0	0	0	1	0	0	0	0	0	0	0	0	0	0	0	0	0	0	0	0	0	0	0	0	0	0	0	0	0	0	0	0	0	0	0	7	0	0	0	0	0	0	0	0	0	5	0	0	0
0	0	0	7	0	0	11	0	2	0	0	0	0	0	0	0	0	0	0	0	2	2	0	0	0	2	0	0	0	0	0	0	0	0	0	0	0	0	0	0	0	0	0	0	2	0	0	0	0	0	0	4	0	0	0	0	0	0	0	0	0	0	2	3	0	0	0	2	0	0	0	0	3	0	4	0	0	2	0	3	0
0	0	0	6	0	0	0	0	0	0	0	0	0	0	0	0	0	0	0	0	0	0	0	0	0	0	0	0	0	0	0	0	2	0	0	0	0	4	0	0	0	0	6	2	0	0	0	0	0	0	0	0	0	0	0	0	0	0	0	0	0	0	0	0	0	0	0	0	0	0	0	0	0	0	0	0	0	2	0	0	4
0	0	0	6	0	0	4	6	3	0	0	0	37	0	0	2	0	0	0	52	26	3	0	3	0	0	0	0	0	14	5	2	0	0	0	0	0	47	0	13	0	0	0	7	0	4	0	7	0	0	0	5	40	0	22	0	0	0	0	20	0	2	0	8	0	0	28	16	0	0	0	0	0	6	85	7	0	31	4	0	0
0	0	0	6	0	17	12	0	0	0	3	11	4	5	0	8	3	0	2	48	0	9	0	0	0	0	0	0	0	2	10	0	0	0	9	15	2	12	0	23	0	3	5	0	7	2	0	0	0	0	0	9	5	0	4	0	0	0	3	16	15	3	0	0	8	0	16	8	0	0	3	0	18	9	0	0	0	8	10	0	0
0	0	0	5	0	5	0	0	0	0	0	0	0	2	0	1	0	0	0	4	0	1	0	5	0	1	0	23	0	0	0	0	0	4	0	0	0	0	0	0	0	15	0	0	0	0	0	1	0	0	0	0	0	0	0	5	0	0	0	0	0	0	0	0	0	0	4	2	0	0	0	0	0	0	0	0	0	3	0	0	0
0	0	0	5	0	4	2	3	5	3	2	2	0	0	0	0	3	0	2	3	2	0	0	2	3	3	3	0	0	3	0	7	3	0	4	0	0	0	7	12	0	2	2	0	0	0	0	3	2	0	6	0	4	0	2	2	0	0	7	4	4	3	0	0	9	0	5	5	0	0	3	0	9	2	2	5	0	0	4	3	0
0	0	0	4	0	0	0	0	1	0	6	0	0	0	3	0	0	0	0	0	0	0	0	27	0	0	0	2	0	0	0	0	17	1	0	1	0	0	26	0	80	0	16	0	0	10	194	0	0	0	0	0	0	45	44	27	2	11	0	0	84	0	6	0	0	0	8	0	0	0	0	0	9	40	1	0	0	0	0	0	0
0	0	0	4	0	2	0	2	0	4	0	2	0	2	0	0	0	0	6	4	0	2	0	5	0	0	2	2	0	0	0	3	0	0	0	0	2	0	3	0	0	6	0	0	2	0	2	0	0	0	2	0	0	5	0	0	4	0	0	0	3	0	0	0	2	0	0	0	5	0	0	0	2	0	0	0	0	0	2	0	0
0	0	0	4	0	0	0	0	2	0	0	0	0	0	0	0	0	0	0	0	0	0	0	0	0	0	0	0	0	0	0	0	0	0	0	0	0	0	0	0	0	0	2	0	0	0	0	0	0	0	0	0	0	0	0	0	0	0	0	0	0	0	0	0	0	0	0	0	0	0	0	0	0	5	0	0	0	2	0	0	0
0	0	0	4	0	0	0	0	0	0	0	0	2	0	0	0	0	0	3	2	0	0	0	0	0	0	0	0	0	2	0	0	2	0	0	0	0	0	0	5	0	0	0	0	0	0	0	0	0	0	0	0	2	0	4	0	0	0	0	0	0	0	0	0	0	0	0	0	0	0	0	0	0	3	0	2	0	0	33	0	0
0	0	0	4	0	0	0	0	0	0	0	0	0	0	0	0	0	0	0	0	0	0	0	0	1	0	0	0	0	0	0	1	0	0	0	0	0	0	5	0	0	0	0	0	0	0	1	0	0	0	0	0	0	0	0	0	0	0	0	0	0	0	0	0	2	0	0	1	0	0	0	0	0	0	0	0	0	0	0	0	0
0	0	0	4	2	2	0	2	0	0	0	0	0	0	0	0	0	2	0	0	0	2	0	0	0	2	0	5	0	0	0	0	5	0	0	0	2	3	1	3	0	0	0	0	0	2	0	0	0	0	0	0	0	0	3	0	2	0	0	0	5	0	0	0	0	0	0	0	0	0	0	0	5	0	4	2	0	0	7	0	3
0	0	0	4	0	0	2	0	0	0	0	0	0	0	0	0	0	10	0	0	0	0	0	0	0	0	0	0	0	0	0	0	0	0	0	0	0	0	0	0	0	0	0	0	0	0	0	0	0	0	0	0	0	0	0	0	0	0	0	0	0	0	0	0	0	0	0	0	0	0	0	0	0	0	0	0	0	0	0	0	0
0	0	0	4	0	0	0	0	0	4	0	0	0	0	0	0	0	0	3	0	0	0	0	0	2	2	3	0	0	2	0	5	0	0	0	0	0	3	0	0	1	5	0	0	0	0	3	0	2	0	3	0	0	0	0	0	4	0	0	0	0	0	0	0	0	0	0	2	2	0	0	0	0	2	0	0	0	0	0	0	0
0	0	0	4	0	0	0	0	2	2	0	0	0	0	0	0	0	0	0	2	2	0	0	0	0	0	0	0	0	2	0	0	0	0	0	4	0	0	0	0	0	0	0	0	0	0	0	0	0	0	0	0	0	0	0	0	0	0	0	0	0	0	0	0	2	0	0	0	0	0	0	0	2	0	0	0	0	3	0	0	0
0	0	0	3	2	0	0	0	2	5	4	0	0	0	0	0	0	4	0	0	0	0	0	0	0	1	0	1	0	0	0	0	0	0	0	0	0	0	0	0	0	0	0	0	0	0	0	0	0	0	0	0	0	0	0	0	0	0	0	2	0	0	0	3	0	0	0	0	0	1	0	0	0	0	0	0	0	0	0	0	0
0	0	0	3	4	2	0	0	0	0	2	0	8	0	0	0	0	0	0	0	6	0	0	0	0	0	0	0	8	2	0	6	0	0	2	0	0	0	0	0	0	4	0	2	2	0	0	5	0	0	0	2	0	3	5	0	0	3	0	0	0	2	0	2	0	2	0	4	5	7	0	0	0	2	3	0	0	0	3	0	0
0	0	0	3	1	0	0	0	0	0	0	0	0	0	0	0	0	0	0	0	0	0	0	0	0	1	0	0	0	0	0	0	2	0	0	0	0	0	0	1	0	2	0	0	0	0	0	0	0	3	0	0	0	0	0	0	0	0	0	0	0	0	2	0	0	0	0	0	2	0	0	0	0	0	0	0	0	0	0	0	0
0	0	0	3	0	0	0	0	0	0	0	0	0	0	0	0	0	1	0	0	2	0	0	0	0	5	0	0	0	2	2	0	0	0	0	0	0	0	0	0	0	0	0	0	0	0	0	0	0	0	0	0	0	0	0	0	2	0	0	0	0	0	2	0	0	0	0	3	0	0	0	0	0	0	0	0	0	0	0	0	0
0	0	0	3	0	0	0	0	0	0	0	0	0	0	0	0	0	0	0	0	0	0	0	0	0	0	0	1	0	0	0	0	0	3	0	0	0	0	0	0	0	0	0	0	2	0	0	0	0	0	0	0	0	0	0	0	0	0	0	0	0	0	0	0	0	0	0	0	0	0	0	0	0	0	0	2	0	0	0	0	0
0	0	0	3	0	0	0	0	0	0	0	0	0	0	0	0	0	0	0	0	0	0	0	0	0	0	0	0	0	0	0	0	0	0	0	0	0	0	0	0	6	0	0	0	0	0	0	0	0	0	0	0	0	0	0	0	0	0	0	0	0	0	0	0	0	0	0	0	0	0	0	3	0	0	0	0	0	0	0	0	0
0	0	0	3	0	0	0	4	7	0	0	0	2	0	0	0	30	0	0	0	4	0	0	0	6	0	4	0	2	0	1	0	0	0	0	6	0	0	0	8	2	0	0	8	0	0	34	2	0	2	1	0	0	0	0	0	0	2	7	0	2	0	0	33	0	0	0	57	6	0	0	0	0	1	0	0	0	0	0	0	0
0	0	0	3	0	0	5	0	0	0	0	0	0	0	0	0	0	32	0	0	0	0	0	0	0	34	0	0	0	0	0	0	0	7	0	0	0	0	0	0	0	3	0	0	7	3	0	0	0	0	0	0	0	0	0	0	0	0	0	3	0	5	0	0	0	0	0	0	0	0	0	0	0	8	0	0	0	0	0	0	0
0	0	0	3	0	1	0	2	0	0	2	0	0	0	0	2	0	0	0	2	0	0	0	0	0	0	0	0	0	2	0	1	0	2	0	0	0	0	0	0	0	0	0	0	0	0	0	0	0	0	0	0	0	0	0	3	0	0	0	0	3	2	0	0	0	0	0	2	0	0	0	0	0	3	2	0	0	0	0	0	0
0	0	0	3	12	0	0	2	12	3	8	1	0	4	0	3	4	5	5	4	0	0	0	10	25	13	3	0	6	0	0	4	0	0	0	2	0	2	0	6	7	0	0	0	0	0	13	0	0	3	0	5	0	0	0	0	0	9	0	12	0	2	0	0	14	0	0	4	20	9	0	0	0	0	12	4	0	3	4	0	0
0	0	0	3	0	0	5	0	16	0	0	0	4	0	0	0	0	0	0	8	2	0	0	16	0	0	0	0	0	0	0	11	0	0	0	0	0	0	4	0	5	0	0	0	0	6	0	0	0	0	0	2	2	0	0	0	0	0	0	0	0	3	0	23	0	0	0	0	2	0	0	3	2	13	0	6	0	0	0	3	0
0	0	0	3	0	0	0	16	0	0	0	0	0	6	3	0	0	0	0	0	0	0	0	6	0	0	7	0	0	0	0	24	0	0	0	0	0	0	6	0	0	5	0	0	0	8	0	0	0	3	0	0	0	0	7	0	0	9	0	0	0	2	0	15	0	3	0	0	0	0	0	0	0	0	0	0	0	0	9	0	0
0	0	0	3	2	0	2	2	0	5	3	2	0	0	0	2	2	2	7	2	0	2	0	2	0	0	0	2	0	0	2	0	0	2	0	0	0	2	2	0	2	3	2	0	2	2	0	0	0	0	0	4	0	0	2	0	0	5	6	3	0	0	0	3	0	2	0	0	0	0	0	0	3	2	0	0	0	0	0	0	0
0	0	0	3	0	0	2	0	0	0	3	0	2	0	0	0	4	0	0	0	0	5	0	0	0	0	0	0	0	0	0	0	0	1	0	7	0	0	0	2	0	9	0	0	0	0	0	2	0	0	0	0	2	0	0	0	0	0	0	0	0	0	0	0	0	3	2	0	0	0	0	0	0	0	0	0	0	0	0	0	0
0	0	0	3	0	9	2	0	0	0	4	0	3	2	0	0	0	0	0	17	0	0	0	0	0	0	0	0	0	7	2	2	0	0	0	2	0	0	0	0	0	6	0	0	0	0	0	7	0	6	0	3	1	0	8	0	0	0	0	0	0	0	0	0	0	0	0	0	0	0	0	0	0	0	0	0	0	5	4	0	0
0	0	0	3	0	0	0	0	0	0	0	0	0	0	0	0	0	0	0	0	0	0	0	0	0	0	0	0	3	0	0	3	0	0	0	0	0	0	0	0	0	0	0	0	2	0	0	0	0	0	0	0	0	2	0	0	3	0	0	0	0	0	0	0	0	2	0	0	0	0	0	0	0	0	0	0	0	0	0	0	2
0	0	0	3	0	0	0	2	0	0	0	0	0	0	0	8	0	0	0	0	0	3	0	0	0	0	0	0	0	0	0	0	0	0	0	0	0	0	0	0	0	0	0	0	3	0	0	2	0	0	0	0	1	0	0	0	0	0	0	0	0	5	3	0	0	0	0	0	0	0	0	0	0	9	0	0	0	0	6	0	0
0	0	0	3	0	0	4	0	2	8	2	0	0	0	0	0	2	0	0	2	0	1	0	6	0	2	0	0	0	6	0	3	0	0	0	0	3	0	0	0	2	0	2	0	0	0	0	2	0	0	0	0	0	0	0	0	3	0	2	4	0	0	0	0	8	0	0	0	0	0	0	0	2	0	1	0	0	4	2	5	0
0	0	0	2	2	0	0	0	0	0	2	0	0	2	0	0	2	0	1	0	0	0	0	0	0	0	0	0	0	0	2	2	0	0	0	0	0	0	0	0	0	4	0	0	0	2	0	2	0	2	0	0	0	0	2	0	0	0	0	0	0	0	0	0	7	0	0	0	0	0	0	0	0	0	0	0	0	0	0	0	0
0	0	0	2	0	0	0	0	0	0	0	0	0	0	0	0	0	0	0	0	0	0	0	0	0	0	0	0	0	0	2	4	0	0	0	0	0	0	0	0	0	3	0	0	0	0	0	0	0	0	0	0	0	0	0	0	0	2	0	0	2	0	0	0	0	0	0	0	0	3	0	0	0	0	4	0	0	0	0	0	0
0	0	0	2	1	0	0	0	3	0	0	2	3	2	0	0	0	0	4	4	0	3	0	2	0	3	0	3	0	0	0	0	4	0	4	0	0	0	3	4	0	0	5	0	0	0	0	0	0	0	0	0	2	2	2	0	0	7	0	0	7	4	0	7	2	0	0	0	0	2	0	0	0	5	3	0	0	0	0	0	0
0	0	0	2	0	1	0	0	0	0	0	0	0	2	0	0	0	0	0	0	0	0	0	0	0	0	0	0	0	0	0	0	0	0	0	0	0	0	0	0	0	0	0	0	0	0	1	0	0	0	2	0	0	0	0	3	0	0	0	0	2	0	0	0	2	0	0	8	2	0	0	0	6	0	0	0	0	0	0	0	2
0	0	0	2	0	5	0	0	6	3	0	6	3	0	0	7	0	0	0	6	0	0	0	0	0	0	5	0	0	8	3	2	4	0	0	0	0	0	2	0	0	3	2	0	2	0	0	0	0	0	0	0	2	0	4	0	0	0	4	4	4	8	0	7	0	0	0	4	0	5	0	0	0	0	0	0	0	0	2	0	0
0	0	0	2	0	0	5	0	0	8	0	0	0	3	0	0	0	0	0	0	2	1	3	0	0	0	0	0	2	2	0	4	3	5	7	1	0	0	2	0	0	0	0	0	0	0	6	0	0	0	0	3	0	0	0	0	2	0	4	0	0	2	9	0	4	0	0	0	0	0	0	0	0	0	3	0	0	4	0	0	2
0	0	0	2	0	0	0	1	0	0	0	0	0	0	2	1	0	4	2	0	0	0	0	0	1	0	0	0	1	0	0	1	0	0	0	0	0	0	0	5	0	0	0	0	1	0	0	0	0	0	0	0	0	0	0	0	0	0	0	0	0	0	0	2	0	0	0	0	8	4	0	0	0	1	0	0	0	0	1	0	0
0	0	0	2	0	1	0	4	0	0	0	0	0	4	0	2	2	0	4	0	0	1	0	2	0	0	0	0	0	0	1	8	0	0	1	0	0	3	2	5	0	5	0	0	0	2	4	0	0	0	2	0	0	0	2	0	0	0	0	0	0	2	2	0	0	0	0	0	0	4	0	0	0	3	2	0	0	0	0	0	0
0	0	0	2	0	0	0	0	0	0	0	0	0	0	0	0	0	0	0	0	0	0	0	0	0	0	0	3	0	0	0	0	0	0	0	0	0	0	0	3	0	2	0	0	0	0	0	0	0	2	0	0	0	2	0	0	0	2	0	0	0	0	0	0	0	0	0	2	0	0	0	2	0	0	3	0	0	0	0	2	0
0	0	0	2	0	0	0	0	0	0	0	2	0	0	0	3	0	2	0	0	0	2	0	0	0	0	0	0	0	0	0	0	0	2	0	0	0	2	0	0	0	0	0	0	2	0	0	0	0	0	2	0	0	0	2	0	0	0	0	0	0	0	2	0	0	0	0	0	0	0	0	0	0	0	0	0	0	0	1	0	0
0	0	0	2	5	0	0	0	0	2	0	0	0	0	0	0	0	2	0	3	0	0	0	3	2	0	0	0	0	0	3	0	0	0	0	0	0	0	0	0	0	4	0	0	0	0	0	0	2	0	0	0	0	0	0	0	4	0	0	0	0	0	4	0	2	0	0	4	0	0	0	0	0	0	2	0	0	0	3	0	7
0	0	0	2	101	0	0	0	31	0	0	0	0	0	0	0	0	0	0	0	0	0	0	245	99	0	0	0	55	0	0	380	0	0	0	0	0	0	163	0	0	6	2	0	0	0	103	0	0	0	0	0	0	72	0	0	0	54	0	7	0	8	0	107	0	0	0	0	177	80	0	0	0	0	83	0	0	0	0	0	0
0	0	0	2	0	11	5	10	0	0	24	0	10	0	0	0	0	0	0	24	10	6	0	0	0	0	8	0	0	3	0	9	8	0	6	7	0	11	0	20	2	10	7	0	4	0	0	7	0	13	13	0	17	0	34	0	0	4	0	3	8	20	5	0	0	3	12	0	0	0	0	0	0	6	7	10	0	6	5	0	0
0	0	0	2	0	3	0	0	0	0	0	0	0	0	0	0	0	0	0	2	0	0	0	0	0	2	0	0	0	0	2	2	0	3	0	0	0	0	0	0	0	0	0	0	0	0	0	0	0	0	0	0	0	0	1	0	0	2	0	0	0	2	0	0	0	2	2	0	0	0	0	0	2	0	0	0	0	0	0	0	0
0	0	0	2	0	2	0	0	4	0	0	0	0	2	0	0	0	0	0	0	0	0	0	0	0	0	0	1	0	3	0	0	0	0	0	0	0	1	0	0	0	0	0	0	0	2	0	0	0	0	0	0	0	0	1	0	0	1	0	0	0	0	0	0	0	0	0	0	0	0	0	0	0	0	0	0	0	0	0	0	0
0	0	0	2	0	0	0	0	0	0	0	0	0	3	0	0	0	0	0	0	0	0	0	0	0	0	0	0	0	0	3	0	0	0	0	0	0	0	0	0	0	0	0	0	0	3	0	0	0	0	0	3	0	0	0	0	0	0	0	0	0	2	0	2	0	2	0	0	0	0	0	0	0	0	0	0	0	0	0	0	0
0	0	0	2	0	0	0	0	0	0	0	0	0	0	0	0	0	0	0	10	0	0	0	0	0	0	0	0	0	0	0	0	0	0	0	0	0	0	0	5	0	0	0	0	2	0	0	0	0	0	0	0	0	0	0	0	2	0	0	0	0	0	0	0	0	0	0	0	0	0	0	0	0	0	0	5	0	0	2	0	0
0	0	0	2	0	0	2	0	0	0	0	0	0	0	2	0	6	0	0	0	0	2	0	0	0	0	0	0	0	0	0	0	2	0	0	0	0	0	0	0	0	0	0	0	0	0	0	0	0	0	0	0	0	0	0	0	0	0	6	0	0	0	0	0	11	2	0	3	0	0	0	0	0	0	0	0	0	0	0	0	0
0	0	0	2	0	0	0	0	0	0	0	0	0	0	0	0	0	0	0	0	0	0	0	0	0	0	0	0	0	0	0	0	0	0	0	0	0	0	0	0	0	0	0	0	0	0	0	0	0	0	0	0	0	0	0	0	0	0	3	0	0	0	0	0	0	0	0	0	0	0	0	0	0	0	0	0	0	0	0	0	0
0	0	0	2	0	0	0	0	0	0	0	0	0	5	0	0	0	0	0	0	0	0	0	0	0	17	0	0	0	0	0	0	0	3	0	5	0	0	0	0	0	0	0	0	0	0	0	0	0	5	0	0	0	0	0	0	0	0	0	0	0	0	0	0	2	0	0	0	0	0	0	0	0	0	0	0	0	5	0	0	0
0	0	0	2	0	0	0	0	0	0	0	0	0	0	0	0	0	0	0	1	0	0	0	0	0	0	0	0	0	0	0	0	0	0	0	0	0	0	0	0	0	0	0	0	0	0	0	0	0	0	2	0	0	0	0	0	0	0	0	0	19	0	0	0	0	0	0	0	0	0	0	0	0	0	0	0	0	0	0	0	0
0	0	0	2	0	0	2	5	0	12	0	0	0	3	0	2	0	5	0	0	0	0	0	0	0	2	0	0	0	7	0	5	5	0	0	0	0	0	5	0	0	0	0	2	0	2	0	4	0	0	0	9	0	0	0	4	4	0	0	0	0	0	0	0	0	0	0	0	0	0	0	0	3	0	0	3	0	0	0	2	2
0	0	0	2	0	0	0	0	0	0	0	0	0	0	0	0	0	0	0	0	0	0	0	0	2	0	0	0	0	0	0	3	2	0	0	0	0	0	4	2	0	0	0	0	0	0	3	0	0	3	0	0	0	0	0	2	0	2	0	0	0	3	0	0	0	0	0	2	0	0	0	0	0	0	0	0	0	0	0	0	0
0	0	0	2	0	8	0	0	0	10	3	4	0	3	0	3	0	0	2	3	0	0	0	4	0	6	0	0	2	2	2	6	0	4	2	0	0	0	2	2	2	6	0	0	0	0	0	2	0	4	0	2	2	0	0	3	0	5	0	3	0	7	0	0	0	0	0	0	0	2	0	0	0	0	0	3	0	0	6	0	0
0	0	0	2	0	0	0	0	0	1	0	0	0	0	0	0	0	0	0	0	0	1	0	0	4	0	0	0	0	0	0	0	0	0	0	0	0	0	0	0	0	0	0	0	0	0	0	0	0	0	0	0	0	0	0	0	0	0	0	0	0	0	0	0	0	0	0	0	0	0	0	0	0	0	0	0	0	0	0	0	0
0	0	0	2	0	0	0	0	0	0	0	0	0	2	0	0	0	0	0	0	0	0	0	0	0	0	0	3	0	0	0	0	0	0	0	0	0	0	4	0	0	0	0	0	0	0	1	0	0	0	0	0	0	0	0	3	0	1	0	0	0	0	0	0	0	0	2	0	0	0	0	0	0	0	1	0	0	0	0	0	0
0	0	0	2	0	0	0	0	0	0	0	0	0	0	0	0	0	0	0	0	0	0	0	0	1	0	0	0	0	0	0	0	0	0	0	0	0	0	0	0	0	0	0	0	0	0	0	0	0	0	0	0	0	0	0	0	0	0	0	0	0	0	0	0	2	1	0	0	0	0	0	0	0	2	0	0	0	0	0	0	0
0	0	0	2	0	0	0	0	6	0	0	0	0	0	0	0	0	0	0	0	0	0	0	0	0	0	0	0	0	0	1	0	0	0	0	0	0	0	0	0	0	1	0	0	0	0	0	0	0	0	0	0	0	0	0	0	0	0	0	0	0	4	1	0	0	0	0	0	3	0	0	0	3	0	0	0	0	0	0	0	0
0	0	0	2	0	0	0	0	0	0	0	0	0	0	0	0	0	0	0	0	0	0	3	0	0	0	0	0	2	0	0	0	0	0	0	0	0	0	0	0	0	0	0	0	0	0	0	0	4	0	0	0	0	0	0	0	0	2	0	0	0	0	0	0	0	0	0	0	0	0	0	0	2	2	2	0	0	0	0	0	0
0	0	0	2	2	0	0	0	0	0	0	0	0	0	0	0	0	0	0	0	0	0	0	2	0	0	0	0	0	0	0	0	0	0	0	0	0	0	0	1	0	0	0	0	0	0	0	0	0	2	0	2	0	0	0	0	0	0	0	0	0	0	0	0	0	0	0	3	0	0	0	0	0	0	0	0	0	0	0	0	0
0	0	0	2	2	0	0	0	0	0	0	0	0	0	0	0	0	0	0	0	0	0	0	2	0	0	0	0	0	0	2	9	2	0	0	0	0	0	0	0	0	2	0	0	0	0	0	0	0	0	0	0	0	0	0	0	0	0	0	0	0	2	0	0	0	0	0	0	2	0	0	0	0	0	0	0	0	0	0	0	0
0	0	0	2	2	4	0	0	0	0	3	0	0	0	0	0	0	0	0	0	3	0	0	0	1	3	1	1	0	0	0	11	0	0	0	1	0	0	3	4	0	2	0	0	0	0	1	0	0	2	3	0	3	4	3	1	0	0	0	0	0	2	8	0	0	4	0	0	0	5	0	0	1	2	2	1	0	0	3	0	0
0	0	0	2	0	0	0	0	0	0	2	0	0	0	0	2	0	0	0	3	0	2	0	0	0	0	0	0	0	5	0	0	2	0	2	0	0	0	0	0	0	0	0	0	0	3	0	0	0	0	0	0	0	0	0	0	0	0	0	0	0	0	0	0	0	3	0	0	0	0	0	0	2	0	0	0	0	3	0	0	0
0	0	0	2	0	0	0	0	0	0	0	0	0	0	0	5	0	0	0	0	0	0	0	0	0	2	0	0	0	1	0	0	0	0	0	0	0	0	0	0	0	0	0	0	0	0	0	0	0	0	0	0	0	0	0	0	2	0	0	0	0	0	0	0	0	0	0	0	0	0	0	0	0	0	0	0	0	2	0	0	2
0	0	0	1	0	0	0	0	1	0	0	0	0	0	0	0	0	2	0	0	0	0	0	3	0	7	0	0	0	0	0	0	0	0	0	0	0	0	1	0	0	0	0	0	0	0	0	0	0	0	0	0	0	0	0	2	4	0	0	0	0	0	0	0	2	0	0	2	0	0	2	0	4	0	3	3	2	0	0	0	2
0	0	0	1	0	0	0	0	0	0	0	0	0	0	0	0	0	0	0	0	0	0	0	3	0	0	0	2	0	0	0	1	0	0	0	2	0	1	0	0	0	0	0	0	0	0	0	0	0	0	0	0	0	0	0	0	0	0	0	0	0	0	0	0	0	0	0	0	0	0	0	0	0	0	0	0	0	0	0	0	0
0	0	0	1	0	3	0	0	0	0	0	0	0	0	0	0	0	0	0	0	0	0	0	0	0	0	0	0	0	0	0	0	0	0	1	0	0	0	0	0	0	0	4	0	0	0	0	0	0	0	0	0	0	0	0	0	0	0	0	0	0	0	0	0	0	1	0	0	0	0	0	0	0	0	0	0	0	0	0	0	0
0	0	0	1	1	0	0	0	4	0	1	0	0	0	1	0	2	0	0	2	0	0	0	6	7	0	0	1	2	0	0	0	0	0	1	0	0	0	7	0	0	0	1	0	1	0	1	0	0	0	0	0	0	0	2	0	0	2	0	4	0	1	1	2	13	0	0	1	1	3	0	0	2	0	1	0	0	0	0	0	0
0	0	0	1	0	0	3	0	0	0	0	0	0	0	0	0	0	0	0	0	0	5	0	0	0	0	0	0	0	0	0	0	2	0	0	1	0	0	0	0	0	0	0	0	1	0	0	0	0	0	0	0	4	0	0	0	0	0	0	0	0	0	0	0	0	0	0	0	0	0	0	0	0	0	0	0	0	4	0	0	0
0	0	0	1	0	0	0	0	0	0	4	0	0	0	0	3	0	0	4	0	2	6	0	0	0	0	0	8	0	0	0	4	0	1	0	0	0	2	4	0	0	0	0	0	0	0	0	0	0	0	3	0	0	0	3	2	0	2	0	0	3	2	0	0	3	0	4	0	0	0	0	0	0	0	0	0	0	0	0	0	0
0	0	0	1	0	13	15	43	4	35	8	1	19	0	0	10	1	0	0	0	5	7	17	0	2	0	3	33	1	5	0	0	37	0	0	5	0	2	0	0	0	27	1	1	0	0	0	0	0	0	2	0	22	0	0	14	0	0	0	22	0	35	0	0	34	8	3	82	0	0	0	0	29	1	0	3	0	0	0	4	0
0	0	0	1	0	3	5	2	4	5	0	0	3	0	0	0	0	0	0	6	0	0	0	2	1	0	4	0	1	2	0	1	0	0	0	2	0	2	12	6	3	0	3	0	0	0	6	0	0	0	0	0	2	0	0	0	0	1	4	2	0	0	0	2	0	0	1	0	0	3	0	0	2	2	7	7	0	4	9	2	0
0	0	0	1	0	2	0	4	3	0	0	0	0	0	0	0	0	0	0	3	0	0	0	0	0	0	3	0	3	0	0	0	0	0	0	0	4	3	0	0	0	1	0	0	0	0	2	0	0	4	0	2	0	0	4	0	0	2	0	0	2	0	0	1	0	0	2	0	2	0	0	0	1	0	1	1	0	2	0	0	0
0	0	0	1	0	45	8	0	0	0	23	2	6	18	0	22	0	0	0	7	0	16	3	49	39	7	0	215	0	2	2	16	0	17	8	0	0	57	29	0	0	50	0	0	0	4	102	4	0	0	2	0	4	0	6	67	0	11	0	13	0	10	0	0	0	0	20	16	0	0	0	0	10	0	29	22	0	1	0	0	0
0	0	0	1	0	0	0	0	1	0	0	0	2	0	0	0	0	0	0	0	0	0	0	0	0	0	0	0	0	0	0	0	0	0	0	0	0	0	0	0	0	0	0	0	0	0	0	0	0	0	0	0	0	0	0	0	0	0	0	0	0	0	0	0	0	3	0	2	0	0	0	0	0	0	2	0	0	0	0	0	0
0	0	0	1	1	0	0	2	8	0	4	0	0	0	0	0	0	0	0	0	0	0	0	1	0	2	0	0	0	0	0	3	0	8	0	1	0	0	0	0	0	3	2	0	0	2	0	2	0	0	0	0	0	2	0	0	0	0	3	0	0	0	0	0	0	0	0	4	1	0	0	0	0	3	10	0	0	0	0	0	2
0	0	0	1	0	1	0	0	0	0	0	0	0	0	0	0	0	0	0	0	0	0	0	0	0	0	0	0	0	0	0	0	0	0	0	0	0	2	0	0	0	0	0	0	1	0	0	0	0	0	0	0	3	0	1	0	0	0	0	0	0	0	0	0	0	0	0	0	0	0	3	0	0	0	0	0	0	0	0	0	0
0	0	0	1	1	0	0	0	0	2	0	1	0	0	0	0	0	0	1	1	2	0	0	0	0	0	0	0	0	0	0	0	0	0	0	0	0	0	2	1	2	0	0	2	0	0	0	0	0	2	0	0	0	0	0	2	0	0	3	0	0	0	0	0	0	0	0	0	0	0	0	0	1	0	0	0	0	0	0	0	0
0	0	0	0	82	11	0	19	46	0	20	0	96	0	26	10	0	30	148	2	141	0	0	14	172	237	43	0	84	0	9	73	0	21	8	24	0	9	29	0	97	0	14	41	0	0	241	0	0	0	0	0	0	12	0	0	0	58	0	0	3	12	0	0	0	0	85	0	17	454	0	0	0	4	46	0	0	0	2	0	0
0	0	0	0	40	0	0	0	0	0	0	0	39	0	0	7	0	0	23	50	5	3	0	3	0	0	0	0	0	2	14	0	31	0	0	3	0	23	2	0	0	0	0	18	0	0	0	0	0	2	0	7	0	20	4	0	0	3	0	0	8	0	0	0	0	0	0	0	10	0	0	0	0	0	0	2	0	5	0	0	0
0	0	0	0	9	0	0	6	0	0	7	0	0	0	0	2	3	0	0	0	0	3	0	4	4	3	0	0	0	3	2	0	5	0	0	0	0	0	0	0	21	0	2	0	3	0	5	0	0	4	0	2	0	0	0	0	0	2	0	5	0	0	0	0	2	0	0	0	10	21	0	0	10	0	12	6	0	0	2	0	4
0	0	0	0	8	0	4	3	0	0	3	0	3	3	4	0	5	0	0	0	5	3	1	5	0	3	0	3	2	0	2	20	0	0	0	2	0	0	5	8	5	2	0	0	0	1	5	6	2	0	4	0	1	0	0	3	2	7	2	1	0	5	23	4	1	1	3	0	0	2	0	0	1	2	6	2	5	0	4	0	0
0	0	0	0	7	0	0	0	0	0	0	0	0	3	0	0	0	0	0	2	0	0	0	0	3	0	0	0	0	0	0	0	0	0	0	0	0	3	0	0	3	0	5	0	0	0	5	0	0	0	0	0	0	0	0	0	2	0	0	0	0	0	16	0	0	0	0	0	14	0	0	0	0	0	0	0	0	0	0	0	0
0	0	0	0	5	2	0	0	0	2	0	2	0	0	0	0	0	0	0	0	0	0	0	0	0	0	0	0	0	0	0	0	0	0	0	1	0	0	0	0	0	0	2	0	0	0	0	0	0	0	0	0	2	0	0	0	0	0	0	0	2	0	0	2	0	0	0	0	0	0	0	0	0	0	2	0	0	0	0	0	0
0	0	0	0	5	3	0	0	0	0	0	0	0	2	5	0	0	1	0	0	0	0	0	0	1	3	0	0	0	0	0	3	0	0	0	2	0	0	0	0	0	3	0	0	0	0	0	0	2	1	0	2	2	0	0	0	0	2	0	0	0	1	0	0	0	0	0	0	0	2	0	0	0	0	2	4	0	0	0	0	0
0	0	0	0	4	4	45	35	0	0	39	0	24	0	16	3	0	0	69	0	37	0	0	27	61	108	119	0	43	0	0	184	0	3	1	11	0	20	113	2	119	25	39	6	0	2	76	0	0	32	2	0	0	0	0	0	0	156	0	59	20	31	0	0	0	10	45	0	36	156	0	0	0	9	132	0	0	0	27	0	0
0	0	0	0	4	0	0	0	0	0	0	0	0	0	0	0	0	0	0	0	0	0	0	0	0	0	0	0	0	0	0	0	0	0	9	0	0	0	0	0	0	0	0	0	0	0	0	0	0	0	0	0	0	0	0	0	0	0	0	0	0	0	0	0	0	0	0	0	0	0	0	0	0	0	0	0	0	0	0	0	0
0	0	0	0	4	0	0	3	2	0	10	0	0	0	0	0	5	0	4	0	0	0	0	0	2	0	0	0	0	3	0	0	0	0	0	0	0	0	0	0	0	0	2	0	0	0	12	0	0	0	0	0	0	0	0	0	0	0	0	0	0	0	0	0	17	5	2	0	0	0	0	0	0	0	0	0	0	8	3	0	0
0	0	0	0	4	0	0	0	0	2	0	0	0	0	0	0	0	0	0	0	0	0	0	0	2	0	0	0	4	0	0	0	0	0	0	0	0	0	0	0	0	0	0	0	0	0	0	0	0	0	0	0	0	2	0	0	0	0	0	0	0	0	0	0	0	0	0	0	0	0	0	0	0	0	0	0	0	0	0	0	0
0	0	0	0	3	0	0	0	0	0	0	0	0	0	0	0	0	0	0	8	0	0	0	0	0	0	0	0	0	0	0	0	4	0	0	0	0	0	0	0	0	0	0	0	0	0	0	0	0	0	0	0	0	0	0	0	0	0	0	0	0	0	0	0	0	0	0	0	0	0	0	0	2	0	0	0	0	0	0	0	0
0	0	0	0	3	0	0	0	0	0	0	0	3	0	0	0	0	0	0	0	2	0	0	0	0	0	0	0	5	0	0	2	0	0	0	2	0	2	0	0	0	0	2	0	0	0	0	0	0	0	0	0	0	0	5	0	0	0	0	0	0	0	0	0	0	0	0	0	0	0	0	0	0	2	0	0	0	0	5	0	0
0	0	0	0	3	0	2	0	2	0	0	0	0	0	0	0	0	0	0	0	0	2	0	2	0	0	0	0	0	0	0	2	0	0	0	0	0	0	10	0	0	0	0	0	0	0	0	6	4	0	2	0	2	2	0	0	0	8	0	0	0	0	0	5	0	2	0	0	2	4	0	0	2	0	9	3	0	0	3	0	2
0	0	0	0	3	0	0	8	0	0	0	0	3	0	0	0	0	0	0	0	0	0	0	0	0	0	0	0	0	0	0	0	0	0	0	0	0	0	0	3	0	0	0	0	2	0	0	0	0	0	0	0	0	0	0	0	0	0	0	0	0	0	0	0	0	0	0	0	0	0	0	0	0	0	0	0	0	0	0	0	0
0	0	0	0	3	0	0	0	0	0	0	0	0	0	0	0	0	0	0	2	0	0	0	0	0	0	0	0	0	0	0	0	0	0	0	0	0	2	0	2	0	0	0	0	0	0	0	0	0	0	0	0	0	3	0	0	0	0	0	0	0	0	0	0	0	0	0	0	0	0	0	0	0	0	0	0	0	0	0	0	0
0	0	0	0	3	0	0	0	0	0	0	3	0	0	0	0	0	4	0	0	0	0	0	0	0	0	0	0	0	0	0	0	0	0	2	0	0	0	0	0	0	0	0	0	0	0	0	0	4	0	0	0	0	0	4	2	0	0	0	0	0	0	2	0	0	0	0	2	2	2	0	0	0	0	0	0	0	0	1	0	0
0	0	0	0	2	0	5	0	0	0	0	0	0	1	2	0	0	1	0	0	0	0	0	0	3	0	0	0	0	0	0	0	0	1	0	0	0	0	0	0	0	0	0	0	1	3	12	0	0	0	0	0	0	2	0	0	0	0	0	0	0	0	0	0	0	0	0	0	4	0	0	0	0	3	0	6	0	0	0	0	0
0	0	0	0	2	0	0	0	0	0	0	0	0	4	0	0	0	0	0	0	0	0	0	0	0	0	0	0	0	0	0	0	0	0	0	0	0	0	0	0	0	0	0	0	0	0	0	0	0	0	2	0	0	0	0	0	0	0	0	0	2	0	0	0	0	0	0	0	5	0	0	0	0	0	3	0	0	0	0	0	0
0	0	0	0	2	0	0	0	0	0	0	0	0	0	0	0	0	0	0	0	0	0	0	0	0	1	0	0	0	0	0	0	1	0	0	0	0	0	0	0	0	0	0	0	0	0	0	0	0	0	0	0	1	0	4	0	0	0	0	0	0	1	0	0	0	0	0	0	0	0	0	0	0	0	0	0	0	0	2	0	0
0	0	0	0	2	0	0	0	0	3	0	0	0	0	0	0	0	0	0	2	0	0	0	0	0	3	0	0	0	0	0	0	0	0	0	0	0	0	0	0	0	0	0	0	2	0	0	0	0	0	2	2	0	0	0	0	0	0	0	0	0	0	0	0	0	0	0	0	5	0	0	0	3	0	0	0	0	0	0	0	0
0	0	0	0	2	0	0	0	0	2	0	0	2	0	0	0	0	2	0	0	0	0	0	0	0	0	0	0	0	0	0	2	0	3	0	0	0	0	0	0	0	0	0	0	0	0	0	0	0	0	0	0	0	0	0	0	0	0	0	0	2	0	0	0	0	0	0	2	0	0	0	0	0	2	0	0	0	2	0	0	0
0	0	0	0	2	0	0	0	0	0	0	0	0	0	0	0	0	0	1	0	0	0	0	0	0	0	0	0	0	4	0	0	0	0	1	0	0	0	0	0	0	0	0	0	0	0	0	0	0	0	0	0	0	0	0	0	0	0	0	0	0	0	0	0	0	0	0	0	0	0	0	0	0	0	0	0	0	0	0	0	0
0	0	0	0	2	0	0	0	0	0	0	0	0	0	0	0	2	0	0	0	0	0	0	0	0	4	0	0	0	0	0	6	0	0	0	0	0	0	2	1	0	3	0	0	0	0	2	0	0	0	0	0	0	0	0	0	0	1	0	0	0	3	2	0	0	0	2	0	0	0	0	0	0	0	0	0	0	0	0	0	0
0	0	0	0	2	0	0	0	0	0	0	0	2	0	0	0	0	0	0	0	0	0	0	0	2	0	0	2	2	0	3	0	0	0	0	0	0	0	0	0	0	0	0	0	0	0	0	0	0	0	0	0	0	0	0	0	0	0	0	0	3	0	0	2	0	0	0	0	0	0	0	0	0	0	0	0	0	0	0	0	0
0	0	0	0	2	0	0	0	2	0	2	0	0	0	0	0	0	0	0	0	0	0	0	0	1	0	0	0	0	0	0	2	0	1	0	0	0	0	0	0	0	0	0	0	0	0	0	0	2	0	0	0	0	0	0	0	1	2	0	0	0	0	0	0	0	0	0	0	2	5	3	2	0	0	2	0	0	0	0	0	0
0	0	0	0	2	0	0	0	0	0	0	0	0	0	0	0	0	0	0	0	0	0	0	0	0	0	0	0	0	0	0	0	0	0	0	0	0	2	0	0	0	0	0	0	0	0	0	0	0	0	0	0	0	0	0	0	0	0	0	0	0	0	0	5	0	0	0	0	0	0	0	0	0	0	0	0	0	0	0	0	0
0	0	0	0	2	0	0	0	0	3	0	0	0	0	0	0	0	0	0	0	0	0	0	0	1	0	0	0	0	0	0	0	0	0	0	1	0	0	0	2	0	0	0	0	0	0	3	0	0	0	0	0	0	0	0	0	0	0	2	0	0	0	0	0	0	0	0	0	2	0	0	0	1	0	2	0	0	0	0	0	0
0	0	0	0	1	0	0	0	0	0	0	0	0	4	1	0	0	0	0	0	0	0	0	0	0	0	0	0	0	0	0	0	0	0	0	0	0	0	0	0	0	0	0	0	0	3	0	0	0	0	1	0	0	0	0	0	0	0	0	0	1	0	3	0	0	0	0	0	0	0	0	0	0	0	0	0	16	0	0	0	4
0	0	0	0	1	0	0	0	0	0	0	0	0	0	0	0	0	0	0	0	0	0	0	0	0	0	0	0	0	0	0	0	0	0	0	0	0	0	0	2	4	0	0	0	0	0	0	0	0	0	0	0	0	0	0	0	0	0	0	0	0	4	0	0	0	0	0	0	1	0	0	0	2	0	0	0	0	0	0	0	0
0	0	0	0	1	0	0	0	2	13	0	0	0	5	1	0	0	0	0	0	0	0	0	16	0	0	0	4	6	0	0	0	0	0	0	0	0	2	20	0	0	0	0	0	0	1	0	0	2	0	0	0	1	0	0	0	25	13	1	0	0	2	0	0	59	0	0	0	0	0	0	0	60	1	0	0	0	5	0	3	0
0	0	0	0	0	4	0	0	0	0	0	0	0	0	0	0	0	0	0	0	0	0	0	0	0	0	3	0	2	0	0	0	2	0	0	2	0	0	0	0	3	0	5	0	0	0	2	0	0	0	5	5	0	0	0	0	0	3	3	0	0	0	0	0	7	0	0	0	0	0	2	0	5	0	0	0	4	2	0	0	4
0	0	0	0	0	28	0	0	0	0	0	0	0	0	0	0	0	0	22	0	12	0	0	0	0	0	0	0	0	0	0	0	8	0	0	0	0	0	0	3	0	0	0	2	0	0	0	0	0	0	0	0	0	0	0	0	0	0	0	0	0	0	10	0	0	35	0	0	0	0	0	0	0	0	0	45	0	0	0	0	0
0	0	0	0	0	2	0	2	0	0	0	0	0	0	0	0	0	0	0	0	0	0	0	0	0	0	0	0	0	0	0	0	6	0	0	0	0	0	0	0	0	0	0	0	0	0	0	0	0	0	0	0	0	0	0	0	0	0	0	0	4	0	0	0	0	2	0	0	0	0	0	0	0	0	0	6	0	0	0	0	0
0	0	0	0	0	0	0	0	0	0	0	0	0	0	0	0	0	0	0	0	0	0	0	0	0	0	0	0	0	0	0	0	5	0	0	0	0	0	0	0	0	0	0	0	0	0	0	0	0	0	0	0	0	0	0	0	0	0	0	0	0	0	0	0	0	0	0	0	0	0	0	0	0	0	0	0	0	0	0	0	0
0	0	0	0	0	0	0	0	0	0	0	0	0	0	0	0	0	0	0	0	0	0	0	0	0	0	0	0	0	0	0	0	9	0	0	0	0	0	0	0	0	0	0	0	0	0	0	0	0	0	0	0	0	0	0	0	0	0	0	0	0	0	0	0	0	0	0	0	0	0	0	0	0	0	0	0	0	0	0	0	0
0	0	0	0	0	0	0	0	0	0	0	0	0	0	0	0	0	0	0	6	0	0	0	0	0	0	2	0	0	0	0	0	6	0	0	5	0	0	0	13	0	0	10	0	0	0	0	0	0	0	4	0	0	0	7	0	0	0	0	0	0	0	2	0	0	0	0	0	0	0	0	0	0	0	0	0	0	0	0	0	0
0	0	0	0	0	38	0	31	0	0	0	0	16	22	0	10	0	0	46	45	4	0	0	0	0	0	32	0	0	14	26	0	11	0	25	0	0	0	0	35	0	0	2	8	10	0	0	0	0	13	0	0	8	0	14	0	0	0	0	0	0	2	10	0	0	9	0	0	10	0	0	0	0	0	0	10	0	73	14	0	0
0	0	0	0	0	0	0	0	18	0	17	0	3	3	4	8	0	34	9	0	11	8	26	0	0	0	0	0	13	12	0	0	0	0	11	0	0	0	0	0	19	0	0	1	7	0	0	15	2	17	3	0	13	0	42	3	0	0	0	3	0	0	0	5	4	0	11	28	0	0	0	25	1	0	0	0	0	0	0	0	0
0	0	0	0	0	0	0	0	0	0	0	1	0	0	0	0	0	0	0	0	2	0	0	0	0	0	0	0	0	0	0	0	14	0	0	0	0	0	0	0	0	0	16	0	0	0	0	0	0	0	1	4	0	0	0	0	0	0	0	0	0	0	0	0	0	12	0	0	0	0	0	0	0	0	0	0	0	0	4	0	0
0	0	0	0	0	4	2	0	0	0	0	0	0	144	0	0	0	0	0	0	0	10	0	0	0	0	0	0	0	0	0	0	0	0	0	0	0	0	0	29	0	0	0	0	0	18	0	0	0	0	0	1	0	0	0	0	0	0	0	0	32	0	0	0	0	0	2	8	0	0	0	0	0	0	0	0	0	0	0	0	0
0	0	0	0	0	7	9	18	0	0	5	6	3	0	0	14	8	0	0	0	8	10	0	0	2	0	0	0	18	11	10	5	0	0	9	4	0	11	3	3	0	4	0	0	7	4	4	3	0	14	0	4	6	0	3	0	0	13	11	8	4	9	0	3	0	0	2	0	0	13	0	0	0	0	6	0	0	6	8	0	0
0	0	0	0	0	0	0	2	0	0	0	0	0	2	0	0	0	0	0	0	0	0	0	0	0	0	0	0	0	0	0	0	4	0	0	0	0	0	0	0	0	0	0	0	2	0	0	0	0	0	0	0	0	0	0	0	0	0	0	0	0	0	0	0	0	0	0	0	0	0	0	0	0	0	0	4	0	0	0	0	2
0	0	0	0	0	0	1	0	0	0	0	0	0	0	0	0	0	0	0	0	4	0	0	0	0	0	0	0	0	0	0	0	0	0	0	0	0	0	0	0	0	0	11	0	0	0	0	0	0	0	0	2	0	0	0	0	0	0	0	0	0	0	0	0	0	3	0	0	0	0	0	0	0	0	0	0	0	0	5	0	0
0	0	0	0	0	0	0	0	0	0	0	2	0	0	0	0	0	0	0	0	0	0	0	0	0	0	0	0	0	0	0	0	3	0	0	0	0	0	0	0	0	0	3	4	0	0	0	0	0	0	0	4	0	0	0	0	0	0	0	0	0	0	0	0	0	2	0	0	0	0	0	0	0	0	0	0	0	0	9	0	0
0	0	0	0	0	0	0	0	0	0	0	0	0	0	0	0	0	0	0	4	1	0	0	0	0	0	0	0	0	0	0	0	1	0	0	0	0	0	4	0	0	0	0	0	0	0	1	0	0	0	0	0	0	0	1	0	0	0	0	0	0	5	0	0	0	0	0	2	0	0	0	0	0	0	0	1	0	0	0	0	0
0	0	0	0	0	0	0	0	0	3	0	0	0	0	0	1	0	0	1	0	0	0	0	2	0	0	2	0	0	0	0	0	3	0	0	0	0	0	0	0	0	0	0	0	1	0	3	0	0	1	0	0	0	0	0	0	0	0	0	0	3	3	1	2	0	0	0	0	1	0	0	0	0	0	0	0	4	0	0	0	0
0	0	0	0	0	0	0	3	0	0	0	0	0	0	0	0	22	0	0	0	0	0	0	0	0	0	0	0	0	0	0	0	7	0	0	0	0	0	0	4	0	2	0	0	3	2	0	0	2	0	0	12	0	0	0	9	2	0	6	2	0	5	0	0	4	0	0	0	0	0	0	0	0	0	0	0	0	0	0	0	0
0	0	0	0	0	2	0	0	4	6	0	0	0	0	0	6	0	0	0	2	2	0	0	3	0	0	3	0	0	3	2	0	0	0	0	0	0	4	2	0	0	6	5	0	0	0	0	0	0	0	0	2	0	0	4	0	0	0	0	0	2	2	0	1	0	0	0	3	0	3	0	0	0	0	0	0	0	0	1	0	0
0	0	0	0	0	0	0	0	2	0	0	0	0	0	0	0	0	5	0	0	0	0	0	0	0	2	0	1	0	2	0	0	0	0	0	0	0	0	0	0	0	0	0	0	0	0	0	0	0	0	0	0	0	0	0	0	0	0	0	0	0	0	0	0	0	0	0	0	0	0	0	0	0	0	2	0	0	3	0	0	0
0	0	0	0	0	0	0	0	0	0	0	0	0	0	0	0	0	0	1	0	0	0	0	0	0	0	0	0	3	0	0	1	0	0	0	0	0	0	0	0	0	2	2	0	0	5	0	1	0	0	0	0	0	0	0	0	0	0	0	0	0	2	0	0	0	3	0	0	0	0	0	0	0	0	0	0	0	0	0	0	0
0	0	0	0	0	0	0	0	0	0	0	0	0	0	0	0	0	0	0	0	0	0	0	0	0	0	0	0	0	0	0	0	0	0	0	0	0	0	0	0	0	0	0	0	0	0	0	0	0	0	0	0	0	0	0	0	0	0	0	0	0	0	0	0	0	0	0	0	0	0	0	0	0	0	1	0	0	2	0	0	0
0	0	0	0	0	0	0	0	0	0	0	0	0	0	0	0	0	0	10	0	0	0	0	0	0	0	5	0	0	0	0	0	9	0	0	0	0	0	0	0	0	0	0	0	0	0	0	0	0	0	0	0	0	0	0	0	0	0	0	0	0	0	0	0	0	0	0	0	0	0	0	0	0	0	0	0	0	0	0	0	0
0	0	0	0	0	0	0	0	0	0	2	0	0	0	0	0	0	0	0	0	0	0	0	4	0	0	0	0	0	0	0	2	4	0	0	0	0	0	6	0	0	0	3	0	0	0	4	4	0	0	0	0	0	0	0	0	0	0	0	0	0	0	0	0	0	0	0	0	0	2	0	0	0	0	6	0	0	0	0	0	0
0	0	0	0	0	0	0	0	0	0	0	0	0	0	0	0	0	0	0	0	0	0	0	0	0	0	0	0	0	0	0	0	11	0	0	0	0	0	0	0	0	0	0	0	0	0	0	0	0	0	0	0	0	0	0	0	0	0	0	0	0	0	0	0	0	0	0	0	0	0	0	0	0	0	0	0	0	0	0	0	0
0	0	0	0	0	0	0	0	0	0	0	0	0	0	0	3	0	0	0	2	0	0	0	0	0	0	0	0	0	0	0	0	0	0	0	1	0	3	0	0	0	0	5	0	0	0	0	0	0	0	2	0	3	0	0	0	0	0	0	0	0	0	0	0	0	0	3	0	0	0	0	0	0	0	0	0	0	7	0	0	0
0	0	0	0	0	0	0	2	0	0	0	0	0	0	0	0	0	0	0	0	0	0	0	0	0	0	0	0	0	0	0	0	0	0	0	0	0	4	0	0	0	0	0	0	0	0	0	0	0	0	0	0	0	0	0	0	0	0	0	0	0	0	2	0	0	6	0	0	0	0	0	0	0	0	0	0	0	0	0	0	0
0	0	0	0	0	0	0	0	0	0	0	0	0	0	0	0	0	0	3	0	0	0	0	0	0	0	0	0	0	4	0	0	1	0	0	2	6	0	0	0	0	0	0	0	0	0	3	0	0	0	0	0	0	0	0	0	0	1	0	0	0	4	0	0	0	0	0	0	0	0	0	0	0	7	0	0	0	0	0	0	0
0	0	0	0	0	0	0	0	0	0	0	0	0	0	0	0	0	0	0	0	2	4	0	0	0	0	0	0	0	0	0	0	4	0	0	0	0	0	0	0	0	0	2	0	2	0	0	0	0	0	0	0	0	0	0	0	0	0	0	1	0	0	0	0	0	0	0	0	0	0	0	0	0	1	0	0	0	0	1	0	0
0	0	0	0	0	5	0	0	0	0	0	1	0	2	0	5	0	0	0	0	9	0	0	0	0	0	0	0	0	1	0	0	5	0	0	0	0	0	0	3	0	5	1	3	0	0	0	0	0	0	0	0	0	0	0	0	0	0	0	2	0	2	8	0	0	1	0	0	0	0	0	0	0	1	0	5	0	0	0	0	0
0	0	0	0	0	0	3	0	0	0	0	0	0	0	0	0	0	16	11	0	0	0	0	0	0	31	3	0	0	0	2	0	0	4	0	0	0	0	0	0	0	2	0	0	8	4	0	0	0	0	0	0	0	0	0	0	0	0	0	1	0	0	0	0	0	0	0	0	0	0	0	0	0	7	0	0	0	0	0	0	0
0	0	0	0	0	0	0	0	0	0	2	0	0	12	0	2	0	0	5	3	0	0	0	0	0	13	0	0	0	0	0	0	4	0	0	5	0	0	0	5	2	0	2	0	4	0	0	0	0	0	0	0	0	0	0	0	0	0	0	0	4	0	0	14	0	0	0	0	0	2	0	0	0	0	0	0	0	0	0	0	0
0	0	0	0	0	0	0	0	0	0	0	0	2	0	0	0	0	0	4	0	2	0	0	0	0	0	0	0	0	0	0	0	0	0	0	4	0	0	0	0	0	0	2	0	0	0	0	0	0	0	0	0	3	0	4	3	0	0	0	0	0	0	5	0	0	0	2	0	0	0	0	0	0	0	0	0	0	0	17	0	4
0	0	0	0	0	0	0	0	0	0	0	0	0	0	0	0	0	0	3	0	0	0	0	0	0	0	0	0	0	0	0	0	0	0	0	2	0	0	0	9	0	0	6	0	0	0	0	0	0	0	0	0	0	0	0	0	0	2	6	0	0	0	2	0	0	0	1	0	0	0	0	0	0	0	0	0	0	0	0	0	0
0	0	0	0	0	1	0	0	0	0	0	0	0	0	0	0	0	0	0	0	0	0	0	1	0	0	0	0	0	0	1	1	3	0	0	1	0	0	12	3	0	0	0	0	0	0	0	0	0	0	0	0	0	0	0	0	0	0	0	0	0	0	0	0	0	0	1	0	5	0	0	0	0	2	0	0	0	0	0	0	0
0	0	0	0	0	3	0	0	0	0	21	0	2	0	0	9	0	0	5	2	0	0	0	0	0	0	0	0	0	0	2	2	3	0	0	0	0	5	0	0	0	0	0	2	0	0	0	2	0	0	2	0	0	0	0	0	0	0	0	9	0	0	0	0	0	0	0	0	0	0	0	0	0	0	0	14	0	0	8	0	0
0	0	0	0	0	0	1	0	0	0	0	0	0	0	0	0	0	0	0	0	0	0	0	0	0	0	0	0	0	0	0	0	1	0	0	0	0	0	0	0	0	0	4	0	0	0	0	0	0	0	0	0	0	0	0	0	0	0	0	0	0	0	0	0	0	3	0	0	0	0	0	0	0	0	0	0	0	0	1	0	0
0	0	0	0	0	0	0	0	0	0	0	0	0	0	0	0	0	0	2	0	0	0	0	2	2	0	0	0	0	0	0	1	3	0	0	3	0	0	0	0	0	0	0	0	0	0	5	1	0	0	0	0	0	5	0	0	0	0	0	0	0	0	0	0	0	0	0	0	0	0	0	0	0	0	8	0	0	0	0	0	0
0	0	0	0	0	0	0	0	0	0	0	0	0	0	0	0	0	0	0	0	0	0	0	0	0	0	0	0	0	0	0	0	42	0	0	129	0	0	0	0	0	0	0	0	0	0	0	0	0	0	0	0	0	0	0	0	0	0	0	0	0	0	0	0	0	0	0	0	0	0	0	0	0	0	0	0	0	0	0	0	0
0	0	0	0	0	2	0	0	0	0	0	0	2	0	0	0	0	0	0	4	0	2	0	0	0	0	0	0	0	0	0	3	0	0	0	0	0	4	0	0	0	0	0	0	0	0	0	0	0	0	7	2	0	0	0	0	0	0	0	0	2	0	0	0	0	0	0	0	0	0	0	2	0	0	3	0	0	2	2	0	0
0	0	0	0	0	0	0	0	0	0	0	0	2	0	0	0	0	0	0	0	3	0	0	0	0	0	0	0	0	0	0	0	5	0	2	7	0	0	0	0	0	0	0	0	0	0	0	0	0	0	4	0	0	0	0	0	0	0	0	0	0	0	0	0	0	0	0	0	0	0	0	0	0	0	0	0	0	0	0	0	0
0	0	0	0	0	0	0	0	1	0	0	0	0	0	0	0	0	0	0	0	0	0	0	0	0	0	0	0	0	0	2	0	14	1	0	4	0	0	0	0	0	0	0	1	0	0	3	0	0	0	10	1	0	0	0	0	0	0	0	0	0	9	0	0	0	0	0	0	0	0	0	0	0	0	0	2	0	0	0	0	0
0	0	0	0	0	0	0	0	0	0	0	0	0	0	0	0	0	0	0	0	0	0	0	0	0	0	0	0	0	0	0	2	0	0	0	0	0	0	0	0	0	0	0	0	0	0	7	0	0	0	0	0	0	0	0	0	0	0	0	0	0	0	0	0	0	0	0	0	0	0	0	0	0	0	3	0	0	0	0	0	0
0	0	0	0	0	0	33	11	0	0	0	3	7	0	0	9	0	0	20	56	25	19	0	0	0	0	0	0	0	25	5	0	10	0	22	23	0	17	0	36	0	0	52	3	0	7	0	0	0	0	26	43	0	0	25	0	0	0	0	0	0	0	24	0	0	0	7	0	0	0	0	0	0	6	0	57	0	46	44	0	0
0	0	0	0	0	0	3	1	0	0	0	0	0	0	0	2	0	0	11	2	0	0	0	0	0	0	0	0	0	4	0	0	4	0	0	6	0	0	0	10	0	0	0	0	0	0	0	0	0	0	0	2	0	0	0	0	0	0	0	0	18	0	2	0	0	0	2	0	0	0	0	0	0	0	0	12	0	0	0	0	0
0	0	0	0	0	1	0	0	0	0	0	0	2	0	0	0	0	0	1	0	0	0	0	0	0	0	3	0	0	0	0	0	3	0	0	0	0	0	0	0	0	0	1	0	0	0	0	0	0	0	0	1	1	0	0	0	0	0	0	0	0	1	0	0	0	0	0	0	0	0	0	0	1	0	0	2	2	0	2	0	2
0	0	0	0	0	0	2	0	0	0	0	3	0	0	0	0	2	0	0	2	0	2	0	0	0	0	0	3	3	2	0	3	4	0	5	0	0	0	0	3	0	3	0	0	0	3	0	0	0	3	2	0	0	0	0	0	0	0	2	2	0	2	0	2	0	2	0	0	0	0	0	0	0	0	0	4	0	0	4	0	0
0	0	0	0	0	0	0	0	0	0	0	0	0	4	0	0	0	0	0	0	0	0	0	0	0	0	0	0	0	0	0	0	0	0	0	0	0	9	0	0	0	0	3	1	0	0	0	0	0	0	4	0	0	0	0	0	0	0	0	0	0	0	0	0	0	2	0	0	0	0	0	0	0	0	0	6	0	0	0	0	0
0	0	0	0	0	0	0	0	0	0	0	0	0	0	0	3	0	0	0	0	0	0	0	0	0	0	2	0	3	0	0	2	0	0	0	0	0	0	0	1	0	2	0	0	0	0	0	0	0	0	2	0	0	0	0	0	2	4	0	2	0	0	0	3	2	0	0	0	0	0	0	0	0	0	0	0	0	0	2	0	0
0	0	0	0	0	0	0	0	0	0	0	0	2	0	0	0	0	2	0	0	3	0	0	0	0	0	0	0	0	0	0	0	11	0	0	0	0	0	0	0	0	0	0	0	0	0	0	0	0	0	3	0	0	0	0	0	0	0	0	0	0	0	0	0	0	0	0	0	0	0	0	0	0	2	0	3	0	0	0	0	0
0	0	0	0	0	0	0	0	2	0	0	0	0	0	0	0	0	0	6	8	0	0	0	0	0	0	5	0	0	4	0	0	4	0	0	0	0	0	0	20	0	0	0	0	0	0	0	0	0	0	0	0	0	0	20	0	0	0	0	0	0	0	0	0	0	2	4	0	0	0	0	0	0	3	0	6	0	0	0	0	0
0	0	0	0	0	4	0	0	0	0	0	0	0	3	0	0	0	0	0	0	0	0	0	0	0	0	0	0	0	0	0	0	0	2	0	2	0	0	0	0	0	0	2	0	0	0	0	0	0	0	2	0	0	0	0	0	0	0	0	0	0	0	0	0	0	0	0	0	0	0	0	0	0	0	0	0	0	0	0	0	0
0	0	0	0	0	0	0	0	0	0	2	4	0	0	0	2	3	3	0	0	0	0	0	0	0	2	0	2	2	0	0	2	0	0	0	0	0	0	0	0	0	0	0	0	0	0	0	0	0	0	0	0	0	0	0	0	0	0	0	0	0	0	0	0	4	2	0	0	0	0	0	2	0	0	2	0	0	0	0	0	2
0	0	0	0	0	0	0	0	2	0	0	0	0	2	0	0	0	0	0	0	0	0	0	0	0	0	0	0	0	2	0	0	4	0	0	0	0	0	0	0	0	0	0	0	0	0	0	3	0	0	0	0	0	0	0	0	0	1	0	0	0	0	0	0	0	0	0	0	0	0	0	0	0	0	0	4	0	0	0	0	0
0	0	0	0	0	1	0	1	0	0	0	0	0	0	0	0	0	0	0	0	0	2	0	0	0	0	0	0	1	0	0	0	0	0	2	2	0	0	0	9	0	4	3	0	0	0	3	0	0	7	0	0	0	0	3	0	0	0	0	1	0	2	0	0	0	1	0	1	4	0	0	0	0	0	0	4	0	0	1	0	0
0	0	0	0	0	0	0	0	0	0	0	0	0	0	0	0	0	0	0	0	0	0	0	5	0	3	0	6	0	0	0	0	3	3	0	0	4	0	1	0	0	0	0	0	0	0	0	2	1	0	0	0	0	0	0	0	0	1	0	0	0	0	0	0	1	0	0	0	0	0	0	0	0	0	1	5	0	0	0	0	3
0	0	0	0	0	2	2	0	0	0	0	0	2	0	0	0	0	6	2	3	0	0	0	0	0	9	0	0	0	0	0	3	0	0	0	0	0	0	0	0	2	6	0	0	0	0	0	0	0	3	0	0	0	0	0	2	0	0	0	0	2	0	0	0	0	0	0	0	2	0	0	0	0	2	0	0	0	0	2	0	0
0	0	0	0	0	0	0	0	0	0	0	0	0	0	0	0	0	0	0	4	0	0	0	0	0	0	4	0	2	0	0	0	6	0	0	2	0	0	0	2	0	0	2	2	0	0	0	0	0	0	4	0	0	0	2	0	0	0	0	0	0	0	0	0	0	0	0	0	0	0	0	0	0	0	3	2	0	0	2	0	0
0	0	0	0	0	0	0	2	0	0	2	0	0	0	0	8	3	0	0	0	0	0	0	0	0	0	0	2	0	10	0	0	17	0	0	12	0	2	0	0	0	0	0	0	0	0	0	0	0	2	0	0	0	0	8	0	0	0	0	0	0	0	2	0	0	0	8	0	0	0	0	0	0	0	0	0	0	9	0	0	0
0	0	0	0	0	10	4	0	0	0	0	6	2	3	0	5	0	1	2	1	2	0	0	5	0	0	3	0	0	0	0	4	0	5	0	0	0	0	3	2	0	3	0	0	3	4	5	0	0	0	2	0	2	0	8	2	0	0	0	0	2	13	2	0	0	8	3	0	6	0	0	0	0	3	0	19	0	0	3	0	0
0	0	0	0	0	0	0	0	2	0	0	0	0	0	0	0	0	0	5	0	0	0	0	0	3	0	2	0	0	0	2	0	0	0	0	0	0	0	0	2	2	0	0	0	0	0	0	0	0	0	0	0	0	0	0	0	0	0	0	0	0	0	0	0	0	0	0	0	0	2	0	0	0	0	0	0	2	0	4	0	0
0	0	0	0	0	0	0	0	2	0	0	0	0	0	0	3	0	0	0	0	2	0	0	2	0	0	0	0	0	0	0	7	0	0	0	0	0	0	0	4	2	0	0	3	2	0	0	0	0	0	0	0	0	0	0	0	0	0	0	0	0	0	0	0	0	0	3	0	0	2	0	0	0	0	0	0	0	0	2	0	0
0	0	0	0	0	7	0	3	0	0	0	0	5	0	0	2	0	0	0	2	8	0	0	0	0	0	0	0	0	8	0	2	0	0	0	0	0	0	0	5	0	0	0	2	0	0	0	0	0	4	0	0	8	0	3	0	0	0	0	0	0	0	0	0	1	0	0	0	0	0	0	0	0	0	0	0	0	0	6	0	0
0	0	0	0	0	0	0	0	0	0	0	0	3	0	0	0	0	0	0	0	0	0	0	0	0	0	0	0	0	0	0	0	0	0	0	0	0	0	0	0	0	0	2	0	0	0	0	0	0	0	0	0	0	0	0	2	0	0	0	0	0	0	3	0	0	0	0	0	0	0	0	0	0	0	0	0	0	2	2	7	0
0	0	0	0	0	0	0	0	0	0	0	0	0	0	0	0	0	0	0	0	0	0	0	3	0	0	0	0	0	0	0	0	0	0	0	0	0	0	2	0	0	0	0	0	0	0	0	0	0	0	0	0	0	0	0	0	0	0	0	0	0	0	0	0	0	0	0	0	0	0	0	0	0	0	0	0	0	0	0	0	0
0	0	0	0	0	0	2	0	0	0	0	0	2	0	0	0	0	3	0	0	2	0	0	0	3	2	0	0	0	0	4	6	4	0	0	0	0	0	0	2	3	0	0	0	0	0	0	0	2	0	0	2	0	0	2	0	0	5	0	2	0	0	0	3	5	2	0	0	2	0	0	0	3	0	0	0	0	0	2	2	0
0	0	0	0	0	0	0	0	0	0	0	0	0	0	0	0	0	0	0	0	0	2	0	0	0	0	0	0	0	0	0	0	0	0	0	0	0	0	0	0	0	0	0	0	0	0	0	0	0	0	0	0	0	0	0	0	0	0	0	0	0	0	0	0	0	0	0	0	0	0	0	0	0	0	0	0	2	0	0	0	2
0	0	0	0	0	0	0	0	0	0	0	0	0	0	0	0	0	0	0	0	0	0	0	0	0	0	0	0	0	0	0	0	10	0	0	0	0	0	0	0	0	0	0	0	0	0	0	0	0	0	0	0	0	0	0	0	0	0	0	0	0	0	0	0	0	1	0	0	0	0	0	0	0	0	0	0	0	0	0	0	0
0	0	0	0	0	0	0	1	0	0	0	0	0	0	0	0	0	0	0	0	4	0	0	7	0	0	0	0	0	0	0	0	0	0	0	0	0	0	5	0	0	0	0	0	0	0	0	0	0	0	0	0	0	0	0	0	0	0	0	0	0	0	0	0	0	0	0	0	0	0	0	0	0	0	0	0	0	0	0	0	0
0	0	0	0	0	1	0	0	0	0	0	0	2	0	0	0	0	0	0	0	0	0	0	0	0	0	0	0	0	0	0	0	0	0	0	0	0	0	0	0	0	0	0	0	0	2	0	0	0	0	0	1	0	0	0	0	0	0	0	0	0	0	0	0	0	0	0	0	1	0	0	0	0	0	0	0	0	0	0	0	0
0	0	0	0	0	205	0	0	0	0	0	0	0	0	0	0	0	0	0	38	0	0	0	0	0	0	0	0	0	0	0	0	0	0	6	0	0	0	0	5	0	18	0	0	45	0	0	0	0	0	0	149	0	0	0	0	0	0	0	0	0	0	0	0	0	0	0	0	0	0	0	0	0	0	0	0	0	0	0	0	0
0	0	0	0	0	33	1	0	0	0	0	0	0	0	0	0	0	0	5	9	0	0	0	0	0	0	0	0	0	0	0	0	0	0	0	0	0	4	0	19	0	0	0	0	47	13	0	0	0	0	0	4	0	0	0	0	0	0	0	0	4	0	3	0	0	26	0	0	0	0	0	0	0	1	0	0	0	0	0	22	0
0	0	0	0	0	31	0	0	0	0	0	0	0	0	0	0	0	0	0	3	0	0	0	0	0	0	0	0	0	0	0	0	0	0	0	0	0	0	0	3	0	7	0	0	17	0	0	0	0	0	0	28	0	0	0	0	0	0	0	0	0	0	0	0	0	0	0	0	0	0	0	0	0	0	0	0	0	0	0	0	0
0	0	0	0	0	26	0	0	0	0	0	0	0	0	0	0	0	0	0	3	0	0	0	0	0	0	0	0	0	0	0	0	0	0	6	0	0	0	0	0	0	0	0	0	0	0	0	0	0	0	0	24	0	0	0	0	0	0	0	0	0	0	0	0	0	0	0	0	0	0	0	0	0	0	0	0	0	0	0	0	0
0	0	0	0	0	12	0	0	0	0	0	0	0	0	0	2	0	0	0	2	6	0	0	0	0	0	0	0	0	2	0	0	0	0	0	0	0	0	0	0	0	0	0	0	4	0	0	0	0	3	0	0	2	0	0	0	0	0	0	0	7	3	0	0	0	0	0	0	0	0	0	0	0	0	0	0	0	2	8	0	0
0	0	0	0	0	12	0	0	1	0	7	4	0	0	0	0	0	0	0	23	0	0	0	0	0	0	0	0	0	0	0	0	3	0	0	0	0	2	0	0	0	0	0	0	1	0	0	0	0	0	0	0	2	0	1	0	0	0	0	0	0	0	0	2	0	0	0	0	0	0	0	0	0	0	0	7	0	0	21	0	0
0	0	0	0	0	11	0	0	0	0	0	0	0	0	0	0	0	0	0	0	0	0	0	0	0	0	0	0	0	0	4	0	0	0	0	0	0	0	0	0	0	0	0	0	17	0	0	7	0	0	0	3	2	0	0	0	0	0	0	0	0	0	0	0	0	0	0	0	0	0	0	0	0	0	0	0	0	0	0	0	0
0	0	0	0	0	9	7	6	43	0	19	0	0	0	0	0	2	0	0	17	0	6	0	7	4	0	2	0	0	0	1	28	0	3	0	3	0	0	3	0	0	0	4	0	0	7	9	9	0	0	0	5	0	0	0	0	0	4	0	22	0	10	16	6	7	0	0	0	0	7	0	0	0	5	23	0	0	0	0	0	0
0	0	0	0	0	9	0	0	12	0	10	0	0	0	2	0	0	0	0	3	0	0	0	5	5	0	0	0	0	0	0	11	2	0	0	0	0	0	0	7	0	4	2	0	0	5	0	0	0	0	2	0	2	0	2	0	0	5	0	1	0	23	2	0	0	5	0	8	0	3	0	0	0	3	2	29	0	0	2	0	0
0	0	0	0	0	8	0	0	0	0	0	0	3	0	0	12	0	0	0	39	0	0	0	0	0	0	0	0	0	0	0	0	0	0	16	0	0	3	0	2	0	3	59	5	0	0	0	0	0	4	11	9	0	0	4	3	0	0	0	0	10	0	0	0	0	8	2	0	0	0	0	0	0	0	0	0	0	2	45	28	0
0	0	0	0	0	8	0	0	3	0	4	3	2	2	0	12	0	4	3	7	0	0	0	0	0	3	0	2	4	8	0	2	4	0	2	0	0	4	0	6	3	7	10	0	0	2	0	2	0	0	9	3	4	0	8	0	0	0	4	0	0	2	0	0	0	0	0	3	0	0	0	0	3	2	0	3	0	2	12	0	0
0	0	0	0	0	6	0	0	2	0	0	0	0	0	0	0	0	0	0	4	10	0	0	0	0	0	0	0	0	0	3	0	0	0	0	0	0	4	0	0	0	3	0	4	7	0	0	0	0	5	0	0	0	0	0	0	0	0	0	0	0	4	0	0	0	0	0	0	0	0	0	0	0	0	0	0	0	0	4	0	0
0	0	0	0	0	6	0	2	0	2	0	0	0	0	0	0	8	0	0	0	2	0	0	0	0	0	0	0	0	2	0	0	0	0	0	0	0	0	0	0	0	5	0	2	0	0	0	0	0	0	3	3	0	0	3	0	0	0	0	0	2	0	0	0	2	0	0	0	0	0	0	0	0	0	3	2	0	0	0	0	0
0	0	0	0	0	6	0	0	0	0	0	3	0	0	2	2	0	0	0	0	0	0	0	0	0	0	0	0	2	0	0	0	0	0	0	0	0	0	0	0	0	0	0	0	2	0	0	0	0	0	0	0	0	8	0	0	0	0	0	0	0	0	4	0	3	0	0	0	0	0	0	0	0	0	2	0	0	0	0	0	0
0	0	0	0	0	5	0	0	0	0	0	0	0	0	0	0	0	0	0	10	0	0	0	0	0	0	0	0	0	0	0	0	0	0	0	0	0	0	0	20	0	0	0	0	0	0	0	0	0	0	0	0	0	0	0	0	0	0	0	0	0	0	0	0	0	0	0	0	0	0	0	0	0	0	0	0	0	0	0	0	0
0	0	0	0	0	5	0	0	0	0	0	0	0	0	0	0	0	0	0	0	0	0	0	0	0	0	0	0	0	0	0	0	0	0	0	0	0	0	0	0	0	1	0	0	5	0	0	0	0	0	0	2	0	0	0	0	0	0	0	0	0	0	0	0	0	0	0	0	0	0	0	0	0	0	0	0	0	0	0	0	0
0	0	0	0	0	5	0	1	0	0	0	0	0	0	0	0	0	0	0	1	0	0	0	0	0	0	0	0	0	0	0	0	0	0	0	0	0	0	0	0	0	0	4	4	0	0	0	0	0	0	0	0	0	0	0	0	0	0	0	0	0	3	0	0	0	2	0	0	0	0	0	0	0	0	0	0	0	0	8	0	0
0	0	0	0	0	5	0	0	0	0	0	0	0	0	0	0	0	0	0	0	0	0	0	0	0	0	0	0	0	0	0	0	0	0	0	0	0	0	0	0	0	1	0	0	5	0	0	0	0	0	0	0	0	0	0	0	0	0	0	0	0	0	0	0	0	0	0	0	0	0	0	0	0	0	0	0	0	0	0	0	0
0	0	0	0	0	5	0	0	0	0	0	13	0	0	0	1	0	0	0	7	0	2	0	0	0	0	0	0	0	0	0	0	0	0	0	0	0	0	0	5	0	0	0	0	0	0	0	0	0	0	0	0	0	0	0	0	0	0	0	0	0	0	0	0	0	0	0	0	0	0	0	0	0	0	0	0	0	0	0	0	0
0	0	0	0	0	4	0	0	0	0	0	0	0	0	0	0	0	0	0	7	0	6	0	5	7	19	0	5	12	0	2	0	0	0	0	0	0	0	16	0	0	0	0	0	5	0	0	0	0	3	0	1	0	2	0	0	0	0	0	0	16	0	0	2	0	0	0	7	0	2	0	7	0	0	0	0	0	0	2	0	0
0	0	0	0	0	4	0	0	0	0	0	0	0	0	0	2	0	0	0	0	3	0	0	0	3	0	0	0	0	0	0	0	0	0	0	0	0	0	0	0	0	0	0	0	0	0	0	0	0	0	0	0	0	0	3	0	2	0	0	0	0	0	0	0	0	0	0	2	2	0	0	0	0	2	0	6	0	0	0	0	0
0	0	0	0	0	4	0	0	0	0	0	0	0	0	0	0	0	0	0	2	0	0	0	0	0	0	0	0	0	8	0	0	0	0	0	0	0	0	0	0	0	0	0	0	0	0	0	0	0	0	2	0	6	0	0	0	0	0	0	0	0	0	0	0	0	8	0	0	0	0	0	0	0	0	0	0	0	13	4	0	0
0	0	0	0	0	4	0	0	0	0	0	0	0	0	0	0	0	0	0	2	0	0	0	0	0	0	0	0	0	0	0	0	0	0	0	0	0	0	0	0	0	0	0	0	0	0	2	0	0	0	0	0	3	0	0	0	0	0	0	0	2	2	0	0	0	0	0	0	0	0	0	0	0	0	0	0	0	0	0	0	0
0	0	0	0	0	4	0	6	0	0	0	0	0	0	0	2	0	0	0	0	0	0	0	0	0	0	0	0	0	2	0	0	0	0	0	0	0	1	0	0	0	0	1	0	2	0	0	0	0	0	0	0	2	0	1	0	0	0	0	0	0	2	0	0	0	5	0	0	0	0	0	0	0	0	0	0	0	2	14	0	0
0	0	0	0	0	4	0	0	0	0	0	0	0	0	0	0	0	0	0	0	0	5	0	0	0	0	0	0	0	0	2	7	0	0	0	0	0	0	0	0	0	50	0	0	0	0	0	3	0	0	0	0	0	0	0	0	0	0	0	0	2	11	0	0	0	0	0	0	0	0	0	0	0	0	0	0	0	0	0	0	0
0	0	0	0	0	3	0	0	1	0	0	0	0	0	0	0	0	0	0	13	0	0	0	0	0	0	1	0	0	0	4	0	4	0	0	0	0	0	0	0	0	0	0	0	5	0	0	0	0	0	0	0	0	0	5	0	0	0	0	0	0	0	0	0	0	0	0	0	0	0	0	0	0	0	0	0	0	0	2	0	0
0	0	0	0	0	3	0	0	0	0	0	0	0	0	0	5	0	3	0	4	0	5	0	0	0	0	0	0	0	0	0	9	0	7	0	0	0	0	0	5	0	5	0	0	0	12	0	0	0	2	0	2	0	0	3	0	0	3	0	0	4	2	0	2	2	0	0	0	0	0	3	0	0	6	4	0	0	2	5	0	0
0	0	0	0	0	3	0	0	0	0	0	0	0	0	0	0	0	0	0	0	0	0	0	0	0	0	0	0	0	0	0	0	0	0	0	0	0	0	0	0	0	0	0	0	0	0	0	0	0	0	0	0	9	0	0	1	0	0	0	0	0	0	0	0	0	0	0	0	0	0	0	0	0	3	0	0	0	0	0	0	0
0	0	0	0	0	3	0	0	3	2	0	0	0	0	0	3	0	0	0	2	0	0	0	0	0	0	2	0	0	2	3	3	0	0	0	0	0	0	2	0	0	2	6	0	0	0	0	0	0	0	0	0	0	0	1	2	0	0	0	0	5	1	0	3	0	0	0	1	0	2	0	0	0	0	0	0	0	0	2	0	0
0	0	0	0	0	3	0	3	0	0	0	0	0	0	0	0	0	0	0	2	0	0	0	0	0	0	0	0	0	0	2	0	0	0	2	0	2	0	0	0	0	0	3	0	0	0	2	0	0	0	3	0	0	0	2	0	0	0	0	0	2	0	5	0	0	2	0	0	0	0	0	0	0	0	0	0	0	0	3	0	0
0	0	0	0	0	2	0	0	0	0	0	0	2	0	0	1	4	0	1	2	0	0	0	0	0	0	0	0	0	2	0	0	0	0	0	2	0	0	0	4	0	0	1	0	1	0	0	0	0	0	0	0	0	0	2	0	0	3	0	0	0	0	0	0	0	0	0	0	0	0	0	0	0	0	0	0	0	0	8	0	0
0	0	0	0	0	2	0	6	0	3	0	0	0	0	0	0	0	0	0	0	0	0	0	0	0	0	0	0	1	0	0	0	4	0	0	0	0	0	0	6	0	1	0	0	0	0	0	0	0	0	0	0	1	0	0	0	0	0	5	2	2	2	0	7	3	8	0	0	0	0	0	0	0	0	0	0	0	0	0	0	0
0	0	0	0	0	2	4	0	0	0	0	0	4	0	0	0	0	0	0	0	0	0	0	0	0	0	0	0	0	0	2	0	0	0	0	0	0	2	0	4	0	0	0	0	2	13	0	0	0	0	0	2	4	0	2	0	0	0	0	0	0	0	0	0	0	0	0	0	0	0	0	0	0	24	0	0	0	3	4	0	0
0	0	0	0	0	2	0	0	4	0	1	0	0	0	0	0	0	1	0	4	0	0	3	2	4	2	0	0	0	0	2	1	0	0	0	0	0	5	0	0	0	0	0	0	3	1	0	0	1	4	0	2	6	1	0	0	0	0	2	3	0	2	0	1	0	0	0	1	0	0	2	0	0	0	0	3	0	0	5	0	0
0	0	0	0	0	2	0	0	0	0	0	0	0	0	0	0	0	0	0	0	0	0	0	0	0	0	0	0	0	0	0	0	0	0	0	0	0	0	0	2	0	0	0	0	0	0	0	0	0	0	0	0	0	0	0	0	0	0	0	0	0	0	0	0	0	0	0	0	3	0	0	0	0	0	0	0	0	0	0	0	0
0	0	0	0	0	2	0	0	0	0	0	0	0	0	0	0	0	0	0	0	0	0	0	0	3	0	0	0	2	2	0	0	0	0	0	0	0	0	0	0	0	0	1	0	4	0	0	0	0	0	1	0	0	0	0	0	0	0	0	0	0	0	0	1	0	0	0	0	0	0	0	0	0	0	0	0	0	0	0	0	0
0	0	0	0	0	2	0	0	0	0	0	0	0	0	0	2	0	0	0	2	0	0	0	0	0	0	0	0	0	0	0	0	0	2	0	0	0	0	0	2	2	0	0	0	0	0	0	0	2	0	3	0	0	0	2	2	2	0	0	0	2	0	0	0	0	0	0	0	0	0	0	0	0	0	0	4	0	0	4	0	2
0	0	0	0	0	2	0	0	0	0	0	0	0	0	0	0	0	0	0	0	0	0	0	0	0	0	0	0	0	0	0	0	0	0	0	0	0	0	0	0	0	0	0	0	0	0	0	0	0	0	2	0	0	0	0	0	0	0	0	0	0	0	2	0	8	0	0	0	0	0	0	0	2	0	0	0	0	0	0	0	4
0	0	0	0	0	2	0	2	0	0	0	0	0	0	0	0	0	0	0	5	0	0	0	0	0	0	2	0	0	0	2	0	0	0	0	0	0	0	3	2	0	0	2	0	0	0	0	0	0	0	0	0	0	0	0	0	0	0	0	0	0	0	4	5	0	0	0	0	0	0	0	0	0	0	0	2	0	0	0	0	0
0	0	0	0	0	2	0	2	0	0	0	0	2	0	0	1	0	0	2	0	0	0	0	0	0	0	1	0	0	1	0	1	0	0	0	2	0	3	1	2	0	0	0	0	0	2	0	4	0	0	1	0	1	0	0	0	0	1	2	3	0	0	0	0	0	0	0	0	0	0	0	0	2	0	6	2	0	2	3	4	0
0	0	0	0	0	2	0	0	0	0	0	5	0	0	0	1	0	0	0	1	0	0	0	0	0	0	0	0	0	1	0	0	0	0	0	2	0	0	0	2	0	0	0	0	0	0	0	0	0	0	0	2	0	0	0	0	0	3	0	0	0	0	0	0	0	0	0	0	0	0	0	0	0	0	0	5	0	0	4	0	0
0	0	0	0	0	2	0	0	0	0	0	0	0	0	0	0	0	0	0	0	0	0	0	3	0	0	0	0	0	0	0	6	0	0	0	0	0	0	0	0	0	0	0	0	0	0	0	0	0	0	0	0	0	0	0	0	0	0	0	0	2	0	0	0	0	0	2	0	0	0	0	0	0	2	2	0	0	0	2	0	0
0	0	0	0	0	2	0	0	0	0	0	0	0	2	0	0	0	0	0	0	0	2	0	0	2	0	0	0	0	0	0	0	0	0	0	0	0	0	0	0	0	1	0	0	0	0	0	0	0	0	0	0	2	0	0	0	0	0	0	0	0	0	0	0	0	0	0	0	0	0	0	0	0	0	0	0	0	0	0	0	0
0	0	0	0	0	2	0	0	2	0	0	0	0	0	0	0	0	0	0	0	0	0	0	0	0	0	0	0	0	0	0	0	2	0	0	0	0	0	4	0	0	0	0	0	2	0	2	0	0	0	0	0	0	0	0	0	0	0	0	0	0	0	0	0	0	0	0	0	0	0	0	0	0	0	0	0	0	0	0	0	0
0	0	0	0	0	2	0	0	0	2	0	0	0	2	0	0	0	2	3	0	0	2	3	0	0	3	0	0	0	0	0	0	0	2	2	2	2	0	0	0	0	0	0	0	0	0	0	0	2	0	0	0	0	0	0	0	0	0	0	0	0	0	0	0	2	0	0	0	0	0	0	0	0	2	0	2	0	0	5	0	0
0	0	0	0	0	2	0	0	0	0	0	0	0	0	0	0	0	0	0	0	0	0	0	0	0	0	0	0	0	2	0	0	0	0	0	0	0	0	0	2	0	0	0	0	0	0	0	0	0	0	0	2	0	0	0	0	0	0	0	0	2	0	2	0	0	0	3	0	0	0	0	0	0	0	6	0	0	2	0	0	0
0	0	0	0	0	2	0	2	3	0	4	0	0	0	0	0	4	9	0	0	0	6	0	0	4	0	2	0	0	3	0	2	0	0	0	2	0	0	0	0	6	3	0	0	0	0	2	0	0	0	0	0	0	0	0	0	0	4	0	2	0	0	0	0	0	0	0	0	0	8	0	0	0	0	3	0	0	3	0	0	0
0	0	0	0	0	2	0	0	0	0	5	0	0	0	0	2	0	0	0	5	0	0	0	0	0	0	0	0	0	0	7	2	0	0	0	0	0	8	0	0	0	3	0	0	0	2	0	2	0	0	0	2	0	0	0	0	0	3	3	3	0	0	0	0	0	0	0	0	0	0	0	0	0	0	0	0	0	7	0	0	0
0	0	0	0	0	2	0	0	0	0	2	0	0	0	0	0	2	0	0	3	3	2	0	0	0	0	0	2	0	2	2	0	0	0	0	3	2	2	0	0	0	0	1	0	0	0	0	0	0	0	0	0	3	0	0	0	0	4	0	1	2	0	0	0	0	0	2	0	0	3	0	0	0	0	3	0	0	0	0	0	0
0	0	0	0	0	2	0	0	0	0	0	0	0	0	0	2	0	4	0	2	0	0	0	0	0	0	0	2	0	0	0	2	0	0	0	0	0	0	0	0	7	0	0	0	0	2	2	0	0	0	0	0	0	0	0	0	0	0	0	0	0	0	0	7	0	0	0	0	0	0	0	0	0	0	0	0	0	0	0	0	5
0	0	0	0	0	2	0	0	0	0	0	0	0	0	0	0	0	0	0	4	0	4	0	0	0	0	0	0	0	0	16	0	0	0	0	0	0	0	0	0	0	0	0	0	0	0	0	0	0	0	0	0	0	0	0	0	0	0	0	0	0	0	0	0	0	0	0	0	0	0	0	0	0	0	0	0	0	3	0	0	0
0	0	0	0	0	2	0	0	0	0	0	0	0	0	0	0	0	0	0	0	0	0	0	0	0	0	0	2	0	0	0	0	0	0	0	0	0	0	0	1	2	0	0	0	0	0	0	0	0	0	0	0	0	0	0	0	0	0	0	0	0	0	0	0	0	0	0	0	0	0	0	0	0	0	0	0	0	0	0	0	0
0	0	0	0	0	2	0	0	0	0	0	0	0	0	0	0	0	0	0	0	0	0	0	0	0	0	0	0	0	0	2	4	0	0	0	0	0	0	0	0	0	2	0	0	0	0	0	0	0	0	0	0	0	0	0	0	0	0	0	0	0	0	0	0	0	0	0	0	0	0	0	0	0	0	0	0	0	0	0	0	0
0	0	0	0	0	2	0	0	0	0	0	0	0	0	0	0	10	0	0	0	0	0	0	0	0	0	0	0	0	0	0	0	3	0	0	0	0	0	0	0	0	0	0	0	0	1	0	0	0	0	0	1	0	0	0	0	2	0	0	1	0	2	0	0	2	0	0	0	0	0	0	0	0	0	0	0	0	0	4	0	0
0	0	0	0	0	2	0	0	0	0	3	0	0	5	0	3	0	0	0	0	0	0	0	0	0	0	0	1	0	0	0	0	0	0	0	0	3	0	0	4	0	0	6	0	0	0	0	0	0	0	0	2	0	0	0	0	3	0	0	0	4	2	7	0	0	0	0	0	2	0	0	0	0	0	0	0	0	0	3	0	0
0	0	0	0	0	2	0	2	2	0	0	0	0	0	0	0	0	0	2	3	0	0	0	0	0	0	0	3	4	0	0	2	0	0	0	0	0	0	2	0	0	0	0	0	0	0	0	0	2	0	0	0	0	0	3	0	0	0	0	0	0	0	0	0	0	2	0	0	0	0	0	0	0	2	0	2	0	0	0	0	0
0	0	0	0	0	2	0	0	2	0	0	0	0	0	0	2	0	2	0	0	0	0	0	0	0	0	2	0	0	0	0	0	0	0	0	0	0	1	0	0	0	0	0	0	3	0	0	0	2	0	0	0	0	0	0	0	0	0	0	0	0	0	0	5	0	0	0	0	0	0	0	0	0	0	0	0	0	0	1	0	0
0	0	0	0	0	2	0	0	0	0	0	0	0	0	0	0	0	0	0	2	0	2	0	0	0	0	0	0	0	0	0	0	0	0	0	0	0	0	0	0	0	0	0	0	0	0	4	0	0	0	0	2	0	0	0	0	0	0	0	0	0	0	0	0	0	0	0	0	0	0	0	0	0	0	0	0	0	0	0	0	0
0	0	0	0	0	1	0	0	0	0	2	0	7	0	0	3	0	0	16	0	0	0	0	0	0	0	0	0	0	2	0	0	0	0	0	0	0	0	0	0	0	0	2	0	0	2	0	0	0	0	0	0	1	0	0	0	0	0	0	0	0	0	0	0	0	0	0	0	0	3	0	0	0	0	0	0	0	0	6	0	0
0	0	0	0	0	1	0	2	0	4	0	0	0	0	0	0	0	0	0	0	1	0	2	0	3	0	3	1	0	0	0	0	0	0	0	0	0	5	0	1	1	0	2	2	0	1	0	0	0	6	0	0	0	0	0	1	0	2	0	0	4	1	6	1	0	0	5	5	5	0	0	0	1	1	0	1	0	3	0	0	2
0	0	0	0	0	1	0	14	0	0	0	4	0	0	0	0	0	0	0	0	0	7	3	3	0	0	3	0	0	0	0	4	0	0	0	0	0	0	7	3	0	5	0	0	0	0	0	0	2	0	4	3	6	5	0	0	16	0	0	0	0	0	0	20	19	0	0	0	6	0	0	0	0	0	0	7	16	0	0	0	0
0	0	0	0	0	1	0	2	2	0	1	3	0	0	0	0	0	0	0	10	0	0	0	0	0	0	6	0	0	0	2	0	0	0	0	0	0	3	0	0	0	0	0	0	0	0	0	0	0	0	0	0	0	0	2	0	0	0	0	0	0	0	0	0	0	0	0	0	0	0	0	0	0	0	0	4	0	0	6	0	0
0	0	0	0	0	1	0	0	0	0	0	2	3	0	0	3	0	0	5	0	0	0	0	0	0	0	0	0	0	4	0	0	0	0	0	0	0	0	0	0	0	0	0	0	0	0	0	0	0	0	0	0	1	0	5	0	0	0	0	0	0	2	0	0	0	0	0	0	0	2	0	0	0	0	0	0	0	0	14	0	0
0	0	0	0	0	1	0	0	0	0	0	0	0	0	0	2	0	0	0	0	0	8	0	0	0	0	0	0	4	0	2	0	0	0	0	0	0	0	0	0	0	1	0	0	0	0	0	0	0	0	0	0	0	0	2	0	0	0	0	3	0	3	0	1	0	2	0	0	0	4	0	0	0	0	0	0	0	0	0	0	0
0	0	0	0	0	1	0	0	0	0	2	2	0	0	0	0	0	0	0	0	0	0	0	6	0	0	0	0	0	0	0	0	0	2	0	0	0	0	2	0	0	0	0	0	0	0	0	2	0	0	0	0	0	0	0	0	0	0	0	0	0	4	0	1	0	0	0	0	0	1	0	0	0	0	0	0	0	0	0	0	0
0	0	0	0	0	1	0	0	0	0	0	0	2	0	0	0	0	0	0	0	0	0	0	0	0	0	0	0	0	0	0	0	0	0	0	0	0	0	0	0	0	0	0	0	0	0	0	0	0	0	0	0	0	0	4	0	0	0	0	0	0	0	6	0	0	0	2	0	0	0	0	0	0	0	0	0	0	0	2	0	0
0	0	0	0	0	1	0	0	0	0	0	0	0	3	0	0	0	0	0	2	0	0	0	0	0	0	0	0	0	0	0	4	0	0	0	0	0	0	0	2	0	0	2	0	0	0	0	0	0	0	0	0	0	0	1	0	0	0	1	0	0	0	0	0	0	0	3	0	0	0	0	0	0	0	0	0	0	0	3	0	0
0	0	0	0	0	1	0	0	0	0	0	0	0	0	0	0	0	0	0	1	0	0	0	0	0	0	0	0	0	0	0	3	0	0	0	0	0	0	0	14	0	4	0	0	0	0	0	0	0	0	0	0	0	0	0	0	0	0	0	0	0	0	0	0	0	0	3	0	0	0	0	0	0	0	0	1	0	0	0	0	0
0	0	0	0	0	1	0	2	0	0	0	0	0	0	0	0	0	0	0	0	0	0	0	0	0	0	2	0	0	0	0	0	0	0	0	0	0	0	0	0	0	0	0	0	0	0	0	0	3	0	0	0	0	0	0	0	0	0	0	0	0	0	0	8	0	1	0	0	0	0	0	0	0	0	0	0	0	0	0	0	0
0	0	0	0	0	0	397	0	190	0	0	0	0	0	41	0	312	6	0	0	0	10	0	23	45	0	0	0	0	0	0	11	0	87	30	0	0	0	128	0	90	0	0	0	0	9	0	0	0	0	0	0	0	0	0	0	0	101	48	213	19	71	0	25	37	0	0	0	166	243	0	0	0	222	341	59	0	0	0	0	0
0	0	0	0	0	0	14	0	0	0	0	0	0	0	0	0	0	0	3	11	0	2	0	0	0	0	0	0	0	7	0	0	0	0	3	8	0	4	0	6	0	0	6	0	4	0	0	0	0	0	2	6	2	0	0	0	0	0	0	0	0	0	5	0	0	0	2	0	0	0	0	0	0	0	2	0	0	2	0	0	0
0	0	0	0	0	0	12	2	0	0	5	0	3	0	0	7	0	0	0	0	5	0	0	0	0	0	0	0	0	1	4	0	6	0	0	0	0	0	0	0	0	0	0	8	0	2	0	0	0	0	10	0	0	0	10	0	0	2	0	2	0	0	0	0	12	2	0	0	0	0	2	0	0	1	0	9	0	0	0	0	0
0	0	0	0	0	0	10	0	0	0	8	0	0	0	0	0	0	0	0	0	0	0	0	0	0	0	15	0	0	0	1	0	0	0	0	0	0	2	0	0	0	0	2	0	0	0	0	0	0	0	0	0	0	0	0	0	0	0	0	4	0	6	0	0	0	0	0	0	0	0	0	0	0	3	0	0	0	0	7	0	0
0	0	0	0	0	0	6	0	0	0	0	0	0	0	0	0	0	0	0	0	0	0	0	0	0	0	0	0	0	0	0	0	2	0	0	0	0	0	0	0	0	0	0	0	0	0	0	0	0	0	0	0	0	0	0	0	0	0	0	0	0	0	0	0	0	0	0	0	0	0	0	0	0	2	0	0	0	0	0	0	0
0	0	0	0	0	0	5	0	0	0	0	0	0	0	0	0	0	0	0	0	0	0	0	1	0	0	0	4	0	0	0	2	0	6	0	0	0	0	0	0	0	0	0	0	0	0	0	0	0	0	0	1	0	0	0	0	0	0	0	0	0	0	0	0	0	0	0	0	0	0	0	0	0	20	0	0	0	0	0	0	0
0	0	0	0	0	0	4	0	0	0	0	0	0	0	0	3	0	0	0	0	0	0	0	0	0	0	4	0	0	4	0	0	0	2	0	0	0	0	0	0	0	0	0	0	0	0	0	0	0	0	0	1	0	0	0	0	2	0	0	0	0	0	0	2	0	0	0	0	0	0	0	0	0	2	0	4	0	0	0	0	0
0	0	0	0	0	0	4	0	2	0	0	0	0	0	2	0	0	0	0	2	0	0	0	2	0	0	0	0	0	0	0	0	0	0	0	0	0	0	2	0	2	0	0	0	0	0	0	0	2	0	0	0	0	0	3	0	0	0	4	0	3	0	0	0	0	0	0	0	0	3	0	2	0	0	0	0	0	0	0	2	2
0	0	0	0	0	0	4	3	0	3	0	4	2	0	0	0	0	0	0	4	0	4	0	0	0	0	0	0	0	8	0	0	2	0	0	18	0	0	0	12	0	0	3	0	7	2	0	4	0	0	2	10	0	2	0	0	0	2	0	0	0	2	3	2	0	0	2	0	0	0	0	0	8	0	4	5	0	11	0	0	0
0	0	0	0	0	0	4	0	0	7	2	0	0	0	0	0	0	0	0	0	2	0	0	2	0	6	0	0	0	0	0	2	0	0	0	2	2	2	0	0	0	0	3	2	0	0	0	0	3	0	2	0	0	0	0	0	0	2	0	0	0	0	0	0	0	2	0	0	0	2	0	0	0	0	3	0	0	5	0	0	0
0	0	0	0	0	0	4	0	0	0	0	0	0	0	0	0	0	0	0	0	0	0	0	2	0	0	0	0	0	0	0	17	0	16	0	0	0	0	0	0	0	0	0	0	0	18	0	0	0	0	0	0	0	0	0	0	0	0	0	0	0	0	0	0	0	0	0	0	0	0	0	0	0	8	0	0	0	0	0	0	0
0	0	0	0	0	0	4	0	0	0	0	0	0	0	0	0	0	0	0	0	0	0	0	0	0	0	0	0	0	0	1	5	0	0	0	0	0	0	0	0	0	0	0	0	0	0	0	0	0	0	0	0	1	0	0	0	0	0	0	2	2	0	0	0	0	0	0	0	0	0	0	0	0	0	0	0	0	0	0	0	0
0	0	0	0	0	0	3	0	4	0	0	0	0	0	0	0	0	0	0	0	0	0	0	0	0	0	0	0	0	0	0	0	0	3	0	0	0	0	0	2	0	0	0	0	1	0	4	0	0	0	0	0	0	0	0	0	0	0	0	0	0	0	2	0	0	0	0	0	0	0	0	0	2	0	0	6	0	0	0	0	0
0	0	0	0	0	0	3	0	0	0	0	0	0	0	0	0	0	0	0	0	0	0	2	0	0	0	0	0	0	3	0	0	0	0	0	0	2	0	0	0	0	0	0	0	0	0	0	0	3	0	0	0	0	0	0	0	0	0	0	0	0	0	2	0	0	0	0	0	0	0	0	0	0	0	0	0	0	0	0	0	1
0	0	0	0	0	0	3	0	0	0	0	0	0	0	0	0	0	3	0	0	0	0	0	0	0	3	0	0	0	3	2	1	0	0	0	2	4	0	5	0	0	0	0	0	0	0	0	2	0	0	2	2	0	0	2	0	0	0	0	0	0	0	0	2	0	0	0	5	0	0	0	0	3	0	3	3	0	2	0	7	8
0	0	0	0	0	0	3	0	0	0	0	0	0	0	0	0	0	0	0	4	0	0	0	0	0	0	0	0	0	0	0	0	0	0	0	0	0	0	0	0	0	0	0	0	4	0	0	0	0	2	0	10	0	0	0	0	0	0	0	0	7	0	0	0	0	0	13	0	0	11	0	0	0	0	0	0	0	0	0	0	0
0	0	0	0	0	0	3	0	0	0	0	0	0	0	0	0	0	0	1	0	0	0	0	0	0	0	1	0	0	0	0	0	0	0	0	0	0	0	1	0	0	0	0	1	0	0	0	1	4	0	0	0	0	0	0	0	7	0	0	0	0	0	0	0	0	0	0	0	0	0	0	0	0	3	0	0	0	0	0	9	0
0	0	0	0	0	0	3	0	0	8	0	0	0	27	0	0	3	0	0	0	0	19	0	6	3	0	0	0	0	6	7	0	0	2	0	0	0	0	0	0	0	2	0	0	0	8	0	0	0	5	0	23	0	0	0	0	0	0	0	0	0	0	0	0	4	0	0	13	0	0	0	0	0	0	0	0	0	0	0	0	0
0	0	0	0	0	0	3	2	0	0	0	0	0	0	3	0	0	2	0	0	0	0	0	0	0	0	0	0	0	0	0	0	2	0	0	1	0	0	0	0	2	0	0	0	0	2	6	0	0	0	0	0	0	0	0	0	0	8	0	3	0	0	0	0	0	0	0	0	1	0	0	0	0	0	4	0	0	0	0	0	0
0	0	0	0	0	0	3	0	0	0	0	0	0	0	0	0	0	0	0	0	0	0	0	0	0	0	0	0	0	0	0	0	0	0	0	0	0	0	0	0	0	0	0	0	0	6	0	0	0	0	0	1	0	0	0	0	0	3	0	0	0	0	0	0	0	0	0	0	0	0	0	0	0	3	5	0	0	0	6	0	0
0	0	0	0	0	0	3	0	0	0	3	0	0	0	0	0	0	0	0	0	0	0	0	4	0	0	0	0	0	0	14	0	0	0	2	0	0	0	66	0	0	0	3	0	4	0	0	0	0	0	2	2	9	0	0	0	0	3	0	3	0	0	2	3	2	0	0	0	0	5	0	0	0	0	6	0	0	0	0	0	0
0	0	0	0	0	0	2	3	0	0	0	0	0	0	0	0	0	0	0	0	0	0	0	0	0	0	0	0	0	0	0	0	0	1	0	0	0	0	0	0	0	0	0	0	0	0	0	0	0	0	0	0	0	0	0	0	0	2	0	0	0	0	0	2	0	0	0	0	1	0	0	0	2	0	0	0	0	0	0	0	0
0	0	0	0	0	0	2	0	0	2	0	0	0	0	0	0	0	2	0	0	0	0	0	0	0	0	0	0	0	0	0	0	0	0	0	0	2	0	0	0	0	0	0	0	0	0	1	0	2	0	0	0	0	0	0	0	2	0	0	0	2	0	0	0	0	0	0	0	0	0	0	0	0	0	0	0	0	0	0	0	0
0	0	0	0	0	0	2	2	2	5	4	0	0	2	0	0	5	0	0	0	0	0	0	0	0	12	2	6	0	0	0	15	2	5	0	4	2	0	2	0	0	0	0	0	2	0	0	4	5	0	0	0	0	3	0	0	0	4	4	0	3	0	0	6	3	0	0	2	13	0	0	3	0	2	5	0	0	0	0	3	3
0	0	0	0	0	0	2	0	0	0	0	0	0	0	0	0	0	0	0	0	0	0	0	0	0	0	0	0	0	0	0	0	2	0	2	0	4	0	0	0	0	0	0	0	0	0	0	0	0	0	0	0	0	0	0	0	0	0	0	0	0	0	0	0	0	0	0	0	0	0	0	0	0	0	0	0	0	0	0	0	0
0	0	0	0	0	0	2	0	0	0	0	3	0	0	0	0	0	0	0	1	0	0	0	2	0	0	0	0	0	0	0	2	0	0	0	0	0	0	0	0	0	0	0	0	0	0	0	2	0	0	0	0	0	0	0	0	0	0	0	0	0	2	0	0	0	0	0	0	0	0	0	0	0	0	0	0	0	0	1	0	0
0	0	0	0	0	0	2	0	0	0	0	0	0	6	0	0	0	0	0	0	0	0	0	0	0	0	0	0	0	0	0	0	0	0	0	0	0	0	0	0	0	6	0	0	2	4	0	0	0	0	0	0	0	0	0	0	0	3	0	5	0	5	0	0	0	0	0	0	0	0	0	0	0	3	0	0	0	0	0	0	0
0	0	0	0	0	0	2	0	0	0	0	0	0	0	0	0	2	0	0	0	0	0	0	0	0	0	0	0	0	0	0	0	0	4	0	2	0	0	0	0	0	0	0	0	0	0	0	0	0	0	0	0	0	0	0	0	0	0	0	0	0	0	0	0	0	0	0	0	0	0	0	0	0	0	0	0	0	0	0	0	0
0	0	0	0	0	0	2	0	5	0	0	0	0	0	0	0	0	0	0	0	0	0	0	0	0	0	0	0	0	0	6	0	0	0	0	0	0	4	0	0	0	0	0	0	0	0	0	0	0	0	0	9	0	0	0	0	0	0	0	0	0	0	0	5	0	0	0	2	0	0	0	0	0	0	0	2	0	0	0	0	0
0	0	0	0	0	0	2	3	3	0	4	0	2	0	3	0	0	0	0	0	0	3	0	0	0	0	0	4	0	2	0	0	0	0	0	0	0	0	0	0	2	0	0	0	0	0	0	3	0	0	0	0	2	0	0	0	0	0	0	3	0	0	0	3	2	0	0	0	0	0	0	0	0	2	0	2	0	0	0	0	0
0	0	0	0	0	0	2	0	0	0	2	0	4	0	0	9	0	0	7	0	0	0	0	0	0	0	0	0	0	6	0	0	0	0	0	0	0	0	0	0	0	0	0	0	0	0	0	0	0	0	0	0	1	0	2	0	0	0	0	0	0	0	0	0	0	0	0	0	0	2	0	0	0	0	0	0	0	2	12	0	0
0	0	0	0	0	0	2	0	2	0	2	0	0	0	0	2	0	2	0	3	0	2	0	0	0	3	0	0	0	2	0	0	6	0	0	3	0	0	0	2	2	0	3	0	0	0	0	0	0	0	0	0	0	0	0	0	2	2	0	3	0	0	0	2	0	0	0	0	0	0	0	0	0	0	0	2	3	2	0	0	0
0	0	0	0	0	0	2	0	0	0	0	0	0	2	0	0	0	0	0	0	0	3	0	0	0	0	0	0	0	0	0	0	0	0	0	0	0	0	0	0	0	0	0	0	0	0	0	0	0	0	2	0	0	0	0	0	0	0	0	0	0	0	0	0	0	0	0	0	0	2	0	0	0	0	0	2	0	0	0	0	0
0	0	0	0	0	0	1	0	0	0	10	0	0	0	0	2	0	0	0	2	0	0	0	0	0	7	0	0	0	3	0	0	0	1	0	1	6	0	0	2	0	0	0	0	0	0	0	0	0	0	0	0	0	0	2	0	0	0	0	0	0	0	0	0	0	0	0	2	6	0	2	0	0	0	0	0	0	0	0	0	0
0	0	0	0	0	0	1	0	0	0	0	0	0	0	0	0	0	0	0	0	0	0	0	0	0	0	0	0	0	0	2	0	0	0	0	0	0	0	0	0	0	0	0	0	0	3	0	2	0	0	0	0	2	0	0	0	0	0	0	0	2	0	0	0	0	3	0	0	0	0	0	0	0	2	0	0	0	0	0	0	0
0	0	0	0	0	0	1	0	3	0	2	1	0	0	0	2	0	0	3	9	0	0	0	5	0	0	2	0	0	0	2	12	0	0	0	0	0	0	2	12	2	9	0	0	0	4	2	4	0	2	4	0	3	0	21	0	0	2	0	0	4	9	0	0	0	4	7	0	0	0	0	0	0	16	0	0	0	0	7	0	0
0	0	0	0	0	0	1	0	0	0	0	0	0	0	0	0	0	0	0	0	0	0	0	0	0	0	0	0	0	0	0	0	0	0	0	0	0	0	0	0	0	0	0	0	0	0	0	0	0	0	0	0	0	0	0	0	0	0	0	0	0	0	0	0	7	0	0	0	0	0	0	0	0	0	0	0	0	0	0	0	0
0	0	0	0	0	0	0	24	2	55	0	0	0	26	4	0	30	0	0	0	0	2	0	0	0	0	0	0	14	2	4	0	0	0	16	0	0	0	0	0	0	35	0	0	0	0	0	0	0	5	0	0	0	0	0	0	0	22	32	0	13	4	0	3	0	0	0	0	0	22	0	0	0	0	0	3	0	0	0	0	0
0	0	0	0	0	0	0	15	6	11	0	0	0	0	36	0	0	0	0	0	0	0	0	0	75	0	0	0	3	45	0	0	0	0	0	0	0	26	0	11	42	0	5	0	0	0	58	0	0	4	5	0	0	37	0	0	0	0	0	0	46	2	15	20	0	0	0	0	2	16	0	0	0	0	0	1	0	31	0	0	0
0	0	0	0	0	0	0	9	0	0	0	2	0	0	0	14	0	0	0	0	0	0	0	0	0	0	0	0	0	0	0	0	0	0	0	0	0	0	0	4	0	0	0	0	0	0	0	0	0	0	0	0	5	0	0	0	0	0	0	0	0	0	2	0	0	0	0	0	0	0	0	0	0	11	0	0	0	0	5	0	0
0	0	0	0	0	0	0	5	0	0	0	0	10	0	0	0	0	0	0	10	1	0	0	0	0	0	0	0	0	5	0	4	0	0	0	0	0	0	0	9	0	0	0	6	0	2	0	1	0	0	0	2	12	0	1	0	0	0	0	0	0	0	0	5	2	0	3	4	0	0	0	0	0	0	0	11	0	4	0	0	0
0	0	0	0	0	0	0	5	0	0	0	0	0	0	0	4	0	0	0	0	0	0	0	0	0	0	3	0	0	9	0	0	0	0	0	0	0	0	0	0	0	0	0	0	0	0	0	0	0	0	0	0	0	0	0	0	0	0	0	0	0	0	0	0	0	3	0	3	0	0	0	0	0	0	0	2	0	0	0	0	0
0	0	0	0	0	0	0	4	0	0	0	0	0	2	0	0	0	0	0	0	0	0	0	0	0	0	2	0	2	0	0	0	0	0	0	0	0	0	0	0	0	0	0	0	0	0	0	0	0	0	0	0	2	0	0	0	0	0	0	0	0	0	3	2	0	0	0	0	0	0	0	0	0	0	0	0	3	0	7	0	0
0	0	0	0	0	0	0	4	0	0	0	0	0	0	0	0	0	0	0	2	0	0	0	0	0	0	0	0	0	0	0	0	0	0	0	0	0	0	0	4	2	0	0	0	0	0	0	0	0	0	0	0	0	0	0	0	0	0	0	0	0	0	1	1	0	0	0	0	2	6	0	0	0	0	2	0	0	0	0	0	0
0	0	0	0	0	0	0	4	2	0	0	0	0	0	0	5	5	0	0	0	0	2	0	0	0	0	0	0	0	0	0	0	0	0	0	0	0	0	0	0	0	0	0	0	1	0	0	0	0	0	0	1	0	0	0	0	0	0	1	0	0	0	0	4	0	0	1	0	0	0	0	0	0	0	2	0	0	0	0	0	0
0	0	0	0	0	0	0	4	0	0	0	0	0	4	0	0	0	0	3	0	0	0	0	0	0	0	2	0	0	4	0	0	2	0	0	0	2	0	0	0	0	2	0	0	0	0	0	0	0	0	0	2	2	0	0	0	0	0	2	0	0	0	0	0	0	0	0	0	0	2	0	0	0	0	2	0	0	0	2	0	0
0	0	0	0	0	0	0	4	0	0	0	0	0	0	0	0	9	0	4	0	0	0	0	0	0	0	0	0	0	0	0	0	0	0	0	0	0	0	0	0	0	0	0	0	0	0	0	0	0	0	3	0	0	0	0	5	0	0	0	2	0	0	6	12	5	2	0	0	0	0	0	0	0	0	0	4	0	0	0	0	0
0	0	0	0	0	0	0	3	2	0	0	0	0	0	0	0	0	0	0	0	0	0	0	0	0	0	0	0	0	0	0	0	0	0	0	0	0	0	0	0	0	0	0	0	0	0	0	0	0	0	0	0	0	0	0	0	0	0	0	0	0	0	0	10	0	0	0	0	0	0	0	0	0	0	0	0	1	2	5	0	0
0	0	0	0	0	0	0	3	2	12	0	0	0	0	0	0	0	5	0	0	0	0	0	3	4	5	0	2	2	0	0	2	0	0	0	0	0	0	9	0	0	0	0	0	0	9	3	0	0	0	0	0	0	0	0	0	0	0	0	0	0	0	0	5	4	0	0	4	0	4	0	6	0	0	0	0	0	0	0	2	0
0	0	0	0	0	0	0	3	0	0	0	0	0	0	0	0	3	0	0	0	0	0	0	0	0	0	0	0	0	0	0	0	0	0	2	0	0	0	0	0	0	0	0	0	0	0	0	0	2	0	0	0	0	0	0	4	4	0	0	0	2	0	0	0	0	0	0	0	0	0	0	0	0	0	3	0	2	0	0	0	3
0	0	0	0	0	0	0	3	0	0	0	0	1	0	0	0	2	0	0	0	0	0	0	0	0	0	0	0	2	0	0	0	0	2	0	0	0	0	0	0	0	2	3	0	0	1	0	1	0	2	6	0	4	0	2	0	4	0	0	3	3	9	0	3	2	0	0	0	2	0	0	0	0	0	0	0	0	2	1	0	0
0	0	0	0	0	0	0	3	0	0	0	0	0	0	0	0	0	0	0	0	0	0	0	0	0	0	0	0	0	0	0	0	0	0	0	0	0	0	0	0	0	0	0	0	0	1	0	0	0	0	0	0	0	0	0	0	0	0	0	0	0	0	0	0	0	0	0	0	0	0	0	0	0	0	0	0	0	0	0	0	0
0	0	0	0	0	0	0	2	0	0	3	0	0	0	0	0	0	0	0	0	0	0	0	0	3	0	0	0	0	0	0	0	0	0	0	0	0	0	0	2	2	0	0	0	0	0	2	0	0	3	2	4	0	0	0	0	0	0	0	0	0	0	0	0	0	0	0	0	0	0	0	0	0	0	0	0	0	0	3	0	0
0	0	0	0	0	0	0	2	0	0	0	0	0	0	0	0	10	0	0	0	0	2	0	0	0	0	0	0	0	0	0	0	0	0	0	0	0	0	0	0	0	3	0	0	0	1	0	0	0	0	0	12	0	0	2	6	2	0	4	1	0	8	0	0	1	0	0	0	0	0	0	0	0	2	0	0	0	0	0	0	0
0	0	0	0	0	0	0	2	0	0	0	0	2	0	0	0	0	0	0	0	0	0	3	0	0	4	0	0	2	0	0	0	0	0	0	0	0	0	0	0	0	0	0	0	0	0	0	0	0	0	0	0	0	0	0	0	0	0	0	0	0	0	0	0	0	0	0	0	0	0	0	0	0	0	0	0	0	0	0	0	0
0	0	0	0	0	0	0	2	0	0	0	0	0	0	0	0	0	0	0	0	0	0	0	0	0	0	0	0	2	0	0	0	0	0	0	0	0	0	0	0	0	0	0	0	0	0	0	0	0	0	0	0	0	0	1	0	0	0	0	0	0	0	0	0	0	0	0	4	0	7	0	0	0	0	0	2	0	0	0	0	0
0	0	0	0	0	0	0	2	0	0	0	0	0	0	0	0	0	0	0	0	2	0	0	0	0	0	0	0	0	6	0	2	0	0	0	0	0	0	3	0	0	2	0	0	0	8	0	2	0	0	0	0	0	0	0	0	0	0	0	0	0	0	0	0	0	0	0	0	0	0	0	0	0	0	6	0	0	9	0	0	0
0	0	0	0	0	0	0	2	0	0	0	0	1	0	0	0	0	0	2	0	0	0	0	0	0	0	0	0	0	3	0	0	0	0	0	0	0	0	0	0	0	0	7	0	0	0	0	0	0	0	0	0	2	0	0	0	0	0	0	0	0	0	27	0	0	0	0	0	0	0	0	0	0	0	0	0	0	6	0	0	0
0	0	0	0	0	0	0	2	0	0	0	0	7	0	0	1	0	0	3	0	4	0	0	0	0	0	0	0	0	1	0	0	0	0	0	2	0	2	0	0	0	0	0	0	0	0	0	0	0	0	0	0	0	0	0	0	0	1	0	0	1	0	0	0	0	0	0	0	4	0	0	0	0	0	0	0	0	0	0	0	0
0	0	0	0	0	0	0	2	1	0	0	0	0	0	0	0	0	0	3	0	0	0	0	0	0	0	0	0	0	0	0	0	0	0	3	0	0	0	0	0	8	0	0	0	0	0	0	0	0	0	0	0	0	0	0	0	0	1	0	0	0	0	0	0	0	0	0	0	0	0	0	0	0	0	0	0	0	0	0	0	0
0	0	0	0	0	0	0	2	0	0	0	0	0	0	0	3	0	0	0	3	0	0	0	0	0	0	0	0	2	0	0	0	2	0	0	0	0	0	0	2	0	0	0	0	0	0	2	0	0	0	0	2	0	0	0	0	0	0	0	0	2	0	0	0	0	0	0	0	0	0	0	0	0	0	0	3	0	2	0	0	0
0	0	0	0	0	0	0	2	0	0	3	0	0	0	0	2	0	0	0	0	0	0	0	0	0	2	0	2	2	0	0	0	0	4	0	0	0	0	0	0	0	0	2	0	0	0	0	0	0	0	0	0	0	0	0	0	0	0	0	0	0	3	0	0	0	0	0	0	0	3	0	0	0	0	0	0	0	0	0	0	0
0	0	0	0	0	0	0	2	0	0	0	0	0	0	0	14	0	0	0	0	0	0	0	0	0	0	0	0	0	0	0	0	0	0	0	0	0	3	0	0	0	0	2	0	0	0	0	0	0	0	2	0	0	0	12	0	0	0	0	0	0	0	0	0	0	0	0	0	0	0	0	0	0	0	0	4	0	0	2	0	0
0	0	0	0	0	0	0	2	0	9	0	0	0	0	0	0	0	2	0	0	0	0	0	5	0	2	0	0	0	0	0	1	2	0	0	0	0	0	4	0	0	0	0	0	0	2	1	0	0	0	0	0	0	0	0	0	0	0	2	0	0	0	0	0	4	0	0	0	0	4	0	2	0	0	2	0	0	0	0	0	0
0	0	0	0	0	0	0	1	5	0	0	0	0	0	0	1	0	0	0	0	0	0	0	0	0	0	3	0	0	0	1	0	0	0	0	0	0	0	0	2	0	1	2	0	1	1	0	0	0	0	0	0	0	0	1	0	0	0	0	2	0	6	0	0	0	0	2	0	0	0	0	0	0	0	9	0	0	0	0	0	0
0	0	0	0	0	0	0	1	0	0	0	0	0	0	0	0	0	0	0	0	0	3	0	2	0	0	0	0	0	0	3	0	0	0	0	1	0	0	2	2	0	0	0	0	0	0	1	0	0	0	2	0	0	0	0	0	0	1	0	0	0	0	0	3	0	0	0	0	0	0	0	0	0	0	6	0	0	0	0	0	0
0	0	0	0	0	0	0	1	0	0	0	0	0	0	0	0	0	0	0	0	0	0	0	0	0	0	0	0	1	0	0	0	0	0	0	0	0	0	0	0	0	0	0	0	0	0	0	0	0	0	0	0	0	0	0	0	0	0	0	0	0	1	0	0	0	0	0	0	0	0	0	0	0	5	0	1	0	0	1	0	0
0	0	0	0	0	0	0	0	15	0	5	0	0	3	0	2	0	5	0	7	0	0	0	0	0	0	0	0	0	0	0	0	0	10	0	0	0	0	0	0	0	0	0	0	0	0	0	0	0	0	0	0	0	0	0	0	0	0	0	0	0	0	0	2	0	0	0	0	0	5	0	0	0	0	0	0	0	4	6	0	0
0	0	0	0	0	0	0	0	14	0	11	0	0	0	0	0	0	0	8	0	0	0	0	0	0	0	0	0	0	8	0	0	52	0	0	71	0	0	0	20	0	0	0	0	5	0	0	0	0	0	0	0	57	0	0	0	0	0	0	0	0	4	0	21	0	0	58	0	0	0	0	0	0	5	0	28	0	0	37	0	0
0	0	0	0	0	0	0	0	13	0	0	0	0	0	0	0	0	15	0	0	0	0	0	0	0	0	0	0	0	0	0	0	0	12	0	0	0	0	0	0	0	0	0	0	0	0	0	0	0	0	0	0	0	0	0	0	0	0	0	0	0	0	0	0	0	0	0	0	0	0	0	0	0	0	0	0	0	0	0	0	0
0	0	0	0	0	0	0	0	8	18	0	0	6	0	9	9	0	0	0	0	0	0	0	15	23	0	0	0	25	2	0	0	0	7	0	2	0	0	0	0	4	0	0	0	0	1	6	17	0	29	0	1	0	0	0	0	0	2	0	3	0	2	7	0	0	0	1	0	0	0	0	0	0	0	3	0	0	0	0	0	0
0	0	0	0	0	0	0	0	7	0	0	0	0	0	0	0	0	0	0	0	0	0	0	0	0	0	0	0	0	0	0	0	0	0	0	0	0	0	0	0	0	0	0	0	0	0	0	0	0	0	0	0	0	0	0	0	0	0	0	0	0	0	0	8	0	0	0	0	0	0	0	0	0	0	0	0	0	0	0	0	0
0	0	0	0	0	0	0	0	7	0	0	0	0	0	0	0	0	0	0	0	0	0	0	0	0	0	2	0	0	0	2	0	0	0	0	0	0	0	0	0	0	0	0	0	0	0	0	0	0	0	0	0	0	0	0	0	0	0	0	0	0	0	0	0	0	0	0	0	0	0	0	0	0	0	0	1	0	0	0	0	0
0	0	0	0	0	0	0	0	5	0	0	0	0	0	0	0	0	1	0	0	0	0	0	0	0	0	0	0	0	0	0	0	0	0	0	0	3	0	0	0	0	0	0	0	0	0	0	0	0	0	0	0	0	0	0	0	0	0	0	0	0	0	0	0	0	0	0	0	0	0	0	0	0	0	0	0	0	0	0	0	0
0	0	0	0	0	0	0	0	5	0	0	0	0	0	0	0	0	0	0	0	0	0	0	0	0	0	0	0	0	0	0	0	0	0	0	0	0	0	0	0	0	0	0	0	0	0	0	0	0	0	0	0	0	0	0	0	0	0	0	0	0	0	0	4	0	0	0	0	0	3	0	0	0	0	0	0	0	0	0	0	0
0	0	0	0	0	0	0	0	5	0	0	0	0	0	7	0	0	0	0	31	0	0	0	0	0	0	12	0	0	6	0	2	0	2	0	1	0	0	0	0	0	0	1	0	0	0	3	0	0	1	2	0	6	0	0	0	0	5	0	0	0	0	0	0	0	0	0	0	0	0	0	0	0	0	2	0	0	2	2	0	0
0	0	0	0	0	0	0	0	5	3	0	0	0	0	0	0	0	3	0	0	3	0	0	2	3	0	0	5	4	0	0	3	0	4	0	0	0	0	0	7	0	0	0	0	2	3	3	0	0	0	0	0	0	4	2	0	0	0	2	0	2	2	0	2	0	0	2	0	7	0	0	0	0	0	0	0	0	0	0	0	0
0	0	0	0	0	0	0	0	5	0	0	0	0	0	0	0	0	0	0	0	0	0	0	0	0	0	0	0	0	0	0	0	0	0	0	0	0	0	0	0	0	0	7	0	0	0	0	0	0	0	0	0	0	0	11	0	0	0	0	0	0	0	0	0	0	0	0	0	0	0	0	0	0	0	0	0	0	0	4	0	0
0	0	0	0	0	0	0	0	5	0	3	0	0	0	0	0	3	0	0	0	0	2	0	3	5	0	0	0	0	8	0	0	0	6	0	0	0	0	14	0	0	2	0	0	0	0	0	0	0	0	0	2	0	0	0	0	0	5	5	0	0	0	0	0	0	0	0	0	0	2	0	0	0	11	2	0	0	4	6	0	0
0	0	0	0	0	0	0	0	5	0	0	0	0	0	0	0	0	0	2	0	0	0	0	0	0	0	0	0	0	0	0	0	0	0	0	0	2	0	0	0	0	0	0	0	0	0	0	0	0	0	0	0	0	0	0	0	0	0	0	0	0	0	2	0	0	0	0	4	0	0	0	0	0	0	0	0	0	0	0	0	0
0	0	0	0	0	0	0	0	4	0	0	0	0	0	0	0	0	0	0	1	0	0	0	0	0	0	0	0	0	0	0	0	0	0	0	0	0	0	0	11	0	0	28	0	0	0	0	0	0	0	0	0	0	0	26	0	0	0	0	0	0	0	0	2	0	0	0	0	0	0	0	0	0	0	0	0	0	0	1	0	0
0	0	0	0	0	0	0	0	4	0	0	0	2	2	3	0	3	0	0	3	4	0	0	0	0	0	0	0	0	3	4	0	0	0	0	0	0	0	0	0	4	1	0	4	0	0	0	0	0	0	0	0	5	0	6	0	0	0	3	0	1	2	0	0	4	2	0	0	0	0	0	0	0	0	0	0	0	0	38	0	0
0	0	0	0	0	0	0	0	4	0	0	0	0	0	0	0	0	0	0	0	2	0	0	5	0	0	0	0	2	0	2	5	0	0	0	0	0	0	0	0	0	0	0	2	0	0	3	0	0	2	0	0	0	0	0	0	0	0	0	2	0	0	0	5	2	2	3	0	0	2	0	0	0	0	0	3	0	0	0	0	0
0	0	0	0	0	0	0	0	4	0	0	0	0	0	0	0	0	0	0	0	0	0	0	0	0	0	0	0	0	4	0	0	0	0	0	0	0	0	0	0	0	0	0	0	0	0	0	0	0	0	0	0	0	0	0	0	0	0	0	0	0	0	0	0	0	0	0	0	0	0	0	0	2	0	0	0	0	0	0	0	0
0	0	0	0	0	0	0	0	3	0	0	0	0	0	0	0	0	0	0	0	0	3	0	0	0	0	0	0	0	2	0	0	0	0	2	21	0	2	0	0	0	0	0	0	0	0	0	0	0	0	0	0	0	0	0	0	0	0	0	0	0	0	0	0	0	0	2	0	0	0	0	0	0	0	0	0	0	0	0	0	0
0	0	0	0	0	0	0	0	3	0	0	0	0	0	0	3	0	0	0	0	0	0	0	0	0	0	0	0	6	0	0	0	0	3	0	0	0	0	0	0	0	2	0	0	0	0	0	0	0	0	2	0	0	0	3	0	0	2	0	0	0	0	0	0	0	0	0	0	0	4	0	0	0	0	0	0	0	0	0	0	0
0	0	0	0	0	0	0	0	3	0	0	0	0	0	0	0	0	0	0	0	0	0	0	0	0	6	0	0	0	0	0	0	0	0	0	0	0	0	0	0	0	0	0	0	12	0	0	0	0	0	0	0	0	0	0	0	0	0	1	0	0	0	0	2	0	0	0	0	0	1	0	0	0	0	0	0	0	0	0	0	0
0	0	0	0	0	0	0	0	3	2	0	0	0	0	0	2	0	2	0	0	0	2	0	0	0	0	0	0	0	0	2	0	0	0	0	0	0	0	0	0	0	0	0	0	2	0	0	0	0	0	0	0	2	0	0	0	0	0	0	0	2	0	2	0	0	0	0	0	0	0	0	0	0	0	3	0	0	2	0	0	0
0	0	0	0	0	0	0	0	3	0	0	0	0	0	0	0	0	0	0	0	0	0	0	0	0	0	0	0	0	0	0	0	0	0	0	0	0	0	0	0	0	0	0	0	0	0	0	0	0	0	0	0	0	0	0	0	0	2	0	0	0	0	0	8	0	3	0	0	0	0	0	0	0	0	0	0	0	0	0	0	0
0	0	0	0	0	0	0	0	3	0	0	0	0	0	0	0	2	0	0	0	0	1	0	0	0	0	0	0	5	0	0	0	3	0	0	0	0	0	0	0	0	0	0	0	0	2	2	0	0	0	0	0	0	0	0	0	0	0	3	2	0	0	0	1	0	0	0	0	0	0	0	0	0	0	0	0	0	0	0	0	0
0	0	0	0	0	0	0	0	3	0	0	0	0	0	0	2	0	0	0	3	0	0	0	0	0	0	0	0	0	0	0	0	0	0	0	0	0	0	0	0	9	0	0	0	0	0	2	0	0	0	0	0	0	0	0	0	0	0	0	0	0	0	0	2	0	0	0	0	0	0	0	0	0	0	0	0	0	0	0	0	4
0	0	0	0	0	0	0	0	2	0	0	0	0	0	0	0	0	0	0	0	0	0	0	0	0	0	0	0	0	0	0	0	0	0	0	0	0	0	0	0	0	0	0	0	0	0	0	0	0	0	0	0	0	0	0	0	0	0	0	0	0	2	0	0	0	0	0	2	0	0	0	0	0	0	0	0	0	0	0	0	0
0	0	0	0	0	0	0	0	2	0	2	0	2	0	0	0	0	0	0	0	0	0	0	0	0	0	0	0	0	0	0	0	0	0	0	0	0	5	0	0	0	0	5	0	0	0	0	0	0	0	4	0	6	0	0	0	0	0	0	0	0	0	0	0	0	0	0	0	0	0	0	0	0	0	0	0	0	0	5	0	0
0	0	0	0	0	0	0	0	2	0	0	0	0	0	0	2	0	0	0	0	0	1	0	0	0	0	0	0	0	2	4	0	0	0	0	0	0	0	0	0	0	0	0	0	0	0	0	0	0	0	0	0	0	0	0	0	0	2	0	0	0	0	0	0	0	0	0	0	0	0	0	0	0	0	1	0	0	0	0	0	0
0	0	0	0	0	0	0	0	2	0	0	0	0	0	0	0	0	0	0	0	0	4	0	0	0	0	0	0	0	0	0	0	0	0	0	0	3	0	0	0	0	0	0	0	0	0	0	0	0	0	0	0	0	0	0	0	0	0	0	0	0	0	2	0	0	0	0	0	0	0	0	0	0	0	0	0	3	0	0	0	0
0	0	0	0	0	0	0	0	2	0	1	0	0	2	0	0	0	0	0	0	0	0	0	0	0	0	0	0	0	0	0	0	0	0	0	0	0	0	0	0	0	0	0	0	0	0	1	2	0	0	0	0	0	0	0	0	0	4	0	0	0	0	0	2	0	0	0	0	0	1	0	0	0	0	0	0	0	0	0	0	0
0	0	0	0	0	0	0	0	2	0	0	0	0	0	0	0	0	0	0	0	0	0	0	0	0	0	0	0	0	0	0	0	2	0	0	0	0	0	0	0	0	0	0	0	0	0	0	0	0	0	0	0	0	0	0	0	2	0	0	0	0	0	1	0	0	0	0	0	0	0	0	0	0	0	0	2	0	0	1	0	0
0	0	0	0	0	0	0	0	2	0	0	0	0	0	0	0	0	0	0	0	0	0	0	0	0	0	0	0	0	0	0	0	0	0	0	5	0	0	4	0	0	0	0	0	0	0	0	3	0	0	0	0	0	0	0	0	0	0	0	0	2	0	0	0	0	0	0	0	0	0	0	0	0	0	0	0	0	0	0	0	0
0	0	0	0	0	0	0	0	2	0	0	0	0	0	0	0	0	0	0	0	2	0	0	0	0	0	0	0	0	0	0	2	0	0	0	3	0	0	0	0	0	0	0	0	0	0	0	0	0	0	0	0	0	0	0	0	0	0	0	0	0	0	0	0	0	0	0	0	0	0	0	0	0	0	0	0	0	0	2	0	0
0	0	0	0	0	0	0	0	2	0	0	4	0	0	0	0	0	0	0	0	0	0	0	0	0	0	0	0	0	0	0	0	4	0	0	0	0	0	2	0	2	0	0	0	0	0	2	0	0	0	0	0	0	0	0	0	0	0	0	0	0	3	0	0	0	2	2	0	0	0	0	0	0	0	1	0	0	0	0	0	0
0	0	0	0	0	0	0	0	2	0	0	0	0	0	0	0	0	0	2	0	0	0	0	0	0	0	0	0	0	0	0	0	0	0	2	0	8	0	0	0	0	0	17	0	0	0	0	0	0	0	3	5	0	0	0	0	0	0	0	0	0	0	19	5	0	0	0	0	0	0	0	0	0	0	0	0	0	12	0	0	0
0	0	0	0	0	0	0	0	2	0	0	0	0	0	0	0	0	0	0	0	0	0	0	2	1	0	0	0	2	0	0	0	0	1	0	0	0	0	3	0	0	0	0	0	0	0	0	0	0	0	0	0	0	0	0	0	0	0	1	0	0	0	0	0	0	0	0	0	1	0	0	0	0	0	0	0	0	0	2	0	0
0	0	0	0	0	0	0	0	2	0	0	0	0	0	0	0	0	0	0	2	0	0	0	0	0	0	0	0	0	0	0	0	2	0	0	0	0	0	0	0	0	0	2	0	0	0	0	0	0	0	0	0	0	0	0	0	0	0	0	0	0	0	2	0	0	0	0	0	0	0	0	0	0	0	0	0	0	0	0	0	0
0	0	0	0	0	0	0	0	1	0	0	0	0	0	0	0	0	0	0	0	0	0	0	4	0	0	0	2	0	0	0	3	0	0	0	0	0	0	0	0	2	2	0	0	0	0	0	0	0	0	0	0	0	0	0	0	0	1	4	0	0	0	0	0	9	0	0	2	0	0	8	1	3	3	2	0	0	0	0	0	0
0	0	0	0	0	0	0	0	1	0	0	0	0	0	0	0	0	0	0	0	0	0	0	0	2	0	0	0	0	0	2	0	0	0	0	0	0	0	0	0	0	3	0	0	0	0	0	0	0	3	0	0	0	0	0	0	0	0	0	0	0	2	0	0	0	0	0	0	0	0	0	0	0	0	0	0	0	0	0	0	0
0	0	0	0	0	0	0	0	1	0	0	0	0	0	0	0	0	0	0	0	0	6	0	0	0	0	0	0	0	0	3	0	0	0	0	0	0	0	0	0	0	0	0	0	23	0	0	0	0	0	0	0	0	0	0	0	0	1	0	0	0	0	0	2	1	0	0	0	0	10	0	0	0	0	0	0	0	0	0	0	0
0	0	0	0	0	0	0	0	1	0	0	0	0	0	1	0	0	0	0	0	0	0	0	0	0	0	0	0	0	0	0	0	0	0	0	0	0	2	12	0	2	0	2	0	2	0	0	0	0	0	0	0	4	0	0	0	0	0	0	0	0	0	2	0	0	1	0	0	0	0	0	0	0	0	0	2	0	0	10	0	0
0	0	0	0	0	0	0	0	1	2	0	0	0	0	0	0	3	2	0	0	0	0	0	0	0	0	0	0	0	2	0	0	0	0	0	0	0	0	0	0	0	0	1	0	0	0	0	0	0	0	2	0	0	0	0	0	2	2	1	0	1	0	2	0	0	0	0	0	0	0	0	0	0	0	0	1	0	0	0	0	0
0	0	0	0	0	0	0	0	0	17	0	0	0	0	2	0	0	22	0	0	0	0	0	0	0	2	0	3	0	3	0	0	0	0	0	0	3	0	0	0	0	0	2	0	0	0	0	0	0	0	0	0	0	24	0	0	1	4	0	0	0	0	0	0	0	0	0	0	0	0	0	0	0	0	0	0	2	4	0	0	0
0	0	0	0	0	0	0	0	0	13	0	0	0	0	2	0	0	3	0	0	0	0	0	0	0	0	0	2	0	0	0	0	0	0	0	0	0	0	0	0	0	0	0	0	0	0	0	0	0	0	0	0	0	0	0	0	0	1	0	0	0	0	0	0	0	3	0	0	0	0	0	0	0	0	0	0	0	3	0	0	0
0	0	0	0	0	0	0	0	0	7	0	0	0	0	0	0	0	0	0	2	0	0	0	0	4	3	0	0	4	0	0	0	0	0	0	0	0	0	0	0	4	0	0	0	0	0	0	0	0	0	0	0	0	0	0	0	0	0	0	0	0	0	0	2	0	0	0	0	2	0	0	0	0	0	0	0	0	0	0	0	0
0	0	0	0	0	0	0	0	0	5	0	0	0	0	2	0	0	0	0	2	0	0	0	0	0	0	0	0	1	0	0	0	0	0	0	0	0	0	0	2	0	0	0	0	0	0	0	0	3	0	0	0	0	0	2	0	0	0	0	0	0	0	0	0	0	0	0	0	0	0	0	0	0	0	0	0	2	0	2	4	5
0	0	0	0	0	0	0	0	0	3	0	0	0	0	0	0	0	0	3	0	0	0	0	0	0	0	0	0	0	0	0	3	0	0	0	0	0	0	2	0	0	0	0	0	0	0	0	0	0	0	0	0	0	0	0	0	0	3	0	2	0	0	0	0	0	0	0	0	0	0	0	0	0	0	0	0	0	0	0	0	0
0	0	0	0	0	0	0	0	0	3	0	0	0	0	0	0	0	0	0	0	0	0	0	0	2	12	0	2	0	0	0	2	0	0	1	0	0	0	0	0	0	0	0	0	0	2	0	0	0	0	0	0	0	0	0	0	0	2	0	0	0	2	0	3	2	0	0	0	2	0	2	0	0	4	0	0	0	3	0	1	3
0	0	0	0	0	0	0	0	0	3	0	0	0	0	0	0	0	0	0	0	0	0	0	0	0	0	0	0	0	0	0	2	0	0	0	0	0	0	0	0	0	0	0	0	0	0	0	0	0	0	0	0	0	0	0	0	0	0	0	0	0	0	0	0	0	0	2	0	0	0	0	0	0	0	0	0	0	0	0	0	0
0	0	0	0	0	0	0	0	0	3	0	0	0	0	0	0	0	5	0	0	0	0	0	0	0	0	0	7	0	0	0	0	0	0	0	0	0	0	0	0	0	0	0	0	0	0	0	0	0	0	0	0	0	0	0	0	0	0	0	0	0	0	0	0	0	0	0	0	0	0	0	0	0	0	0	0	0	0	0	0	0
0	0	0	0	0	0	0	0	0	3	2	0	0	0	0	6	2	1	3	1	0	3	0	0	1	3	2	0	1	0	3	0	0	3	0	0	4	0	0	7	0	0	1	0	9	0	13	0	3	0	2	0	3	0	1	0	5	0	0	0	0	1	0	0	5	3	0	0	0	0	0	0	0	0	0	1	0	6	3	0	0
0	0	0	0	0	0	0	0	0	2	0	0	0	0	0	0	2	0	1	0	0	0	0	0	0	3	0	0	0	0	0	0	0	0	0	0	0	0	0	0	0	0	0	0	0	0	0	0	0	0	0	0	0	2	0	0	0	0	3	0	0	0	0	0	3	0	0	0	1	0	0	0	0	0	0	0	0	0	0	0	0
0	0	0	0	0	0	0	0	0	2	0	0	3	0	0	0	0	0	1	0	0	0	0	0	0	0	0	0	0	0	0	0	0	0	0	0	0	0	0	0	0	0	0	0	0	0	0	0	0	0	0	0	0	0	0	0	0	0	0	0	0	0	0	0	0	0	0	0	0	0	2	0	0	2	0	0	0	0	0	0	0
0	0	0	0	0	0	0	0	0	2	0	0	0	0	0	0	0	3	0	0	0	3	0	0	4	5	0	0	3	0	0	0	0	0	0	0	0	0	0	0	0	0	0	0	0	0	5	0	0	0	0	0	0	0	0	0	0	0	0	0	0	0	0	0	5	4	0	7	0	2	0	0	0	0	0	4	0	0	0	0	0
0	0	0	0	0	0	0	0	0	2	0	0	0	0	0	0	0	2	0	0	0	3	0	2	2	2	0	4	2	0	0	0	0	0	0	0	0	0	0	0	0	0	0	0	0	0	2	0	0	0	0	0	0	0	0	0	0	0	0	0	3	0	0	0	0	0	0	0	0	0	0	0	0	2	0	0	0	0	0	0	0
0	0	0	0	0	0	0	0	0	2	0	2	0	0	0	0	0	0	0	0	0	0	2	0	0	0	0	0	0	0	0	0	0	0	0	0	0	0	0	0	0	0	0	0	0	0	0	0	0	2	2	0	0	0	0	0	0	0	0	0	0	0	2	0	0	0	0	0	0	0	0	0	0	0	0	0	3	0	0	0	0
0	0	0	0	0	0	0	0	0	2	0	0	0	0	0	0	0	0	0	0	0	0	0	2	0	0	0	0	0	2	0	0	0	0	0	0	0	0	0	0	0	2	0	0	0	0	0	0	0	0	0	0	0	0	2	0	0	0	0	0	0	0	0	0	0	0	0	0	0	0	0	0	0	0	2	0	0	0	0	0	0
0	0	0	0	0	0	0	0	0	2	0	0	0	0	0	0	0	2	0	0	0	0	0	0	0	0	0	0	0	0	0	0	0	0	0	0	0	0	2	0	0	0	0	0	0	0	3	0	0	0	0	0	0	0	0	0	0	0	0	0	0	0	0	0	0	0	0	3	0	0	0	0	0	0	0	0	0	0	0	0	0
0	0	0	0	0	0	0	0	0	2	0	0	0	0	0	0	0	7	2	0	0	0	0	0	11	0	0	3	6	0	2	0	0	0	0	0	0	0	0	0	0	0	0	0	0	0	0	0	2	0	0	0	0	2	0	0	0	0	0	0	0	0	0	0	2	0	0	0	3	0	0	0	0	0	6	0	0	0	0	0	0
0	0	0	0	0	0	0	0	0	2	0	0	0	2	0	0	0	0	0	0	0	0	0	0	0	3	0	0	0	2	0	0	0	0	0	2	0	0	0	0	0	0	0	0	0	0	2	0	0	0	0	0	0	0	0	0	0	0	0	0	0	0	0	0	0	0	0	0	0	0	0	0	0	0	0	0	0	0	0	0	0
0	0	0	0	0	0	0	0	0	2	2	0	0	0	0	0	0	3	0	0	0	0	0	0	0	0	0	0	0	0	0	0	0	0	0	0	0	0	0	0	0	0	0	2	0	0	0	0	0	0	3	2	0	0	0	0	0	0	0	0	0	2	0	0	0	0	0	2	0	0	0	0	0	0	0	4	0	0	0	0	0
0	0	0	0	0	0	0	0	0	1	1	0	0	0	0	0	0	0	1	0	2	0	0	0	0	0	0	4	0	3	0	0	0	0	0	0	6	0	0	0	0	0	0	3	0	3	0	0	0	0	0	0	0	0	0	2	0	0	0	0	0	0	0	12	0	0	0	0	0	1	0	0	0	13	0	0	9	4	0	0	0
0	0	0	0	0	0	0	0	0	1	0	0	0	0	0	0	0	0	3	0	0	0	0	2	0	0	0	0	2	0	0	0	0	0	0	0	0	0	0	0	0	0	0	0	0	0	0	0	0	0	0	0	0	0	0	0	0	0	0	0	0	3	0	3	0	0	2	0	0	0	0	0	0	0	0	0	0	0	0	0	0
0	0	0	0	0	0	0	0	0	1	0	0	0	0	3	0	0	1	0	0	0	0	0	0	0	0	0	3	0	0	0	0	0	0	0	0	0	0	0	0	0	0	0	0	0	0	0	0	0	0	0	0	0	4	0	0	0	0	0	0	0	0	0	2	0	0	0	0	0	0	0	0	0	0	0	0	0	0	0	0	0
0	0	0	0	0	0	0	0	0	0	49	0	0	0	0	0	120	0	0	0	0	0	0	0	0	0	0	0	0	0	0	0	0	0	0	0	0	0	0	0	0	0	0	0	0	0	0	0	0	0	0	0	0	0	0	0	0	0	22	0	0	0	0	0	0	0	0	0	0	0	0	0	0	0	0	0	0	0	0	0	0
0	0	0	0	0	0	0	0	0	0	16	0	0	0	0	0	54	0	0	0	2	2	0	0	0	0	0	0	0	3	0	0	0	0	0	0	0	0	0	0	8	2	0	0	0	0	0	2	0	0	0	2	0	0	0	42	0	0	16	9	2	3	0	0	37	0	0	0	0	0	0	14	0	4	9	0	0	0	0	0	0
0	0	0	0	0	0	0	0	0	0	9	0	0	0	0	0	0	0	0	0	0	0	0	0	0	0	0	0	0	0	0	0	3	0	0	3	0	0	0	0	0	0	0	0	0	0	0	0	0	0	0	0	0	0	0	0	0	0	0	0	0	0	0	0	0	0	0	0	0	0	0	0	0	0	0	0	0	0	0	0	0
0	0	0	0	0	0	0	0	0	0	9	0	0	0	0	0	0	0	0	0	0	0	0	0	0	0	0	0	0	7	14	0	0	0	0	7	0	4	0	0	0	2	0	0	0	0	0	0	0	0	2	3	0	0	2	0	0	0	0	0	0	0	0	0	0	0	0	0	0	0	0	0	0	0	0	0	0	0	0	0	0
0	0	0	0	0	0	0	0	0	0	8	2	0	0	0	0	0	0	3	0	0	5	0	0	0	4	0	0	0	0	5	0	0	0	0	6	6	0	0	0	0	0	0	0	0	0	0	0	0	0	0	0	0	0	0	0	0	0	0	0	0	2	0	0	0	0	0	0	0	3	0	0	0	0	0	0	0	3	2	0	0
0	0	0	0	0	0	0	0	0	0	8	11	2	0	0	3	0	0	0	0	0	6	0	0	0	0	0	0	0	0	0	0	0	0	0	0	0	0	0	0	0	0	0	0	0	0	0	0	0	0	0	0	0	0	3	0	0	0	0	0	0	0	0	0	0	0	0	0	0	0	0	0	0	0	0	0	0	0	0	0	0
0	0	0	0	0	0	0	0	0	0	7	0	0	0	0	0	24	0	0	0	0	0	0	0	0	0	0	0	0	5	0	0	0	0	0	0	0	0	0	0	9	0	0	0	0	0	0	0	0	0	0	2	0	0	0	18	0	0	2	7	0	4	0	0	20	0	0	0	0	0	0	9	0	3	5	0	0	0	0	0	0
0	0	0	0	0	0	0	0	0	0	7	0	1	0	0	0	0	0	2	0	0	0	0	0	0	0	6	0	0	0	0	6	0	0	0	0	0	1	0	28	8	3	1	0	2	0	0	0	0	2	2	0	7	0	4	0	0	0	0	0	0	0	0	11	0	0	0	0	0	0	0	0	0	0	0	0	0	0	7	0	0
0	0	0	0	0	0	0	0	0	0	7	0	0	0	0	0	0	0	0	2	0	0	0	0	0	0	0	0	0	0	0	0	0	0	0	0	0	0	0	0	0	0	0	0	0	0	0	0	0	0	0	0	0	0	0	0	0	0	0	0	0	0	0	0	0	3	0	0	0	2	0	0	0	0	0	0	0	16	3	0	0
0	0	0	0	0	0	0	0	0	0	6	0	2	0	0	2	0	0	0	34	2	0	0	0	0	0	0	0	0	2	9	0	0	0	0	0	0	11	0	0	0	0	0	3	2	0	0	2	0	0	7	2	0	0	5	0	0	0	0	0	0	0	0	0	0	4	0	0	0	0	0	0	0	0	0	0	0	6	4	0	0
0	0	0	0	0	0	0	0	0	0	5	0	2	0	0	0	0	0	0	0	0	0	0	0	0	0	0	0	0	2	0	0	0	0	0	0	0	0	0	0	0	0	2	0	0	0	0	0	0	0	0	0	0	0	0	0	0	0	0	0	0	2	0	0	0	0	0	0	0	0	0	0	0	0	0	0	0	0	0	0	0
0	0	0	0	0	0	0	0	0	0	5	0	0	0	0	0	0	0	0	0	0	0	0	0	0	0	0	0	0	0	2	0	0	0	0	0	0	0	0	0	0	2	0	0	0	0	0	0	0	0	0	0	0	0	0	0	0	0	0	0	0	0	0	0	0	0	0	0	0	0	0	0	0	0	0	0	0	2	0	0	0
0	0	0	0	0	0	0	0	0	0	5	0	0	0	0	0	4	0	74	0	0	11	0	0	0	0	24	0	0	0	0	0	3	0	0	21	0	2	0	8	0	0	23	0	0	0	0	0	0	0	203	0	40	0	0	0	0	7	22	0	0	0	10	0	0	11	31	0	0	0	0	0	0	0	3	3	0	16	0	0	0
0	0	0	0	0	0	0	0	0	0	4	0	0	0	0	0	0	0	0	2	0	0	2	0	1	0	0	0	0	0	0	0	0	0	0	0	0	0	2	0	0	0	0	0	0	1	0	0	0	0	0	0	0	0	2	0	0	0	0	0	0	0	0	0	0	0	0	0	0	0	0	0	0	1	0	0	0	0	0	1	0
0	0	0	0	0	0	0	0	0	0	4	0	0	0	0	0	13	0	0	0	0	0	0	0	0	0	0	0	0	5	0	0	0	0	0	0	0	0	0	0	9	0	0	0	0	0	0	2	0	0	0	2	0	0	0	9	0	0	6	7	0	0	0	0	19	0	0	0	0	0	0	2	0	0	4	0	0	0	0	0	0
0	0	0	0	0	0	0	0	0	0	4	0	0	1	0	2	0	0	4	2	0	0	0	0	0	0	0	0	0	0	13	0	0	0	0	0	0	0	0	0	0	0	3	0	0	0	0	0	0	0	0	0	2	0	0	0	0	0	0	0	2	0	0	0	0	0	0	0	0	2	0	0	0	0	0	0	0	0	0	0	0
0	0	0	0	0	0	0	0	0	0	4	0	0	0	0	0	0	0	0	0	0	0	0	0	0	0	0	0	2	0	3	0	0	0	0	0	0	0	0	0	2	0	0	0	0	0	0	0	0	0	0	4	0	0	0	2	0	5	0	0	0	0	0	0	3	0	0	0	0	0	0	0	2	0	4	0	0	0	0	0	0
0	0	0	0	0	0	0	0	0	0	3	0	2	0	0	0	8	0	0	0	0	0	0	0	0	0	0	0	0	0	0	0	0	0	0	0	0	0	0	0	1	1	0	0	0	0	0	0	0	0	0	0	0	0	0	6	0	0	10	0	0	0	0	0	4	0	0	0	0	0	0	1	0	2	0	0	0	0	0	0	0
0	0	0	0	0	0	0	0	0	0	3	0	0	0	0	0	0	0	0	1	0	0	0	0	0	0	0	0	0	2	0	0	0	0	0	0	0	0	0	0	0	0	0	0	0	0	0	1	0	0	0	0	0	0	0	0	0	0	0	2	0	0	0	0	0	0	0	0	0	0	0	0	0	0	0	0	0	0	0	0	0
0	0	0	0	0	0	0	0	0	0	3	0	0	0	0	0	0	0	0	0	0	7	0	0	0	0	0	0	0	0	0	0	0	0	0	0	0	0	0	0	0	0	0	0	0	0	0	0	0	0	0	0	0	0	0	0	0	0	0	0	0	0	0	0	0	0	0	0	0	0	0	0	0	0	0	0	0	0	0	0	0
0	0	0	0	0	0	0	0	0	0	3	0	0	0	0	0	0	4	0	0	0	0	0	0	0	0	0	0	0	0	0	0	0	0	0	0	0	0	0	0	2	0	0	0	0	0	0	0	0	0	0	0	0	2	0	2	0	0	0	0	0	0	0	0	0	0	0	2	0	0	0	0	0	0	0	0	0	0	0	0	3
0	0	0	0	0	0	0	0	0	0	3	0	0	0	0	0	0	0	0	0	0	0	0	0	0	0	2	0	0	2	0	0	0	0	0	0	0	0	0	0	0	0	0	0	0	0	0	0	0	0	3	2	0	0	0	0	0	0	0	0	0	0	0	0	0	0	0	0	0	0	0	0	0	0	0	0	0	0	2	0	0
0	0	0	0	0	0	0	0	0	0	3	0	0	0	0	0	0	0	0	0	0	0	0	0	0	0	0	0	0	0	2	0	0	0	0	0	0	0	0	0	2	0	0	0	4	0	0	0	0	5	0	3	0	0	0	0	0	0	0	0	2	0	0	5	0	0	0	0	0	0	0	0	0	0	0	0	0	0	0	0	0
0	0	0	0	0	0	0	0	0	0	2	0	0	0	0	0	0	0	0	0	0	0	0	0	0	0	0	0	0	0	0	0	0	0	0	0	0	0	0	0	0	0	0	0	0	0	0	0	0	0	0	0	0	0	0	0	0	0	2	0	2	0	6	2	0	0	0	0	0	0	0	0	2	0	0	2	0	0	2	0	0
0	0	0	0	0	0	0	0	0	0	2	0	0	0	0	0	0	2	0	0	0	0	2	0	0	0	0	0	0	0	0	0	0	0	0	0	0	0	3	0	0	0	0	0	0	0	4	0	0	0	0	0	0	0	0	0	0	0	0	0	0	0	0	0	0	0	0	0	0	0	0	0	0	0	1	0	0	0	0	0	0
0	0	0	0	0	0	0	0	0	0	2	0	0	0	0	0	0	0	0	2	0	0	0	0	0	0	0	0	0	0	0	0	0	0	4	0	0	0	0	0	0	0	0	0	0	0	0	0	0	0	0	0	0	0	0	0	0	0	0	0	0	0	0	0	0	0	0	0	0	0	0	0	0	0	0	0	0	0	3	0	0
0	0	0	0	0	0	0	0	0	0	2	0	0	0	0	0	0	20	0	0	0	1	0	0	0	0	0	0	0	0	0	0	0	7	5	0	0	0	0	0	0	0	0	0	0	0	0	0	0	0	0	0	0	0	0	0	0	0	0	0	0	0	0	7	0	0	0	0	11	0	0	2	0	0	0	0	0	0	0	0	0
0	0	0	0	0	0	0	0	0	0	2	0	0	0	0	0	0	0	0	0	0	3	0	0	0	0	0	0	0	0	3	0	0	0	2	0	0	0	0	0	0	0	0	0	0	0	0	0	0	0	0	0	0	0	0	0	0	0	0	0	0	0	0	0	0	0	0	0	0	0	0	0	0	0	0	0	0	0	0	0	0
0	0	0	0	0	0	0	0	0	0	2	3	2	0	0	0	0	0	8	16	2	0	0	0	0	0	0	0	0	3	2	0	0	0	0	13	0	4	0	6	0	0	9	2	0	0	0	0	0	0	9	0	0	0	2	0	0	0	0	0	0	0	6	0	0	3	5	0	0	0	0	0	0	0	0	4	0	19	2	0	0
0	0	0	0	0	0	0	0	0	0	2	0	0	0	0	0	0	0	0	0	0	0	0	0	0	2	0	0	0	0	0	0	2	0	0	0	0	0	0	0	0	0	0	0	0	0	0	0	0	0	0	0	0	0	0	0	0	0	0	0	0	0	0	0	8	0	0	0	0	0	0	0	0	0	2	0	0	0	0	0	0
0	0	0	0	0	0	0	0	0	0	2	0	0	0	0	0	0	0	0	0	0	0	0	0	0	0	0	0	0	9	3	0	0	3	0	0	0	0	0	0	0	3	0	0	14	0	0	0	0	0	0	0	0	0	0	0	0	0	0	0	0	0	0	0	0	0	0	0	0	0	0	0	0	0	0	0	0	0	0	0	0
0	0	0	0	0	0	0	0	0	0	2	0	0	0	0	0	0	0	0	0	0	0	0	0	0	0	0	0	0	0	0	0	0	0	0	2	0	0	0	0	0	0	0	0	0	0	0	0	0	0	0	0	0	0	0	0	0	0	0	0	0	0	0	3	0	0	0	0	0	0	0	0	0	0	2	2	0	0	0	0	0
0	0	0	0	0	0	0	0	0	0	2	0	0	0	0	0	0	0	0	0	0	0	0	0	0	0	0	0	0	0	0	0	0	0	2	0	0	0	0	0	0	0	0	0	2	0	0	0	0	0	0	0	0	0	0	0	0	0	0	0	0	0	0	0	0	0	0	0	0	0	0	0	0	0	0	2	0	0	0	0	0
0	0	0	0	0	0	0	0	0	0	2	0	0	0	0	0	0	0	0	0	0	4	0	0	0	0	0	0	0	0	0	0	0	0	0	0	0	3	0	3	0	0	0	0	0	0	0	0	0	0	0	0	0	0	0	0	0	0	0	0	0	2	0	0	0	0	0	0	0	0	0	0	0	0	0	0	0	0	0	0	0
0	0	0	0	0	0	0	0	0	0	2	0	0	0	0	0	0	0	0	0	0	0	0	0	0	0	0	0	0	0	0	0	0	3	2	3	2	0	0	0	0	0	0	0	0	0	0	0	0	0	0	0	0	0	0	2	0	0	0	0	0	0	0	0	2	3	0	0	0	0	0	0	0	0	3	0	0	0	0	0	0
0	0	0	0	0	0	0	0	0	0	1	0	0	0	0	0	0	0	0	60	0	18	0	0	0	0	2	0	0	0	0	0	0	0	0	0	0	3	0	0	0	18	0	3	1	3	0	0	0	9	4	0	0	0	2	0	0	0	0	0	7	0	0	0	0	0	0	0	0	0	0	0	0	0	0	13	0	0	11	0	0
0	0	0	0	0	0	0	0	0	0	1	0	0	0	0	0	0	2	0	0	0	13	0	0	48	0	0	0	0	0	6	0	0	0	0	0	0	0	0	0	0	0	0	0	0	0	1	12	0	0	0	0	0	0	0	0	0	0	0	0	0	0	0	0	0	0	0	0	4	0	0	0	0	0	0	0	0	0	0	0	0
0	0	0	0	0	0	0	0	0	0	1	0	0	0	0	4	0	0	0	0	0	0	0	0	0	0	0	0	1	0	0	0	2	0	0	0	0	0	0	0	0	0	0	0	0	0	0	0	0	0	0	0	0	0	0	0	2	0	0	0	0	0	0	0	0	0	0	0	0	0	0	0	0	2	0	0	0	0	0	0	0
0	0	0	0	0	0	0	0	0	0	0	5	0	0	0	0	0	0	0	0	0	0	0	0	0	0	0	0	0	0	0	0	0	0	0	0	0	0	0	0	0	0	0	0	0	0	0	0	0	0	0	16	0	0	0	0	0	0	0	0	2	0	5	0	0	0	0	0	0	0	0	0	0	0	0	0	0	0	0	0	0
0	0	0	0	0	0	0	0	0	0	0	4	0	2	0	0	1	0	0	0	0	0	0	0	0	0	3	0	0	0	0	3	0	0	0	0	0	0	0	0	0	0	0	0	0	0	0	2	0	0	0	0	0	0	0	0	0	0	0	4	2	0	0	0	0	0	0	0	0	0	0	0	0	0	2	0	0	0	1	0	0
0	0	0	0	0	0	0	0	0	0	0	4	0	0	0	5	0	0	1	0	0	0	0	0	0	0	0	0	0	4	0	0	0	0	0	0	0	0	0	0	0	0	0	0	2	0	0	0	0	0	0	0	0	0	4	0	0	0	0	0	0	0	0	0	0	0	0	0	0	5	0	0	0	0	0	0	0	0	12	0	0
0	0	0	0	0	0	0	0	0	0	0	3	0	8	0	0	0	0	0	7	0	0	0	0	0	0	0	0	0	0	0	0	0	0	0	0	0	4	0	0	0	0	2	0	0	0	0	0	0	0	3	0	0	0	0	0	0	0	0	0	0	0	0	0	0	0	0	0	0	0	0	0	0	0	0	0	0	0	0	0	0
0	0	0	0	0	0	0	0	0	0	0	3	0	0	0	0	0	0	0	7	0	0	0	0	0	0	0	0	0	0	3	0	0	0	0	0	0	0	0	0	0	0	0	0	0	0	0	0	0	0	0	3	0	0	0	0	0	0	0	0	0	0	0	0	0	0	0	0	0	0	0	0	0	0	0	0	0	0	0	0	0
0	0	0	0	0	0	0	0	0	0	0	3	0	0	0	0	0	0	43	9	0	0	0	0	0	0	0	0	0	115	0	0	0	0	0	29	0	5	0	0	0	0	14	0	0	0	0	0	0	0	4	0	66	0	0	0	0	0	0	0	0	0	0	0	0	0	0	0	0	0	0	0	0	0	0	0	0	80	20	0	0
0	0	0	0	0	0	0	0	0	0	0	3	11	0	0	0	0	0	0	0	5	0	0	0	0	0	0	0	0	9	7	0	0	0	0	0	0	3	0	0	0	0	3	0	0	0	0	0	0	0	12	0	0	0	4	0	0	0	0	0	2	0	0	0	0	0	0	0	0	0	0	0	0	0	0	0	0	16	1	0	0
0	0	0	0	0	0	0	0	0	0	0	2	0	0	0	0	0	0	0	0	0	0	0	2	0	0	0	0	0	2	0	5	0	0	0	0	0	0	0	0	0	0	0	0	0	1	0	0	0	0	0	0	0	0	0	0	0	0	0	0	0	0	0	0	0	0	0	0	0	0	0	2	0	0	0	0	0	0	0	0	0
0	0	0	0	0	0	0	0	0	0	0	2	0	0	0	0	0	0	0	2	0	0	0	0	0	0	0	0	0	0	0	0	0	0	0	0	0	2	0	0	0	0	0	0	0	0	0	0	0	0	0	0	0	0	0	0	0	0	0	0	0	0	0	0	0	0	0	0	0	0	0	0	0	0	0	0	0	0	0	0	0
0	0	0	0	0	0	0	0	0	0	0	2	0	0	0	2	0	0	0	0	1	0	0	0	0	0	0	0	0	0	0	0	9	0	0	0	0	0	0	0	0	0	6	0	0	0	0	0	0	0	2	4	0	0	0	0	0	0	0	0	0	0	0	0	0	10	0	0	0	0	0	0	0	0	0	0	0	0	0	0	0
0	0	0	0	0	0	0	0	0	0	0	2	0	0	0	0	0	0	0	0	0	0	0	0	0	0	0	0	0	0	0	0	0	0	0	0	0	0	0	0	0	0	0	0	0	0	0	0	0	0	0	0	0	0	0	0	0	0	0	0	0	0	0	2	0	0	0	0	0	0	0	0	0	0	0	0	0	0	0	0	0
0	0	0	0	0	0	0	0	0	0	0	2	4	0	0	0	0	0	0	3	5	0	0	0	0	0	0	0	0	12	2	0	0	0	2	0	0	0	0	0	0	0	5	0	0	0	0	0	0	0	5	0	5	0	2	0	0	0	0	0	2	0	2	0	0	0	0	0	0	0	0	0	0	0	0	0	0	11	5	0	0
0	0	0	0	0	0	0	0	0	0	0	2	0	0	0	0	0	0	0	3	0	7	0	0	0	0	2	0	0	0	0	0	0	0	0	0	0	0	0	0	0	0	5	0	0	0	0	0	0	0	0	0	7	0	0	0	0	0	0	0	0	0	2	0	0	0	0	0	0	0	0	0	0	0	0	0	0	19	0	0	0
0	0	0	0	0	0	0	0	0	0	0	2	0	0	0	0	0	0	0	0	0	0	0	0	0	0	2	0	0	0	0	0	0	0	0	0	0	0	0	0	0	0	0	0	0	0	0	0	0	0	0	0	0	0	0	0	0	0	0	0	0	0	0	0	0	0	0	0	0	0	0	0	0	0	0	0	0	0	0	0	0
0	0	0	0	0	0	0	0	0	0	0	2	0	0	0	0	0	0	0	0	4	0	0	0	0	0	0	0	0	0	0	0	0	0	0	0	0	2	0	0	0	0	0	0	0	0	0	0	0	0	0	0	1	0	0	0	0	0	0	0	0	0	0	0	0	0	0	0	0	0	0	0	0	0	0	0	0	0	0	0	0
0	0	0	0	0	0	0	0	0	0	0	2	0	0	0	0	0	0	0	0	2	0	5	0	0	0	0	0	3	0	0	0	0	0	0	0	0	0	0	3	0	1	0	0	0	0	0	0	0	0	0	0	2	0	4	0	0	0	0	0	0	3	0	0	0	0	0	0	0	0	0	0	0	0	0	2	0	0	5	0	0
0	0	0	0	0	0	0	0	0	0	0	1	0	0	0	1	0	0	0	0	0	0	0	0	0	0	0	0	0	0	0	0	0	0	0	0	0	1	0	0	0	0	1	0	0	0	0	0	0	0	0	22	0	0	0	0	0	0	0	0	0	0	3	0	0	0	0	0	0	0	0	0	0	0	0	0	0	0	0	0	0
0	0	0	0	0	0	0	0	0	0	0	1	0	0	0	0	0	0	0	0	0	0	0	0	0	0	0	2	0	0	0	0	0	0	0	0	0	0	0	0	0	0	0	0	0	0	0	0	0	0	0	0	0	0	0	4	0	0	1	0	0	0	0	0	0	0	0	0	0	2	2	0	0	0	0	0	0	0	0	0	2
0	0	0	0	0	0	0	0	0	0	0	1	0	0	0	0	0	0	0	0	0	0	0	0	0	0	0	0	0	0	0	0	0	0	0	0	0	0	0	4	0	0	4	0	0	0	0	0	0	0	0	0	0	0	0	0	0	0	0	0	0	0	2	0	0	0	0	0	0	0	0	0	0	0	0	1	0	0	0	0	0
0	0	0	0	0	0	0	0	0	0	0	0	0	0	0	0	0	2	0	0	0	0	0	0	3	0	0	3	0	0	0	0	0	0	0	0	0	0	0	0	0	0	0	0	0	0	2	0	0	0	0	0	0	0	0	0	0	0	0	0	0	0	0	0	1	0	0	0	0	1	0	0	0	0	0	0	0	0	0	0	0
0	0	0	0	0	0	0	0	0	0	0	0	0	0	0	0	0	0	0	0	0	0	0	0	0	3	0	0	4	0	0	0	0	0	0	2	0	0	0	0	0	0	0	0	0	0	0	0	2	0	0	0	0	0	0	0	0	0	0	0	0	0	0	0	0	0	0	0	0	0	0	0	0	0	0	0	2	0	0	0	0
0	0	0	0	0	0	0	0	0	0	0	0	0	4	0	0	0	0	2	0	0	0	0	0	0	0	2	0	4	2	0	5	0	0	2	0	0	0	0	5	0	0	0	0	0	0	0	0	0	3	0	0	2	0	7	0	0	0	0	0	0	0	0	0	0	0	3	0	0	0	0	0	0	3	0	0	0	0	3	0	0
0	0	0	0	0	0	0	0	0	0	0	0	0	0	1	0	0	0	0	0	0	0	3	0	0	0	0	10	0	0	0	0	0	0	0	0	0	0	1	0	1	0	0	0	0	0	3	0	4	0	0	0	0	0	0	0	0	0	3	0	0	0	0	0	0	0	0	0	0	1	0	0	0	0	0	1	5	0	0	0	0
0	0	0	0	0	0	0	0	0	0	0	0	0	2	0	0	0	0	0	4	0	3	0	3	4	8	0	0	1	0	2	0	0	0	0	0	0	0	3	0	0	0	0	0	0	0	0	0	0	0	0	0	0	0	0	0	0	0	0	0	6	0	0	0	0	0	0	0	0	0	0	1	0	0	0	0	0	0	0	0	0
0	0	0	0	0	0	0	0	0	0	0	0	0	0	0	0	0	0	0	0	0	0	0	0	0	0	0	0	4	0	4	0	0	0	0	0	0	0	0	0	3	0	0	0	0	0	3	0	0	0	0	0	0	0	0	0	0	0	0	0	0	0	0	0	0	0	0	0	0	0	0	0	0	0	0	0	0	0	0	0	0
0	0	0	0	0	0	0	0	0	0	0	0	0	0	0	0	0	0	0	0	0	0	0	0	6	7	2	1	10	0	0	0	0	2	0	0	0	0	0	0	0	0	0	0	0	0	0	0	0	0	0	0	0	0	0	0	10	0	0	0	0	0	0	0	15	0	4	0	0	0	4	0	1	0	0	0	0	0	0	1	0
0	0	0	0	0	0	0	0	0	0	0	0	0	0	0	2	2	0	0	0	2	0	0	0	3	0	2	0	0	0	0	0	0	0	0	0	0	0	0	0	0	0	0	0	5	0	0	0	0	0	0	0	0	0	0	0	0	2	0	0	0	0	0	4	0	0	0	0	2	0	0	0	0	0	0	0	0	0	0	0	0
0	0	0	0	0	0	0	0	0	0	0	0	0	0	0	0	0	2	0	0	0	0	0	0	0	0	0	0	0	0	0	5	0	0	0	0	0	0	0	0	0	0	0	0	0	0	0	0	0	0	0	0	2	0	0	0	0	0	0	0	0	0	0	0	0	0	0	0	0	0	0	0	0	0	0	0	0	0	0	0	0
0	0	0	0	0	0	0	0	0	0	0	0	2	0	0	0	0	0	0	0	0	0	0	0	2	0	0	0	0	0	2	4	3	0	0	0	0	0	0	0	3	2	0	0	0	0	0	2	0	0	0	0	0	0	0	0	0	0	3	0	0	0	0	2	0	0	0	0	0	0	0	0	0	0	0	4	0	0	0	0	0
0	0	0	0	0	0	0	0	0	0	0	0	0	0	0	0	0	4	0	0	0	3	0	2	2	0	0	0	2	0	0	0	0	0	0	0	0	0	0	0	0	0	0	0	0	0	2	0	0	4	0	0	0	0	2	4	0	0	0	0	0	0	0	0	6	0	0	0	10	0	4	0	0	0	3	0	0	0	0	0	2
0	0	0	0	0	0	0	0	0	0	0	0	0	2	0	0	0	0	0	2	0	0	0	0	0	0	0	0	2	0	0	0	0	0	0	0	0	0	0	2	0	0	0	0	0	0	0	0	2	0	0	0	0	0	0	0	0	0	0	0	0	2	0	0	0	2	0	2	0	2	0	0	0	0	0	0	0	0	2	0	0
0	0	0	0	0	0	0	0	0	0	0	0	0	0	0	0	0	0	0	0	0	0	0	0	0	0	0	2	3	0	0	0	0	0	0	0	0	0	0	0	0	0	0	0	0	0	0	0	0	0	0	0	0	0	0	0	0	0	0	0	0	0	0	0	3	0	0	0	0	3	0	0	0	0	0	0	0	0	0	0	0
0	0	0	0	0	0	0	0	0	0	0	0	0	0	0	0	0	0	0	0	0	0	0	0	0	0	0	0	0	0	0	0	0	0	0	0	0	0	0	0	0	0	0	0	0	0	0	0	0	0	0	0	0	0	0	0	0	0	0	0	0	0	0	0	2	0	0	0	0	0	0	0	0	0	0	0	0	0	0	0	0
0	0	0	0	0	0	0	0	0	0	0	0	0	0	0	0	0	0	0	0	0	0	0	0	0	0	0	0	0	0	0	0	3	0	0	0	0	0	0	0	0	0	0	0	0	0	0	0	0	0	2	0	0	0	0	0	0	0	0	0	0	0	0	0	0	0	0	0	0	0	0	0	0	0	0	0	0	0	0	0	0
0	0	0	0	0	0	0	0	0	0	0	0	0	0	0	0	0	0	0	0	0	0	0	0	0	0	0	0	0	0	1	2	2	0	0	0	0	0	0	0	0	0	0	0	0	0	0	0	0	0	0	0	0	0	4	0	0	0	0	2	0	0	0	2	0	0	0	2	2	0	0	0	0	2	0	0	0	0	0	0	0
0	0	0	0	0	0	0	0	0	0	0	0	0	2	0	0	0	0	2	2	0	2	0	2	0	4	0	0	0	0	0	0	0	0	0	2	0	0	0	0	3	0	2	0	2	0	0	0	2	0	0	0	0	0	0	0	2	2	4	0	0	0	2	0	0	0	0	0	0	2	0	0	0	0	0	0	0	0	0	0	5
0	0	0	0	0	0	0	0	0	0	0	0	0	0	0	0	0	2	0	0	0	0	0	3	0	0	0	0	1	0	0	0	0	0	0	0	0	0	0	0	2	0	0	0	0	0	0	0	0	0	0	0	0	0	0	0	0	1	0	0	0	0	0	0	3	0	0	0	0	0	0	0	6	0	0	0	0	0	0	0	0
0	0	0	0	0	0	0	0	0	0	0	0	0	0	0	0	0	0	0	0	2	0	0	0	1	0	0	0	1	0	0	0	0	0	0	0	0	0	0	0	0	0	3	3	0	0	6	2	0	0	5	0	0	0	0	0	0	0	0	0	0	0	0	0	0	0	0	0	0	0	0	0	0	0	0	0	0	0	0	0	0
0	0	0	0	0	0	0	0	0	0	0	0	0	0	0	0	0	0	0	0	0	0	0	0	102	0	0	0	0	0	0	0	0	0	0	0	0	0	0	0	0	0	0	0	0	0	126	0	0	0	0	0	0	0	0	0	0	0	0	0	0	0	0	0	0	0	0	0	4	0	0	0	0	0	0	0	0	0	0	0	0
0	0	0	0	0	0	0	0	0	0	0	0	2	0	0	0	0	0	3	0	2	0	0	0	183	0	0	0	0	0	0	0	0	0	4	0	0	0	0	0	0	0	0	0	0	0	71	0	0	0	0	0	0	0	0	0	0	0	0	0	0	0	316	0	0	5	0	0	0	0	0	0	0	0	0	0	0	0	0	0	0
0	0	0	0	0	0	0	0	0	0	0	0	0	0	0	0	0	0	0	0	0	0	0	0	0	0	0	0	0	0	0	0	0	0	0	0	0	0	0	0	0	0	0	0	0	0	43	0	0	0	0	0	0	0	0	0	0	0	0	0	0	0	0	0	0	0	0	0	0	0	0	0	0	0	0	0	0	0	0	0	0
0	0	0	0	0	0	0	0	0	0	0	0	0	0	0	0	0	20	0	0	0	0	0	0	0	0	0	97	0	0	0	0	0	0	0	0	0	0	0	0	0	0	0	0	0	0	0	0	0	0	0	0	0	0	0	0	0	0	0	0	0	0	0	0	0	0	0	0	0	0	0	0	0	0	0	0	0	0	0	0	0
0	0	0	0	0	0	0	0	0	0	0	0	2	0	0	0	0	0	0	0	0	0	0	0	0	0	0	0	0	0	0	0	0	0	0	7	0	6	0	0	0	0	0	0	0	0	0	0	0	0	0	0	7	0	0	0	0	0	0	0	0	0	0	0	0	0	3	0	0	10	0	0	0	0	0	0	0	0	0	0	0
0	0	0	0	0	0	0	0	0	0	0	0	0	0	0	0	0	0	0	0	0	0	0	0	0	0	0	0	0	0	0	0	0	0	0	0	0	0	0	0	0	0	0	0	0	0	0	0	0	0	0	0	0	0	0	0	0	0	0	0	0	0	13	0	0	0	0	0	0	0	0	0	0	0	0	0	0	0	0	0	0
0	0	0	0	0	0	0	0	0	0	0	0	0	0	0	0	2	0	0	0	0	0	0	2	2	0	0	0	0	0	0	0	0	0	0	0	0	0	0	0	0	0	0	0	0	0	0	0	0	0	0	0	0	0	0	0	0	0	0	0	0	0	0	0	0	0	0	0	0	0	0	0	2	0	0	0	0	0	0	0	0
0	0	0	0	0	0	0	0	0	0	0	0	0	0	0	0	0	0	0	0	0	0	0	0	0	0	0	0	0	2	0	0	0	0	0	0	0	1	0	0	0	0	0	0	0	0	3	0	0	0	0	0	1	0	0	0	0	0	0	0	0	0	0	0	0	0	0	0	0	0	0	0	1	0	0	0	0	2	0	0	0
0	0	0	0	0	0	0	0	0	0	0	0	0	0	0	0	0	0	0	0	0	0	0	2	0	0	2	0	0	0	0	0	0	0	0	0	0	0	0	0	0	0	0	0	0	0	3	0	0	0	0	0	0	0	0	0	0	3	0	2	0	0	0	0	0	0	0	0	0	0	0	0	0	0	0	0	0	0	3	0	0
0	0	0	0	0	0	0	0	0	0	0	0	0	2	0	0	0	0	0	0	0	0	0	2	0	0	0	2	0	1	2	0	0	0	0	0	0	0	0	0	0	0	0	0	0	1	0	0	0	0	0	0	0	3	0	0	0	0	0	0	0	0	0	2	0	1	0	0	0	1	0	0	0	0	0	0	0	0	0	0	0
0	0	0	0	0	0	0	0	0	0	0	0	0	0	0	0	0	0	0	0	0	0	0	0	6	0	0	0	0	0	0	0	0	0	0	0	0	0	0	0	0	0	0	0	0	0	6	0	0	0	0	0	0	0	0	0	0	0	0	0	0	0	0	0	0	0	0	0	0	0	0	0	0	0	0	0	0	0	0	0	0
0	0	0	0	0	0	0	0	0	0	0	0	11	0	0	0	0	0	0	0	0	0	0	0	0	0	0	0	0	0	0	0	0	0	0	0	0	0	0	0	0	0	0	0	0	0	0	0	0	0	0	0	0	0	0	0	0	0	0	0	0	0	0	0	0	0	0	0	0	0	0	0	0	0	0	0	0	0	0	0	0
0	0	0	0	0	0	0	0	0	0	0	0	9	0	0	0	0	0	1	13	0	2	0	0	0	0	2	0	0	0	12	0	0	0	3	0	0	0	0	0	0	8	0	2	10	0	0	1	0	8	0	0	5	0	2	0	0	0	0	0	6	7	0	0	0	0	0	0	0	4	0	0	0	1	0	5	0	0	2	0	0
0	0	0	0	0	0	0	0	0	0	0	0	6	0	0	0	0	0	0	3	0	0	0	0	0	0	0	3	0	0	0	0	0	4	0	0	0	0	0	0	0	0	0	0	0	0	0	0	0	0	0	0	0	0	0	0	0	0	0	0	7	0	0	0	0	0	0	0	0	0	0	0	0	0	2	0	2	0	0	0	3
0	0	0	0	0	0	0	0	0	0	0	0	5	0	0	0	0	0	0	0	0	0	0	0	0	0	0	0	0	0	0	0	0	0	0	0	0	0	0	0	0	0	0	0	0	0	0	0	0	0	0	0	0	0	0	0	0	0	0	0	0	0	0	0	0	0	0	0	0	0	0	0	0	0	0	0	0	0	0	0	0
0	0	0	0	0	0	0	0	0	0	0	0	4	0	0	0	0	0	0	0	0	0	0	0	0	0	0	0	0	2	0	0	0	0	0	0	0	0	0	0	0	0	10	0	0	0	0	0	0	0	0	0	0	0	0	0	0	0	0	0	0	0	12	0	0	0	2	0	0	0	0	0	0	0	0	0	0	2	0	0	0
0	0	0	0	0	0	0	0	0	0	0	0	4	0	0	0	0	0	0	0	2	0	0	0	0	0	0	0	0	0	0	0	0	0	0	2	0	0	0	0	0	4	2	0	0	0	0	0	0	0	0	0	0	0	0	0	0	0	0	0	0	0	0	0	0	0	0	0	0	0	0	0	0	0	0	0	0	0	0	0	0
0	0	0	0	0	0	0	0	0	0	0	0	4	0	0	0	0	0	0	0	0	0	0	0	0	0	0	0	0	0	0	0	0	0	0	0	0	0	0	0	0	0	1	0	0	0	0	0	0	0	1	0	4	0	0	0	0	0	0	0	0	0	0	0	0	0	0	0	0	0	0	0	0	0	0	0	0	0	3	0	0
0	0	0	0	0	0	0	0	0	0	0	0	2	0	0	0	0	0	0	0	0	0	0	0	0	0	4	0	0	0	0	0	0	0	0	0	0	0	0	0	2	0	1	0	1	0	0	0	0	0	0	0	0	0	0	0	0	0	0	0	0	0	0	1	0	0	0	0	0	0	0	0	0	0	0	0	0	0	1	0	0
0	0	0	0	0	0	0	0	0	0	0	0	2	0	0	0	0	0	3	0	0	0	0	0	0	0	0	0	0	29	0	0	0	0	12	0	0	0	0	0	0	0	0	0	0	0	8	0	0	0	0	0	0	0	0	0	0	8	0	0	0	0	0	2	0	0	0	0	0	0	0	0	0	0	107	0	0	0	0	0	0
0	0	0	0	0	0	0	0	0	0	0	0	2	0	0	0	0	0	0	0	0	0	0	0	0	0	0	0	0	0	0	0	0	0	0	0	0	0	0	0	0	0	0	0	0	0	0	0	0	0	0	0	0	0	0	0	0	0	0	0	0	0	0	0	0	0	2	0	0	0	0	0	0	0	0	0	0	0	2	0	0
0	0	0	0	0	0	0	0	0	0	0	0	2	0	0	0	0	0	0	0	0	0	0	0	0	0	0	0	0	0	0	0	0	0	0	0	0	2	0	0	0	0	4	0	0	0	0	0	0	0	2	0	5	0	0	0	0	0	0	0	0	0	0	0	0	0	0	0	0	0	0	0	0	0	0	0	0	0	4	0	0
0	0	0	0	0	0	0	0	0	0	0	0	2	0	0	0	0	0	0	0	2	0	0	0	0	0	4	0	0	0	0	0	0	0	2	0	0	0	0	2	0	0	0	0	0	0	0	0	0	0	0	0	0	0	0	0	0	0	0	0	0	0	0	0	0	0	0	0	0	0	0	0	0	0	2	0	0	0	0	0	3
0	0	0	0	0	0	0	0	0	0	0	0	2	0	0	0	0	0	0	0	1	0	0	0	0	0	0	0	0	2	0	0	0	0	0	0	0	4	0	0	0	0	0	0	0	0	0	0	0	0	0	0	0	0	9	0	0	0	0	0	0	0	0	0	0	0	0	0	0	0	0	0	0	0	0	0	0	3	0	0	0
0	0	0	0	0	0	0	0	0	0	0	0	2	0	0	0	0	0	0	0	0	0	0	0	0	0	0	0	0	0	0	0	0	0	0	0	0	0	0	0	0	2	0	0	0	0	0	0	0	0	0	0	0	5	0	0	0	0	0	2	0	2	0	2	0	0	0	0	0	0	0	0	0	0	0	0	2	0	0	0	0
0	0	0	0	0	0	0	0	0	0	0	0	2	0	0	2	0	2	0	0	0	0	0	0	0	0	0	0	0	0	0	0	0	0	0	0	0	2	0	0	0	0	2	0	0	0	0	0	3	0	0	0	0	0	0	0	0	0	0	0	0	0	0	0	0	0	0	0	0	0	0	0	0	0	0	0	0	0	2	0	0
0	0	0	0	0	0	0	0	0	0	0	0	2	0	0	0	0	0	0	4	2	0	0	0	0	0	0	0	0	0	0	0	0	0	0	3	0	0	0	0	0	0	0	0	0	0	0	0	0	0	0	0	0	0	0	0	0	0	0	0	4	0	0	0	0	0	0	0	0	0	0	0	0	0	0	0	0	0	0	0	0
0	0	0	0	0	0	0	0	0	0	0	0	1	0	0	0	0	0	0	0	0	0	0	0	0	0	0	0	0	0	0	0	0	0	2	0	0	5	0	0	0	0	1	0	0	0	0	0	0	0	1	0	1	0	0	0	0	0	0	0	0	0	0	0	0	0	0	0	0	0	0	0	0	0	0	0	0	0	2	0	0
0	0	0	0	0	0	0	0	0	0	0	0	1	0	0	0	0	0	0	0	8	0	0	0	0	0	0	0	0	0	0	0	0	0	0	0	0	0	0	0	0	0	0	0	0	0	0	1	0	0	11	1	0	0	0	0	0	0	0	0	0	0	0	0	0	0	0	0	0	0	0	0	0	0	0	0	0	0	0	0	0
0	0	0	0	0	0	0	0	0	0	0	0	0	0	0	0	0	0	0	0	0	5	0	0	0	0	0	0	0	2	0	0	0	0	0	0	0	0	0	0	0	0	0	0	0	0	0	1	0	0	1	0	0	0	1	0	0	0	0	0	0	0	0	0	0	0	0	0	0	0	0	0	0	0	0	0	0	0	0	0	0
0	0	0	0	0	0	0	0	0	0	0	0	0	0	0	0	0	0	0	0	0	0	0	0	0	0	0	0	0	0	0	0	0	0	0	0	0	0	0	0	0	0	0	0	0	0	0	0	0	0	12	0	5	0	0	0	0	24	0	0	0	0	0	0	0	0	0	0	0	0	0	0	0	0	11	0	0	1	0	0	0
0	0	0	0	0	0	0	0	0	0	0	0	0	0	0	0	0	0	0	4	2	0	0	0	0	0	0	0	0	0	3	0	0	0	0	0	0	2	0	0	0	0	0	2	0	0	0	0	0	0	4	0	0	0	0	0	0	0	0	0	2	0	0	0	0	0	0	0	0	0	0	0	0	0	0	0	0	0	7	0	0
0	0	0	0	0	0	0	0	0	0	0	0	0	0	0	0	0	0	0	0	0	0	0	0	0	0	0	0	0	0	0	0	0	0	0	0	0	0	0	0	0	0	0	0	0	0	0	0	0	0	16	0	0	0	0	0	0	0	0	0	0	0	0	0	0	0	0	0	0	0	0	0	0	0	0	0	0	0	2	0	0
0	0	0	0	0	0	0	0	0	0	0	0	0	0	0	0	0	0	0	0	0	0	0	0	0	0	0	0	0	0	0	0	0	0	0	0	0	0	0	2	0	0	0	0	0	0	0	0	0	0	0	0	0	0	0	0	0	0	0	0	0	0	0	0	0	0	0	0	0	0	0	0	0	0	0	0	0	2	0	0	0
0	0	0	0	0	0	0	0	0	0	0	0	0	0	0	0	0	0	0	0	0	0	0	0	0	0	0	0	0	0	0	0	0	0	0	0	0	0	0	0	0	0	0	0	0	0	0	0	0	0	2	0	0	0	0	0	0	0	0	0	0	0	0	0	0	3	0	0	0	0	0	0	0	0	0	0	0	0	0	0	0
0	0	0	0	0	0	0	0	0	0	0	0	0	0	0	0	0	0	0	0	1	0	0	0	0	0	0	0	0	0	0	0	0	0	0	0	0	0	0	0	0	0	0	0	0	0	0	0	0	0	0	4	0	0	2	0	0	0	0	0	6	0	0	0	0	0	0	0	0	0	0	0	10	0	0	0	0	3	10	0	0
0	0	0	0	0	0	0	0	0	0	0	0	0	0	0	0	0	0	0	0	0	0	0	0	0	0	0	0	0	0	0	0	0	0	0	0	0	0	0	0	0	0	0	0	0	0	0	0	0	0	17	0	0	0	0	0	0	0	0	0	0	0	0	0	0	0	0	0	0	0	0	0	0	0	0	0	0	0	0	0	0
0	0	0	0	0	0	0	0	0	0	0	0	0	0	0	0	0	4	0	0	0	0	0	0	0	7	0	0	0	0	0	0	0	2	0	0	0	0	0	0	2	0	0	0	0	0	0	0	0	0	0	0	0	0	0	0	0	0	0	3	0	0	0	3	2	0	0	0	0	0	0	0	0	0	0	0	0	0	0	0	0
0	0	0	0	0	0	0	0	0	0	0	0	0	0	0	0	0	0	0	0	3	0	0	0	0	0	0	0	0	0	1	0	0	0	0	0	0	0	0	0	0	0	3	0	5	0	0	0	0	0	0	0	0	0	0	0	0	0	0	0	0	0	0	3	0	0	0	0	0	0	0	0	0	0	0	1	0	0	0	0	0
0	0	0	0	0	0	0	0	0	0	0	0	0	0	0	0	0	0	0	0	0	0	0	0	0	0	0	0	0	0	0	0	0	2	0	0	0	0	0	0	0	0	0	0	4	0	0	0	0	0	0	0	0	0	0	0	0	0	0	0	0	4	2	0	0	0	0	0	0	0	0	0	0	0	0	0	0	0	0	0	0
0	0	0	0	0	0	0	0	0	0	0	0	0	0	0	0	0	0	8	4	0	0	0	0	0	0	0	0	0	0	3	0	0	0	0	0	0	0	0	0	0	0	0	0	2	0	0	0	0	0	5	0	0	0	4	0	0	0	0	0	0	0	0	0	0	0	0	0	0	0	0	0	0	0	0	0	0	0	0	0	0
0	0	0	0	0	0	0	0	0	0	0	0	0	0	0	0	0	0	0	0	0	0	0	0	0	0	0	0	0	68	0	0	0	0	0	0	0	0	0	0	0	0	0	0	0	0	0	0	0	0	0	0	0	0	0	0	0	0	0	0	0	0	0	0	0	0	0	0	0	0	0	0	0	0	0	0	0	19	0	0	0
0	0	0	0	0	0	0	0	0	0	0	0	0	0	0	0	0	0	0	0	0	0	0	0	0	0	0	2	0	0	0	0	0	0	0	2	0	0	0	0	0	0	0	0	0	0	0	0	0	0	0	0	0	0	0	0	0	0	0	0	0	0	2	0	0	0	0	0	0	0	1	0	0	0	0	0	0	0	0	0	7
0	0	0	0	0	0	0	0	0	0	0	0	0	0	0	0	0	0	0	0	0	0	0	0	0	0	0	0	0	8	3	0	0	0	0	3	0	0	0	0	0	2	0	0	0	0	0	0	0	0	0	0	7	0	0	0	0	0	0	0	0	0	0	0	0	0	0	0	0	0	0	0	0	0	2	0	0	4	8	0	0
0	0	0	0	0	0	0	0	0	0	0	0	0	11	0	0	0	0	0	0	2	0	0	0	0	0	0	0	0	17	0	0	0	0	0	0	0	0	0	0	0	0	0	2	0	0	0	0	0	0	0	0	3	0	2	0	0	0	0	0	0	0	0	0	0	0	0	0	0	0	0	0	0	0	0	0	0	0	0	0	0
0	0	0	0	0	0	0	0	0	0	0	0	0	11	0	0	0	0	0	4	0	0	0	0	0	0	0	0	0	0	0	0	6	0	0	0	0	5	0	0	0	0	12	2	0	0	0	0	0	0	0	0	0	0	0	0	0	0	0	0	0	0	0	0	0	3	12	0	0	0	0	0	0	0	0	1	0	0	0	0	0
0	0	0	0	0	0	0	0	0	0	0	0	0	4	0	0	2	0	0	0	0	0	0	4	0	0	0	2	0	0	0	0	0	0	0	0	0	0	0	0	3	0	0	0	0	0	0	0	0	0	0	0	0	0	0	0	2	0	0	0	0	0	0	0	0	0	0	0	0	0	0	2	0	0	0	0	2	0	0	0	0
0	0	0	0	0	0	0	0	0	0	0	0	0	4	0	0	0	0	0	2	0	0	0	0	0	0	0	0	0	0	0	2	0	0	0	0	0	4	0	0	2	0	0	0	0	0	0	0	0	0	0	0	0	0	0	0	0	0	0	0	0	0	0	0	0	0	0	0	0	0	0	0	0	0	0	0	0	0	0	0	0
0	0	0	0	0	0	0	0	0	0	0	0	0	3	0	0	0	0	0	0	0	0	0	0	0	2	0	0	0	0	0	0	0	0	0	0	0	0	0	0	0	0	0	0	0	0	0	0	0	0	0	0	0	0	0	0	0	0	0	0	0	0	0	0	3	0	0	0	0	0	0	0	2	0	0	5	5	0	4	3	2
0	0	0	0	0	0	0	0	0	0	0	0	0	2	0	0	0	0	0	2	0	2	0	0	0	0	0	0	0	0	2	0	0	0	0	0	0	0	0	0	0	0	0	0	0	0	0	0	0	0	0	0	0	0	4	0	0	0	0	2	0	0	0	0	0	0	0	0	0	0	0	0	0	0	0	0	0	0	3	0	0
0	0	0	0	0	0	0	0	0	0	0	0	0	2	0	0	5	0	0	0	0	0	0	0	0	0	0	0	0	0	0	0	0	0	0	0	0	0	2	0	0	0	0	0	0	0	0	0	0	0	0	0	0	0	0	0	0	0	0	0	0	0	0	0	0	0	0	0	0	0	0	0	0	0	0	0	0	0	2	0	0
0	0	0	0	0	0	0	0	0	0	0	0	0	2	3	4	0	0	0	0	4	0	0	2	0	0	0	0	0	0	0	4	0	0	0	0	0	0	0	0	0	0	0	2	0	0	0	0	0	0	0	5	0	0	18	0	0	0	0	0	3	0	2	0	0	0	0	0	2	0	0	0	0	0	0	0	0	0	0	0	0
0	0	0	0	0	0	0	0	0	0	0	0	0	2	0	0	0	0	0	0	0	0	0	0	0	0	0	0	1	0	0	0	0	0	0	0	0	0	0	0	0	0	0	0	0	0	0	0	0	0	0	0	0	0	1	0	0	0	0	0	0	0	1	2	0	0	0	0	0	0	0	3	0	0	0	0	0	0	1	0	0
0	0	0	0	0	0	0	0	0	0	0	0	0	2	0	0	0	0	0	0	0	0	2	0	3	0	0	0	0	0	2	0	0	0	0	0	0	0	0	0	0	0	0	0	0	0	2	0	2	0	0	0	0	0	0	0	0	0	0	0	0	0	0	0	0	0	0	0	0	0	0	0	0	0	0	0	0	0	0	0	0
0	0	0	0	0	0	0	0	0	0	0	0	0	1	0	0	0	0	2	0	0	0	0	0	0	0	0	0	0	0	0	0	0	0	0	0	0	0	0	0	0	0	0	0	4	0	0	0	0	2	0	0	2	0	0	0	0	0	0	0	0	0	0	0	0	0	0	0	0	0	0	0	0	0	0	0	0	0	4	0	0
0	0	0	0	0	0	0	0	0	0	0	0	0	1	0	0	0	0	0	3	0	0	0	0	0	0	0	0	0	0	5	0	0	0	1	0	0	2	0	7	0	0	0	0	0	0	0	2	0	0	0	0	0	0	0	0	0	0	0	0	8	0	0	0	0	0	0	0	0	0	0	0	0	0	0	0	0	0	0	0	0
0	0	0	0	0	0	0	0	0	0	0	0	0	1	0	0	0	0	0	3	0	0	0	0	0	0	0	0	0	0	0	0	0	0	4	3	0	0	0	8	0	0	0	0	0	0	0	0	0	1	1	0	0	0	0	0	0	0	0	0	1	0	0	0	0	0	0	0	0	0	0	0	0	0	0	8	0	0	0	0	0
0	0	0	0	0	0	0	0	0	0	0	0	0	0	22	0	0	0	0	0	0	0	0	0	0	0	0	0	0	0	0	0	0	5	0	0	0	0	0	0	0	0	0	0	0	0	0	0	0	0	0	0	0	4	0	0	0	0	0	0	0	0	0	0	0	0	2	0	0	0	0	0	3	0	0	0	0	0	0	13	0
0	0	0	0	0	0	0	0	0	0	0	0	0	0	6	0	0	0	0	0	0	0	0	0	0	0	0	0	0	0	0	0	0	0	0	0	0	0	0	0	0	0	0	0	0	4	0	0	0	0	0	0	0	0	0	0	0	0	0	0	0	0	0	0	0	0	0	0	0	0	0	0	0	0	0	0	0	0	0	0	0
0	0	0	0	0	0	0	0	0	0	0	0	0	0	2	0	0	0	0	0	0	0	0	0	0	0	0	0	0	0	0	0	0	0	0	0	0	0	0	0	0	0	0	0	0	0	0	0	0	0	0	0	0	0	3	0	0	0	0	0	0	0	0	0	9	0	0	0	0	0	0	2	0	0	0	0	0	0	0	2	0
0	0	0	0	0	0	0	0	0	0	0	0	0	0	1	0	0	0	0	0	0	0	0	0	0	0	0	0	0	0	0	0	0	0	0	0	0	0	8	0	0	0	0	0	0	0	0	0	0	0	0	0	0	0	0	0	0	0	0	0	0	0	0	0	0	0	0	0	0	0	0	0	1	0	0	0	0	0	3	0	0
0	0	0	0	0	0	0	0	0	0	0	0	0	0	0	4	0	0	0	0	0	0	0	0	0	0	0	0	0	0	0	0	0	0	0	0	0	1	0	0	0	0	1	0	0	0	0	0	0	0	0	3	0	0	1	0	0	0	0	0	0	0	1	0	0	0	0	0	0	0	0	0	0	0	0	0	0	0	7	0	0
0	0	0	0	0	0	0	0	0	0	0	0	0	0	0	3	0	0	0	0	0	2	0	0	0	0	0	0	0	0	4	0	0	0	0	0	0	0	0	2	0	0	0	0	0	0	0	0	0	0	0	0	0	0	0	0	0	0	0	0	0	0	4	0	0	0	0	0	0	0	0	0	0	0	3	0	0	0	0	0	0
0	0	0	0	0	0	0	0	0	0	0	0	0	0	0	3	0	0	0	0	0	0	0	0	0	0	0	0	0	2	0	0	0	3	0	0	0	0	0	0	0	0	2	2	3	0	0	0	0	0	0	0	0	0	0	0	0	0	0	0	0	0	0	0	0	0	0	0	0	0	0	0	0	0	0	0	0	0	0	0	0
0	0	0	0	0	0	0	0	0	0	0	0	0	0	0	3	0	0	0	0	0	0	0	0	0	0	0	0	0	0	0	0	3	0	0	0	0	0	0	0	0	0	0	0	3	0	0	0	3	0	1	0	0	0	0	0	0	2	0	0	0	0	0	0	0	0	0	0	0	0	0	0	0	0	6	0	0	0	0	0	0
0	0	0	0	0	0	0	0	0	0	0	0	0	0	0	2	0	0	0	0	0	0	0	0	0	0	0	0	0	7	0	0	0	0	3	0	0	0	0	0	0	0	0	0	11	0	0	0	0	0	0	0	0	0	0	0	0	0	0	0	0	0	0	0	0	0	0	0	0	0	0	12	0	0	0	0	0	0	0	0	0
0	0	0	0	0	0	0	0	0	0	0	0	0	0	0	2	0	0	0	3	0	0	0	0	0	0	0	0	0	0	0	0	2	0	0	0	0	0	0	6	0	2	0	0	2	0	0	0	0	0	0	0	0	0	0	0	0	0	3	0	0	0	0	2	0	0	0	0	0	0	0	0	0	4	0	0	0	0	3	0	0
0	0	0	0	0	0	0	0	0	0	0	0	0	0	0	2	0	0	0	0	0	0	0	0	0	0	0	0	0	2	0	0	0	0	2	0	0	3	0	0	0	0	0	0	0	0	0	0	0	0	0	0	0	0	0	0	0	0	0	0	0	0	0	0	0	2	0	0	0	0	0	0	0	0	0	0	0	0	0	0	0
0	0	0	0	0	0	0	0	0	0	0	0	0	0	0	2	0	0	0	0	6	0	0	0	0	0	0	0	0	2	0	0	0	0	0	0	0	0	0	0	0	0	0	0	0	0	0	0	0	0	0	0	0	0	0	0	0	0	0	0	0	0	0	0	0	0	0	0	0	0	0	0	0	0	0	2	0	0	0	0	0
0	0	0	0	0	0	0	0	0	0	0	0	0	0	0	2	3	0	0	0	0	0	0	3	0	0	0	0	0	0	0	0	0	0	0	0	0	0	0	0	0	0	0	0	0	11	0	0	0	0	0	0	0	0	0	0	0	10	0	2	0	0	0	0	0	0	0	0	0	0	0	0	0	0	2	0	0	6	0	0	0
0	0	0	0	0	0	0	0	0	0	0	0	0	0	0	1	0	0	0	1	0	2	0	0	0	0	0	0	0	0	0	0	2	0	0	0	0	0	0	1	0	0	2	0	0	0	0	0	0	0	0	0	0	0	0	0	0	0	0	0	1	0	0	0	0	0	0	0	0	0	0	0	0	0	1	0	0	0	4	0	0
0	0	0	0	0	0	0	0	0	0	0	0	0	0	0	1	0	0	0	0	0	0	0	0	0	0	0	0	0	0	1	0	0	0	0	0	0	0	0	0	0	0	4	0	0	0	0	0	0	0	0	0	0	0	0	0	0	0	0	0	0	0	0	0	0	0	0	0	0	0	0	0	0	0	0	0	0	0	3	0	0
0	0	0	0	0	0	0	0	0	0	0	0	0	0	0	1	0	0	2	2	0	0	0	0	0	0	7	0	0	0	0	0	0	0	0	1	0	1	0	5	0	0	1	0	0	0	0	0	0	0	2	0	3	0	0	0	0	5	0	0	0	0	15	0	0	5	0	0	0	0	0	0	0	0	0	6	0	0	2	5	0
0	0	0	0	0	0	0	0	0	0	0	0	0	0	0	0	40	0	0	0	0	9	0	0	0	0	0	0	0	0	0	0	0	0	0	0	0	0	0	0	0	0	0	0	0	0	0	0	0	0	0	0	0	0	0	0	0	8	12	4	0	0	0	0	7	0	0	0	0	0	0	0	0	0	2	0	0	0	0	0	0
0	0	0	0	0	0	0	0	0	0	0	0	0	0	0	0	22	0	0	0	0	0	0	0	0	0	0	0	0	0	0	0	0	0	0	0	0	0	0	0	0	0	0	0	0	0	0	0	0	0	0	0	0	0	0	0	0	0	5	0	0	0	0	0	0	0	0	0	0	0	0	0	0	0	0	0	0	0	0	0	0
0	0	0	0	0	0	0	0	0	0	0	0	0	0	0	0	16	0	0	0	0	0	0	0	0	0	0	0	0	0	0	0	0	0	0	0	0	0	0	0	0	0	0	0	0	0	0	0	0	0	0	0	0	0	0	0	0	0	0	0	0	0	0	0	0	0	0	0	0	0	0	0	0	0	0	0	0	0	0	0	0
0	0	0	0	0	0	0	0	0	0	0	0	0	0	0	0	10	0	0	0	0	0	0	0	0	0	0	0	0	0	0	0	0	0	0	0	0	0	0	0	0	0	0	0	0	0	0	0	0	0	0	0	0	0	0	0	0	0	1	0	0	0	0	0	0	0	0	0	0	0	0	0	0	0	0	0	0	0	0	0	0
0	0	0	0	0	0	0	0	0	0	0	0	0	0	0	0	6	0	0	0	0	0	0	0	0	0	0	0	0	0	0	0	0	0	0	0	0	0	0	0	0	0	0	0	0	0	0	0	0	0	0	0	0	0	0	0	0	0	0	0	0	0	0	0	2	0	0	0	0	0	0	0	0	0	0	0	0	0	0	0	0
0	0	0	0	0	0	0	0	0	0	0	0	0	0	0	0	3	0	0	0	0	0	0	0	0	0	0	0	0	0	0	0	0	0	0	0	0	0	0	0	0	0	0	0	0	0	0	0	0	0	0	0	0	0	0	0	0	15	0	6	0	0	0	0	0	0	0	0	0	0	0	0	0	0	10	0	0	0	0	0	0
0	0	0	0	0	0	0	0	0	0	0	0	0	0	0	0	3	0	0	0	0	0	0	0	0	0	0	0	0	0	0	0	9	0	0	0	0	0	0	0	0	0	0	0	0	0	0	0	5	0	0	0	0	0	0	2	0	0	0	0	0	0	0	0	0	0	0	2	0	0	0	2	0	0	0	0	0	0	0	0	3
0	0	0	0	0	0	0	0	0	0	0	0	0	0	0	0	2	0	2	0	0	0	0	2	0	0	4	0	0	0	0	0	0	0	5	0	0	0	0	0	0	0	0	0	0	0	0	0	0	2	0	0	0	0	3	0	0	0	0	0	0	0	0	0	0	0	0	0	0	0	0	0	0	2	2	0	0	3	0	0	0
0	0	0	0	0	0	0	0	0	0	0	0	0	0	0	0	2	0	0	0	0	0	0	0	0	0	0	0	0	0	0	0	0	0	0	0	0	0	0	0	0	0	0	0	0	0	0	0	3	0	0	2	0	0	0	0	0	0	0	0	0	0	0	0	2	0	0	0	0	0	0	0	2	2	0	0	0	0	0	0	0
0	0	0	0	0	0	0	0	0	0	0	0	0	0	0	0	2	0	0	0	0	0	0	0	0	0	0	0	0	0	0	2	0	1	0	0	0	0	0	0	0	0	0	0	0	0	0	0	0	0	0	0	0	0	0	0	0	0	0	1	0	0	0	0	7	0	0	0	0	0	0	0	0	0	0	0	0	0	0	0	0
0	0	0	0	0	0	0	0	0	0	0	0	0	0	0	0	1	0	0	0	0	0	0	0	0	1	0	0	2	0	0	0	0	0	0	0	0	0	2	0	0	0	0	2	0	0	4	0	0	0	0	0	0	0	0	0	0	0	0	0	0	0	3	0	0	0	0	0	0	0	0	0	0	0	0	0	0	0	0	2	0
0	0	0	0	0	0	0	0	0	0	0	0	0	0	0	0	1	0	0	0	0	0	1	0	0	0	0	0	0	0	0	0	0	0	0	0	2	0	0	0	0	0	0	0	0	0	0	0	0	0	0	0	0	0	0	0	3	0	2	0	0	0	0	0	2	0	0	0	0	0	0	0	3	0	0	0	0	0	0	0	0
0	0	0	0	0	0	0	0	0	0	0	0	0	0	0	0	0	89	0	0	0	0	0	0	0	0	0	0	0	0	0	0	0	433	0	0	0	0	0	0	0	0	0	0	0	0	0	0	0	0	0	0	0	0	0	363	0	0	0	0	0	0	192	0	0	0	0	0	0	0	0	0	0	0	0	0	0	0	0	483	0
0	0	0	0	0	0	0	0	0	0	0	0	0	0	0	0	0	9	0	0	0	0	0	0	0	0	0	0	0	0	0	0	0	0	0	0	0	0	0	0	0	0	0	0	0	0	0	0	0	0	0	0	0	0	0	0	0	0	0	0	0	0	0	0	0	0	0	0	0	0	0	0	0	0	0	0	0	0	0	0	0
0	0	0	0	0	0	0	0	0	0	0	0	0	0	0	0	0	4	0	0	0	0	0	2	0	2	0	0	0	0	0	0	0	2	0	0	0	0	2	0	0	0	0	0	0	0	0	0	0	0	0	0	0	0	0	6	3	0	0	0	0	0	0	0	0	0	0	1	0	0	0	0	0	0	0	0	0	0	0	0	0
0	0	0	0	0	0	0	0	0	0	0	0	0	0	0	0	0	4	0	0	0	0	0	0	0	0	0	0	0	0	0	0	0	0	0	0	0	0	0	0	0	0	0	0	0	0	0	0	0	0	0	0	0	0	0	0	0	0	0	0	0	0	0	0	0	0	0	0	0	0	0	0	0	0	0	2	0	0	0	0	0
0	0	0	0	0	0	0	0	0	0	0	0	0	0	0	0	0	3	0	0	0	0	0	0	0	4	0	0	0	0	0	0	1	0	0	0	0	2	0	0	0	0	0	0	0	0	0	0	0	0	0	0	0	0	0	0	0	0	0	0	2	0	0	0	0	0	0	1	0	0	0	0	0	0	0	2	0	0	0	0	0
0	0	0	0	0	0	0	0	0	0	0	0	0	0	0	0	0	3	0	0	0	0	0	0	0	0	0	0	0	0	0	0	0	0	0	0	0	0	0	0	0	0	0	0	0	0	0	0	0	0	0	0	0	0	2	0	0	0	0	0	0	0	0	0	0	0	0	0	0	0	0	0	0	0	0	0	0	0	0	5	0
0	0	0	0	0	0	0	0	0	0	0	0	0	0	0	0	0	3	0	0	0	0	0	0	0	0	0	0	0	0	0	0	0	9	0	0	0	0	0	0	0	0	0	0	0	0	0	0	0	0	0	0	0	0	0	0	0	0	0	0	0	0	0	0	0	0	0	0	0	0	0	0	0	0	0	0	0	0	0	0	0
0	0	0	0	0	0	0	0	0	0	0	0	0	0	0	0	0	2	0	0	0	0	0	0	0	0	0	0	0	0	0	0	0	0	0	0	0	0	9	0	0	0	0	0	0	0	0	0	0	0	0	0	0	0	0	0	0	0	0	0	0	0	0	0	0	0	0	0	0	0	0	0	0	0	0	0	0	0	0	2	0
0	0	0	0	0	0	0	0	0	0	0	0	0	0	0	0	0	2	0	0	0	0	0	0	0	0	0	78	0	0	0	0	0	0	0	0	0	0	0	0	0	0	0	0	0	0	0	0	0	0	0	0	0	0	0	0	0	0	0	0	0	0	0	0	0	0	0	0	0	0	0	0	0	0	0	0	0	0	0	0	0
0	0	0	0	0	0	0	0	0	0	0	0	0	0	0	0	0	1	0	0	0	0	0	4	0	0	0	0	0	0	0	0	0	0	0	0	0	0	0	0	0	0	0	0	0	0	0	0	0	0	0	0	0	0	0	4	1	0	0	0	0	0	0	0	0	0	0	0	0	0	0	0	0	0	0	0	0	0	0	0	0
0	0	0	0	0	0	0	0	0	0	0	0	0	0	0	0	0	0	5	0	0	0	0	0	2	0	0	0	0	0	0	0	0	3	3	0	0	3	0	0	0	0	2	0	0	0	0	0	0	0	0	0	0	0	4	2	0	0	0	0	0	0	0	0	0	3	0	0	0	0	0	0	2	0	0	0	0	0	0	0	0
0	0	0	0	0	0	0	0	0	0	0	0	0	0	0	0	0	0	5	0	0	0	0	0	0	0	0	0	0	1	0	0	0	0	0	0	0	0	0	0	0	0	0	0	0	0	0	0	3	0	0	0	0	0	0	0	0	0	1	0	0	0	0	0	0	0	0	0	0	0	0	0	0	0	0	0	3	0	0	0	0
0	0	0	0	0	0	0	0	0	0	0	0	0	0	0	0	0	0	4	0	0	0	3	0	0	1	0	0	0	0	0	0	0	0	0	0	0	0	0	0	0	0	0	0	0	0	0	0	0	0	0	0	0	0	0	0	0	0	0	0	0	0	0	0	0	0	0	0	0	0	0	0	0	0	0	0	0	0	0	0	0
0	0	0	0	0	0	0	0	0	0	0	0	0	0	0	0	0	0	4	2	0	0	0	0	0	0	0	0	0	0	0	0	0	0	4	0	0	0	0	0	0	0	0	0	0	0	0	0	0	0	0	0	0	4	4	2	0	0	0	0	0	0	0	0	0	0	0	0	0	0	0	0	0	0	0	0	0	0	2	0	0
0	0	0	0	0	0	0	0	0	0	0	0	0	0	0	0	0	0	3	3	0	0	0	0	0	0	0	0	0	0	0	0	0	0	0	0	0	0	0	0	0	0	0	0	0	0	0	0	0	0	0	0	0	0	3	0	0	0	0	0	0	0	2	0	0	0	0	0	0	0	0	0	0	0	0	0	0	0	0	0	0
0	0	0	0	0	0	0	0	0	0	0	0	0	0	0	0	0	0	3	0	0	0	0	0	0	0	0	0	0	0	0	0	0	0	0	2	0	0	0	0	0	0	0	0	0	0	0	0	0	0	0	0	0	0	0	0	0	0	0	0	0	0	0	0	0	0	0	0	0	0	0	3	3	0	0	0	0	2	0	3	0
0	0	0	0	0	0	0	0	0	0	0	0	0	0	0	0	0	0	3	0	0	0	0	0	0	0	0	0	0	2	0	0	0	0	0	2	0	2	0	0	0	0	0	0	0	0	0	0	0	0	0	2	0	0	0	0	0	0	0	0	0	0	0	0	0	0	0	0	0	0	0	0	8	0	0	0	0	0	0	0	0
0	0	0	0	0	0	0	0	0	0	0	0	0	0	0	0	0	0	2	0	0	0	2	0	0	0	0	0	2	0	0	0	0	0	0	0	1	0	0	1	0	0	0	0	0	0	0	0	0	0	0	0	0	0	0	0	0	0	0	0	0	0	0	0	0	0	0	0	0	0	0	0	0	0	1	0	0	0	0	1	0
0	0	0	0	0	0	0	0	0	0	0	0	0	0	0	0	0	0	2	0	0	0	0	0	0	0	0	0	0	0	0	0	0	0	0	0	0	0	4	0	2	0	0	0	0	0	0	0	0	0	0	0	0	0	0	0	0	0	0	0	0	0	0	0	0	0	0	0	0	0	0	0	0	0	0	0	0	0	0	0	0
0	0	0	0	0	0	0	0	0	0	0	0	0	0	0	0	0	0	2	0	0	0	0	0	0	0	0	0	0	2	0	0	0	0	0	0	0	0	0	0	0	0	0	0	5	0	0	0	0	0	0	0	0	0	0	0	0	0	0	0	0	0	6	0	0	0	0	0	0	0	0	0	0	0	0	0	0	3	0	0	0
0	0	0	0	0	0	0	0	0	0	0	0	0	0	0	0	0	0	2	0	0	0	0	0	0	0	0	0	0	0	0	0	0	0	0	0	0	2	0	0	0	0	0	0	0	0	0	0	0	0	0	0	0	0	0	0	0	0	0	0	0	0	0	0	0	0	0	0	0	0	0	0	0	0	0	0	0	0	0	0	0
0	0	0	0	0	0	0	0	0	0	0	0	0	0	0	0	0	0	2	0	0	0	0	0	0	0	3	0	0	0	0	0	0	0	0	3	0	2	0	0	0	0	0	0	0	0	0	0	0	0	0	0	0	0	0	0	0	0	0	0	0	0	2	3	0	0	0	0	0	0	0	0	2	2	0	0	0	0	0	0	0
0	0	0	0	0	0	0	0	0	0	0	0	0	0	0	0	0	0	2	0	0	0	0	11	0	0	0	0	0	0	0	0	0	0	0	0	0	0	7	0	0	0	0	0	0	0	0	0	0	0	0	0	0	0	0	0	0	0	0	0	0	0	0	0	0	0	0	0	0	0	0	0	0	3	0	0	0	0	0	0	0
0	0	0	0	0	0	0	0	0	0	0	0	0	0	0	0	0	0	1	0	0	0	0	0	0	0	2	0	0	0	0	0	0	0	0	0	0	2	0	0	0	0	0	0	0	0	0	0	0	0	2	0	0	0	0	0	0	0	0	0	0	0	0	0	0	0	0	0	0	0	0	0	0	0	0	0	0	0	0	0	0
0	0	0	0	0	0	0	0	0	0	0	0	0	0	0	0	0	0	0	31	0	0	0	0	0	0	0	0	0	5	0	0	0	3	0	0	0	0	0	0	0	0	0	0	0	0	0	0	0	0	0	0	0	0	0	0	0	0	0	0	0	0	0	0	0	0	0	0	0	0	0	0	0	0	0	0	0	0	0	0	0
0	0	0	0	0	0	0	0	0	0	0	0	0	0	0	0	0	0	0	17	0	0	6	0	0	0	0	0	0	0	0	0	0	0	0	0	16	0	0	2	0	0	0	0	3	0	0	0	48	0	0	0	0	0	0	0	8	0	0	0	11	0	6	0	0	0	0	0	0	0	10	0	0	0	0	0	0	0	0	0	0
0	0	0	0	0	0	0	0	0	0	0	0	0	0	0	0	0	0	0	16	0	0	0	0	0	0	0	0	0	0	0	0	0	0	0	0	0	4	0	0	0	0	0	0	2	0	0	0	0	0	0	5	0	0	0	0	0	0	0	0	2	0	0	0	0	0	0	0	0	0	0	0	0	0	0	0	0	0	0	0	0
0	0	0	0	0	0	0	0	0	0	0	0	0	0	0	0	0	0	0	13	0	0	0	0	0	0	0	0	0	0	0	0	0	0	0	0	0	0	0	0	0	0	0	0	0	0	0	0	0	0	0	0	0	0	0	0	0	0	0	0	2	0	0	0	0	2	0	0	0	0	0	0	0	0	0	0	0	0	0	0	0
0	0	0	0	0	0	0	0	0	0	0	0	0	0	0	0	0	0	0	12	0	0	3	0	0	0	0	0	0	0	0	0	0	0	0	0	0	0	0	0	0	0	0	0	1	0	0	0	16	0	0	0	0	0	0	0	2	0	0	0	2	0	4	0	0	0	0	0	0	0	0	0	0	0	0	0	0	0	0	0	0
0	0	0	0	0	0	0	0	0	0	0	0	0	0	0	0	0	0	0	10	2	0	0	0	0	0	0	0	0	0	0	0	0	0	0	0	0	0	0	0	0	0	2	4	3	0	0	0	0	0	6	0	5	0	16	0	0	0	0	0	0	0	0	0	0	0	0	0	0	0	0	0	0	0	0	15	0	0	0	0	0
0	0	0	0	0	0	0	0	0	0	0	0	0	0	0	0	0	0	0	9	0	0	0	0	0	0	0	0	0	0	0	0	0	0	0	0	0	0	0	0	0	0	4	0	0	0	0	0	0	0	0	0	0	0	0	0	0	0	0	0	0	0	0	0	0	0	0	0	0	0	0	0	0	0	0	0	0	0	0	0	0
0	0	0	0	0	0	0	0	0	0	0	0	0	0	0	0	0	0	0	5	0	0	0	0	0	0	2	0	0	18	0	0	0	0	0	16	0	6	0	0	0	0	6	0	0	0	0	0	0	0	0	0	0	0	0	0	0	0	0	0	2	0	6	0	0	0	0	0	0	0	0	0	0	0	0	3	0	6	0	0	0
0	0	0	0	0	0	0	0	0	0	0	0	0	0	0	0	0	0	0	5	0	0	0	0	0	0	0	0	0	0	2	0	0	0	1	0	0	0	0	0	0	0	0	0	0	0	0	0	0	0	0	0	0	0	0	0	0	0	0	0	0	0	1	0	0	0	0	0	0	0	0	0	0	0	0	0	0	0	5	0	0
0	0	0	0	0	0	0	0	0	0	0	0	0	0	0	0	0	0	0	5	0	0	0	0	0	0	0	0	0	0	0	0	0	0	0	0	0	0	0	0	0	0	3	0	0	0	0	0	0	0	6	0	0	0	0	0	0	0	0	0	0	0	0	0	0	0	0	0	0	0	0	0	0	0	0	0	0	0	3	0	0
0	0	0	0	0	0	0	0	0	0	0	0	0	0	0	0	0	0	0	4	0	0	0	0	0	0	0	0	0	0	0	0	0	0	0	0	0	0	0	0	0	0	0	0	0	0	0	0	0	0	0	0	0	0	11	0	0	0	0	0	0	0	0	0	0	0	0	0	0	0	0	0	0	0	0	0	0	0	0	0	0
0	0	0	0	0	0	0	0	0	0	0	0	0	0	0	0	0	0	0	3	0	0	0	0	0	0	0	0	0	0	0	0	0	0	0	0	0	4	0	0	0	0	7	0	0	0	0	0	0	0	0	0	0	0	0	0	0	0	0	0	2	0	0	0	0	0	0	0	0	0	0	0	0	0	0	0	0	9	3	0	0
0	0	0	0	0	0	0	0	0	0	0	0	0	0	0	0	0	0	0	3	0	0	0	0	0	0	0	0	0	0	0	0	0	0	0	0	0	7	0	2	0	0	0	4	0	0	0	0	0	0	0	0	0	0	0	0	0	0	0	0	0	0	0	0	0	0	0	0	0	0	0	0	0	0	0	7	0	0	0	0	0
0	0	0	0	0	0	0	0	0	0	0	0	0	0	0	0	0	0	0	3	0	0	0	0	0	0	0	0	0	0	0	0	0	0	0	0	0	0	0	0	0	0	0	0	0	0	0	0	0	0	0	0	0	0	0	0	0	0	0	0	0	0	0	0	0	0	0	0	0	0	0	0	0	0	0	0	0	0	0	0	0
0	0	0	0	0	0	0	0	0	0	0	0	0	0	0	0	0	0	0	3	0	0	0	0	0	0	0	0	0	3	0	0	0	0	0	0	0	0	0	2	0	0	0	0	0	0	0	0	0	0	0	0	0	0	3	0	0	0	0	0	0	0	0	0	0	0	0	0	0	0	0	0	0	5	0	1	0	0	0	0	0
0	0	0	0	0	0	0	0	0	0	0	0	0	0	0	0	0	0	0	3	0	0	0	0	0	0	2	0	0	0	0	0	0	0	0	0	0	0	0	0	0	0	5	0	0	0	0	0	0	0	0	9	2	0	0	0	0	0	0	0	0	0	4	0	0	0	0	0	0	0	0	0	0	0	0	0	0	7	0	0	0
0	0	0	0	0	0	0	0	0	0	0	0	0	0	0	0	0	0	0	3	0	0	0	0	0	0	0	0	0	0	0	0	0	0	0	4	0	0	0	0	0	0	2	0	0	0	0	0	0	0	0	0	0	0	0	0	0	0	0	0	0	0	0	0	0	0	0	0	0	0	0	0	9	0	0	0	0	2	0	0	0
0	0	0	0	0	0	0	0	0	0	0	0	0	0	0	0	0	0	0	2	0	0	0	0	0	0	0	0	0	5	0	0	2	0	0	11	0	0	0	0	0	0	0	0	0	0	0	0	0	0	0	0	0	0	0	0	0	0	0	0	0	0	0	0	0	0	0	0	0	0	0	0	0	0	0	0	0	7	0	0	0
0	0	0	0	0	0	0	0	0	0	0	0	0	0	0	0	0	0	0	2	0	0	0	0	0	4	2	0	0	0	0	0	0	0	0	0	0	0	0	0	0	3	0	0	0	0	0	0	0	0	2	0	0	0	0	0	0	0	0	0	0	2	0	0	0	4	0	0	0	0	0	0	0	0	0	2	0	2	2	0	2
0	0	0	0	0	0	0	0	0	0	0	0	0	0	0	0	0	0	0	2	0	0	0	0	0	0	0	0	0	2	2	0	0	0	0	0	0	0	0	0	0	0	0	0	3	0	0	0	0	0	0	0	0	0	0	0	0	0	0	0	0	0	0	0	0	0	0	0	0	0	0	0	2	0	0	0	0	0	0	0	0
0	0	0	0	0	0	0	0	0	0	0	0	0	0	0	0	0	0	0	2	0	0	0	0	0	0	0	0	0	0	0	0	0	0	28	0	0	0	0	0	0	6	0	0	0	0	0	0	0	0	0	0	0	0	0	0	0	0	0	0	0	0	0	0	0	0	0	0	0	0	0	0	0	0	0	0	0	0	3	0	0
0	0	0	0	0	0	0	0	0	0	0	0	0	0	0	0	0	0	0	2	0	0	0	0	0	0	0	0	0	0	0	0	0	0	0	0	0	0	0	2	0	0	0	0	0	0	0	0	0	0	0	0	0	0	0	0	0	0	0	0	2	0	0	3	0	0	0	0	0	0	2	0	0	0	0	2	0	0	0	0	0
0	0	0	0	0	0	0	0	0	0	0	0	0	0	0	0	0	0	0	2	0	0	0	0	0	0	0	0	0	0	0	0	0	0	0	0	0	0	0	0	0	0	0	0	0	0	0	0	0	0	0	0	0	0	0	0	0	0	0	0	0	2	0	0	0	0	0	0	0	0	0	0	0	0	0	0	0	0	3	0	0
0	0	0	0	0	0	0	0	0	0	0	0	0	0	0	0	0	0	0	2	0	0	0	0	0	0	0	0	0	0	0	0	0	0	0	0	0	0	0	0	0	0	0	0	0	0	0	0	0	0	0	0	0	0	0	0	0	0	0	0	2	0	0	2	0	2	0	0	0	0	0	0	0	0	0	0	0	0	0	0	2
0	0	0	0	0	0	0	0	0	0	0	0	0	0	0	0	0	0	0	1	0	0	0	0	0	0	0	0	0	0	0	0	0	0	0	0	0	0	0	2	0	0	9	0	0	0	0	0	0	0	0	0	1	0	0	0	0	0	0	0	0	0	0	0	0	0	0	0	0	0	0	0	0	0	0	0	0	0	0	0	0
0	0	0	0	0	0	0	0	0	0	0	0	0	0	0	0	0	0	0	1	0	0	0	0	0	0	0	0	0	0	0	0	4	0	0	0	0	0	0	9	0	0	0	0	0	0	0	0	0	0	0	0	0	0	10	0	0	0	0	0	0	0	0	0	0	2	0	0	0	0	0	0	0	6	0	3	0	0	2	0	0
0	0	0	0	0	0	0	0	0	0	0	0	0	0	0	0	0	0	0	1	0	0	0	0	0	0	0	0	0	0	0	0	0	0	0	0	0	0	0	0	0	0	0	0	2	0	0	0	0	0	0	6	0	0	0	0	0	0	0	0	5	0	0	0	0	3	0	0	0	0	0	0	0	0	0	0	0	0	0	0	0
0	0	0	0	0	0	0	0	0	0	0	0	0	0	0	0	0	0	0	0	13	0	0	0	0	0	0	0	0	0	0	0	0	0	0	0	0	0	0	0	0	0	0	20	0	0	0	0	0	0	0	0	0	0	0	0	0	0	0	0	0	0	0	0	0	0	0	0	0	0	0	0	0	0	0	0	0	0	0	0	0
0	0	0	0	0	0	0	0	0	0	0	0	0	0	0	0	0	0	0	0	3	0	0	0	0	0	0	0	2	0	0	0	0	0	0	2	0	0	0	0	2	0	0	2	0	0	0	0	0	0	3	0	0	0	0	0	0	0	0	0	0	0	0	0	0	0	0	0	0	0	0	0	0	0	0	0	0	5	0	3	0
0	0	0	0	0	0	0	0	0	0	0	0	0	0	0	0	0	0	0	0	2	0	0	0	0	0	0	0	0	2	0	0	0	0	0	0	0	0	0	0	0	0	0	0	0	0	0	0	0	0	0	0	0	0	0	0	0	0	0	0	0	0	0	0	0	0	0	0	0	0	0	0	0	0	0	0	0	0	0	0	0
0	0	0	0	0	0	0	0	0	0	0	0	0	0	0	0	0	0	0	0	2	0	0	0	0	0	0	0	0	3	0	0	0	0	0	3	0	0	0	0	0	0	0	0	0	0	0	0	0	0	0	0	0	0	0	0	0	0	0	0	0	0	0	0	0	0	0	0	0	0	0	0	0	0	0	0	0	7	0	0	0
0	0	0	0	0	0	0	0	0	0	0	0	0	0	0	0	0	0	0	0	2	0	0	4	0	0	0	0	0	1	0	0	2	0	0	0	0	0	14	0	0	0	0	0	0	0	0	0	0	0	0	0	0	0	0	2	0	0	0	0	0	0	1	0	0	0	0	0	0	0	0	0	0	0	0	0	0	0	0	0	0
0	0	0	0	0	0	0	0	0	0	0	0	0	0	0	0	0	0	0	0	2	0	0	0	0	0	0	0	0	0	0	0	0	1	0	0	0	0	0	0	0	0	0	0	0	0	0	0	0	0	0	0	0	0	0	0	0	0	0	0	0	2	0	0	0	0	0	0	0	0	0	0	3	0	2	0	0	0	0	0	0
0	0	0	0	0	0	0	0	0	0	0	0	0	0	0	0	0	0	0	0	2	0	0	0	0	0	0	0	0	0	0	0	0	0	0	0	0	0	0	3	0	0	2	0	0	0	0	0	0	0	0	0	0	0	0	0	0	0	0	0	0	0	0	0	0	0	0	0	0	0	0	0	0	0	0	0	0	0	0	0	0
0	0	0	0	0	0	0	0	0	0	0	0	0	0	0	0	0	0	0	0	0	6	0	0	0	0	0	0	0	0	0	0	0	0	0	0	0	0	0	0	0	123	0	0	0	0	0	0	0	0	0	0	0	0	0	0	0	484	0	469	0	227	0	0	0	0	0	0	0	0	0	0	0	0	355	0	0	0	0	0	0
0	0	0	0	0	0	0	0	0	0	0	0	0	0	0	0	0	0	0	0	0	3	0	0	0	0	0	0	0	0	0	0	0	0	0	0	0	0	0	0	0	56	0	0	0	0	0	0	0	0	0	0	0	0	0	0	0	274	0	233	0	123	0	0	0	0	0	0	0	0	0	0	0	0	171	0	0	0	0	0	0
0	0	0	0	0	0	0	0	0	0	0	0	0	0	0	0	0	0	0	0	0	3	0	0	0	0	0	0	0	0	0	0	0	0	0	0	0	0	0	0	0	0	0	0	0	0	0	0	0	0	0	2	0	0	0	0	2	0	0	0	0	0	0	0	0	0	0	0	0	0	0	0	0	0	0	0	0	0	0	0	3
0	0	0	0	0	0	0	0	0	0	0	0	0	0	0	0	0	0	0	0	0	2	0	0	0	0	0	0	0	0	2	0	0	0	0	0	0	0	0	0	0	0	0	0	2	0	0	0	0	0	0	0	0	0	0	0	0	0	4	0	0	0	0	0	0	0	0	0	0	0	0	0	0	2	0	0	0	0	0	0	0
0	0	0	0	0	0	0	0	0	0	0	0	0	0	0	0	0	0	0	0	0	1	0	0	0	0	0	0	0	0	0	0	0	0	2	0	0	0	0	0	0	0	0	0	0	0	0	0	0	0	0	1	0	0	26	0	0	2	0	0	0	8	0	0	0	0	0	0	0	0	0	0	0	0	0	0	0	0	0	0	0
0	0	0	0	0	0	0	0	0	0	0	0	0	0	0	0	0	0	0	0	0	0	2	0	0	0	0	0	0	0	0	0	0	0	0	0	0	0	0	0	0	0	0	0	0	0	0	0	0	0	0	0	0	0	0	0	0	0	0	0	0	0	0	0	0	0	0	0	0	0	0	0	8	0	0	2	0	0	0	0	0
0	0	0	0	0	0	0	0	0	0	0	0	0	0	0	0	0	0	0	0	0	0	2	3	0	0	0	0	0	3	0	0	0	1	0	2	0	0	0	0	2	2	0	0	0	0	0	0	0	0	0	0	0	0	0	0	0	0	2	0	0	2	0	0	0	0	0	0	0	0	0	0	0	0	0	0	0	0	0	0	0
0	0	0	0	0	0	0	0	0	0	0	0	0	0	0	0	0	0	0	0	0	0	2	0	0	0	0	0	0	0	0	0	0	0	0	0	0	0	0	0	0	0	0	0	0	2	0	0	2	0	0	0	3	0	0	0	0	0	0	0	0	0	0	0	0	0	0	0	0	0	0	0	0	0	0	0	0	0	0	0	0
0	0	0	0	0	0	0	0	0	0	0	0	0	0	0	0	0	0	0	0	0	0	1	0	0	0	0	0	0	0	2	0	0	0	2	0	0	0	0	0	0	0	0	0	9	0	0	0	0	0	0	0	0	0	0	0	0	0	0	0	0	0	0	0	0	0	0	0	0	0	0	0	0	0	0	0	0	0	0	0	0
0	0	0	0	0	0	0	0	0	0	0	0	0	0	0	0	0	0	0	0	0	0	0	0	0	0	0	0	0	0	0	0	0	0	0	0	0	0	0	0	0	0	3	0	0	0	0	0	2	0	0	0	0	0	0	0	3	0	0	0	0	0	0	0	0	0	0	0	0	0	3	0	0	0	0	0	8	0	0	0	10
0	0	0	0	0	0	0	0	0	0	0	0	0	0	0	0	0	0	0	0	0	0	0	0	0	0	0	0	0	0	0	0	0	0	0	0	0	0	0	0	0	0	0	0	0	0	0	0	0	0	0	0	0	0	0	0	0	0	0	0	0	0	0	0	0	0	0	0	0	0	0	0	0	0	0	0	0	0	0	2	0
0	0	0	0	0	0	0	0	0	0	0	0	0	0	0	0	0	0	0	0	0	0	0	0	0	0	0	0	0	0	0	0	0	0	0	0	0	0	0	0	0	0	0	0	0	0	0	0	0	0	0	0	0	0	0	0	0	0	0	0	0	0	0	0	0	0	0	0	0	0	0	0	0	0	0	0	0	0	0	0	2
0	0	0	0	0	0	0	0	0	0	0	0	0	0	0	0	0	0	0	0	0	0	0	0	0	0	0	0	0	0	0	0	0	0	0	0	0	2	0	0	0	0	0	0	0	0	0	0	0	0	0	0	0	0	0	0	0	0	0	0	0	0	2	0	0	0	0	0	0	0	0	0	2	0	0	0	0	0	0	2	0
0	0	0	0	0	0	0	0	0	0	0	0	0	0	0	0	0	0	0	0	0	0	0	0	0	6	0	0	0	0	0	0	0	0	0	0	0	0	0	2	0	0	0	0	3	0	0	0	0	0	0	0	0	0	3	2	0	0	0	0	0	0	0	0	7	0	0	0	0	0	0	3	0	0	0	0	0	0	0	0	0
0	0	0	0	0	0	0	0	0	0	0	0	0	0	0	0	0	0	0	0	0	0	0	0	0	0	0	0	0	0	2	0	0	0	0	0	0	0	0	2	0	0	0	0	0	0	0	0	0	3	0	0	0	0	4	2	0	0	0	0	0	0	0	0	0	0	0	0	0	0	0	0	0	0	0	0	0	0	0	0	0
0	0	0	0	0	0	0	0	0	0	0	0	0	0	0	0	0	0	0	0	0	0	0	0	0	2	0	0	0	0	0	0	0	0	0	0	0	0	0	0	0	0	0	0	0	2	0	0	2	0	0	0	0	0	0	0	0	0	0	0	0	0	0	0	0	0	0	0	0	0	0	0	0	0	0	0	0	0	0	0	0
0	0	0	0	0	0	0	0	0	0	0	0	0	0	0	0	0	0	0	0	0	0	0	0	0	0	0	0	0	0	0	0	0	0	0	0	0	0	0	0	0	0	0	0	0	0	0	0	0	0	0	0	0	0	0	0	0	0	0	0	0	0	0	0	0	0	0	0	0	0	2	0	3	0	0	0	0	0	0	0	0
0	0	0	0	0	0	0	0	0	0	0	0	0	0	0	0	0	0	0	0	0	0	0	4	0	0	0	0	0	0	0	0	0	0	0	0	0	0	0	0	0	1	0	0	0	0	0	0	0	2	0	0	0	0	0	0	0	0	0	0	0	0	0	0	0	0	0	0	0	0	0	0	0	0	2	0	3	0	0	0	0
0	0	0	0	0	0	0	0	0	0	0	0	0	0	0	0	0	0	0	0	0	0	0	2	0	0	0	0	0	3	0	0	0	0	0	0	0	0	0	0	0	0	0	0	0	0	0	0	0	0	0	0	0	0	0	0	0	0	0	0	0	0	0	0	0	0	0	0	0	0	0	0	0	0	0	0	0	4	0	0	0
0	0	0	0	0	0	0	0	0	0	0	0	0	0	0	0	0	0	0	0	0	0	0	0	16	0	0	0	0	0	0	0	0	0	0	0	0	0	0	0	0	0	0	0	0	0	1	0	0	0	0	0	0	0	0	0	0	0	0	0	0	0	41	0	0	0	0	0	0	0	0	0	0	0	0	0	0	0	0	0	0
0	0	0	0	0	0	0	0	0	0	0	0	0	0	0	0	0	0	0	0	0	0	0	0	6	0	0	0	0	2	0	0	0	0	0	0	0	0	0	0	0	0	0	0	0	0	2	0	0	0	0	0	0	0	0	0	0	0	0	0	0	0	0	2	0	0	0	0	0	0	0	6	0	0	0	0	0	6	0	0	0
0	0	0	0	0	0	0	0	0	0	0	0	0	0	0	0	0	0	0	0	0	0	0	0	2	0	0	0	0	0	0	0	0	0	0	0	0	0	0	0	0	0	0	0	0	0	0	0	0	2	0	0	0	0	0	0	0	2	0	3	0	0	1	0	0	0	0	1	0	0	0	0	0	1	0	0	0	0	0	0	0
0	0	0	0	0	0	0	0	0	0	0	0	0	0	0	0	0	0	0	0	0	0	0	0	2	0	0	0	0	3	0	0	0	0	0	0	0	0	0	0	0	0	0	0	0	0	0	0	0	0	0	2	0	0	0	0	0	0	0	0	0	0	0	0	0	0	0	0	6	0	0	0	0	0	0	0	0	0	0	0	0
0	0	0	0	0	0	0	0	0	0	0	0	0	0	0	0	0	0	0	0	0	0	0	0	0	0	0	0	0	0	0	0	0	0	0	0	0	0	0	0	0	0	3	0	0	0	0	0	0	0	0	0	0	0	0	0	0	0	0	0	0	0	1	0	0	0	0	0	0	0	0	0	1	0	0	0	0	5	0	1	0
0	0	0	0	0	0	0	0	0	0	0	0	0	0	0	0	0	0	0	0	0	0	0	0	0	0	22	0	0	0	0	0	0	0	0	0	0	0	0	0	0	0	0	0	0	0	0	0	0	0	0	0	0	0	0	0	0	0	0	0	0	0	0	0	0	0	0	4	0	0	0	0	0	0	0	0	0	0	0	0	0
0	0	0	0	0	0	0	0	0	0	0	0	0	0	0	0	0	0	0	0	0	0	0	0	0	0	0	0	0	0	0	0	0	0	0	0	0	3	0	0	0	0	0	0	0	0	0	0	0	0	0	0	0	0	0	0	0	0	0	0	3	0	0	0	0	0	0	0	0	0	0	0	0	0	0	0	0	0	0	0	0
0	0	0	0	0	0	0	0	0	0	0	0	0	0	0	0	0	0	0	0	0	0	0	0	0	0	0	0	0	0	0	0	0	0	0	0	0	0	0	0	0	1	0	0	0	0	0	0	0	0	0	0	0	0	0	0	0	0	0	0	0	4	0	0	0	0	0	0	0	0	0	0	0	0	0	0	0	0	0	0	0
0	0	0	0	0	0	0	0	0	0	0	0	0	0	0	0	0	0	0	0	0	0	0	0	0	0	0	0	0	0	0	0	0	0	0	0	0	0	0	0	0	0	0	0	0	0	0	0	0	0	0	0	0	0	4	0	0	0	0	0	0	0	5	0	0	0	0	0	0	0	3	0	0	0	0	0	0	0	0	0	0
0	0	0	0	0	0	0	0	0	0	0	0	0	0	0	0	0	0	0	0	0	0	0	0	0	0	0	0	0	2	0	0	0	0	0	0	0	0	0	0	0	0	7	0	0	0	0	0	0	0	0	0	0	0	0	0	0	0	0	0	0	0	7	0	0	0	0	0	0	0	0	0	0	0	0	0	0	3	0	0	0
0	0	0	0	0	0	0	0	0	0	0	0	0	0	0	0	0	0	0	0	0	0	0	0	0	0	0	0	0	2	0	0	0	0	0	2	0	0	0	0	0	0	0	0	0	0	0	0	0	0	0	0	0	0	0	0	0	0	0	0	0	0	0	0	0	0	0	0	0	0	0	0	0	0	0	0	0	0	0	0	0
0	0	0	0	0	0	0	0	0	0	0	0	0	0	0	0	0	0	0	0	0	0	0	0	0	0	0	0	0	0	0	0	0	0	0	0	0	0	0	2	0	0	0	0	0	0	0	0	0	0	0	0	0	0	0	0	0	0	0	0	0	0	0	0	0	0	0	0	0	0	0	0	0	0	0	0	0	0	0	0	0
0	0	0	0	0	0	0	0	0	0	0	0	0	0	0	0	0	0	0	0	0	0	0	0	0	0	0	0	0	0	0	0	2	0	0	0	0	0	0	0	0	0	0	0	0	0	2	0	0	0	0	0	0	0	0	0	0	0	3	0	0	0	0	0	0	0	0	0	0	0	0	0	0	0	0	0	0	0	0	0	0
0	0	0	0	0	0	0	0	0	0	0	0	0	0	0	0	0	0	0	0	0	0	0	0	0	0	0	0	0	0	0	0	0	0	0	0	0	0	0	3	0	0	0	0	0	0	0	2	0	0	0	2	0	0	0	0	0	0	0	4	0	0	0	0	0	0	0	0	0	0	0	0	0	0	0	0	0	0	0	0	0
0	0	0	0	0	0	0	0	0	0	0	0	0	0	0	0	0	0	0	0	0	0	0	0	0	0	0	0	0	14	0	0	0	0	0	0	0	0	0	0	0	0	0	0	0	0	0	0	0	0	0	0	2	0	0	0	0	0	0	0	0	0	0	0	0	0	0	0	0	0	0	0	0	0	0	0	0	0	0	0	0
0	0	0	0	0	0	0	0	0	0	0	0	0	0	0	0	0	0	0	0	0	0	0	0	0	0	0	0	0	0	0	0	0	0	0	0	0	0	2	0	0	0	0	0	0	0	0	0	0	0	0	0	0	0	0	0	0	0	0	0	0	0	0	0	2	0	0	0	0	0	0	0	0	0	0	0	0	0	0	0	0
0	0	0	0	0	0	0	0	0	0	0	0	0	0	0	0	0	0	0	0	0	0	0	0	0	0	0	0	0	0	0	0	0	0	0	0	0	0	0	0	0	0	3	0	0	0	0	0	0	0	0	0	0	0	3	0	0	0	0	0	0	0	0	0	0	0	0	0	0	0	0	0	8	0	0	0	0	0	2	0	0
0	0	0	0	0	0	0	0	0	0	0	0	0	0	0	0	0	0	0	0	0	0	0	0	0	0	0	0	0	0	0	0	0	0	0	0	0	0	2	0	0	0	0	0	0	0	0	0	0	0	0	0	0	0	0	0	0	0	0	0	0	0	0	0	0	0	0	0	0	0	0	0	0	0	0	0	0	0	2	0	0
0	0	0	0	0	0	0	0	0	0	0	0	0	0	0	0	0	0	0	0	0	0	0	0	0	32	0	0	0	0	0	0	0	0	0	0	0	0	0	0	0	0	0	0	0	0	0	0	0	0	0	0	0	0	0	0	0	0	0	0	0	0	0	0	3	0	0	0	0	0	0	0	0	0	0	0	0	0	0	0	0
0	0	0	0	0	0	0	0	0	0	0	0	0	0	0	0	0	0	0	0	0	0	0	0	0	16	0	0	0	0	0	0	0	0	0	4	0	0	0	0	0	0	0	0	0	0	0	0	0	0	0	0	0	0	0	0	0	0	2	0	0	0	0	0	0	0	2	0	0	0	0	0	0	0	0	0	0	0	0	0	0
0	0	0	0	0	0	0	0	0	0	0	0	0	0	0	0	0	0	0	0	0	0	0	0	0	7	0	0	0	0	0	0	0	0	0	0	0	0	0	0	0	0	0	0	0	0	0	0	0	0	0	0	0	0	0	0	0	0	0	0	0	0	0	0	0	0	0	0	0	0	0	0	0	0	0	0	0	0	0	0	0
0	0	0	0	0	0	0	0	0	0	0	0	0	0	0	0	0	0	0	0	0	0	0	0	0	6	0	0	0	0	0	0	0	0	0	0	0	0	0	0	0	0	0	0	0	0	0	0	0	0	0	0	0	0	0	0	0	0	0	0	0	0	0	0	0	0	0	0	0	0	0	0	0	0	0	0	0	0	0	0	0
0	0	0	0	0	0	0	0	0	0	0	0	0	0	0	0	0	0	0	0	0	0	0	0	0	2	0	0	0	0	0	0	0	0	0	0	0	0	2	0	0	0	0	0	0	0	0	0	0	0	0	0	0	0	0	0	0	2	0	0	0	0	0	2	0	0	0	0	0	2	0	0	0	0	0	0	0	0	0	0	0
0	0	0	0	0	0	0	0	0	0	0	0	0	0	0	0	0	0	0	0	0	0	0	0	0	2	0	0	0	0	0	0	0	0	0	0	0	0	0	3	0	0	0	0	0	0	0	0	4	0	0	0	0	0	0	0	0	0	0	0	0	0	0	4	0	0	0	0	0	0	0	0	0	0	0	0	0	0	2	0	0
0	0	0	0	0	0	0	0	0	0	0	0	0	0	0	0	0	0	0	0	0	0	0	0	0	0	5	0	0	0	0	0	0	0	0	0	0	0	0	0	0	0	0	0	0	0	0	0	0	0	2	0	0	0	0	0	0	0	0	0	0	0	0	0	0	0	0	0	0	0	0	0	0	0	0	0	0	0	0	0	0
0	0	0	0	0	0	0	0	0	0	0	0	0	0	0	0	0	0	0	0	0	0	0	0	0	0	2	0	0	0	0	0	0	0	0	0	0	0	0	0	0	0	0	0	0	0	0	0	0	0	0	0	0	0	0	0	0	0	0	0	0	0	0	0	0	0	0	0	0	0	0	0	0	0	0	0	0	0	0	0	0
0	0	0	0	0	0	0	0	0	0	0	0	0	0	0	0	0	0	0	0	0	0	0	0	0	0	2	0	0	0	0	0	0	0	0	3	0	0	0	0	0	6	0	0	0	0	0	0	0	0	0	0	0	0	0	0	0	0	0	0	0	0	0	0	0	0	0	0	0	0	0	0	0	0	0	0	0	3	0	0	0
0	0	0	0	0	0	0	0	0	0	0	0	0	0	0	0	0	0	0	0	0	0	0	0	0	0	2	0	0	0	0	0	0	0	0	4	7	0	0	0	0	0	0	0	0	0	0	0	0	0	3	0	0	0	0	0	0	0	0	0	0	0	5	0	0	0	0	5	0	0	0	6	0	0	6	0	0	3	0	0	0
0	0	0	0	0	0	0	0	0	0	0	0	0	0	0	0	0	0	0	0	0	0	0	0	0	0	0	59	0	0	0	0	0	0	0	0	0	0	0	0	0	0	0	0	0	0	0	0	0	0	0	0	0	0	0	0	0	0	0	0	0	0	0	0	0	0	0	0	0	0	0	0	0	0	0	0	0	0	0	0	0
0	0	0	0	0	0	0	0	0	0	0	0	0	0	0	0	0	0	0	0	0	0	0	0	0	0	0	2	0	0	0	0	0	0	0	0	0	0	0	0	0	0	0	0	2	0	0	0	0	0	0	2	0	0	0	0	0	0	0	0	0	0	0	0	0	0	0	0	0	0	0	0	0	0	0	0	0	0	0	0	0
0	0	0	0	0	0	0	0	0	0	0	0	0	0	0	0	0	0	0	0	0	0	0	0	0	0	0	2	0	2	0	0	0	0	0	0	0	0	0	0	0	2	0	0	0	0	0	0	0	0	0	0	0	0	0	0	0	0	0	0	0	0	0	0	0	0	0	0	0	0	0	0	3	0	0	0	2	0	0	0	0
0	0	0	0	0	0	0	0	0	0	0	0	0	0	0	0	0	0	0	0	0	0	0	0	0	0	0	2	0	0	0	1	0	0	0	0	0	0	0	0	0	0	0	0	0	0	0	0	0	0	2	0	0	0	0	0	0	0	0	0	0	0	0	0	0	0	0	4	0	0	0	0	0	0	0	0	0	0	0	0	0
0	0	0	0	0	0	0	0	0	0	0	0	0	0	0	0	0	0	0	0	0	0	0	0	0	0	0	2	0	0	0	0	0	0	0	0	0	0	0	0	0	0	0	0	0	0	0	0	0	0	0	0	0	0	0	4	0	0	0	0	0	0	0	0	0	2	0	0	0	0	0	0	0	0	0	2	0	0	0	0	0
0	0	0	0	0	0	0	0	0	0	0	0	0	0	0	0	0	0	0	0	0	0	0	0	0	0	0	0	0	6	0	0	9	0	0	0	0	0	0	2	0	0	0	0	0	0	0	0	0	0	0	0	0	0	0	0	0	0	0	0	0	0	0	0	0	18	0	0	0	0	0	0	0	0	0	0	0	0	0	0	0
0	0	0	0	0	0	0	0	0	0	0	0	0	0	0	0	0	0	0	0	0	0	0	0	0	0	0	0	0	5	4	0	0	0	0	0	0	5	0	0	0	0	0	0	0	0	0	0	0	0	0	0	0	0	0	0	0	0	0	0	0	0	0	0	0	0	2	0	0	0	0	0	0	0	0	0	0	10	5	0	0
0	0	0	0	0	0	0	0	0	0	0	0	0	0	0	0	0	0	0	0	0	0	0	0	0	0	0	0	0	5	7	0	0	0	0	2	0	5	0	0	0	0	0	0	0	0	0	0	0	0	0	0	0	0	0	0	0	0	0	0	0	0	0	0	0	0	0	0	0	0	0	0	0	0	0	0	0	20	49	0	0
0	0	0	0	0	0	0	0	0	0	0	0	0	0	0	0	0	0	0	0	0	0	0	0	0	0	0	0	0	4	0	0	0	0	0	0	0	0	0	0	0	0	0	0	0	0	0	0	0	0	0	0	0	0	3	0	0	0	0	0	2	0	0	0	0	0	0	0	0	0	0	0	0	0	0	0	0	0	6	0	0
0	0	0	0	0	0	0	0	0	0	0	0	0	0	0	0	0	0	0	0	0	0	0	0	0	0	0	0	0	4	2	0	0	0	0	2	0	2	0	0	0	0	0	0	0	0	2	0	0	0	0	0	0	0	0	0	0	0	0	0	0	0	0	0	0	0	0	0	0	0	0	0	0	0	0	0	0	0	0	0	0
0	0	0	0	0	0	0	0	0	0	0	0	0	0	0	0	0	0	0	0	0	0	0	0	0	0	0	0	0	3	0	0	0	0	0	0	0	0	0	0	0	0	0	0	0	0	0	0	0	0	0	0	0	0	0	0	0	0	0	0	0	0	0	0	0	0	0	0	0	0	0	0	0	1	0	0	0	7	0	0	0
0	0	0	0	0	0	0	0	0	0	0	0	0	0	0	0	0	0	0	0	0	0	0	0	0	0	0	0	0	2	0	0	0	0	0	0	0	0	0	0	0	2	0	0	0	0	0	0	0	0	0	0	0	0	0	0	0	0	0	8	0	7	0	0	0	0	0	0	0	0	0	0	0	0	0	0	0	0	0	0	0
0	0	0	0	0	0	0	0	0	0	0	0	0	0	0	0	0	0	0	0	0	0	0	0	0	0	0	0	0	1	0	0	0	0	0	0	0	0	0	0	0	2	0	0	0	0	0	0	0	0	0	0	0	0	0	0	0	0	0	0	3	0	0	0	0	2	0	0	0	0	0	0	0	0	0	0	0	0	2	0	0
0	0	0	0	0	0	0	0	0	0	0	0	0	0	0	0	0	0	0	0	0	0	0	0	0	0	0	0	0	1	8	0	0	0	0	2	0	4	0	0	0	0	0	0	0	0	0	0	0	0	0	0	0	0	0	0	0	0	0	0	0	0	0	0	0	0	0	0	0	0	0	0	0	0	0	0	0	6	11	0	0
0	0	0	0	0	0	0	0	0	0	0	0	0	0	0	0	0	0	0	0	0	0	0	0	0	0	0	0	0	0	0	0	0	0	0	0	0	0	0	0	0	0	0	0	0	0	0	0	0	0	2	0	2	0	0	0	0	0	0	0	0	0	0	0	0	0	0	0	0	0	0	0	0	0	0	0	0	2	0	20	0
0	0	0	0	0	0	0	0	0	0	0	0	0	0	0	0	0	0	0	0	0	0	0	0	0	0	0	0	0	0	0	0	0	0	0	2	0	0	0	0	0	0	0	0	0	0	0	0	0	0	3	0	0	0	0	0	0	0	0	0	0	0	0	0	0	0	0	0	0	0	0	0	0	0	0	2	0	0	0	10	0
0	0	0	0	0	0	0	0	0	0	0	0	0	0	0	0	0	0	0	0	0	0	0	0	0	0	0	0	0	0	0	0	0	0	0	0	0	0	0	0	0	0	0	0	0	0	0	0	0	0	0	0	0	0	0	0	0	0	0	0	0	0	0	0	0	0	0	0	0	0	0	0	0	0	0	0	0	0	0	9	0
0	0	0	0	0	0	0	0	0	0	0	0	0	0	0	0	0	0	0	0	0	0	0	0	0	0	0	0	0	0	0	0	0	0	0	0	0	0	0	0	0	0	0	0	0	0	0	0	0	0	0	0	0	0	0	0	0	0	0	0	0	0	0	0	0	0	0	0	0	0	0	0	0	0	0	0	0	0	0	2	0
0	0	0	0	0	0	0	0	0	0	0	0	0	0	0	0	0	0	0	0	0	0	0	0	0	0	0	0	0	0	0	0	0	0	0	0	0	0	0	0	0	0	0	0	0	0	0	0	0	0	0	0	0	0	0	0	0	0	0	0	0	0	0	0	0	0	0	0	0	0	0	0	0	0	0	0	0	0	0	4	0
0	0	0	0	0	0	0	0	0	0	0	0	0	0	0	0	0	0	0	0	0	0	0	0	0	0	0	0	0	0	0	0	0	0	3	0	0	0	0	0	0	0	0	0	0	0	0	0	0	0	0	0	0	0	0	0	0	0	0	0	0	0	2	0	0	0	0	0	0	0	0	0	0	0	0	0	0	0	6	0	0
0	0	0	0	0	0	0	0	0	0	0	0	0	0	0	0	0	0	0	0	0	0	0	0	0	0	0	0	0	0	0	0	0	3	0	0	0	0	0	0	0	0	0	0	0	0	0	0	0	0	0	0	0	0	0	0	0	0	2	0	0	0	0	0	0	0	0	0	0	0	0	0	0	0	0	2	0	0	0	0	0
0	0	0	0	0	0	0	0	0	0	0	0	0	0	0	0	0	0	0	0	0	0	0	0	0	0	0	0	0	0	0	0	0	0	0	0	0	3	0	0	2	0	3	0	0	0	0	0	0	0	0	0	0	0	0	0	0	0	0	0	0	0	0	0	0	0	0	0	0	0	0	0	0	0	3	0	0	0	0	0	0
0	0	0	0	0	0	0	0	0	0	0	0	0	0	0	0	0	0	0	0	0	0	0	0	0	0	0	0	0	0	0	0	0	0	0	0	0	0	0	1	0	0	0	0	0	0	0	0	0	0	0	0	0	0	0	0	0	0	0	0	0	0	0	0	0	0	0	0	1	0	0	0	0	0	0	0	0	0	0	0	0
0	0	0	0	0	0	0	0	0	0	0	0	0	0	0	0	0	0	0	0	0	0	0	0	0	0	0	0	0	0	0	0	0	0	0	0	0	0	0	0	0	0	0	0	0	0	0	0	0	0	3	0	0	0	0	0	0	0	0	0	0	0	3	0	0	0	0	0	0	0	0	0	0	0	0	0	0	0	2	0	3
0	0	0	0	0	0	0	0	0	0	0	0	0	0	0	0	0	0	0	0	0	0	0	0	0	0	0	0	0	0	10	0	0	0	0	0	0	0	0	0	0	0	0	0	0	0	0	0	0	0	0	0	0	0	0	0	0	0	0	0	0	0	0	0	0	0	0	0	0	0	0	0	0	0	0	0	0	0	0	0	0
0	0	0	0	0	0	0	0	0	0	0	0	0	0	0	0	0	0	0	0	0	0	0	0	0	0	0	0	0	0	8	0	0	0	8	0	0	0	0	0	0	0	0	0	0	0	0	0	0	33	0	0	0	0	0	0	0	0	0	0	1	0	0	0	0	0	0	0	0	0	0	0	0	0	0	0	0	0	15	0	0
0	0	0	0	0	0	0	0	0	0	0	0	0	0	0	0	0	0	0	0	0	0	0	0	0	0	0	0	0	0	4	0	0	0	0	0	0	0	0	0	0	0	0	0	0	0	0	0	0	0	7	0	0	0	0	0	0	0	0	0	0	0	0	0	0	0	0	0	0	0	0	0	0	0	0	0	0	0	0	0	0
0	0	0	0	0	0	0	0	0	0	0	0	0	0	0	0	0	0	0	0	0	0	0	0	0	0	0	0	0	0	2	0	0	0	0	0	0	0	0	0	0	0	5	0	0	0	0	0	0	0	0	0	0	0	0	0	0	0	0	0	0	0	2	0	0	0	0	0	0	0	0	0	2	0	0	0	0	0	0	2	0
0	0	0	0	0	0	0	0	0	0	0	0	0	0	0	0	0	0	0	0	0	0	0	0	0	0	0	0	0	0	2	3	0	0	0	0	0	0	0	0	3	0	0	0	0	0	0	0	0	0	0	0	0	0	0	0	0	0	0	0	0	0	0	0	0	0	0	0	0	0	0	0	0	0	0	0	0	3	0	0	0
0	0	0	0	0	0	0	0	0	0	0	0	0	0	0	0	0	0	0	0	0	0	0	0	0	0	0	0	0	0	0	4	0	0	0	0	0	0	0	0	0	0	0	0	0	0	0	2	0	0	0	0	0	0	0	0	0	0	0	0	3	0	0	0	2	0	0	0	0	0	0	0	0	0	0	0	0	0	0	0	0
0	0	0	0	0	0	0	0	0	0	0	0	0	0	0	0	0	0	0	0	0	0	0	0	0	0	0	0	0	0	0	2	0	0	0	0	0	0	0	0	0	0	0	0	0	0	3	0	0	0	0	2	0	0	0	0	0	0	0	0	0	0	0	0	0	0	0	0	0	0	0	0	2	0	0	0	0	2	0	0	0
0	0	0	0	0	0	0	0	0	0	0	0	0	0	0	0	0	0	0	0	0	0	0	0	0	0	0	0	0	0	0	1	0	0	0	0	0	1	0	0	3	1	0	0	2	0	0	0	0	5	0	0	4	0	0	0	0	0	0	0	0	0	0	1	0	0	0	0	0	0	0	0	0	0	0	0	0	0	0	0	0
0	0	0	0	0	0	0	0	0	0	0	0	0	0	0	0	0	0	0	0	0	0	0	0	0	0	0	0	0	0	0	0	14	0	0	0	0	0	0	0	0	0	0	0	0	0	0	0	0	0	0	0	0	0	0	0	0	0	0	0	0	0	0	0	0	0	0	0	0	0	0	0	0	0	0	0	0	0	5	0	0
0	0	0	0	0	0	0	0	0	0	0	0	0	0	0	0	0	0	0	0	0	0	0	0	0	0	0	0	0	0	0	0	3	0	0	0	0	0	0	0	2	0	0	0	0	0	0	0	0	0	0	0	0	0	3	0	0	2	0	0	0	0	0	1	0	0	0	0	0	0	0	0	0	5	0	0	0	0	0	2	0
0	0	0	0	0	0	0	0	0	0	0	0	0	0	0	0	0	0	0	0	0	0	0	0	0	0	0	0	0	0	0	0	3	0	0	0	0	2	0	0	0	0	0	0	0	0	2	0	0	0	0	0	0	0	0	0	0	2	2	0	0	0	0	2	0	0	0	0	2	0	0	0	0	0	0	0	0	2	0	0	0
0	0	0	0	0	0	0	0	0	0	0	0	0	0	0	0	0	0	0	0	0	0	0	0	0	0	0	0	0	0	0	0	2	0	0	0	0	0	0	0	0	0	0	0	2	0	0	0	0	0	0	0	0	0	0	0	0	0	2	0	0	2	0	0	1	0	0	0	0	0	0	0	0	0	0	0	0	0	0	0	0
0	0	0	0	0	0	0	0	0	0	0	0	0	0	0	0	0	0	0	0	0	0	0	0	0	0	0	0	0	0	0	0	1	0	0	0	0	0	0	0	0	0	0	0	0	0	0	0	0	0	24	0	4	0	0	0	0	0	0	0	0	0	0	0	0	0	0	0	0	0	0	0	0	0	0	0	0	0	0	0	0
0	0	0	0	0	0	0	0	0	0	0	0	0	0	0	0	0	0	0	0	0	0	0	0	0	0	0	0	0	0	0	0	0	0	0	0	0	0	0	0	0	0	0	0	0	0	0	0	0	0	0	0	0	0	0	14	0	0	0	0	0	0	0	0	0	2	0	0	0	0	0	0	0	0	0	0	0	0	0	0	0
0	0	0	0	0	0	0	0	0	0	0	0	0	0	0	0	0	0	0	0	0	0	0	0	0	0	0	0	0	0	0	0	0	0	0	0	0	0	0	0	0	0	0	0	0	0	0	0	0	0	0	0	0	0	0	2	0	0	0	0	0	0	0	0	0	0	0	0	0	0	0	0	0	0	0	0	0	0	0	0	0
0	0	0	0	0	0	0	0	0	0	0	0	0	0	0	0	0	0	0	0	0	0	0	0	0	0	0	0	0	0	0	0	0	0	13	0	0	0	0	0	0	0	0	0	0	0	0	0	0	0	0	0	0	0	0	0	0	0	0	0	0	0	0	0	0	0	0	0	3	0	0	0	0	0	0	0	0	0	0	0	0
0	0	0	0	0	0	0	0	0	0	0	0	0	0	0	0	0	0	0	0	0	0	0	0	0	0	0	0	0	0	0	0	0	0	0	0	0	0	0	0	0	0	0	0	0	0	0	0	0	0	0	0	0	0	0	0	0	0	1	0	0	0	0	0	0	0	0	0	0	0	0	0	0	0	0	0	0	0	3	0	0
0	0	0	0	0	0	0	0	0	0	0	0	0	0	0	0	0	0	0	0	0	0	0	0	0	0	0	0	0	0	0	0	0	5	0	0	0	0	0	0	0	0	0	0	2	0	0	2	0	0	4	0	0	0	0	0	0	0	0	0	0	0	0	0	0	0	0	0	0	0	0	0	0	0	0	4	0	0	0	0	0
0	0	0	0	0	0	0	0	0	0	0	0	0	0	0	0	0	0	0	0	0	0	0	0	0	0	0	0	0	0	0	0	0	0	5	0	0	0	0	0	0	0	6	0	0	0	0	2	0	4	0	0	0	0	0	0	0	0	0	0	0	0	0	0	0	0	0	0	0	0	0	0	0	0	0	0	0	0	0	0	0
0	0	0	0	0	0	0	0	0	0	0	0	0	0	0	0	0	0	0	0	0	0	0	0	0	0	0	0	0	0	0	0	0	0	4	0	0	0	0	2	0	0	2	0	0	0	0	0	0	0	6	3	1	0	0	0	0	0	0	0	0	0	0	0	0	0	2	0	0	0	0	0	0	0	0	0	0	3	0	0	0
0	0	0	0	0	0	0	0	0	0	0	0	0	0	0	0	0	0	0	0	0	0	0	0	0	0	0	0	0	0	0	0	0	0	4	0	0	0	0	0	0	0	0	0	0	0	0	0	0	0	0	0	0	0	0	0	0	0	0	0	0	0	5	0	0	0	0	0	0	0	0	0	0	0	0	0	0	0	0	0	0
0	0	0	0	0	0	0	0	0	0	0	0	0	0	0	0	0	0	0	0	0	0	0	0	0	0	0	0	0	0	0	0	0	0	3	0	0	0	0	0	0	0	0	0	0	0	0	0	0	0	0	0	0	0	0	0	0	0	0	0	0	0	0	0	0	0	0	0	0	0	0	0	0	0	0	0	0	0	13	0	0
0	0	0	0	0	0	0	0	0	0	0	0	0	0	0	0	0	0	0	0	0	0	0	0	0	0	0	0	0	0	0	0	0	0	2	0	0	0	0	0	0	2	0	0	0	0	0	0	0	0	3	0	0	0	0	0	0	0	0	0	0	0	0	0	0	0	0	0	0	0	0	0	0	0	0	3	0	0	0	0	0
0	0	0	0	0	0	0	0	0	0	0	0	0	0	0	0	0	0	0	0	0	0	0	0	0	0	0	0	0	0	0	0	0	0	2	0	0	0	0	0	0	0	0	0	0	0	0	0	0	0	0	0	0	0	0	0	0	0	0	0	0	0	0	0	0	0	0	0	0	0	0	0	0	0	0	0	0	0	18	0	0
0	0	0	0	0	0	0	0	0	0	0	0	0	0	0	0	0	0	0	0	0	0	0	0	0	0	0	0	0	0	0	0	0	0	0	9	0	0	0	0	0	0	0	0	0	0	0	0	0	0	0	0	0	0	0	0	0	0	0	0	0	0	0	0	0	0	8	0	0	0	0	0	0	0	0	0	0	0	0	0	0
0	0	0	0	0	0	0	0	0	0	0	0	0	0	0	0	0	0	0	0	0	0	0	0	0	0	0	0	0	0	0	0	0	0	0	4	0	0	0	0	0	0	0	0	0	0	0	0	0	0	0	0	0	0	0	0	0	0	0	0	0	0	0	0	0	0	0	0	0	0	0	0	0	0	0	0	0	6	0	0	0
0	0	0	0	0	0	0	0	0	0	0	0	0	0	0	0	0	0	0	0	0	0	0	0	0	0	0	0	0	0	0	0	0	0	0	0	8	0	0	0	0	0	0	0	0	0	2	0	0	0	0	0	0	0	0	0	0	0	0	0	0	0	0	0	2	0	0	0	0	0	0	0	0	0	0	0	0	0	0	0	0
0	0	0	0	0	0	0	0	0	0	0	0	0	0	0	0	0	0	0	0	0	0	0	0	0	0	0	0	0	0	0	0	0	0	0	0	7	0	0	0	0	0	0	0	0	0	0	0	0	0	0	0	0	0	0	0	0	0	0	0	0	0	4	0	0	0	0	0	0	0	0	0	0	0	0	2	0	0	0	0	0
0	0	0	0	0	0	0	0	0	0	0	0	0	0	0	0	0	0	0	0	0	0	0	0	0	0	0	0	0	0	0	0	0	0	0	0	3	0	0	0	3	0	0	0	0	0	0	0	0	0	0	0	0	0	0	0	0	0	0	0	0	0	0	0	0	0	0	0	0	0	0	0	0	0	0	0	0	0	0	0	0
0	0	0	0	0	0	0	0	0	0	0	0	0	0	0	0	0	0	0	0	0	0	0	0	0	0	0	0	0	0	0	0	0	0	0	0	1	2	0	0	0	0	0	0	0	0	0	0	0	0	0	0	0	0	0	0	0	0	0	0	0	0	2	0	0	0	0	0	0	1	0	0	0	0	7	2	0	0	0	0	8
0	0	0	0	0	0	0	0	0	0	0	0	0	0	0	0	0	0	0	0	0	0	0	0	0	0	0	0	0	0	0	0	0	0	0	0	0	2	2	0	0	0	0	0	2	0	0	0	0	0	0	0	0	0	0	0	0	0	0	0	0	0	0	0	0	0	0	0	6	0	0	0	0	0	1	0	2	0	0	0	2
0	0	0	0	0	0	0	0	0	0	0	0	0	0	0	0	0	0	0	0	0	0	0	0	0	0	0	0	0	0	0	0	0	0	0	0	0	0	7	0	0	0	0	0	4	0	0	0	0	0	0	0	0	0	0	0	0	0	0	0	0	0	0	0	0	0	0	0	0	2	0	0	0	0	0	0	0	0	0	0	0
0	0	0	0	0	0	0	0	0	0	0	0	0	0	0	0	0	0	0	0	0	0	0	0	0	0	0	0	0	0	0	0	0	0	0	0	0	0	6	0	0	0	0	0	0	0	3	0	0	0	0	0	0	0	0	0	0	0	0	0	0	0	0	0	0	0	0	0	2	0	0	0	0	0	0	0	0	0	0	0	0
0	0	0	0	0	0	0	0	0	0	0	0	0	0	0	0	0	0	0	0	0	0	0	0	0	0	0	0	0	0	0	0	0	0	0	0	0	0	0	12	0	0	0	0	0	0	0	0	0	0	0	0	0	0	0	0	0	0	0	0	0	0	0	0	0	0	0	0	0	0	0	0	0	0	0	0	0	0	0	0	0
0	0	0	0	0	0	0	0	0	0	0	0	0	0	0	0	0	0	0	0	0	0	0	0	0	0	0	0	0	0	0	0	0	0	0	0	0	0	0	4	0	0	0	0	0	0	0	0	0	0	0	0	0	0	0	0	0	0	0	0	2	0	0	0	0	0	0	0	0	0	0	0	0	0	0	0	0	0	7	0	0
0	0	0	0	0	0	0	0	0	0	0	0	0	0	0	0	0	0	0	0	0	0	0	0	0	0	0	0	0	0	0	0	0	0	0	0	0	0	0	4	0	0	0	0	4	0	0	0	0	0	0	3	0	0	0	0	0	0	0	0	0	0	0	0	0	0	0	0	0	0	0	0	0	0	0	0	0	0	0	0	0
0	0	0	0	0	0	0	0	0	0	0	0	0	0	0	0	0	0	0	0	0	0	0	0	0	0	0	0	0	0	0	0	0	0	0	0	0	0	0	3	0	0	0	0	0	0	0	0	0	0	0	0	0	0	0	0	0	0	0	0	0	0	0	0	0	0	0	0	0	0	0	0	0	0	0	0	0	1	0	0	0
0	0	0	0	0	0	0	0	0	0	0	0	0	0	0	0	0	0	0	0	0	0	0	0	0	0	0	0	0	0	0	0	0	0	0	0	0	0	0	2	0	0	0	0	0	0	0	0	0	0	0	0	0	0	0	0	0	0	0	0	0	0	2	0	0	3	0	0	0	0	0	0	2	0	0	0	0	0	2	0	0
0	0	0	0	0	0	0	0	0	0	0	0	0	0	0	0	0	0	0	0	0	0	0	0	0	0	0	0	0	0	0	0	0	0	0	0	0	0	0	2	0	0	0	0	0	0	0	0	0	0	0	0	0	0	0	0	4	0	0	0	0	0	2	0	0	0	0	0	0	0	0	0	0	0	0	0	0	0	0	0	0
0	0	0	0	0	0	0	0	0	0	0	0	0	0	0	0	0	0	0	0	0	0	0	0	0	0	0	0	0	0	0	0	0	0	0	0	0	0	0	0	0	0	0	0	0	0	0	0	0	0	0	0	0	0	0	0	0	0	0	0	0	0	8	0	0	0	0	0	0	0	0	0	0	0	0	0	0	0	0	0	0
0	0	0	0	0	0	0	0	0	0	0	0	0	0	0	0	0	0	0	0	0	0	0	0	0	0	0	0	0	0	0	0	0	0	0	0	0	0	0	0	0	0	0	0	0	0	0	0	0	0	3	0	0	0	0	0	0	0	0	0	2	0	3	0	0	0	0	0	0	0	0	0	0	0	0	0	0	0	0	0	0
0	0	0	0	0	0	0	0	0	0	0	0	0	0	0	0	0	0	0	0	0	0	0	0	0	0	0	0	0	0	0	0	0	0	0	0	0	0	0	0	0	0	2	0	0	0	0	0	0	0	0	0	0	0	0	0	0	0	0	0	0	0	0	0	0	3	0	0	0	0	0	0	0	0	0	0	0	0	0	0	0
0	0	0	0	0	0	0	0	0	0	0	0	0	0	0	0	0	0	0	0	0	0	0	0	0	0	0	0	0	0	0	0	0	0	0	0	0	0	0	0	0	0	0	0	0	0	0	0	0	0	0	0	0	0	0	0	0	0	0	0	0	0	3	0	0	0	0	0	0	0	0	0	0	0	0	0	0	0	0	0	0
0	0	0	0	0	0	0	0	0	0	0	0	0	0	0	0	0	0	0	0	0	0	0	0	0	0	0	0	0	0	0	0	0	0	0	0	0	0	0	0	0	0	1	0	2	0	0	0	0	0	0	0	0	0	0	0	0	0	0	2	0	0	0	0	0	0	0	0	0	0	0	0	0	0	0	0	0	3	0	0	0
0	0	0	0	0	0	0	0	0	0	0	0	0	0	0	0	0	0	0	0	0	0	0	0	0	0	0	0	0	0	0	0	0	0	0	0	0	0	0	0	0	0	0	0	0	17	0	0	0	0	0	0	0	0	0	0	0	10	0	0	0	0	0	0	0	0	0	0	0	0	0	0	0	10	5	0	0	0	0	0	0
0	0	0	0	0	0	0	0	0	0	0	0	0	0	0	0	0	0	0	0	0	0	0	0	0	0	0	0	0	0	0	0	0	0	0	0	0	0	0	0	0	0	11	0	0	0	0	0	0	12	0	0	0	0	0	0	0	0	0	0	0	0	0	0	0	0	0	0	0	0	0	0	0	0	0	0	0	0	0	0	0
0	0	0	0	0	0	0	0	0	0	0	0	0	0	0	0	0	0	0	0	0	0	0	0	0	0	0	0	0	0	0	0	0	0	0	0	0	0	0	0	0	0	10	0	0	0	0	0	0	0	0	0	0	0	0	0	0	0	0	0	0	0	0	0	0	0	0	0	0	0	0	0	0	0	0	0	0	0	0	0	0
0	0	0	0	0	0	0	0	0	0	0	0	0	0	0	0	0	0	0	0	0	0	0	0	0	0	0	0	0	0	0	0	0	0	0	0	0	0	0	0	0	0	3	0	0	0	0	0	0	0	4	0	0	0	0	0	0	0	0	0	0	0	0	0	0	0	0	0	0	0	0	0	0	0	0	0	0	3	0	0	0
0	0	0	0	0	0	0	0	0	0	0	0	0	0	0	0	0	0	0	0	0	0	0	0	0	0	0	0	0	0	0	0	0	0	0	0	0	0	0	0	0	0	2	0	0	0	0	0	0	0	0	0	0	0	0	0	0	0	0	0	0	0	11	0	0	0	0	0	0	0	0	0	0	0	0	0	0	2	0	0	0
0	0	0	0	0	0	0	0	0	0	0	0	0	0	0	0	0	0	0	0	0	0	0	0	0	0	0	0	0	0	0	0	0	0	0	0	0	0	0	0	0	0	0	0	0	0	0	0	0	0	0	0	0	0	7	0	0	0	0	0	0	0	0	0	0	0	0	0	0	0	0	0	0	0	0	4	0	0	0	0	0
0	0	0	0	0	0	0	0	0	0	0	0	0	0	0	0	0	0	0	0	0	0	0	0	0	0	0	0	0	0	0	0	0	0	0	0	0	0	0	0	0	0	0	0	2	0	0	0	0	0	0	0	0	0	0	0	0	0	0	0	9	0	0	0	0	0	0	0	0	7	0	0	0	0	0	0	0	0	0	0	0
0	0	0	0	0	0	0	0	0	0	0	0	0	0	0	0	0	0	0	0	0	0	0	0	0	0	0	0	0	0	0	0	0	0	0	0	0	0	0	0	0	0	0	0	1	0	0	0	15	0	0	0	0	0	0	0	2	0	0	0	0	0	0	0	0	0	0	0	0	0	0	0	0	0	0	0	0	0	0	0	0
0	0	0	0	0	0	0	0	0	0	0	0	0	0	0	0	0	0	0	0	0	0	0	0	0	0	0	0	0	0	0	0	0	0	0	0	0	0	0	0	0	0	0	0	0	3	0	0	0	0	0	0	0	0	0	0	0	0	0	0	0	0	0	0	0	0	0	0	0	0	0	0	0	0	0	0	8	0	0	0	0
0	0	0	0	0	0	0	0	0	0	0	0	0	0	0	0	0	0	0	0	0	0	0	0	0	0	0	0	0	0	0	0	0	0	0	0	0	0	0	0	0	0	0	0	0	0	7	0	0	0	0	0	0	0	0	0	0	2	0	2	0	0	0	0	0	0	0	0	0	0	0	0	0	0	2	0	0	0	0	0	0
0	0	0	0	0	0	0	0	0	0	0	0	0	0	0	0	0	0	0	0	0	0	0	0	0	0	0	0	0	0	0	0	0	0	0	0	0	0	0	0	0	0	0	0	0	0	0	0	10	0	0	0	0	0	0	0	0	0	0	0	0	0	0	0	0	0	0	0	0	0	0	0	0	0	0	0	0	0	0	0	0
0	0	0	0	0	0	0	0	0	0	0	0	0	0	0	0	0	0	0	0	0	0	0	0	0	0	0	0	0	0	0	0	0	0	0	0	0	0	0	0	0	0	0	0	0	0	0	0	0	0	0	0	0	0	0	0	0	0	0	0	0	0	0	9	0	0	0	0	0	1	0	0	0	0	0	0	0	0	0	0	0
0	0	0	0	0	0	0	0	0	0	0	0	0	0	0	0	0	0	0	0	0	0	0	0	0	0	0	0	0	0	0	0	0	0	0	0	0	0	0	0	0	0	0	0	0	0	0	0	0	0	0	0	0	0	0	0	0	0	0	0	0	0	0	2	0	0	0	0	0	0	0	0	0	0	0	0	0	0	0	0	0
0	0	0	0	0	0	0	0	0	0	0	0	0	0	0	0	0	0	0	0	0	0	0	0	0	0	0	0	0	0	0	0	0	0	0	0	0	0	0	0	0	0	0	0	0	0	0	0	0	0	0	0	0	0	2	0	0	0	0	0	0	0	6	0	0	0	0	0	0	0	0	0	0	0	0	0	0	9	0	0	0
0	0	0	0	0	0	0	0	0	0	0	0	0	0	0	0	0	0	0	0	0	0	0	0	0	0	0	0	0	0	0	0	0	0	0	0	0	0	0	0	0	0	0	0	0	0	0	0	0	0	0	0	0	0	0	0	0	2	0	0	0	0	0	0	3	0	0	0	0	0	0	0	0	0	2	0	2	0	0	0	3
0	0	0	0	0	0	0	0	0	0	0	0	0	0	0	0	0	0	0	0	0	0	0	0	0	0	0	0	0	0	0	0	0	0	0	0	0	0	0	0	0	0	0	0	0	0	0	0	0	0	0	0	0	0	0	0	0	0	0	0	0	0	10	0	0	0	0	0	0	0	0	0	0	0	0	0	0	0	0	0	0
0	0	0	0	0	0	0	0	0	0	0	0	0	0	0	0	0	0	0	0	0	0	0	0	0	0	0	0	0	0	0	0	0	0	0	0	0	0	0	0	0	0	0	0	0	0	0	0	0	0	0	0	0	0	0	0	0	0	0	0	0	0	0	1	0	0	0	0	0	0	0	2	0	0	0	0	4	0	0	0	3
0	0	0	0	0	0	0	0	0	0	0	0	0	0	0	0	0	0	0	0	0	0	0	0	0	0	0	0	0	0	0	0	0	0	0	0	0	0	0	0	0	0	0	0	0	0	0	0	0	0	0	0	0	0	0	0	0	0	0	0	0	0	0	0	23	0	0	0	0	0	0	0	0	0	0	0	0	0	0	0	0
0	0	0	0	0	0	0	0	0	0	0	0	0	0	0	0	0	0	0	0	0	0	0	0	0	0	0	0	0	0	0	0	0	0	0	0	0	0	0	0	0	0	0	0	0	0	0	0	0	0	0	0	0	0	0	0	0	0	0	0	0	0	0	0	0	16	0	0	0	0	0	0	0	0	0	0	0	23	0	0	0
0	0	0	0	0	0	0	0	0	0	0	0	0	0	0	0	0	0	0	0	0	0	0	0	0	0	0	0	0	0	0	0	0	0	0	0	0	0	0	0	0	0	0	0	0	0	0	0	0	0	0	0	0	0	0	0	0	0	0	0	0	0	0	0	0	0	0	0	0	0	0	0	0	0	17	0	0	0	0	0	0
0	0	0	0	0	0	0	0	0	0	0	0	0	0	0	0	0	0	0	0	0	0	0	0	0	0	0	0	0	0	0	0	0	0	0	0	0	0	0	0	0	0	0	0	0	0	0	0	0	0	0	0	0	0	0	0	0	0	0	0	0	0	0	0	0	0	0	0	0	0	0	0	0	0	0	2	0	0	9	0	0
0	0	0	0	0	0	0	0	0	0	0	0	0	0	0	0	0	0	0	0	0	0	0	0	0	0	0	0	0	0	0	0	0	0	0	0	0	0	0	0	0	0	0	0	0	0	0	0	0	0	0	0	0	0	0	0	0	0	0	0	0	0	0	0	0	0	0	0	0	0	0	0	0	0	0	0	0	0	312	0	0
0	0	0	0	0	0	0	0	0	0	0	0	0	0	0	0	0	0	0	0	0	0	0	0	0	0	0	0	0	0	0	0	0	0	0	0	0	0	0	0	0	0	0	0	0	0	0	0	0	0	0	0	0	0	0	0	0	0	0	0	0	0	0	0	0	0	0	0	0	0	0	0	0	0	0	0	0	0	38	0	0
0	0	0	0	0	0	0	0	0	0	0	0	0	0	0	0	0	0	0	0	0	0	0	0	0	0	0	0	0	0	0	0	0	0	0	0	0	0	0	0	0	0	0	0	0	0	0	0	0	0	0	0	0	0	0	0	0	0	0	0	0	0	0	0	0	0	0	0	0	0	0	0	0	0	0	0	0	0	29	0	0
0	0	0	0	0	0	0	0	0	0	0	0	0	0	0	0	0	0	0	0	0	0	0	0	0	0	0	0	0	0	0	0	0	0	0	0	0	0	0	0	0	0	0	0	0	0	0	0	0	0	0	0	0	0	0	0	0	0	0	0	0	0	0	0	0	0	0	0	0	0	0	0	0	0	0	0	0	0	22	0	0
