Ho2017s013	Ho2017s040	Ho2017s047	Ho2017s024	Ho2017s033	Ho2017s026	Ho2017s039	Ho2017s031	Ho2017s034	Ho2017s044	Ho2017s022	Ho2017s045	Ho2017s027	Ho2017s005	Ho2017s030	Ho2017s023	Ho2017s028	Ho2017s042	Ho2017s006	Ho2017s043	Ho2017s029	Ho2017s007	Ho2017s032	Ho2017s001	Ho2017s037	Ho2017s041	Ho2017s025	Ho2017s036	Ho2017s002	Ho2017s038	Ho2017s008
0	0	0	0	0	0	0	0	0	0	0	0	0	0	0	0	0	0	0	0	0	0	0	0	0	0	4	0	0	0	0
0	0	0	0	0	0	0	0	0	0	0	0	0	0	0	0	0	0	0	0	0	0	2	0	0	0	0	0	0	0	0
0	0	0	0	0	0	0	0	0	0	0	0	0	0	0	0	0	0	0	0	0	0	0	0	0	0	0	0	0	2	0
0	0	0	6	5	0	0	13	0	0	0	0	0	2	9	0	2	0	2	0	7	0	15	0	0	0	2	0	7	0	0
0	0	0	0	0	0	0	0	0	0	0	0	0	0	0	0	0	0	0	0	0	0	0	0	0	0	4	0	0	0	0
0	0	0	0	0	0	0	0	0	0	0	0	0	0	0	0	0	0	0	0	0	0	0	2	0	0	0	0	0	0	0
0	0	0	0	0	0	0	0	0	0	0	0	0	0	0	0	0	0	0	0	0	10	0	0	0	0	0	0	0	0	0
0	0	2	0	0	0	0	0	0	0	0	0	0	0	0	0	0	0	0	0	0	0	0	0	0	0	0	0	0	0	0
0	0	0	0	0	0	0	0	0	0	0	0	0	0	0	0	0	0	0	0	0	0	0	0	0	17	0	0	0	0	0
0	15	0	0	0	0	9	0	1	0	0	0	0	0	0	0	0	8	0	0	1	0	0	0	11	0	0	12	0	12	0
0	12	0	0	0	0	6	0	3	0	0	0	0	0	0	0	0	14	0	0	0	0	0	0	0	2	0	8	0	3	0
0	0	0	0	0	0	0	0	0	0	0	0	2	0	0	0	3	0	0	0	0	0	0	0	0	0	0	0	0	0	0
0	18	0	0	0	0	15	0	18	0	0	0	0	0	0	0	0	17	0	0	0	0	0	2	4	7	0	14	0	15	0
0	0	0	0	2	0	0	0	0	0	0	0	0	0	0	0	0	0	0	0	0	0	0	0	0	0	0	0	0	0	0
0	0	0	0	0	0	0	0	0	0	0	0	0	0	0	0	0	0	3	0	0	0	0	0	0	0	0	0	0	0	0
2	0	0	0	0	0	0	0	0	0	0	0	0	0	0	0	0	0	0	0	0	0	0	0	0	0	0	0	0	0	0
0	0	0	0	0	0	0	0	0	0	0	0	0	0	0	0	0	0	0	0	0	0	0	0	0	0	6	0	0	0	0
0	0	0	0	0	1	0	0	0	0	0	0	0	0	2	1	0	2	0	0	0	2	0	0	0	0	0	2	0	0	2
0	0	0	0	0	0	0	0	0	0	0	0	10	0	0	0	0	0	0	0	0	0	0	0	0	0	0	0	0	0	0
0	0	0	0	0	0	0	0	0	0	0	0	0	0	0	0	0	0	0	0	0	0	0	0	0	0	0	2	0	0	0
0	0	0	0	2	0	0	0	0	0	0	0	0	0	0	0	0	0	0	0	0	0	0	0	0	0	0	0	0	0	0
0	0	0	0	0	0	0	0	0	0	0	0	11	0	0	0	0	0	0	0	0	0	0	0	0	0	0	0	0	0	0
0	0	2	0	0	0	2	0	0	0	0	0	0	0	0	0	0	0	0	0	2	0	0	0	0	0	0	0	0	0	0
0	0	0	0	0	0	0	0	0	0	0	0	0	0	0	0	0	0	0	0	0	0	0	0	0	0	0	0	18	0	0
0	0	1	0	3	0	0	1	0	0	0	0	0	0	2	0	1	0	0	2	0	0	3	2	0	0	0	0	2	0	0
0	0	5	2	0	0	0	0	0	0	0	0	0	0	0	0	3	5	0	0	0	0	0	0	0	0	0	0	6	0	0
0	0	0	0	0	0	0	0	0	0	0	0	0	0	0	0	0	0	0	0	0	0	0	0	0	0	0	0	0	0	2
0	0	0	0	0	0	0	0	0	0	0	0	0	3	0	0	0	0	0	0	0	0	0	0	0	0	0	0	0	0	0
0	1	0	0	0	0	0	0	0	0	0	0	0	0	0	0	0	4	0	0	0	0	0	0	0	4	0	0	0	0	0
0	0	0	0	0	0	0	0	0	0	0	0	0	2	0	0	0	0	0	0	0	0	0	0	0	0	0	0	0	0	0
0	2	0	0	0	0	0	0	0	0	0	0	0	0	0	0	0	0	0	0	0	0	0	0	0	4	0	0	0	0	0
0	0	0	0	0	0	3	0	0	0	0	0	0	0	0	0	2	4	0	0	2	0	0	0	3	0	0	0	4	0	0
0	0	0	0	0	0	0	0	3	0	0	0	0	0	0	0	0	0	0	0	0	0	0	0	0	0	0	0	0	0	0
0	0	0	0	0	0	1	0	0	0	0	0	0	0	0	0	0	0	0	0	9	0	0	0	0	0	0	0	0	0	0
0	0	0	0	7	0	0	3	0	3	0	0	0	0	0	0	3	0	0	0	0	3	3	0	0	0	0	0	0	0	0
0	0	2	0	18	0	0	11	0	4	0	4	0	0	10	0	9	0	0	0	8	0	15	1	0	0	0	0	1	0	0
0	0	0	0	0	0	0	0	7	0	0	0	0	0	0	0	0	0	0	0	0	0	0	0	0	0	0	0	0	0	0
3	0	0	2	5	0	0	0	0	0	0	0	2	0	3	0	0	0	0	0	0	0	0	0	0	0	0	0	0	0	0
0	0	0	0	0	0	0	0	0	0	0	0	0	0	0	0	0	2	0	0	0	0	0	0	0	0	0	0	0	0	0
0	0	0	0	0	0	0	0	0	0	0	0	0	0	0	0	0	0	0	0	0	0	0	0	0	0	0	2	0	0	0
0	26	0	0	0	0	30	0	24	0	0	0	0	0	0	0	0	19	0	0	0	0	0	0	10	26	0	12	0	19	0
0	0	0	0	11	0	0	0	0	0	0	0	0	0	5	0	0	0	0	1	1	0	1	0	0	0	0	0	0	0	0
0	0	0	0	0	0	0	0	0	0	0	0	0	0	0	0	0	0	4	0	0	0	0	0	0	0	0	0	0	0	0
0	2	0	0	0	0	0	0	0	0	0	0	0	0	0	0	0	7	0	0	0	0	0	0	12	10	0	0	0	7	0
0	0	0	0	0	0	0	0	0	0	0	0	0	0	0	0	0	0	0	0	0	0	0	0	0	0	0	0	13	0	0
4	4	0	3	2	0	4	0	4	0	0	0	0	5	0	0	0	9	4	3	0	3	3	3	4	3	2	0	6	0	0
0	0	0	0	0	9	0	0	8	1	0	10	0	8	0	4	0	4	20	1	0	7	0	1	0	0	4	0	4	19	12
1	0	0	0	1	0	0	0	0	0	0	0	0	0	3	0	0	0	0	0	0	0	0	0	0	0	0	0	0	0	0
0	0	0	0	0	0	0	0	0	0	0	0	0	0	0	0	0	0	0	0	0	0	0	0	0	0	1	0	0	0	0
0	0	0	0	0	0	0	3	0	0	0	0	0	0	2	0	0	0	0	0	4	0	0	0	0	0	0	0	0	0	0
0	0	0	0	6	0	0	2	0	0	0	0	0	0	9	0	9	0	0	0	1	0	0	0	0	0	0	0	0	0	0
0	0	0	0	0	0	0	0	0	0	0	0	3	0	0	0	0	0	0	0	0	0	0	0	0	0	0	4	0	0	0
0	13	0	0	0	0	7	0	14	0	0	0	0	0	0	0	0	9	0	0	0	0	0	0	1	12	0	0	0	1	0
0	0	0	0	0	0	0	0	11	0	0	0	0	0	0	0	0	0	0	0	0	0	0	0	0	0	0	0	0	0	0
0	0	0	0	0	0	0	0	0	0	0	0	0	0	0	0	0	0	1	0	0	2	0	0	0	1	0	0	0	0	0
0	0	0	0	0	0	0	0	0	0	0	0	0	0	0	0	0	0	0	0	4	0	0	0	0	0	0	0	0	0	0
0	0	0	0	3	0	0	0	0	0	0	0	0	0	0	0	0	0	0	0	0	0	0	0	0	0	0	0	0	0	0
0	0	0	0	0	0	0	0	0	0	0	0	0	0	0	0	0	2	0	0	0	0	0	0	0	2	0	0	0	0	0
0	0	0	0	0	2	0	0	0	0	0	0	0	0	0	0	0	0	0	2	0	0	4	0	0	0	0	0	0	0	0
4	0	8	35	8	0	0	9	0	8	0	8	0	0	7	0	10	0	0	7	7	0	11	7	0	0	0	0	96	0	0
3	0	7	0	0	0	0	0	0	6	0	1	0	0	0	0	0	2	0	0	0	0	0	0	0	0	0	0	0	0	0
0	0	0	0	0	0	0	0	0	2	0	0	0	0	0	0	0	0	2	0	0	0	0	0	0	0	0	0	0	0	0
0	0	3	0	0	0	0	0	0	0	0	7	0	0	0	0	0	0	0	2	0	0	0	19	0	0	0	0	0	0	0
0	0	0	0	0	0	0	0	0	0	0	0	0	0	0	0	0	0	3	0	0	0	0	0	0	0	0	0	0	0	0
0	0	2	0	0	0	0	0	3	0	0	0	0	0	0	0	0	5	5	0	3	0	0	2	0	0	0	0	0	5	4
0	3	0	0	0	0	9	0	0	0	0	0	0	0	0	0	0	15	0	0	2	0	0	0	3	5	0	0	0	0	0
24	0	0	0	0	0	0	0	0	0	0	0	0	0	0	0	0	0	0	0	0	0	0	0	0	0	0	0	0	0	0
0	0	0	0	0	4	0	0	0	0	0	0	0	0	0	0	0	0	0	0	0	0	0	0	0	0	0	0	0	0	0
1	8	0	0	9	0	0	15	1	1	0	0	0	0	8	0	0	8	0	2	0	0	15	3	0	0	0	2	0	0	0
0	4	0	0	0	0	0	0	0	0	0	0	0	0	0	0	0	2	0	0	0	0	0	3	0	3	0	0	0	0	0
0	0	0	0	0	0	0	0	0	0	0	0	0	1	0	0	0	0	0	0	0	1	0	0	0	0	1	0	0	0	1
0	0	0	0	0	0	0	0	0	0	0	0	0	0	0	0	0	0	0	0	0	1	0	0	0	0	0	0	0	0	0
0	0	0	0	3	2	0	0	0	0	0	0	0	0	1	0	0	0	5	0	0	0	0	0	0	0	0	0	0	6	0
0	0	0	0	0	3	0	0	0	0	0	0	0	0	0	0	0	0	0	0	0	0	0	0	0	0	0	0	0	0	2
0	0	4	0	4	0	0	4	0	2	0	0	0	0	0	0	13	0	0	4	0	0	7	0	0	0	0	0	0	0	0
0	0	0	0	0	0	0	0	0	0	0	0	0	0	0	6	0	0	0	0	0	0	0	0	0	0	0	0	0	0	0
65	90	53	94	37	0	45	30	29	48	0	52	2	0	21	0	44	102	0	27	92	0	33	30	58	80	0	40	235	32	0
0	0	5	0	0	0	0	0	0	6	0	17	0	0	0	0	0	0	0	11	0	0	0	2	0	0	0	0	0	0	0
0	2	0	0	0	0	0	0	0	0	0	0	0	0	0	0	0	0	0	0	0	0	0	0	0	0	0	0	0	0	0
2	0	0	0	0	0	0	0	0	0	0	0	0	0	0	0	0	0	0	0	0	0	0	0	0	0	0	0	0	0	0
4	0	0	40	0	0	0	4	0	0	0	0	0	0	0	0	0	0	0	2	0	0	0	0	0	0	0	0	34	0	0
24	0	25	72	238	0	0	179	0	71	0	76	1	0	175	0	146	0	0	24	129	5	178	53	0	0	0	0	31	4	0
0	0	0	0	0	1	0	0	0	0	0	0	0	0	0	0	0	0	2	0	0	0	0	0	0	0	0	0	0	0	0
0	0	0	0	0	0	0	0	0	0	0	3	0	0	0	0	0	0	0	0	0	0	0	3	0	0	0	0	0	0	0
0	0	0	0	0	0	0	0	0	0	0	0	0	0	0	0	0	0	0	0	0	0	0	0	10	0	0	0	0	0	0
0	0	2	0	0	0	0	0	0	0	0	0	0	0	0	0	0	0	0	0	0	0	0	0	0	0	0	0	0	0	0
0	0	0	0	0	0	0	0	0	0	0	0	0	0	0	0	0	6	0	0	0	0	0	0	0	0	0	0	2	0	2
0	0	0	0	0	0	0	0	7	0	0	0	0	0	0	0	0	0	0	0	0	0	0	0	0	0	0	0	0	0	0
7	6	4	3	9	11	3	0	0	6	0	11	0	10	5	0	0	4	12	9	0	10	7	10	0	6	2	0	10	4	6
0	11	9	0	0	0	2	2	2	0	0	0	0	0	0	0	1	8	0	0	1	0	0	0	3	5	0	0	0	2	0
0	0	0	0	0	0	0	4	0	0	0	0	0	0	0	0	0	0	0	0	0	0	0	0	0	0	0	0	0	0	0
0	0	0	0	0	0	0	0	0	0	0	0	0	0	0	0	0	3	0	0	0	0	0	0	0	0	0	0	0	0	0
0	0	0	0	0	0	0	0	0	0	0	0	0	0	2	0	0	0	0	0	0	2	0	0	0	0	0	0	0	0	0
0	6	0	3	3	0	7	3	0	2	0	0	0	0	2	0	0	4	0	0	4	0	8	0	5	10	0	5	2	3	0
0	0	0	0	0	0	0	0	0	0	3	0	0	0	0	0	0	0	0	0	0	0	0	0	0	0	0	0	0	0	0
4	0	2	0	2	0	0	0	2	2	0	0	0	19	3	0	0	0	13	2	0	19	0	14	0	0	0	0	0	0	11
0	0	0	0	8	0	0	8	0	5	0	1	0	0	0	0	6	0	0	0	0	0	4	2	0	0	0	0	0	0	0
0	0	0	0	0	0	0	0	2	0	0	0	0	0	0	0	0	0	0	0	0	0	0	0	0	0	0	0	0	0	0
0	0	0	0	0	0	0	0	0	0	0	0	0	0	0	0	0	0	0	0	3	0	4	0	0	0	0	0	1	0	0
0	0	0	0	0	0	0	0	3	0	0	0	0	0	0	0	0	0	2	0	0	0	0	0	2	4	0	0	0	0	2
0	0	0	0	0	0	0	0	0	0	0	0	0	2	0	0	0	0	0	0	0	0	0	0	0	0	2	0	0	0	0
0	0	0	0	0	0	0	0	0	0	0	2	0	0	0	0	0	0	3	0	0	0	0	0	0	0	0	0	0	0	0
0	0	0	0	3	0	0	0	0	0	0	3	0	0	0	0	0	0	0	0	0	0	0	2	0	0	0	0	0	0	0
0	0	0	0	0	0	0	6	0	0	0	0	0	0	9	0	0	0	0	0	0	0	0	0	0	0	0	0	0	0	0
0	0	0	0	0	0	0	0	0	0	0	0	8	0	0	0	0	0	0	0	0	0	0	0	0	0	0	0	0	0	0
21	0	13	20	93	0	0	63	0	29	0	16	0	0	49	0	55	2	0	15	0	42	63	7	0	2	0	0	26	0	0
1	0	0	2	0	0	0	1	0	0	0	0	0	0	0	0	1	0	0	0	3	0	0	4	0	7	0	0	0	0	0
0	0	0	0	0	0	0	0	0	0	0	0	0	0	0	0	0	2	0	0	0	0	0	0	0	0	0	0	0	0	0
0	3	0	0	0	0	2	0	4	0	0	0	0	0	0	0	0	3	0	0	0	0	0	0	2	1	0	0	0	2	0
0	0	0	0	0	0	1	0	3	0	0	0	0	0	0	0	0	0	0	0	4	0	0	0	5	0	0	0	0	0	0
0	0	0	0	0	0	0	0	0	0	0	0	0	0	0	0	0	0	0	0	0	0	0	1	0	0	0	0	0	0	0
0	0	0	0	2	0	0	0	0	0	0	0	0	0	0	0	0	0	0	0	0	0	0	0	0	0	0	0	0	0	0
0	0	0	0	10	0	0	5	0	0	0	0	0	0	6	0	9	0	0	0	5	0	4	0	0	0	0	0	2	0	0
0	0	0	0	0	0	0	0	0	0	0	0	0	0	0	0	0	0	0	0	0	0	0	0	0	0	0	5	0	0	0
5	4	11	2	2	4	2	5	0	4	0	7	0	0	0	0	0	0	0	3	0	0	4	6	0	0	0	0	2	0	0
0	12	0	0	0	0	13	0	10	0	0	0	0	0	0	0	0	38	0	0	0	0	0	0	21	36	0	9	0	3	0
0	0	0	0	0	5	0	0	0	0	0	0	0	0	0	0	0	0	0	0	0	0	0	0	0	0	0	0	0	0	0
0	0	0	0	3	0	0	0	0	0	0	0	0	0	0	0	2	0	0	0	0	0	3	0	0	0	0	0	0	0	0
0	0	0	0	6	0	0	5	0	13	0	10	0	0	0	0	3	0	0	0	0	0	4	5	0	0	0	0	6	0	0
0	0	0	0	0	0	0	0	0	0	0	0	0	0	0	0	0	0	0	0	0	3	0	0	0	0	0	0	0	0	0
0	18	0	0	0	0	4	0	3	0	0	0	0	0	0	0	1	6	0	0	2	0	0	0	8	12	0	0	0	0	0
6	0	6	15	0	0	0	0	0	2	0	2	0	0	0	0	0	0	0	4	0	0	0	7	0	0	0	0	12	0	0
0	0	0	0	0	0	2	0	0	0	0	0	0	0	0	0	0	0	0	0	0	0	0	0	0	5	0	0	0	5	0
0	0	0	0	0	0	0	0	13	0	0	0	0	0	0	0	0	0	0	0	10	0	0	0	0	0	0	0	0	0	0
34	0	0	0	0	65	1	0	0	2	63	0	0	0	0	30	1	3	140	0	0	11	0	15	0	0	0	0	0	0	3
0	0	0	0	0	0	0	0	0	0	0	0	0	0	0	0	0	0	0	0	0	0	0	0	0	0	0	12	0	0	0
0	0	0	0	0	0	0	2	0	0	0	0	12	0	0	0	1	0	0	0	0	0	0	0	0	0	0	0	0	0	0
0	0	0	0	0	0	0	0	0	0	0	0	0	0	0	0	0	0	0	0	0	0	0	0	0	0	109	0	3	0	0
2	0	0	0	0	0	0	0	0	0	0	0	0	0	0	0	0	0	0	0	0	0	0	0	0	0	0	0	0	0	0
0	0	2	0	0	0	0	0	0	0	0	0	0	0	0	0	0	0	0	0	0	0	0	0	0	0	0	0	0	0	0
0	0	0	0	0	0	0	2	0	0	0	0	0	0	0	0	0	0	0	0	0	0	3	0	0	2	0	0	0	0	0
0	0	0	0	4	7	0	0	0	2	0	2	0	1	0	0	0	0	5	2	0	46	3	1	0	0	0	27	3	0	4
0	0	0	0	0	2	0	0	0	0	0	0	0	2	0	0	0	0	3	0	0	2	0	0	0	0	1	0	0	0	0
0	0	0	0	0	5	0	0	0	0	0	0	0	0	0	0	0	0	0	0	0	0	0	0	0	0	0	0	0	0	0
1	0	9	0	18	0	2	22	0	9	0	6	0	0	8	0	3	0	0	0	1	0	19	4	0	0	0	0	5	2	0
0	8	0	0	0	0	4	0	4	0	0	0	0	3	0	0	0	2	0	0	0	0	0	0	3	3	2	0	3	1	4
2	0	0	0	0	0	0	0	0	0	0	0	0	0	0	0	0	0	0	0	0	0	0	0	0	0	0	0	0	0	0
0	0	0	11	0	0	0	0	0	0	0	0	0	0	0	0	5	0	0	0	0	0	0	0	0	0	0	0	0	0	0
0	0	0	0	0	2	0	0	5	0	3	0	0	0	0	0	0	0	0	0	0	0	0	0	0	0	0	0	0	0	0
0	0	0	0	0	0	0	0	0	0	0	0	0	0	0	0	5	0	0	0	0	3	0	0	0	0	0	0	3	0	0
0	0	0	0	0	0	0	0	0	0	0	3	0	0	0	0	0	0	0	0	0	0	0	0	0	0	0	0	0	0	0
0	0	0	0	0	0	0	0	0	0	0	5	0	0	0	0	0	0	0	0	0	0	0	0	0	0	2	22	0	9	0
2	0	0	0	2	0	0	3	0	0	0	0	0	0	2	0	0	0	0	0	0	0	6	5	0	0	0	0	0	0	0
0	0	0	0	3	0	0	0	0	0	0	0	0	0	0	0	0	0	0	0	0	0	0	0	5	0	0	0	0	0	0
0	0	0	0	0	0	5	8	0	0	0	0	5	0	0	0	0	0	0	0	10	0	17	0	4	3	0	2	0	4	0
0	0	0	0	0	0	0	0	0	0	1	0	0	12	0	0	0	0	19	2	0	0	0	4	0	0	0	0	0	0	2
0	0	0	0	0	3	0	0	5	0	0	0	0	0	0	0	0	0	0	0	0	0	0	0	0	0	0	12	0	0	0
0	0	0	0	0	0	0	0	0	0	0	0	0	0	2	0	0	0	0	0	0	0	0	0	0	0	0	0	0	0	0
0	0	0	0	0	0	0	0	0	0	0	0	0	0	0	0	0	0	0	0	0	0	0	0	0	0	0	0	3	0	0
0	0	0	0	0	0	0	0	0	0	0	0	0	0	2	0	0	0	0	0	0	0	0	0	0	2	0	0	0	0	0
0	0	6	0	3	0	0	0	0	2	0	6	12	0	11	0	7	0	0	1	0	0	0	2	0	0	0	0	0	0	0
0	0	0	0	9	0	0	0	6	3	0	19	6	0	4	0	0	0	0	3	0	11	0	0	0	0	0	0	0	0	0
0	0	0	0	0	0	0	0	0	0	0	0	0	2	0	0	0	0	0	0	0	0	0	0	0	0	0	0	0	0	0
0	2	0	2	0	0	0	0	0	0	0	0	0	0	2	0	3	0	0	0	0	0	0	0	0	3	0	0	4	0	0
4	5	0	1	3	0	10	0	7	0	0	0	0	0	2	0	2	12	0	0	5	0	0	0	0	6	0	0	0	5	0
0	0	2	0	0	0	0	0	0	3	0	2	0	0	0	0	0	5	0	0	2	0	0	0	0	2	0	0	0	0	0
0	0	0	0	0	0	0	0	3	0	0	5	0	0	0	0	0	0	0	0	0	0	0	0	0	0	0	9	0	12	0
0	0	0	0	0	1	2	0	0	3	0	0	0	2	0	0	0	0	0	0	0	0	0	0	0	2	0	0	0	0	0
0	0	10	0	3	0	0	0	0	20	0	8	0	0	9	0	2	0	0	3	0	0	6	2	0	0	0	0	0	0	0
5	0	0	0	0	34	0	0	0	0	0	0	0	54	0	2	0	0	19	0	0	0	0	4	8	3	0	0	3	0	13
0	0	0	0	0	0	4	0	4	0	0	0	0	0	0	0	0	0	0	0	0	0	0	0	2	0	0	0	0	0	0
0	0	0	0	2	0	0	0	0	0	0	0	0	0	0	0	0	0	0	0	0	0	0	0	0	0	0	0	0	0	0
0	0	0	0	4	0	0	3	0	0	0	0	0	0	6	0	6	0	0	0	7	0	2	0	0	0	0	0	0	0	0
0	0	0	0	0	0	0	0	0	0	0	0	0	0	0	0	0	0	0	0	0	0	0	0	0	0	0	0	2	0	0
3	0	0	0	0	0	0	0	0	0	0	0	0	0	0	0	0	0	0	0	0	2	0	3	0	0	0	0	0	0	0
23	0	0	0	0	0	0	0	0	0	0	0	0	0	0	0	0	0	0	0	0	0	0	0	0	0	0	0	0	0	0
0	0	0	0	0	0	0	0	0	0	0	0	0	0	0	5	0	0	0	0	0	0	0	0	0	0	0	0	0	0	0
0	0	0	0	0	0	0	0	0	0	0	0	0	0	0	0	0	2	0	0	0	0	0	0	0	0	0	0	0	0	0
3	0	0	0	0	0	0	0	0	1	0	0	0	0	0	0	0	0	0	0	5	0	4	0	0	0	0	0	0	0	0
0	0	0	0	0	0	0	0	0	0	0	0	0	0	0	2	0	0	0	0	0	0	0	0	0	0	0	0	0	0	0
0	0	0	0	0	2	0	0	0	0	0	0	0	0	0	0	0	0	0	0	0	0	0	0	0	0	0	0	0	0	0
0	0	0	0	0	0	0	0	0	0	0	0	0	0	0	0	0	0	0	0	1	0	0	0	0	0	0	0	0	0	0
0	0	0	0	0	2	0	0	0	0	0	0	0	0	0	0	0	0	0	0	0	0	0	0	0	0	0	0	0	0	0
4	0	0	0	3	0	0	7	0	4	0	0	2	0	0	0	4	0	0	4	0	0	9	0	0	0	0	0	0	0	0
0	0	0	0	0	0	0	0	0	0	0	0	0	0	0	0	0	0	0	0	0	0	0	5	0	0	0	0	3	0	0
0	0	0	0	0	2	0	0	0	0	0	0	0	0	0	0	0	0	0	0	0	0	0	0	0	0	0	0	0	0	0
0	0	0	0	0	2	0	0	0	0	0	0	0	0	0	0	0	0	2	0	0	0	0	0	0	0	0	0	0	0	0
0	0	0	3	0	0	0	0	0	3	0	8	0	0	0	0	0	0	3	0	0	0	4	6	0	0	0	0	2	0	0
0	0	0	0	0	0	0	0	6	0	0	0	0	0	0	0	0	0	0	0	0	0	0	0	0	0	0	0	0	0	0
0	0	0	0	0	0	0	0	0	0	0	0	0	0	2	0	0	0	0	0	0	0	2	0	0	0	0	0	0	0	2
0	6	0	0	0	0	5	0	4	0	0	0	0	0	0	0	0	3	0	0	0	0	0	0	0	9	0	3	0	4	0
0	0	0	0	0	5	0	0	0	0	0	0	0	0	0	0	0	0	0	0	0	0	0	0	0	0	0	0	0	0	0
0	9	0	0	0	0	9	0	18	0	0	0	0	0	0	0	0	15	0	0	0	0	4	0	5	11	0	2	0	18	0
6	0	0	0	1	0	0	1	0	0	0	0	0	0	0	0	0	0	0	0	3	0	0	0	0	0	0	2	0	0	0
0	2	0	0	0	0	0	0	4	0	0	0	0	0	0	0	0	4	0	0	0	0	0	0	0	0	0	0	0	0	0
0	0	0	0	4	0	0	8	0	0	0	4	0	0	2	0	2	0	0	2	9	0	2	0	0	0	0	0	6	0	0
0	0	0	0	0	0	0	2	0	6	0	0	0	0	0	0	0	0	0	0	0	0	0	0	0	0	0	0	0	0	0
6	2	39	15	57	0	0	42	0	33	0	30	0	0	62	0	53	3	0	7	17	0	67	9	0	2	0	0	13	0	0
0	0	0	2	0	0	4	0	0	2	0	0	0	8	0	0	0	8	8	0	0	0	3	0	0	12	3	0	0	5	3
0	0	0	0	0	0	0	0	0	0	0	0	0	0	0	0	0	0	2	0	0	0	0	0	0	0	0	0	0	0	0
0	0	0	0	0	0	0	0	10	0	0	0	0	0	0	0	0	0	0	0	0	0	0	0	4	0	0	7	0	0	0
0	0	0	0	0	0	0	0	0	0	0	0	0	2	0	0	0	0	2	0	0	0	0	0	0	0	0	0	0	0	2
0	0	0	0	0	0	0	0	0	0	0	0	0	0	0	0	0	0	0	0	0	0	0	0	0	0	0	10	0	0	0
0	0	0	0	0	0	0	0	0	0	0	0	0	0	0	0	0	0	0	0	0	3	0	0	0	0	0	0	0	0	0
10	32	11	8	3	50	26	3	12	9	2	19	0	6	9	0	0	36	36	9	0	16	13	14	5	36	0	0	15	11	13
0	2	0	0	0	0	4	0	2	0	0	0	0	0	0	0	0	11	0	0	0	0	0	0	0	0	0	0	0	1	0
1	0	0	2	2	0	0	0	0	0	0	2	0	0	0	0	1	0	0	0	0	0	0	0	0	0	0	0	4	0	0
0	153	0	0	0	0	130	0	118	0	0	0	0	0	0	0	0	210	0	0	16	0	3	0	268	223	0	43	0	84	0
0	4	0	0	0	0	2	0	0	0	0	0	0	0	0	0	0	2	0	0	0	0	0	0	7	4	0	0	0	2	0
0	0	0	0	0	19	3	0	0	1	0	0	0	53	0	3	0	0	3	0	0	17	0	2	0	0	0	0	0	0	2
0	0	0	2	0	0	0	0	0	1	0	0	0	0	0	0	0	0	0	0	0	0	0	3	0	0	0	4	0	0	2
0	0	0	4	0	0	0	0	6	0	0	3	0	4	0	0	0	0	8	0	0	4	0	2	0	0	0	4	0	0	8
0	0	0	0	0	0	0	0	0	0	0	0	0	0	0	0	0	0	0	0	0	0	0	0	0	0	4	0	0	0	0
0	0	0	0	0	2	0	0	0	0	0	0	0	0	0	0	0	0	0	0	0	0	0	0	0	0	0	0	0	2	0
0	7	0	0	0	0	0	0	0	0	0	0	0	0	0	0	0	0	0	0	0	0	0	0	0	3	0	0	0	0	0
158	0	0	0	0	0	0	0	0	0	0	0	0	0	0	0	0	0	0	0	0	0	0	0	0	0	0	0	0	0	0
0	0	2	0	0	0	0	0	0	8	0	4	2	0	0	0	0	0	43	0	0	27	0	0	4	2	1	0	0	16	13
0	0	0	0	2	0	0	4	0	0	0	0	0	0	1	0	0	0	0	0	4	0	0	0	0	0	0	0	0	0	0
0	0	0	0	0	2	0	0	0	0	0	0	0	0	0	0	0	0	0	0	0	0	0	0	0	0	0	0	0	0	0
0	0	0	0	0	0	0	0	0	0	0	0	0	0	0	2	0	0	0	0	0	0	0	0	0	0	3	0	0	0	0
2	0	0	0	0	0	3	0	3	0	0	0	0	0	0	0	0	0	0	0	0	0	0	2	0	0	0	0	0	0	0
0	0	0	0	0	0	0	0	0	0	0	0	0	0	4	0	4	0	0	0	0	0	0	0	0	0	0	0	0	0	0
12	0	133	1	0	0	0	0	0	49	0	21	2	0	0	0	6	0	0	17	0	0	0	4	0	0	0	0	0	0	0
3	12	9	0	2	0	42	0	15	15	0	4	0	0	0	0	6	22	0	5	4	0	0	2	20	20	0	10	6	14	0
0	0	0	0	0	2	0	0	0	0	0	0	0	2	0	0	0	0	0	0	0	0	0	0	0	0	0	0	0	0	0
0	0	0	0	0	4	0	0	0	0	0	0	0	0	3	5	0	2	0	0	0	0	0	0	0	0	0	0	0	12	0
0	0	0	0	0	0	0	0	0	0	0	0	0	0	0	0	0	0	0	0	0	0	0	0	0	0	0	0	0	0	2
0	0	0	0	0	0	0	0	0	0	0	4	0	0	0	0	0	0	0	0	0	0	0	0	0	0	0	0	0	0	2
0	15	0	0	0	0	7	0	9	0	0	2	0	0	0	0	0	15	0	0	0	0	0	0	14	15	0	7	2	17	0
0	0	0	0	0	15	0	0	0	0	94	0	0	0	0	14	0	0	0	0	0	0	0	2	0	0	16	0	0	0	1
0	0	0	0	0	0	0	0	0	0	0	0	0	0	2	0	7	0	0	0	3	0	0	0	0	0	0	0	0	0	0
0	0	0	0	3	0	0	0	0	2	0	0	0	0	0	0	0	0	0	0	0	0	0	0	0	0	0	0	0	0	0
0	0	2	0	0	0	0	0	0	0	0	0	0	0	0	0	0	0	0	0	0	0	0	0	0	0	0	0	0	0	0
0	0	4	0	0	0	0	2	0	0	0	0	0	0	0	0	0	3	0	0	0	0	0	0	0	2	0	0	0	0	0
0	10	0	0	0	0	13	0	11	0	0	0	0	0	0	0	0	12	0	0	0	0	0	3	2	14	0	0	0	7	0
0	0	0	0	0	0	0	0	0	0	0	0	0	2	0	0	0	0	0	0	0	0	0	0	0	0	0	0	0	0	5
0	0	0	0	5	0	0	1	0	0	0	0	0	0	4	0	0	0	0	0	0	0	0	0	0	0	0	0	0	0	0
2	0	0	0	0	81	2	0	0	0	0	0	0	16	0	4	0	0	8	2	0	0	0	0	0	0	3	0	0	0	0
0	0	0	0	0	0	0	0	0	0	0	0	0	0	0	0	0	0	0	0	0	0	0	0	4	0	0	0	0	0	0
0	0	0	0	0	2	0	0	2	0	0	0	0	0	0	0	7	0	0	0	0	0	0	0	0	7	0	0	0	0	0
0	0	0	0	0	0	0	0	0	0	2	0	0	0	0	0	0	0	0	0	0	0	0	0	0	0	0	0	0	0	3
0	0	0	0	0	0	0	0	0	0	0	0	0	0	0	0	0	2	0	0	0	0	0	0	2	3	0	0	0	7	0
4	0	0	6	2	0	0	0	0	3	0	1	0	0	0	0	1	0	0	0	0	0	0	0	0	0	0	0	3	0	0
0	0	0	0	4	0	3	0	0	2	0	0	0	0	0	0	0	0	0	0	0	0	0	0	2	4	0	2	3	0	0
0	0	4	4	0	0	0	0	0	7	0	2	0	0	3	0	0	0	0	7	0	0	0	2	0	2	0	0	0	0	0
0	0	0	0	0	0	0	0	0	0	0	0	0	0	0	0	0	3	0	0	0	0	0	0	0	0	39	0	0	3	0
0	0	0	0	0	0	0	0	0	0	0	0	0	0	0	7	0	0	0	0	0	0	0	0	0	0	0	0	0	0	0
2	0	0	0	0	0	0	2	0	0	0	2	0	0	2	0	0	0	0	0	0	0	0	0	0	0	0	0	0	0	0
4	1	0	0	0	1	0	0	0	0	0	0	0	8	0	1	0	0	5	0	0	0	0	2	0	0	1	0	3	5	5
0	0	0	0	0	0	3	2	0	1	0	0	0	0	4	0	0	0	0	1	0	2	4	0	0	0	0	0	7	0	0
0	2	0	0	0	0	3	0	0	0	0	0	0	0	0	0	0	6	0	0	0	0	0	0	4	4	0	3	0	5	0
0	0	0	1	113	0	0	104	0	3	0	7	0	0	123	0	25	0	0	2	24	0	88	2	0	0	0	0	11	0	0
0	0	0	0	4	0	0	0	8	0	0	0	0	0	0	0	0	0	0	0	0	0	0	2	0	0	0	0	0	0	0
0	3	0	0	0	0	0	0	0	0	0	0	0	0	0	0	0	4	0	0	0	0	0	0	3	2	0	0	0	0	0
2	1	0	0	0	3	2	0	7	0	0	0	0	2	0	0	0	4	4	2	0	3	0	0	2	7	0	9	0	5	2
0	0	0	0	0	0	0	0	0	0	0	0	0	0	0	0	0	0	0	0	0	0	0	0	0	2	0	0	0	0	0
0	0	0	0	0	0	0	0	0	0	0	0	0	0	2	0	0	0	0	0	0	0	0	0	0	0	0	0	0	2	0
0	0	0	0	0	2	0	0	0	0	0	0	0	2	0	0	0	0	0	0	0	0	0	0	0	0	0	0	0	0	0
3	0	0	0	2	0	0	2	0	1	0	0	0	0	3	0	2	0	0	0	0	0	3	2	0	0	0	0	0	0	2
0	0	5	0	5	0	0	6	3	5	0	0	0	0	4	0	0	2	0	2	0	0	10	5	0	0	0	0	0	0	0
0	0	0	0	0	0	0	0	0	0	0	0	0	0	0	0	0	0	0	0	0	0	0	0	4	0	0	0	0	0	0
8	4	2	0	16	8	0	24	8	2	0	8	13	0	12	5	12	14	9	4	3	106	28	3	23	0	0	0	0	20	17
2	0	0	0	0	0	0	0	0	0	0	0	0	0	0	0	0	0	0	0	0	0	0	0	0	0	0	0	0	0	0
0	0	0	0	0	0	0	0	0	0	0	0	0	0	0	0	0	0	0	0	0	0	0	0	0	0	0	0	0	0	10
0	7	0	0	0	0	3	0	7	0	0	0	0	0	0	0	0	9	0	0	0	0	0	0	2	4	0	0	0	4	0
0	0	0	0	0	0	0	0	10	0	0	0	0	0	0	0	0	0	0	0	0	0	0	0	0	0	0	0	0	0	0
0	0	0	0	0	0	0	0	4	0	0	0	0	0	0	0	0	4	0	0	7	0	0	0	0	2	0	0	0	0	0
0	0	2	0	0	2	0	0	4	1	0	2	0	9	0	0	0	0	3	0	0	4	0	4	0	0	0	0	4	2	0
0	8	0	0	0	0	8	0	3	0	0	0	0	0	0	0	0	10	0	0	5	0	0	4	14	8	0	0	17	2	0
0	0	0	0	0	0	0	0	0	0	0	0	0	0	0	0	0	2	0	0	0	0	0	0	0	0	0	0	0	2	0
0	0	0	2	0	0	0	0	0	0	0	0	0	0	0	0	0	0	0	0	0	0	0	0	0	0	0	3	0	0	0
0	0	0	0	0	0	0	0	0	0	0	0	0	0	0	0	0	0	0	0	0	0	2	0	0	0	0	0	0	0	0
2	3	3	0	0	0	0	0	0	3	0	0	0	0	0	0	0	2	0	0	0	0	0	0	0	0	0	2	0	0	0
10	0	2	2	0	8	0	0	0	7	2	6	0	2	3	0	0	2	8	2	0	0	0	9	4	0	0	0	23	8	6
7	6	5	6	5	22	6	3	0	10	0	2	0	28	3	0	6	8	35	6	0	24	3	18	5	0	4	2	11	3	16
0	35	0	2	0	0	37	0	51	0	0	0	0	0	0	0	0	45	0	0	0	0	0	0	31	49	0	14	2	31	0
12	0	5	10	0	0	0	0	0	1	0	2	0	0	0	0	0	0	0	0	1	0	0	0	0	0	0	0	3	0	0
8	3	10	3	11	6	3	28	14	10	0	5	0	0	21	0	3	9	2	0	0	0	23	11	10	0	0	14	11	10	0
0	2	2	0	4	73	0	3	0	4	5	0	7	60	2	11	4	0	58	0	0	7	0	0	0	0	14	0	3	10	29
9	0	0	0	2	0	0	0	0	0	0	0	0	0	0	0	17	0	0	0	5	97	0	0	0	0	0	0	0	0	0
0	0	0	3	0	8	2	0	0	2	182	0	0	0	0	0	0	4	3	0	0	0	0	0	6	0	5	0	0	0	0
0	0	0	0	0	0	0	0	0	0	0	0	0	0	0	2	0	0	0	0	0	0	0	0	0	0	0	0	0	0	0
0	0	0	0	0	0	0	0	0	0	0	0	0	0	0	0	0	0	0	0	0	0	0	0	0	0	28	0	0	0	0
0	0	0	0	0	0	0	0	0	0	0	0	0	0	0	0	0	0	0	0	0	0	2	0	0	0	13	0	0	0	0
22	0	0	0	0	0	0	0	4	0	0	0	0	0	0	4	0	0	0	0	0	0	0	5	0	0	148	0	7	0	0
7	27	197	49	155	0	4	132	9	305	0	209	2	0	55	0	256	57	0	84	140	0	97	151	0	101	0	0	2	27	0
0	0	0	0	0	0	0	0	0	0	0	0	0	0	0	0	0	0	0	0	0	0	0	0	0	0	0	12	0	0	0
0	0	0	0	0	0	0	0	0	0	0	2	0	0	0	0	0	0	0	0	0	0	0	0	0	0	0	0	0	0	0
0	0	0	0	3	0	0	1	0	0	0	0	0	0	1	0	0	0	0	0	0	0	0	0	0	0	0	0	0	0	0
0	0	0	0	0	0	0	0	0	0	0	0	0	3	0	0	0	0	0	0	0	0	0	0	0	0	0	0	0	0	0
2	0	0	5	6	0	0	3	0	0	0	0	6	0	4	0	2	4	0	0	5	0	2	0	0	0	0	0	2	2	0
0	0	0	0	0	0	0	0	0	0	0	0	0	2	0	0	0	0	3	0	0	0	0	0	0	0	0	0	0	0	2
0	0	0	0	0	0	0	0	2	0	0	0	0	0	0	0	0	3	0	0	0	0	0	0	6	0	0	0	0	0	0
3	0	0	0	0	0	0	0	0	0	0	0	0	0	0	0	0	0	0	0	0	0	0	0	0	0	0	0	0	0	0
0	0	0	0	0	0	0	0	0	0	0	0	0	0	0	0	0	0	0	0	0	0	0	0	0	0	0	0	0	12	0
0	0	0	2	0	0	0	0	0	0	0	0	0	0	2	0	0	2	0	0	0	0	0	0	0	0	0	4	0	4	0
0	0	0	0	3	0	0	5	0	4	0	4	0	0	11	0	4	0	0	0	0	0	1	0	0	0	0	0	0	0	0
0	0	0	0	0	0	0	0	0	0	0	0	0	0	0	0	0	0	0	0	0	0	2	0	0	0	0	0	0	0	0
0	38	0	0	0	0	35	0	8	0	0	0	0	0	0	0	0	58	0	0	0	0	0	0	25	57	0	32	0	5	0
0	0	0	0	0	0	0	0	0	0	0	0	0	0	0	0	0	0	0	0	0	0	0	0	0	0	0	0	4	0	2
0	4	0	0	0	0	3	0	0	0	0	0	0	0	0	0	0	16	0	0	0	0	0	0	0	2	0	0	0	2	0
0	0	0	0	12	0	0	9	0	0	0	0	0	0	3	0	2	0	0	0	0	0	6	0	0	0	0	0	0	0	0
0	0	0	0	0	0	0	0	0	0	0	0	0	0	0	0	0	0	0	0	12	0	0	0	0	0	0	0	0	0	0
0	3	0	0	0	3	2	0	0	0	0	0	0	0	2	0	0	2	0	0	0	0	0	0	0	4	0	0	0	0	0
0	4	0	0	0	0	4	0	8	0	0	0	0	0	0	0	0	5	0	0	0	0	0	0	2	1	0	0	0	0	0
0	0	0	0	0	0	0	0	0	0	0	0	0	0	0	0	0	0	0	0	0	0	0	0	4	0	0	0	0	0	0
0	0	0	0	0	0	0	0	0	0	0	0	0	3	0	0	0	0	0	0	0	0	0	0	0	0	0	0	0	0	0
0	11	0	0	0	0	4	0	0	0	0	0	0	0	0	0	0	14	0	0	0	0	0	0	0	3	0	0	0	0	0
0	0	0	2	0	0	0	0	0	0	0	0	0	3	0	0	0	0	10	0	0	97	0	0	0	2	5	0	0	0	26
0	0	0	0	0	0	0	0	0	0	0	5	0	0	0	0	0	0	0	0	0	0	0	0	0	0	0	0	0	5	0
0	0	0	0	0	0	0	0	0	0	0	0	0	0	0	0	0	0	0	0	0	0	0	0	0	0	12	0	0	0	0
0	44	0	0	6	0	36	4	4	0	0	0	0	0	10	0	7	51	0	0	0	0	4	0	16	73	0	2	0	22	0
0	0	0	0	0	0	0	0	0	0	0	0	0	0	0	0	0	3	0	0	0	0	0	0	0	0	0	2	0	0	0
0	3	0	0	0	0	6	0	0	0	0	0	23	0	0	0	11	8	0	0	0	0	0	0	3	8	0	10	0	0	0
10	47	21	5	7	15	63	6	34	15	0	10	0	2	7	2	5	53	0	8	0	6	12	13	44	45	0	21	11	30	11
0	5	0	0	0	0	0	0	0	0	0	0	0	0	0	0	0	3	0	0	0	0	0	0	4	4	0	0	0	0	0
235	0	2	2	0	231	0	0	13	0	19	0	0	9	0	0	0	0	263	0	0	0	2	15	0	0	11	0	3	0	0
0	0	0	0	0	0	0	0	6	0	0	0	0	0	0	0	0	0	0	0	0	0	0	0	0	0	0	0	0	0	0
0	0	0	0	0	0	1	0	0	0	0	0	0	0	0	0	0	0	0	0	0	0	0	0	0	1	0	0	1	0	0
0	0	0	0	1	0	0	0	0	0	0	0	0	0	0	0	0	0	0	0	0	0	0	0	0	0	0	0	0	0	0
0	0	0	0	0	0	0	0	0	0	0	0	0	0	0	0	0	0	0	0	0	0	0	0	0	0	2	0	0	0	0
0	0	0	0	0	21	0	0	0	0	14	1	0	4	0	53	0	3	40	0	0	59	0	2	0	0	27	0	0	0	8
0	4	0	0	0	0	0	0	5	0	0	0	0	0	0	0	0	0	0	0	0	0	0	0	3	3	0	0	0	8	0
0	0	0	0	2	0	0	5	0	0	0	2	0	0	4	0	4	0	0	0	0	0	3	0	0	0	0	0	0	0	0
0	0	0	0	0	3	0	0	0	0	0	0	0	0	0	0	0	0	2	3	0	3	0	2	0	0	0	0	0	0	0
0	0	0	0	0	0	0	0	0	0	0	4	0	0	0	0	0	0	0	0	0	0	0	0	0	0	0	0	0	0	0
0	0	0	0	0	10	0	0	0	0	0	0	0	0	0	0	5	2	0	0	0	0	0	0	11	0	0	2	0	11	0
0	0	0	0	0	3	0	0	0	0	0	0	0	0	0	0	0	0	0	0	0	0	0	0	0	0	0	0	0	0	3
0	0	0	0	0	0	0	0	0	0	0	2	0	0	0	0	0	0	0	0	0	0	0	0	0	0	0	0	0	0	0
0	0	0	0	0	0	0	0	0	0	0	0	0	0	0	0	0	0	0	0	0	13	0	0	0	0	0	0	0	0	0
0	0	0	0	0	0	0	0	0	0	0	0	0	0	0	0	0	0	6	0	0	0	0	0	0	0	0	0	0	0	0
2	0	0	0	0	0	0	0	0	0	0	0	0	0	0	0	0	0	0	0	0	0	0	0	0	0	0	0	0	0	0
0	0	0	0	0	0	0	0	0	0	0	0	0	0	0	0	0	0	0	0	0	0	0	0	0	0	0	0	0	4	0
0	0	0	0	0	0	2	2	0	0	0	0	0	0	0	0	0	0	0	0	0	0	2	0	0	0	0	0	0	0	0
2	7	4	3	23	0	4	10	7	5	0	6	0	0	6	0	4	8	0	2	0	0	9	2	3	2	0	2	25	12	0
24	108	225	200	226	0	111	149	39	245	0	209	0	0	129	0	219	119	0	135	152	0	91	314	16	160	0	6	29	3	0
0	0	0	0	0	0	0	0	0	0	0	0	0	0	0	3	0	0	4	0	0	0	0	0	0	0	2	0	0	0	13
0	1	0	0	0	0	3	0	0	0	0	0	0	0	0	0	0	0	0	0	0	0	0	0	0	1	0	0	0	0	0
0	0	0	0	0	0	0	4	0	2	0	2	7	0	0	0	3	0	0	0	0	0	3	0	0	0	0	0	0	0	0
0	0	0	0	5	0	0	13	0	0	0	4	0	0	3	0	2	0	0	0	0	0	8	0	0	0	0	0	2	0	0
0	0	0	0	0	0	0	0	0	0	0	0	0	0	0	0	0	0	0	0	0	1	0	0	0	0	0	0	0	0	0
48	4	24	106	60	0	5	27	0	22	0	14	2	0	55	0	62	0	0	8	85	0	49	10	2	7	0	0	87	0	0
0	0	0	0	4	0	0	0	0	0	0	0	0	0	3	0	3	0	0	3	0	0	2	0	0	0	0	0	0	0	0
14	5	0	3	3	60	6	4	21	3	2	5	32	195	13	7	1	7	338	5	8	59	4	9	12	9	5	2	13	8	131
0	0	0	0	0	0	0	0	0	0	0	0	0	0	0	0	0	0	0	0	0	0	0	3	0	0	0	0	0	0	0
0	0	0	0	0	0	0	0	0	0	0	0	0	0	0	0	0	0	0	0	0	0	0	3	0	0	0	0	0	0	0
0	0	0	0	0	3	0	0	0	3	0	0	0	10	0	0	0	0	5	0	0	9	0	0	2	2	0	0	5	0	9
0	0	0	0	0	2	0	0	0	0	0	0	0	0	0	0	0	0	0	0	0	0	0	0	0	0	0	0	0	0	0
0	4	4	0	0	7	0	11	0	1	2	2	0	2	0	0	0	2	0	0	0	0	0	4	0	0	0	0	0	0	0
0	0	0	0	0	0	0	0	0	0	0	0	0	0	0	0	0	0	0	0	0	0	0	0	0	0	0	0	0	3	0
0	0	0	0	0	6	0	0	2	0	2	0	0	1	0	0	0	0	2	0	0	0	0	2	0	0	0	0	0	0	0
0	1	0	0	0	0	0	0	0	3	0	0	0	0	0	0	0	0	0	0	1	0	0	0	1	0	0	0	2	0	0
2	0	0	0	0	0	0	0	0	0	0	0	1	0	0	0	0	0	0	0	0	0	1	6	0	0	2	0	0	0	0
0	0	0	0	0	0	0	0	0	0	0	0	0	0	0	0	0	0	0	0	0	8	0	0	0	0	0	3	0	0	0
3	5	1	10	0	0	0	0	0	0	0	1	0	0	0	0	0	0	0	0	2	0	2	0	0	0	0	3	20	2	0
0	0	0	0	0	2	0	0	0	0	0	0	0	0	0	0	0	0	0	0	0	0	0	0	0	0	0	0	0	0	0
0	0	0	0	0	0	0	0	0	0	0	4	0	0	0	0	0	0	0	0	0	0	0	0	0	0	0	0	4	0	0
6	12	12	2	0	0	5	0	3	10	0	6	0	0	0	0	0	4	0	0	2	0	0	6	4	9	0	6	5	6	0
0	0	0	0	0	0	0	0	0	0	0	0	0	2	0	0	0	0	0	0	0	0	0	0	0	0	0	0	0	0	0
8	0	10	30	12	0	0	0	0	8	0	2	5	0	6	0	1	0	0	4	9	0	0	4	0	0	0	0	4	0	0
0	0	0	0	0	0	0	0	0	0	4	0	0	0	0	0	0	0	0	0	0	0	0	0	0	0	2	0	0	0	0
0	5	0	0	0	0	12	0	5	0	0	0	0	0	0	0	0	18	0	0	0	0	0	0	0	8	0	0	0	2	0
4	4	0	0	0	31	0	4	9	4	2	4	0	33	5	0	0	4	10	3	0	11	5	7	0	0	0	0	2	11	10
0	25	0	0	0	0	24	0	37	0	0	0	0	0	0	0	0	27	0	0	0	0	0	0	52	20	0	30	0	42	0
0	0	0	0	0	0	0	0	0	0	0	0	0	0	0	0	0	0	0	0	0	0	0	3	0	0	0	0	0	0	0
0	0	0	0	0	0	0	0	0	0	2	0	0	0	0	0	0	0	0	0	0	0	0	0	0	0	0	0	0	0	0
9	9	4	4	2	0	2	0	6	2	0	6	0	0	0	0	0	7	0	5	0	0	0	9	2	6	0	0	2	4	0
0	0	0	0	0	0	0	0	0	0	0	0	0	0	0	0	0	3	0	0	0	0	0	0	0	0	0	0	0	0	0
0	0	0	0	0	86	0	0	0	0	4	0	0	2	0	9	0	3	0	0	0	8	0	0	0	0	8	0	0	11	2
0	0	0	0	3	0	0	0	0	0	0	0	0	0	0	0	3	0	0	0	0	0	2	0	0	0	0	0	0	0	0
0	0	0	3	0	0	0	2	0	0	0	0	0	0	0	0	2	0	0	4	0	0	0	2	0	0	0	0	0	0	0
0	0	0	0	0	0	0	0	0	0	0	0	0	0	2	0	0	0	0	0	0	0	5	0	0	0	0	0	0	0	0
0	0	0	0	0	0	0	0	0	0	0	0	8	0	0	0	0	0	0	0	0	0	0	0	0	0	0	0	0	0	0
0	0	0	0	0	0	0	0	0	0	0	0	0	0	0	0	0	0	0	0	0	0	0	0	0	0	0	0	0	4	0
0	4	0	0	0	0	2	0	2	0	0	0	0	0	0	0	0	7	0	0	0	0	0	0	0	7	0	0	0	2	0
3	0	7	15	0	0	0	0	0	8	0	5	0	0	2	0	4	0	0	0	7	0	0	4	9	0	0	0	9	0	0
3	0	0	0	0	0	0	0	0	0	0	0	0	0	0	0	0	0	0	0	0	0	0	0	0	0	0	0	0	0	0
2	0	9	14	66	0	0	60	0	9	0	16	7	0	64	0	41	2	0	12	18	0	98	0	0	0	0	0	0	0	0
0	0	0	0	0	0	0	0	0	0	0	2	0	0	0	0	0	0	0	0	0	0	0	0	0	0	0	0	0	0	0
0	0	0	0	0	0	2	0	0	0	0	14	0	0	0	0	0	4	8	0	3	3	0	0	47	0	0	6	0	0	59
0	6	0	0	0	0	0	0	2	0	0	0	0	0	0	0	0	0	0	0	0	0	0	0	2	0	0	2	0	4	0
0	0	0	0	0	0	0	0	0	0	0	8	0	0	0	0	2	0	0	0	0	0	0	0	0	0	0	0	0	0	0
0	0	0	0	0	0	0	0	0	0	0	0	0	0	0	0	0	0	0	0	9	0	0	0	0	0	0	0	0	0	0
0	3	0	0	0	0	0	0	0	0	0	0	0	0	0	0	0	0	2	0	0	0	0	0	0	0	0	0	0	0	0
0	0	0	0	0	0	0	0	0	0	0	0	0	0	0	0	0	0	8	0	0	0	0	0	0	0	0	0	0	0	0
0	0	0	0	0	0	0	0	0	0	0	0	0	0	0	0	0	0	0	0	0	2	0	0	0	0	0	0	0	0	0
0	0	0	0	1	0	0	3	0	0	0	0	0	0	3	0	11	0	0	0	3	0	6	0	0	0	0	0	0	0	0
0	0	0	0	0	3	0	0	0	0	0	0	0	0	0	0	0	0	0	0	0	0	0	0	0	0	0	0	0	0	0
0	0	0	0	0	0	0	0	0	0	0	0	0	0	0	0	0	0	0	0	0	0	0	2	0	0	0	0	0	0	0
0	0	0	0	0	2	0	0	4	0	286	0	0	0	0	1	0	0	2	0	0	0	0	0	0	0	12	0	0	0	2
0	0	0	0	0	3	0	0	0	0	0	0	0	0	0	0	0	0	0	0	0	0	0	0	0	0	0	0	0	0	0
0	0	0	0	0	0	0	0	0	0	0	0	0	0	0	0	0	0	4	0	0	0	0	0	0	0	0	0	0	0	0
0	0	0	0	0	0	0	0	0	0	0	0	0	0	0	0	0	0	0	0	0	0	0	0	0	0	4	0	0	0	0
0	0	0	0	0	0	0	0	0	2	0	8	0	0	0	0	0	0	0	2	0	0	0	3	0	0	0	0	0	0	0
2	11	0	2	0	0	23	0	18	0	0	0	0	0	0	0	0	5	0	0	0	0	0	2	5	3	0	8	0	3	0
0	0	0	0	0	0	0	0	0	2	0	3	0	0	5	0	2	0	0	0	0	1	0	0	0	0	0	0	0	0	0
0	0	0	0	0	0	0	0	0	0	0	0	0	0	0	0	0	0	0	0	0	0	0	0	0	0	7	0	0	0	0
8	2	6	4	5	0	0	3	2	9	0	18	3	0	0	0	1	0	0	2	3	2	0	2	0	0	0	0	20	0	0
1	0	0	0	0	0	0	0	0	0	0	0	0	0	0	0	0	0	0	0	0	0	0	0	0	0	0	0	0	0	0
0	0	0	0	0	0	0	0	0	0	0	0	0	0	0	0	0	0	0	0	0	2	0	0	0	0	0	0	0	0	0
0	0	0	0	0	0	0	0	0	0	0	0	0	0	0	0	0	0	0	0	11	0	0	0	0	0	0	0	0	2	0
0	0	0	0	0	0	0	0	0	0	0	0	0	0	0	0	0	0	0	0	0	0	0	3	0	0	0	0	0	0	0
0	0	0	0	0	7	0	0	0	0	0	0	0	0	0	0	0	0	0	0	0	0	0	0	0	0	0	0	0	0	0
2	0	4	2	0	0	0	2	0	0	0	0	0	0	0	0	0	0	0	0	0	0	0	0	0	0	0	0	0	0	0
0	0	0	0	0	0	0	0	0	0	0	0	0	0	0	0	0	0	0	0	0	14	0	0	0	0	0	0	0	0	0
0	35	0	0	0	0	14	0	12	0	0	0	0	0	0	0	0	22	0	0	0	0	0	0	10	20	0	7	3	15	0
0	0	0	0	0	0	0	0	0	0	0	0	0	0	0	0	0	0	0	0	0	0	0	0	4	0	0	0	0	0	0
0	0	3	2	0	0	0	0	7	0	0	3	0	0	0	0	0	0	0	3	0	0	0	3	0	2	0	0	0	0	0
0	0	0	0	0	0	0	0	0	0	0	0	0	0	0	0	0	0	0	0	0	0	0	0	0	0	0	0	2	0	0
2	0	0	48	2	0	14	6	1	10	0	9	0	0	2	0	8	3	0	0	55	0	3	13	0	3	0	7	3	0	0
346	33	96	523	160	0	25	188	5	159	0	238	0	0	105	0	35	47	0	90	64	2	142	247	19	58	0	8	667	4	0
0	2	0	0	0	0	0	0	2	3	0	0	0	0	0	0	0	11	0	0	0	0	0	0	0	4	0	0	0	0	0
0	0	0	0	0	5	0	0	0	0	0	0	0	0	0	0	0	0	0	0	0	0	0	0	0	0	0	0	0	0	0
3	0	3	0	0	0	0	0	3	0	0	2	0	0	0	0	0	4	0	2	0	2	0	4	0	3	0	0	0	0	0
0	0	0	0	2	0	0	0	0	0	0	0	0	0	0	0	0	0	0	0	0	0	0	0	0	0	0	0	0	0	0
0	0	0	0	0	2	0	0	0	0	0	0	0	0	0	0	0	0	0	0	0	0	0	0	0	0	0	0	0	0	0
0	3	0	0	0	1	15	0	2	0	0	0	0	0	0	0	0	8	2	0	0	0	0	0	0	9	0	0	0	11	1
0	0	0	0	0	0	0	0	0	0	0	0	0	0	0	2	0	0	0	0	0	0	0	0	0	0	0	0	0	0	0
0	0	0	0	0	0	0	0	0	0	0	0	0	0	0	0	0	0	2	0	0	0	0	0	0	0	0	0	0	0	0
0	0	0	0	0	0	0	0	0	0	0	0	0	0	0	0	0	0	0	0	0	0	0	0	2	0	0	0	0	0	0
2	0	0	0	0	0	0	0	0	0	0	0	0	0	0	0	4	0	0	0	0	0	3	0	0	0	0	0	0	0	0
35	4	109	23	0	0	12	2	3	160	0	100	0	0	0	0	0	2	0	76	0	0	0	28	0	12	0	2	16	0	0
0	0	0	0	2	0	0	0	0	0	0	0	0	0	0	0	0	0	0	0	0	0	2	0	0	0	0	0	0	0	0
0	0	2	0	0	0	0	0	0	0	0	0	0	0	0	0	0	0	0	0	0	0	0	0	0	0	0	0	0	0	0
0	0	0	0	0	0	0	2	0	0	0	0	0	0	0	0	0	0	0	0	0	0	0	0	0	0	0	0	0	0	0
0	0	0	0	0	0	0	0	0	0	0	0	0	0	0	0	0	0	0	0	0	0	0	0	0	0	24	0	0	0	0
0	0	0	0	0	0	0	0	0	0	0	0	0	0	0	0	0	0	0	0	0	0	0	2	0	0	0	0	0	0	0
0	1	0	0	0	0	4	0	0	0	0	0	0	0	0	0	0	3	0	0	0	0	0	0	2	3	0	0	0	2	0
0	0	0	0	0	0	0	0	0	0	0	0	14	0	0	0	0	0	0	0	0	0	0	0	0	0	0	0	0	0	0
0	0	0	0	1	0	0	1	0	0	0	0	0	0	9	0	0	0	0	0	0	0	7	3	0	4	0	0	0	0	0
0	2	0	0	0	0	0	0	0	0	0	0	0	0	0	0	0	3	0	0	0	0	0	0	2	0	0	0	0	8	0
0	2	2	0	0	19	4	0	3	3	10	2	0	26	0	27	0	0	42	3	0	20	0	3	5	2	9	0	2	0	20
0	0	0	0	0	0	0	0	0	0	0	0	0	0	0	4	0	0	0	0	0	0	0	0	0	0	0	0	0	0	0
0	0	0	0	0	0	0	0	0	0	0	2	0	0	0	0	0	0	0	0	0	0	0	0	0	0	0	0	8	0	0
0	0	0	0	3	0	0	3	0	0	0	0	0	0	2	0	3	0	1	0	0	3	3	0	0	0	0	0	0	0	0
0	0	0	0	0	0	0	3	0	0	0	0	0	0	0	0	0	0	0	0	3	0	0	0	0	0	0	0	0	0	0
0	0	0	0	6	0	0	0	0	0	0	0	0	0	0	0	0	0	0	0	2	0	5	0	0	0	0	0	0	0	0
0	0	0	0	0	0	0	0	0	0	0	0	0	0	0	0	0	0	0	0	0	0	0	0	0	0	0	3	0	0	0
0	21	0	0	0	0	20	0	11	0	0	0	0	0	0	0	0	36	0	0	0	0	0	0	9	26	0	6	0	15	0
0	0	0	0	0	23	0	0	2	0	15	0	0	0	0	2	0	0	2	0	0	8	2	2	0	0	0	14	0	0	0
0	223	0	0	2	0	165	0	81	0	0	0	5	0	0	0	0	248	2	0	7	0	3	0	67	260	0	36	6	25	0
0	12	0	0	0	0	13	0	5	0	0	0	0	0	0	0	0	9	0	0	0	0	0	0	12	14	0	0	0	14	0
0	2	0	0	0	0	0	0	3	0	0	0	0	0	0	0	0	0	0	0	0	0	0	0	4	0	0	0	0	0	0
5	3	0	15	0	0	3	3	5	0	0	0	0	0	0	0	0	9	0	0	0	0	2	0	25	14	0	0	5	3	0
105	43	79	33	209	245	24	219	73	103	0	184	52	14	207	37	204	39	17	56	134	25	182	96	8	15	21	12	10	39	19
0	0	0	2	0	0	0	0	0	0	0	0	0	0	0	0	0	0	0	0	0	0	0	0	0	0	0	0	0	0	0
0	0	0	0	0	0	0	0	0	0	4	0	0	0	0	2	0	0	0	0	0	0	0	0	0	0	0	0	0	0	0
0	4	0	0	0	0	4	0	2	0	0	0	0	0	0	0	0	2	0	0	0	0	0	0	14	4	0	0	0	2	0
0	0	0	0	0	0	0	0	0	0	0	2	0	0	0	0	0	0	0	0	0	0	0	0	0	0	0	0	0	0	0
0	0	0	0	0	0	0	0	0	0	0	0	0	0	0	0	0	2	0	0	0	0	0	0	0	0	0	0	0	0	0
30	0	0	0	0	4	0	3	0	0	0	0	0	0	4	0	0	0	2	3	0	17	0	7	0	0	0	0	2	0	0
0	7	0	0	0	0	7	0	6	0	0	0	0	0	0	0	0	14	0	0	0	0	0	0	7	12	0	0	0	4	0
6	5	17	3	2	0	4	5	7	24	0	13	0	0	0	0	0	4	0	16	0	0	0	7	0	2	0	0	5	8	0
0	6	0	0	0	0	2	0	2	0	0	0	0	0	0	0	0	6	0	0	0	0	0	0	4	13	0	3	0	0	0
0	0	0	0	0	0	0	0	0	0	0	0	0	0	0	0	0	0	0	0	0	0	0	0	0	0	149	0	0	0	0
0	8	0	0	0	0	5	0	9	0	0	0	0	0	0	0	0	4	0	0	0	0	0	0	4	5	0	10	0	4	0
4	0	8	4	0	0	0	0	2	5	0	9	0	0	0	0	0	0	0	6	0	0	0	5	0	0	0	0	6	0	0
0	0	0	0	0	0	0	1	0	0	0	0	0	0	0	0	0	0	0	0	0	0	0	0	0	0	0	0	0	0	0
0	0	0	0	0	0	0	0	0	0	0	0	0	0	0	0	0	0	0	0	0	0	0	0	0	2	0	0	0	0	0
4	0	0	0	0	0	0	0	0	0	0	0	0	0	0	0	0	0	0	0	0	0	0	0	0	0	0	0	0	0	0
0	0	0	0	1	0	0	0	2	0	0	0	0	0	2	0	2	0	0	0	0	0	0	0	0	0	0	0	0	2	0
0	0	0	3	0	0	10	0	8	0	0	0	0	0	0	0	2	4	0	0	0	0	3	2	4	7	0	4	0	0	0
0	2	0	0	0	0	0	0	2	0	0	0	0	0	0	0	0	8	0	0	1	0	0	0	5	0	0	4	0	0	0
0	18	0	0	0	0	28	0	9	0	0	0	0	0	0	0	0	36	0	0	2	0	0	0	7	27	0	3	0	10	0
0	0	0	0	0	0	1	1	0	2	0	0	0	0	0	0	2	0	0	0	0	0	2	0	0	0	1	0	0	0	0
0	8	0	0	2	0	3	0	0	0	0	0	0	0	0	0	0	12	0	0	8	0	0	0	0	7	0	6	0	0	0
0	0	0	0	0	11	0	0	3	0	0	0	0	2	0	0	0	4	0	0	0	0	2	0	0	2	0	0	3	0	2
838	15	12	31	6	618	31	6	9	19	35	16	13	46	0	116	8	4	151	10	9	10	14	262	21	8	1238	3	71	22	151
0	0	0	0	0	0	0	0	0	0	0	0	0	0	0	0	0	0	0	0	19	0	0	0	0	0	0	0	0	0	0
0	0	0	0	0	0	0	0	0	0	0	0	0	0	0	0	0	0	0	0	0	0	0	0	0	0	0	11	0	0	0
0	10	0	0	0	0	3	0	5	0	0	0	0	0	0	0	0	6	0	0	0	0	0	0	10	7	0	2	0	7	0
0	0	0	0	2	0	0	0	0	2	0	0	0	0	0	0	0	0	0	0	0	0	0	0	0	0	0	0	2	0	0
0	0	0	0	0	0	0	0	0	0	0	0	0	0	0	0	0	0	0	0	0	0	0	0	0	0	0	0	0	9	0
0	0	0	0	0	0	0	0	0	0	0	0	0	0	0	0	0	0	2	0	0	0	0	0	0	0	0	0	0	0	0
15	5	12	3	12	0	10	5	5	7	0	9	0	0	5	0	6	13	0	2	21	0	13	0	3	11	0	9	3	3	0
0	4	0	0	0	0	0	0	7	0	0	0	0	0	0	0	0	0	0	0	0	0	0	0	0	4	0	4	0	2	0
0	0	0	0	0	0	0	0	0	0	0	0	0	0	0	0	0	0	3	0	0	0	0	0	0	0	0	0	0	0	0
5	0	0	0	0	0	0	0	0	0	0	4	0	0	0	0	0	0	4	0	0	12	0	0	0	0	0	8	2	0	2
0	0	0	0	0	0	0	3	0	0	0	0	0	0	0	0	5	0	0	0	0	0	0	0	0	0	0	0	0	0	0
0	0	0	0	0	3	0	0	0	0	0	0	0	2	0	0	0	2	2	0	0	0	0	0	0	0	0	0	0	0	1
0	0	2	0	0	0	0	4	0	2	0	3	0	0	2	0	0	0	0	0	0	4	2	0	0	0	0	0	0	0	0
1	0	0	0	0	0	0	0	0	0	0	0	0	0	0	0	0	0	0	0	0	0	0	0	0	0	0	0	0	0	0
0	0	0	0	0	0	2	0	0	0	0	0	0	0	0	0	0	0	0	0	0	0	0	0	0	0	0	0	0	11	0
0	0	0	0	0	0	0	0	2	0	0	0	0	0	0	0	0	0	0	0	0	0	0	0	5	0	0	0	0	0	0
0	0	2	0	0	0	0	0	0	0	0	0	0	0	0	0	0	0	0	0	0	0	0	0	0	0	0	0	0	0	0
0	0	0	0	0	0	0	0	0	0	0	0	0	0	1	0	0	0	0	0	0	0	0	0	0	0	0	0	0	0	0
0	3	0	0	0	0	7	0	4	0	0	0	0	0	0	0	0	2	0	0	0	0	0	0	0	4	0	0	0	0	0
0	0	0	0	1	0	0	0	0	0	0	0	0	0	0	0	0	0	0	0	0	0	0	0	2	0	0	0	0	0	0
0	0	4	2	4	0	0	3	0	0	0	0	0	0	0	0	0	2	0	0	5	0	0	0	0	3	0	0	2	0	0
0	0	0	0	2	0	0	0	0	0	0	6	0	0	0	0	0	0	0	0	0	0	0	0	0	0	0	0	0	0	0
0	0	0	0	0	0	0	0	0	0	2	0	0	0	0	0	0	0	0	0	0	0	0	0	0	0	0	0	0	0	0
0	0	0	0	0	0	0	0	0	0	0	0	0	9	0	0	0	0	0	0	0	0	0	0	0	0	4	0	0	0	0
0	0	0	0	9	0	0	10	0	0	0	0	0	0	12	0	0	0	0	0	0	0	14	0	0	0	0	0	0	0	0
0	0	0	0	0	0	0	1	0	3	0	2	0	0	0	0	0	0	0	0	0	0	0	0	0	0	0	0	2	0	0
0	4	10	4	2	0	0	0	0	3	0	5	0	0	0	0	0	0	0	0	2	0	0	0	0	4	0	0	4	0	0
0	0	0	0	0	0	0	0	0	0	0	0	0	0	0	0	0	0	0	0	0	0	0	0	0	2	0	0	0	3	0
0	0	0	0	5	0	0	2	0	0	0	0	0	0	0	0	5	0	0	0	0	0	0	0	0	0	0	0	2	0	0
0	0	0	0	0	0	0	0	0	0	0	0	13	0	0	0	0	0	0	0	0	0	0	0	0	0	0	0	0	0	0
0	0	0	0	0	0	0	0	0	0	0	0	0	0	0	0	0	0	0	0	0	0	0	2	0	0	0	0	0	0	0
7	39	2	2	2	0	25	2	36	0	0	2	0	0	3	0	2	54	0	0	13	0	0	2	43	44	0	15	8	23	0
0	0	0	0	0	0	0	0	0	0	0	2	0	0	0	0	0	0	3	0	0	11	3	0	0	0	0	0	0	0	0
0	0	0	0	0	182	0	0	2	0	0	0	0	28	2	8	0	0	17	0	0	0	0	0	0	0	10	0	0	3	6
0	1	4	0	2	0	0	0	0	3	0	5	0	0	0	0	0	0	0	4	0	0	0	0	1	0	0	0	1	0	0
0	1	0	0	2	0	1	2	5	0	0	0	0	0	5	0	0	2	4	0	0	0	5	0	0	0	0	0	0	0	0
0	0	0	0	0	0	0	0	0	0	0	0	0	2	0	0	0	0	3	0	0	2	0	0	0	0	0	0	0	0	2
0	0	0	0	0	0	0	0	0	0	0	0	0	0	0	0	0	0	0	0	0	0	0	0	0	0	2	0	0	0	0
2	0	6	0	0	0	0	0	0	7	0	4	0	0	0	0	0	0	0	1	0	0	0	1	0	0	0	0	0	0	0
3	0	0	0	0	8	0	0	0	0	0	0	0	2	0	0	0	0	0	0	0	2	0	0	0	2	10	0	0	0	3
6	3	0	0	2	12	4	0	1	0	0	0	0	20	0	0	0	3	9	0	0	0	2	5	4	8	0	3	0	0	3
0	0	0	6	2	0	0	0	4	0	0	0	0	0	1	0	0	0	0	0	0	0	0	0	0	0	0	0	13	0	0
2	0	0	0	0	0	0	0	0	0	0	0	0	0	0	0	0	2	0	0	0	0	0	0	0	0	0	0	0	0	0
0	0	0	0	0	0	0	0	0	0	0	0	0	0	0	0	0	0	0	0	0	0	0	0	0	0	7	0	0	0	0
0	0	0	0	0	0	0	0	0	0	0	0	0	0	0	0	0	0	0	0	0	0	0	0	0	0	0	0	0	0	2
0	0	0	0	0	0	0	2	0	0	0	0	14	0	0	0	0	0	0	0	0	0	0	0	0	0	0	0	0	0	0
0	0	0	0	0	0	0	0	0	0	0	0	0	0	0	0	0	0	0	0	0	0	0	0	0	0	24	0	6	11	0
0	0	0	0	0	0	0	0	0	0	0	0	0	0	0	2	0	0	0	0	0	0	0	0	0	0	0	0	0	0	0
39	17	128	74	91	2	10	78	5	163	0	133	0	0	72	0	32	13	10	84	49	0	75	47	7	6	0	3	98	8	0
0	0	0	0	0	0	0	0	0	0	0	0	0	0	0	0	0	0	0	0	0	0	0	0	0	0	0	0	0	0	31
0	4	0	0	0	0	0	0	0	0	0	0	0	0	0	0	0	0	0	0	0	0	0	0	0	0	0	0	0	0	0
2	0	0	0	0	0	0	0	0	0	0	0	0	0	0	0	0	0	0	0	0	0	0	0	0	0	0	0	0	0	0
0	0	0	0	0	4	0	0	0	0	0	0	0	0	0	0	0	0	0	0	0	0	0	0	0	0	0	0	0	0	0
2	0	0	0	0	0	1	0	1	0	0	1	0	0	0	0	0	0	0	0	0	0	0	0	0	0	0	2	0	0	0
0	0	0	0	0	0	0	0	0	0	0	0	0	0	0	0	0	0	0	0	20	0	0	0	0	0	0	0	0	0	0
0	0	0	0	0	2	2	0	0	0	0	0	1	0	0	0	0	0	0	0	7	0	0	0	10	0	0	0	0	4	0
0	13	0	0	0	0	5	0	8	0	0	0	0	0	0	0	0	14	0	0	0	0	0	0	14	12	0	4	3	2	0
0	9	0	0	0	0	7	0	9	0	0	0	0	0	0	0	0	15	0	0	0	0	0	0	4	16	0	3	0	2	0
3	0	0	0	15	0	0	6	0	3	0	6	0	0	10	0	0	0	0	0	0	2	10	0	0	0	0	0	2	0	0
0	10	1	0	0	0	0	0	1	1	0	0	0	0	0	0	0	2	0	1	0	6	0	1	2	6	0	2	0	3	0
3	3	2	0	0	0	2	0	2	5	0	0	0	0	0	0	0	0	0	0	0	0	0	4	0	0	0	0	0	0	0
0	3	0	0	0	0	0	0	0	0	0	0	0	0	0	0	0	3	0	0	0	2	0	0	3	2	0	0	0	0	0
0	0	0	0	0	0	0	0	0	0	0	2	0	0	0	0	0	0	0	0	0	0	3	2	0	0	0	0	0	0	0
0	0	0	0	0	0	0	0	0	0	0	0	0	0	0	0	0	0	0	0	0	0	0	0	0	0	0	0	15	0	0
0	0	0	0	0	0	0	0	0	0	0	2	0	0	0	0	0	0	0	0	0	0	0	0	0	3	3	13	0	4	0
0	0	0	0	0	0	0	0	0	0	0	0	0	3	0	0	0	2	3	0	0	2	0	0	0	0	0	0	3	6	2
0	2	0	0	0	0	0	0	0	0	0	0	0	0	0	0	0	0	0	0	0	0	0	0	2	0	0	0	0	0	0
0	4	0	0	5	0	2	2	3	0	0	0	0	0	0	0	8	4	0	0	8	0	2	0	0	0	0	0	0	0	0
0	0	2	2	0	0	0	0	0	3	0	3	0	0	7	0	2	0	0	0	0	0	2	0	0	0	0	0	0	0	0
0	0	0	0	0	0	0	0	3	0	0	0	0	1	0	0	0	0	0	0	0	42	0	0	0	0	2	0	0	0	0
0	2	0	0	0	0	10	0	0	0	0	0	0	0	0	0	0	5	0	0	0	0	0	0	0	10	0	0	0	11	0
0	0	0	0	0	0	0	0	0	0	0	0	0	0	0	0	0	0	0	0	0	0	0	3	0	0	0	0	0	0	0
0	0	0	0	0	0	0	0	0	0	0	0	0	0	0	0	0	0	0	0	0	3	5	0	0	0	0	0	0	0	0
0	0	0	0	0	0	0	0	0	0	0	0	0	0	0	0	0	0	0	0	0	0	0	0	0	0	0	0	0	0	6
0	16	2	0	0	0	18	0	4	0	0	0	0	0	0	0	0	17	0	0	0	0	0	0	2	17	0	15	2	6	0
0	0	0	0	0	0	0	0	0	0	0	0	0	0	0	0	0	0	0	2	0	0	0	0	0	0	0	0	0	0	0
0	0	0	0	0	0	0	0	0	0	0	0	0	0	0	0	0	0	0	0	0	0	0	0	0	2	0	0	0	0	0
0	0	0	0	0	0	0	0	0	0	0	0	13	0	0	0	0	0	0	0	0	0	0	0	0	0	0	0	0	0	0
0	0	0	0	0	0	0	2	8	0	0	0	0	0	0	0	0	0	0	0	0	0	0	0	0	0	0	0	0	0	0
1	0	0	0	0	0	0	5	0	0	0	0	0	2	5	0	0	2	0	0	2	0	5	0	0	0	0	0	2	0	0
0	0	2	4	0	0	2	0	0	0	0	0	0	6	0	0	0	0	0	0	0	0	0	0	0	0	0	0	2	0	2
0	0	0	0	0	0	0	0	0	2	0	0	0	0	0	0	0	0	0	0	0	6	0	0	0	0	0	0	0	0	0
3	0	27	2	33	2	5	33	6	18	0	13	13	0	27	0	11	4	2	8	10	1	32	5	1	3	0	4	0	7	0
0	0	0	0	0	0	0	0	0	0	0	0	0	0	0	0	0	0	0	0	0	0	0	0	0	0	0	0	11	0	0
0	0	0	0	2	0	0	0	0	0	0	0	0	0	0	0	0	0	0	0	0	0	0	0	0	0	0	0	0	0	0
0	0	0	2	0	0	0	0	0	0	0	0	0	0	0	0	0	0	2	0	0	0	0	0	0	0	0	0	0	0	0
8	0	4	0	0	0	0	0	0	10	0	5	0	0	0	0	0	2	0	0	0	2	0	10	0	0	0	14	7	0	0
0	0	0	0	0	0	0	0	0	0	0	0	0	0	0	0	0	0	0	0	0	0	0	0	0	0	0	0	0	0	2
0	0	0	0	0	0	0	0	45	0	0	0	0	0	0	2	0	0	0	0	7	0	0	0	20	0	0	0	0	0	0
0	0	0	0	0	0	0	0	0	0	0	0	0	0	0	0	0	0	0	0	0	0	0	0	0	0	0	2	0	0	0
0	0	0	0	4	0	0	0	0	0	0	0	0	0	0	2	0	2	0	0	0	3	0	2	0	0	0	0	0	0	0
0	2	0	0	0	0	0	0	0	2	0	0	0	0	0	0	3	0	0	3	0	0	0	0	0	0	0	0	0	0	0
0	4	3	0	0	0	6	0	22	11	0	7	0	0	0	0	2	4	0	0	0	0	5	0	5	16	0	2	0	6	0
0	2	0	0	0	0	0	0	0	0	0	0	0	0	0	0	0	0	0	0	0	0	0	0	0	0	0	0	0	0	0
0	0	2	0	0	0	0	0	0	0	0	0	0	0	0	0	0	0	0	0	0	7	0	0	0	0	0	0	0	0	2
0	15	0	0	0	0	7	0	4	0	0	0	0	0	0	0	3	8	0	0	0	0	0	0	2	9	0	1	0	0	0
0	50	0	0	0	0	29	0	42	0	0	2	0	0	2	0	0	39	0	0	2	0	0	0	22	66	0	11	0	47	0
0	4	0	0	0	0	0	0	0	0	0	0	0	0	0	0	0	0	0	0	0	0	0	0	0	4	0	2	0	0	0
0	0	0	0	0	4	0	0	0	0	0	0	0	0	0	0	0	0	0	0	0	0	0	0	0	0	0	0	0	0	0
2	0	4	0	0	0	0	0	0	4	0	5	0	0	0	0	0	2	0	4	0	0	0	0	0	0	0	0	2	0	0
3	0	0	0	0	0	0	0	0	0	0	0	0	0	0	0	0	0	0	0	0	10	0	0	0	0	0	0	0	0	0
0	0	0	0	0	0	0	0	0	0	0	0	0	0	0	0	0	0	2	0	0	0	0	0	0	0	0	0	0	0	0
0	0	0	0	0	0	0	0	0	0	0	0	0	0	0	0	0	0	0	0	0	0	0	0	0	0	0	0	0	0	2
0	0	0	0	0	0	0	0	0	0	6	0	0	3	0	0	0	0	3	0	0	2	0	0	0	0	0	0	0	0	5
0	0	0	0	0	0	0	0	0	0	1	0	0	0	0	0	0	0	0	0	0	0	0	0	0	0	0	0	0	0	0
0	0	0	0	0	2	0	0	0	0	0	0	0	0	0	0	0	0	0	0	0	0	0	0	0	0	0	0	0	0	0
0	0	0	0	0	0	4	0	3	0	0	0	0	0	1	0	0	0	0	0	0	0	0	0	0	0	0	0	0	3	0
0	0	0	0	0	0	0	0	0	0	0	2	0	2	0	0	0	0	2	0	0	0	0	0	0	0	0	0	0	0	5
0	0	0	0	0	0	0	0	0	0	0	0	0	0	0	0	0	0	0	0	0	0	0	3	0	0	0	0	0	0	0
0	0	0	0	0	0	0	0	0	3	0	0	0	0	0	0	0	0	0	0	0	0	0	2	0	0	0	0	0	0	0
0	1	0	0	7	0	2	3	0	0	0	0	0	19	12	0	2	3	25	0	8	1788	5	0	0	1	0	0	0	3	37
0	0	0	0	0	0	0	0	0	0	0	2	0	0	0	0	0	0	0	0	0	0	0	0	0	0	0	0	0	0	0
3	0	0	0	2	0	0	0	0	0	0	0	1	0	5	0	0	0	0	0	0	2	0	0	0	0	0	0	0	0	0
0	9	0	0	0	0	5	0	5	0	0	0	0	0	0	0	0	3	0	0	0	0	0	0	3	7	0	11	0	4	0
0	1	0	0	38	6	2	15	3	2	0	4	0	8	7	0	30	0	7	7	16	13	20	13	8	7	11	0	4	0	10
2	0	0	0	0	7	0	2	3	0	0	0	0	0	0	0	0	0	10	0	0	0	0	4	0	0	0	0	0	0	0
0	0	0	0	0	0	0	0	0	0	0	0	0	0	0	0	0	0	0	0	0	0	0	0	0	2	0	0	0	0	0
0	0	0	0	0	0	0	2	2	0	0	0	0	0	0	0	0	0	0	0	0	0	0	0	0	0	0	0	0	0	0
0	0	0	0	0	0	0	0	0	0	0	0	0	4	0	0	0	2	0	0	0	0	0	0	0	0	0	0	0	0	0
0	0	0	0	0	3	0	0	0	0	0	0	0	0	0	0	0	0	0	0	0	0	0	0	0	0	0	0	0	0	0
0	2	0	0	0	0	0	0	0	0	0	0	0	0	0	0	0	0	0	0	0	0	0	0	0	0	0	0	0	0	0
0	0	0	0	31	0	0	19	0	0	0	0	0	0	31	0	30	0	0	0	10	0	32	0	0	0	0	0	0	0	0
0	0	7	0	8	0	0	15	0	5	0	8	0	0	19	0	2	0	0	5	0	0	14	0	0	0	0	0	0	0	0
4	2	0	0	8	0	0	15	0	0	0	0	0	0	2	0	3	2	0	0	0	0	4	0	0	0	0	0	0	0	0
4	8	5	0	2	0	9	0	3	7	0	7	0	0	6	0	0	3	0	3	0	0	4	2	4	12	0	0	5	3	0
0	0	0	0	0	0	0	0	0	0	0	0	0	0	0	0	0	0	0	0	0	0	0	4	0	0	0	0	0	0	0
0	0	0	0	0	2	0	0	0	0	0	0	0	0	0	0	0	3	0	0	0	0	0	0	0	0	0	0	0	0	0
0	22	0	0	0	0	21	0	13	0	0	0	0	0	0	0	0	30	0	2	0	0	0	0	14	31	0	12	2	8	0
2	0	0	0	0	18	0	0	2	2	0	4	0	9	2	0	2	5	15	2	0	0	0	3	0	4	0	3	3	0	9
0	0	0	0	0	0	0	0	0	1	0	0	0	0	0	0	0	0	0	0	0	0	0	0	0	0	0	0	0	0	0
0	4	0	0	0	0	0	0	0	0	0	0	0	2	2	0	0	0	0	0	0	0	2	0	0	0	4	0	0	0	0
0	0	0	0	17	0	0	24	0	0	0	0	0	0	11	0	8	0	0	0	12	0	27	0	0	0	0	0	0	0	0
0	0	0	0	0	0	0	0	0	3	0	0	0	0	0	0	0	0	0	0	0	0	0	2	4	0	0	0	0	0	0
7	3	18	5	0	0	0	0	0	19	0	20	0	0	0	0	0	3	0	6	0	0	0	4	7	6	0	0	15	0	0
0	0	0	0	0	0	0	0	0	0	0	0	0	0	0	0	0	0	0	0	0	0	2	0	0	0	0	0	0	0	0
0	0	0	0	0	2	0	0	0	0	2	0	0	0	0	0	0	0	0	0	0	0	0	0	0	0	0	0	0	0	0
3	0	0	2	4	0	2	0	0	0	0	2	0	0	0	0	0	0	0	0	0	0	2	2	0	0	0	0	3	0	0
0	0	0	0	0	0	0	0	0	0	0	0	0	0	0	0	0	0	0	0	0	2	0	0	0	0	0	0	0	0	0
0	0	3	0	14	9	0	4	0	2	0	0	0	3	9	0	0	0	0	0	9	4	17	3	0	0	2	0	0	0	0
0	4	0	0	0	0	0	0	0	0	0	0	0	0	0	0	0	6	0	0	0	0	0	0	4	3	0	0	0	0	0
0	0	0	0	5	0	0	0	0	0	0	0	0	0	0	0	0	0	0	0	6	0	0	0	0	0	0	0	0	0	0
0	0	0	0	0	30	0	0	0	0	0	0	0	0	0	0	0	0	0	0	0	0	0	0	0	2	0	0	0	0	0
0	0	0	0	2	0	0	0	0	0	0	0	0	0	0	0	0	0	0	0	0	0	0	0	0	0	0	0	0	0	0
0	0	0	0	0	0	0	0	0	0	0	0	0	0	0	0	0	0	0	0	0	0	0	0	0	0	12	0	0	0	0
6	0	3	0	0	0	0	0	0	7	0	9	0	0	0	0	0	2	0	4	0	0	0	1	0	0	0	0	0	0	0
0	0	0	0	0	0	0	0	0	0	0	0	0	0	0	0	0	0	1	0	0	0	0	0	0	0	0	0	0	0	0
0	2	0	0	0	0	2	0	2	0	0	0	0	0	0	0	0	2	0	0	2	0	0	0	0	0	0	0	0	0	0
0	3	0	0	0	0	8	0	15	0	0	0	0	0	0	0	0	10	0	0	0	0	0	0	4	4	0	0	0	0	0
0	0	0	0	0	2	0	0	0	0	0	0	0	0	0	3	0	0	0	0	0	0	0	0	0	0	12	0	0	0	0
0	0	0	0	0	0	0	2	0	0	0	0	0	0	0	0	0	0	0	0	0	0	0	0	0	0	0	0	0	0	0
0	2	2	0	6	0	4	2	2	0	0	0	5	0	1	0	16	0	0	0	0	0	2	0	4	5	0	0	0	0	0
0	2	0	0	0	2	2	0	0	0	0	0	0	0	0	0	0	0	0	0	0	0	0	0	6	10	0	0	0	0	0
0	9	2	2	0	0	5	0	0	13	0	2	0	0	0	0	0	7	0	0	0	0	0	2	6	8	0	2	10	8	0
0	0	0	0	0	1	0	0	1	0	0	0	0	0	0	0	0	0	0	0	0	0	0	0	0	0	0	0	0	0	0
0	7	0	0	0	0	5	0	3	0	0	0	0	0	0	0	0	3	0	0	0	0	0	0	0	7	0	0	0	0	0
0	0	0	0	0	0	0	0	0	0	0	0	0	0	0	0	5	0	0	0	0	0	0	0	0	0	0	0	0	0	0
0	0	0	0	0	0	0	0	0	0	0	0	0	0	0	0	0	0	0	0	0	0	0	3	0	0	0	0	0	0	0
0	0	2	0	0	0	0	2	0	0	0	0	0	0	0	0	2	0	0	0	0	0	0	0	0	0	0	0	0	0	0
0	2	0	0	0	0	0	0	2	0	0	0	0	0	0	0	0	2	0	0	0	0	0	0	0	6	0	0	0	0	0
0	0	0	0	0	0	0	0	0	0	0	0	0	0	0	0	0	0	0	0	0	0	0	0	0	0	2	0	0	0	0
0	5	0	0	0	0	2	0	2	0	0	0	0	0	0	0	0	0	0	0	0	0	0	0	0	2	0	0	0	0	0
0	0	0	0	0	0	0	0	10	0	0	0	27	0	0	0	0	0	0	0	0	0	0	0	0	0	0	0	0	8	0
4	3	2	2	0	0	0	3	0	3	0	2	0	0	0	0	0	0	0	0	2	0	2	0	0	0	0	2	4	0	0
4	0	0	0	4	23	0	0	0	3	0	0	0	6	0	4	0	0	5	4	0	0	0	4	0	0	2	0	5	6	0
0	1	0	0	0	0	0	2	0	0	0	0	0	0	0	0	0	3	0	0	2	0	0	2	19	4	0	0	0	0	0
0	0	0	0	0	0	0	0	0	0	0	0	0	0	0	0	7	0	0	0	0	0	0	0	0	0	0	0	0	0	0
0	0	0	0	0	0	0	0	0	0	0	0	0	0	0	0	0	0	0	0	0	4	0	0	0	0	0	0	0	0	0
0	0	0	0	0	0	0	0	0	0	0	0	0	0	0	0	0	0	0	0	0	2	0	0	0	0	0	0	0	0	0
0	2	0	0	0	0	3	0	3	0	0	0	0	0	0	0	0	0	0	0	0	0	0	0	0	0	0	4	0	2	0
0	0	0	0	0	0	0	0	0	0	0	0	0	13	0	2	0	0	9	0	0	0	0	0	0	0	0	0	0	0	2
0	1	0	0	0	0	0	0	0	0	0	0	0	0	0	0	0	3	0	0	0	0	0	0	0	1	0	5	0	4	0
0	0	0	0	38	0	0	22	0	0	0	0	0	0	17	0	12	0	0	0	0	0	18	3	0	0	0	0	0	0	0
0	0	0	0	4	0	0	0	0	0	0	0	0	0	0	0	2	0	0	0	2	0	2	0	0	0	0	0	0	0	0
0	4	0	0	0	0	3	0	0	0	0	0	0	0	0	0	0	0	0	0	0	0	0	0	0	3	0	0	0	0	0
14	67	93	28	38	0	38	40	22	97	0	93	0	0	25	0	9	49	0	35	25	6	43	34	20	54	0	0	57	27	0
0	0	0	0	0	0	0	0	0	0	0	0	0	3	0	2	0	0	4	0	0	0	0	0	0	0	0	0	0	0	0
17	0	0	0	0	131	0	2	3	0	3	6	0	64	0	205	0	6	50	2	0	27	2	13	20	2	178	11	4	15	449
4	0	7	0	5	0	0	5	0	8	0	5	0	0	7	0	2	0	0	0	0	0	8	0	0	0	0	0	0	0	0
1	0	0	0	0	3	0	0	0	0	0	0	0	0	0	0	0	0	0	0	0	0	0	0	0	0	145	0	42	0	0
0	0	0	0	0	0	0	2	0	0	0	0	0	0	0	0	0	0	0	0	0	0	0	0	0	0	0	0	0	0	0
0	0	0	0	0	0	0	0	0	0	0	0	8	0	0	0	0	0	0	0	0	0	0	0	0	0	0	9	0	0	3
0	0	0	0	0	2	0	0	0	0	0	0	0	0	0	0	0	0	0	0	0	0	0	0	0	0	0	0	0	0	0
0	0	0	0	0	0	0	0	0	0	0	0	0	0	0	0	0	0	0	0	0	0	3	2	0	0	0	0	0	0	0
0	142	0	0	0	0	131	0	92	2	0	0	0	0	0	0	0	190	0	0	26	0	0	0	74	174	0	48	15	77	0
0	0	0	0	0	3	0	0	0	0	0	0	0	0	0	0	0	0	0	0	0	0	0	0	0	0	0	0	0	0	0
0	16	0	0	0	0	5	0	6	0	0	0	0	0	0	0	0	19	0	0	4	0	0	0	9	10	0	2	0	2	0
0	6	0	0	0	0	1	0	3	0	0	0	0	0	0	0	0	10	0	0	0	0	0	0	0	15	0	0	0	1	0
0	0	0	0	0	0	0	0	0	0	0	0	0	9	0	0	0	0	3	0	0	0	0	0	0	0	0	0	0	0	0
3	0	0	0	0	0	0	0	0	0	0	0	0	0	0	0	0	0	3	0	0	0	0	0	0	0	0	0	0	0	0
0	5	0	0	0	0	8	0	4	0	0	0	0	0	0	0	0	5	0	0	0	0	0	0	7	4	0	6	0	3	0
0	4	0	0	0	0	2	0	2	0	0	0	0	0	0	0	0	6	0	0	0	0	0	0	0	2	0	0	0	0	0
0	2	0	0	0	0	2	0	4	0	0	0	0	2	0	0	0	0	0	0	0	0	0	0	2	2	0	0	0	0	0
0	18	0	0	0	0	15	0	7	0	0	1	0	3	0	0	0	7	0	0	0	2	0	0	2	6	0	14	0	3	0
0	0	3	0	0	0	0	0	0	0	0	3	0	0	2	0	0	0	0	0	0	0	0	0	0	0	0	0	0	0	0
2	0	4	3	0	2	2	3	0	3	0	0	0	3	5	0	0	0	3	0	0	0	5	7	0	3	0	0	0	0	0
0	3	0	0	0	1	7	0	12	0	0	0	0	0	0	0	0	0	0	0	0	0	0	0	0	3	0	0	0	10	0
0	3	0	0	0	0	2	0	0	0	0	0	0	0	0	0	0	6	0	0	0	0	0	0	0	2	0	2	0	0	0
0	10	0	3	0	0	9	0	4	0	0	0	0	0	0	0	0	19	0	0	0	0	0	0	16	10	0	0	0	3	0
0	0	0	0	4	0	0	2	0	0	0	5	0	0	2	0	0	0	0	0	0	0	6	0	0	0	0	0	0	0	0
0	0	0	0	0	0	0	0	0	0	0	0	0	2	0	0	0	0	5	0	0	0	0	0	0	0	0	0	0	0	0
0	0	0	4	0	0	0	0	0	0	0	0	0	0	0	0	0	0	0	0	0	2	0	0	0	0	0	0	0	0	0
0	0	0	0	0	0	0	0	0	0	0	0	0	0	0	17	0	0	0	0	0	0	0	0	0	0	1	0	0	0	0
0	0	0	0	0	0	0	1	0	0	0	0	0	0	0	0	0	0	0	0	0	5	0	0	0	0	0	0	0	0	0
0	0	0	0	3	0	0	0	0	0	0	0	0	0	0	0	6	0	0	0	4	0	0	0	0	0	0	0	0	0	0
0	3	0	0	0	0	0	0	5	0	0	0	0	0	0	0	0	2	0	0	0	0	0	0	5	0	0	0	0	4	0
0	0	0	0	0	0	0	0	0	0	0	0	0	0	0	0	0	0	0	0	0	0	0	0	0	0	0	0	0	6	0
0	0	0	0	0	0	0	0	0	0	0	0	16	0	0	0	0	0	0	0	0	0	0	0	0	0	0	0	0	0	0
0	0	0	0	0	7	0	0	0	0	0	0	0	2	0	0	0	0	3	0	0	0	0	0	0	0	0	0	0	0	0
0	0	2	0	0	0	0	0	0	0	0	0	0	0	0	0	0	0	0	0	0	0	0	0	0	0	0	0	0	0	0
0	0	0	0	0	0	0	0	2	0	0	0	0	0	0	0	0	0	0	0	0	0	0	0	0	0	0	0	0	0	0
0	0	0	0	0	0	5	0	3	3	0	0	0	0	0	0	0	6	0	0	0	0	0	0	1	4	0	0	0	0	0
0	0	0	0	0	3	0	0	0	2	0	0	0	0	0	0	0	0	0	0	0	0	0	0	0	0	0	0	0	0	0
0	0	0	0	0	0	0	0	0	0	3	0	0	0	0	0	0	0	0	0	0	0	0	0	0	0	0	0	0	0	21
0	4	0	0	0	0	2	0	5	0	0	0	0	0	0	0	0	9	0	0	0	0	0	0	2	22	0	2	0	4	0
0	0	0	0	0	0	0	0	0	0	0	0	0	0	0	0	0	0	0	0	0	0	0	0	0	0	0	2	0	0	0
0	0	0	0	0	0	0	0	0	0	0	0	0	0	0	0	0	0	0	0	1	0	0	0	0	0	0	8	0	0	0
6	2	0	4	0	0	0	0	0	0	0	0	0	0	0	0	0	0	0	0	0	0	0	0	0	0	0	0	4	5	0
0	0	0	0	0	0	0	0	0	2	0	0	0	0	0	0	0	0	0	0	0	0	2	4	0	0	0	0	0	0	0
0	0	0	0	0	0	0	0	0	0	0	0	0	0	0	0	0	0	0	0	0	6	2	0	0	0	0	0	0	0	0
0	0	0	0	0	7	0	0	0	0	2	0	0	0	0	0	0	0	7	0	0	1	0	0	0	0	0	0	0	0	99
0	0	0	0	0	0	0	0	0	0	0	0	0	0	0	0	0	2	0	0	0	0	0	0	0	0	0	0	0	0	0
1	16	0	0	0	0	6	0	14	0	0	0	0	0	0	0	0	0	0	0	0	0	0	0	0	4	0	5	0	0	0
0	7	0	2	0	4	2	2	0	0	0	0	0	0	0	3	0	4	4	0	0	2	0	0	0	0	0	0	0	3	0
2	0	0	0	3	0	0	2	3	0	0	6	0	0	4	0	0	0	0	0	0	0	2	0	0	0	0	0	0	0	0
0	0	0	0	0	0	0	0	0	0	0	0	0	0	0	0	0	0	0	0	0	0	0	0	0	0	13	0	0	0	0
0	0	0	0	0	0	0	0	0	0	0	0	0	0	0	0	0	0	0	0	0	0	0	3	0	0	0	0	0	0	0
0	0	0	0	0	0	0	0	0	0	0	0	0	0	2	0	0	0	0	0	0	0	0	0	0	0	0	0	0	0	0
0	0	3	0	0	0	0	0	0	6	0	5	0	0	0	0	0	0	0	2	0	0	0	0	0	0	0	0	0	0	0
0	0	2	4	0	0	0	0	0	2	0	2	0	0	0	0	0	4	0	2	0	0	0	0	0	3	0	0	22	0	0
0	0	0	0	0	2	0	0	0	0	0	0	0	0	0	0	0	0	0	0	0	0	0	0	0	0	0	0	0	0	0
0	0	0	0	0	0	0	0	0	0	0	0	0	6	0	0	0	0	0	0	0	0	0	2	0	0	0	0	0	0	0
0	0	0	0	4	0	0	7	0	0	0	3	0	0	0	0	3	0	0	0	3	2	0	2	0	0	0	0	0	0	0
0	0	0	0	0	0	0	0	0	0	0	0	0	0	2	0	0	0	0	0	0	0	0	0	0	0	0	0	0	0	0
0	0	2	5	3	0	0	0	0	6	0	0	0	0	0	0	0	0	0	2	0	0	0	9	6	0	0	3	6	0	0
0	0	2	4	4	0	0	4	0	0	0	2	5	2	0	0	0	4	0	0	2	0	3	0	0	3	0	5	0	3	0
0	0	0	10	0	0	0	0	0	0	0	0	0	0	0	0	0	0	0	0	0	0	0	0	0	0	0	0	0	0	0
0	0	0	0	0	8	0	0	0	0	823	0	0	0	0	299	0	0	0	0	0	0	0	0	0	0	0	0	0	4	3
0	0	0	0	0	0	0	0	0	0	0	0	0	0	0	0	0	0	0	0	0	0	0	0	0	0	0	0	0	16	0
0	0	0	0	2	0	0	0	0	0	0	0	0	0	0	0	0	0	0	0	0	0	0	0	0	0	0	0	0	0	0
0	2	0	0	6	0	0	11	0	0	0	0	0	0	4	0	0	0	0	0	3	2	4	0	0	0	0	0	0	0	0
0	0	0	0	0	4	0	0	0	0	0	0	0	0	0	0	0	0	0	0	0	0	0	0	11	0	2	0	0	0	0
0	0	0	0	4	0	0	2	2	0	0	0	0	0	6	0	0	0	0	0	0	0	3	0	0	0	0	0	0	0	0
0	0	0	0	0	0	2	0	26	0	0	0	19	0	0	0	0	0	0	0	0	0	0	0	0	0	0	0	0	0	0
0	26	2	4	2	0	11	3	0	4	0	2	0	0	4	0	0	28	0	2	1	0	0	1	13	36	0	10	0	30	0
0	0	0	0	4	0	0	0	0	0	0	3	0	0	2	0	5	0	2	0	0	2	1	0	0	0	0	0	0	0	0
0	0	0	0	0	0	0	3	0	0	0	0	0	0	0	0	0	0	0	0	2	0	5	0	0	0	0	0	0	0	0
0	0	0	0	0	0	0	0	1	0	0	0	0	0	2	0	0	0	0	0	0	0	0	0	0	0	0	0	0	0	0
0	0	0	0	3	0	0	0	0	0	0	0	2	0	0	0	0	0	0	0	0	0	0	0	0	0	0	0	0	0	78
0	0	0	4	0	0	0	0	0	0	0	0	0	4	0	0	0	0	0	0	0	0	0	0	0	0	0	0	0	7	0
0	0	6	0	0	0	0	0	0	1	0	0	0	0	0	0	0	0	0	2	0	0	1	0	0	0	0	3	0	0	0
0	0	0	0	0	0	0	0	0	0	2	0	0	0	0	0	0	0	0	0	0	0	0	0	0	0	0	0	0	0	0
0	0	0	0	0	0	0	0	0	0	0	0	0	0	0	0	0	0	0	0	0	0	0	0	0	0	2	0	0	0	0
0	0	0	0	0	0	0	0	0	0	0	0	0	0	5	0	0	0	0	0	0	0	3	2	0	0	0	0	0	0	0
0	0	0	3	0	3	0	0	0	0	0	0	0	7	0	0	0	3	9	0	0	3	2	0	0	0	0	3	0	0	39
11	77	4	5	7	3	34	4	46	10	0	4	0	2	1	0	5	75	14	0	0	0	0	12	27	52	0	29	9	34	2
26	47	12	0	4	0	45	0	51	23	0	18	0	0	0	0	2	46	2	10	0	2	0	13	12	43	0	5	11	38	0
3	0	0	0	0	20	5	0	0	0	0	3	0	3	0	2	0	2	3	3	0	0	0	0	3	0	0	2	2	0	0
0	57	0	0	0	0	37	0	20	0	0	0	0	0	0	0	0	32	0	0	2	0	0	0	14	24	0	0	0	16	0
0	0	0	0	0	0	0	0	0	0	0	0	0	0	0	0	0	0	1	0	0	0	0	0	0	0	0	0	0	0	0
0	0	0	0	0	0	0	0	0	0	0	0	0	0	0	0	0	0	0	0	7	0	0	0	5	0	0	0	0	0	0
0	0	0	0	0	0	0	0	0	0	0	0	0	0	0	0	0	0	0	0	0	0	0	0	0	0	0	0	3	0	0
0	0	0	0	0	0	0	0	0	0	0	3	0	0	0	0	0	0	0	0	0	0	0	0	0	0	0	0	0	0	0
0	0	0	0	0	0	0	0	0	0	0	0	0	0	0	0	0	0	0	0	0	0	0	0	0	0	20	5	0	0	0
0	4	0	0	0	0	0	1	0	0	0	0	0	0	0	0	0	0	0	0	0	0	4	0	0	0	0	0	0	0	0
0	0	0	0	0	0	0	0	0	0	0	0	0	0	0	0	0	0	2	0	0	0	0	0	0	0	0	0	0	0	0
542	0	0	0	0	0	0	0	5	0	0	0	0	0	0	0	0	0	0	0	0	0	0	554	0	0	598	5	0	12	0
0	0	0	2	0	0	0	0	0	0	0	0	0	0	0	0	0	0	0	0	0	0	0	0	0	0	2	0	0	0	0
3	37	0	0	0	0	37	0	20	0	0	0	0	0	0	0	0	64	0	0	3	0	0	0	38	54	0	31	0	19	0
3	0	0	0	0	0	0	0	0	0	0	0	0	0	0	0	0	0	0	0	0	0	0	0	0	0	0	0	0	0	0
0	2	0	2	0	0	0	0	5	0	0	0	0	0	3	0	0	2	0	0	0	0	0	0	3	4	0	0	0	0	0
0	0	0	0	0	0	0	0	0	0	0	5	0	0	0	0	0	0	0	0	0	0	0	0	0	4	0	0	0	0	0
6	0	4	0	7	0	2	0	5	3	0	8	0	0	0	0	2	2	0	3	0	0	0	15	0	3	0	0	0	0	0
0	0	3	0	2	0	0	0	0	2	0	0	0	0	2	0	0	0	0	0	0	0	2	0	0	0	0	0	0	0	0
0	0	0	0	0	0	0	5	0	0	0	0	0	0	0	2	0	0	0	0	0	3	0	0	0	0	3	0	0	0	0
0	0	0	0	0	0	0	0	0	0	0	0	0	0	0	0	0	0	0	0	0	0	0	0	0	0	2	0	0	0	0
0	0	0	0	0	0	0	0	0	2	0	0	0	0	0	0	0	0	0	0	0	0	0	0	0	0	0	0	0	0	0
0	0	0	0	0	0	0	0	0	0	0	0	0	0	2	0	0	0	0	0	0	0	0	0	0	0	0	0	0	2	0
5	0	0	10	2	0	0	0	0	5	0	7	0	0	3	0	0	0	0	0	9	0	2	2	0	0	0	0	0	0	0
0	3	0	0	0	0	2	0	4	0	0	0	0	0	0	0	0	2	0	0	0	0	0	0	4	0	0	0	0	2	0
0	0	0	0	0	1	2	0	0	0	0	0	0	1	0	0	0	0	1	0	0	0	0	0	0	0	0	0	0	0	2
2	0	0	0	0	0	2	0	0	0	0	4	0	0	0	0	0	0	4	0	0	0	0	3	0	0	0	0	0	0	0
0	0	0	0	0	3	0	0	0	0	0	0	0	0	0	0	0	0	2	0	0	0	0	0	0	0	0	0	0	8	0
0	0	0	0	2	0	0	0	0	0	0	2	0	0	0	0	0	0	0	0	0	0	0	0	0	0	0	0	0	0	0
0	0	0	0	0	7	0	0	0	0	0	0	0	7	0	0	0	0	22	0	0	0	0	0	0	0	0	0	0	0	0
0	0	0	0	0	0	0	0	0	0	0	0	0	0	2	0	0	0	0	0	0	71	0	0	0	0	0	0	0	0	0
0	0	0	0	0	0	0	0	0	0	0	0	0	2	0	0	0	0	2	0	0	0	0	0	0	0	0	0	3	0	0
104	7	3	3	1	127	14	0	20	5	0	8	0	175	0	80	0	2	128	12	0	8	3	46	11	8	1409	6	26	44	544
0	0	0	0	0	0	0	0	0	0	0	0	0	0	0	2	0	0	0	0	0	0	0	0	0	0	0	0	0	0	0
0	8	2	0	0	0	0	0	0	0	0	0	0	0	0	0	0	10	0	0	0	0	0	0	2	5	0	0	0	0	0
0	0	3	0	0	0	0	0	0	0	0	2	3	0	0	0	0	0	0	0	0	2	1	3	0	0	0	0	2	0	0
0	0	0	0	5	0	0	3	0	0	0	0	0	0	0	0	1	0	0	0	3	0	2	0	0	0	0	0	0	0	0
3	0	0	0	0	3	0	0	0	0	0	0	0	0	0	0	0	0	0	0	0	0	0	0	0	0	0	0	0	0	0
0	0	0	0	0	0	0	0	0	0	0	0	0	0	0	0	0	0	0	0	0	3	0	0	0	0	0	0	0	0	0
0	0	0	0	0	0	0	0	0	0	0	0	0	0	0	0	0	0	16	0	0	0	0	0	0	0	0	0	0	0	0
0	0	0	0	0	0	0	1	0	0	0	0	0	0	0	0	0	0	0	0	0	0	0	0	0	0	0	0	0	0	0
0	0	0	0	0	0	0	0	0	0	0	0	0	0	2	0	0	0	8	0	0	0	0	7	0	2	0	0	0	0	0
0	0	0	0	0	0	0	0	0	0	0	0	0	0	0	0	0	0	0	0	0	0	0	0	0	0	0	14	0	0	0
0	37	0	0	0	0	47	0	21	0	0	0	0	0	0	0	0	38	0	0	0	0	0	0	27	35	0	8	0	29	0
0	0	0	0	0	7	0	0	0	0	0	0	0	0	0	0	0	0	0	0	0	0	0	0	0	0	0	0	0	0	0
0	0	0	0	0	0	0	0	7	0	0	0	0	0	0	0	0	0	0	0	0	0	0	0	2	0	0	0	0	4	0
7	4	2	3	2	5	0	0	7	3	0	0	0	0	0	0	0	0	4	3	0	2	0	6	0	0	0	0	3	2	0
0	0	8	0	0	0	0	0	1	13	0	15	0	0	0	0	0	0	0	2	0	0	0	0	0	0	0	0	0	0	0
0	0	2	0	0	2	0	0	0	0	0	3	0	0	3	0	0	0	0	0	0	0	2	0	0	0	0	0	0	0	0
6	0	39	3	0	0	0	0	0	30	0	17	0	0	0	0	0	0	0	18	0	0	0	4	0	0	0	0	0	0	0
19	0	242	35	6	0	0	4	0	289	0	130	0	0	14	0	2	3	0	121	0	0	8	31	0	0	0	11	39	3	0
0	0	0	0	0	0	0	0	0	0	0	0	0	0	0	0	0	0	0	0	0	1	0	0	0	0	0	0	0	0	0
0	0	0	0	0	0	0	0	0	0	0	0	0	0	0	0	0	0	0	0	0	0	0	0	4	0	0	0	0	0	0
0	0	0	0	0	0	0	0	0	0	0	0	0	0	0	0	0	0	0	0	0	1	0	0	0	0	0	0	0	0	0
0	0	0	0	2	0	0	0	0	0	0	0	0	0	0	0	0	0	0	0	0	0	0	0	0	0	0	0	0	0	0
0	0	0	0	0	0	0	0	0	6	0	0	0	0	0	0	0	0	0	0	0	0	0	0	0	0	0	0	0	0	0
0	0	4	0	0	0	0	0	1	0	0	3	0	0	0	0	0	5	0	1	0	0	0	0	5	0	0	29	0	0	0
0	0	0	0	0	0	0	0	0	0	0	0	0	0	0	2	0	0	0	0	0	0	0	0	0	0	15	0	0	0	0
0	0	4	3	2	0	0	5	0	2	0	0	0	0	0	0	0	0	0	0	0	0	0	0	0	0	0	0	3	0	0
0	0	0	0	0	0	0	0	0	0	0	0	0	0	0	2	0	0	0	0	0	0	0	0	0	0	17	0	0	0	0
0	0	0	0	0	0	0	0	0	0	0	0	0	5	0	0	0	0	0	0	0	0	0	0	0	0	0	0	0	0	2
0	13	0	0	0	0	7	0	2	0	0	0	0	0	0	0	0	3	0	0	0	0	0	0	1	7	0	0	0	21	0
0	0	0	0	0	0	0	0	0	0	0	0	0	0	0	0	0	0	0	0	0	0	0	0	3	0	0	0	0	0	0
3	0	11	4	49	0	0	59	0	10	0	23	0	2	31	0	24	0	4	14	16	82	63	6	0	0	0	0	0	0	0
0	0	0	0	4	0	0	3	0	2	0	6	0	0	4	0	0	0	0	0	0	0	6	2	0	0	0	0	0	0	0
0	0	0	0	0	0	0	0	0	0	0	0	0	0	0	0	0	0	3	0	0	0	0	0	0	0	0	0	0	0	0
0	0	0	0	0	0	0	4	0	0	0	0	0	0	0	0	0	0	0	0	0	0	0	0	0	0	0	0	0	0	0
0	0	0	0	0	5	0	0	2	2	0	0	0	0	0	0	0	0	0	0	0	0	0	0	14	0	0	14	0	0	0
567	0	0	0	0	0	0	0	12	0	210	0	11	0	0	8	0	0	137	0	0	0	0	17	4	0	0	1	0	16	0
0	0	0	0	0	0	0	0	0	0	0	0	0	0	0	0	0	1	0	0	0	0	0	0	0	0	0	0	0	0	0
0	16	0	0	0	0	6	0	1	0	0	0	0	0	0	0	0	15	0	0	3	0	2	0	0	13	0	0	0	7	0
0	0	0	0	0	0	0	0	4	0	0	0	0	0	0	0	0	0	0	0	0	0	0	0	0	0	0	0	0	0	0
0	0	0	0	0	0	0	0	0	0	0	0	0	0	0	0	0	0	0	0	0	0	0	0	0	0	0	0	0	0	2
0	0	0	0	0	0	0	0	0	0	0	0	24	0	0	0	0	0	0	0	0	0	0	0	0	0	0	0	0	0	0
0	0	0	0	0	0	2	0	0	0	0	0	0	0	0	0	0	0	0	0	0	0	0	0	0	0	0	0	0	0	0
0	0	0	0	0	0	0	0	0	0	0	2	0	2	0	0	0	0	3	0	0	0	0	0	0	0	0	0	2	6	2
0	2	0	0	0	7	0	0	2	0	0	3	0	20	0	0	0	0	21	2	0	2	0	7	0	4	0	0	0	0	2
0	0	0	0	0	0	0	0	0	0	0	0	0	0	0	0	0	0	0	0	0	0	0	0	0	0	0	0	0	7	0
3	4	16	0	19	0	7	17	4	12	0	5	14	0	12	0	10	6	0	2	26	0	12	10	0	6	0	0	0	2	0
0	0	0	0	0	0	0	0	0	0	0	0	0	0	0	4	0	0	0	0	0	0	0	0	0	0	0	0	0	0	0
0	13	0	4	0	0	4	0	14	0	0	0	0	0	0	0	0	10	0	0	4	0	0	0	4	7	0	20	0	4	0
11	27	7	0	32	0	4	29	8	6	0	8	0	0	40	0	13	11	0	2	12	0	50	3	24	20	0	0	0	15	0
0	0	0	0	0	0	1	0	0	0	0	0	0	3	0	0	0	0	2	0	0	0	0	0	0	0	0	0	0	0	0
2	162	0	0	3	0	102	4	47	0	0	0	0	0	0	0	0	133	0	0	23	0	2	0	68	130	0	29	1	9	0
0	0	0	0	0	0	0	0	2	0	0	0	0	0	0	0	0	0	0	0	0	0	0	0	0	0	0	0	0	5	0
0	6	0	0	0	0	0	0	7	0	0	0	0	0	0	0	0	11	0	0	0	0	0	0	7	5	0	0	0	0	0
0	0	0	0	0	0	0	0	0	0	4	0	0	0	0	0	0	0	0	0	0	0	0	0	0	0	0	0	0	0	0
0	0	0	0	0	0	0	0	2	0	0	0	0	0	0	0	0	0	0	0	0	0	0	0	9	0	0	0	0	0	0
2	0	0	0	0	8	0	0	0	0	0	0	0	14	0	0	0	0	4	0	0	0	0	2	0	3	0	0	0	0	4
0	0	0	0	0	0	0	0	0	0	0	1	0	0	0	0	0	0	0	0	0	0	0	2	0	0	0	0	0	0	0
0	0	0	0	0	0	0	0	0	0	15	0	0	0	0	0	0	0	0	0	0	0	0	0	0	0	0	0	0	0	0
0	0	0	0	0	0	2	0	0	1	0	0	0	0	7	0	0	0	0	0	0	0	0	0	0	0	0	0	0	0	0
0	0	0	0	0	0	0	0	0	0	0	0	0	9	0	0	0	0	3	0	0	0	0	0	0	0	0	0	0	0	0
0	7	0	0	0	0	0	0	0	0	0	0	0	0	0	0	0	3	0	0	0	0	0	0	1	1	0	0	0	3	0
0	0	0	3	0	11	2	2	0	0	0	12	0	3	0	2	0	2	3	4	0	3	0	9	0	2	3	0	15	1	3
0	0	0	2	0	0	0	0	0	0	0	10	0	0	0	0	0	0	0	5	0	0	0	35	0	0	0	0	0	0	0
0	0	0	0	0	0	0	0	0	2	0	0	0	0	0	0	0	0	0	0	0	0	0	2	0	0	0	0	1	0	0
0	0	5	8	0	0	0	0	0	0	0	0	0	0	1	0	0	0	0	0	0	0	0	0	0	0	0	0	142	0	0
0	0	0	0	0	2	0	0	3	0	0	0	0	0	0	0	0	0	0	0	0	0	0	0	0	0	0	0	0	0	0
0	0	0	0	0	0	0	0	0	0	0	0	20	0	0	0	0	0	0	0	0	0	0	0	0	0	0	0	0	0	0
0	0	0	0	0	0	0	0	0	0	0	0	0	0	0	0	0	0	0	0	0	0	0	0	0	0	0	1	0	0	0
0	0	0	0	0	0	0	0	0	0	0	0	0	0	0	0	0	0	0	0	0	0	0	0	0	0	0	45	0	0	0
0	0	2	0	179	0	0	153	0	0	0	5	16	0	93	0	143	0	0	0	49	0	103	0	0	0	0	0	0	0	0
0	0	0	0	0	0	5	0	0	0	0	0	0	0	0	0	2	0	0	0	0	0	0	0	0	6	0	0	0	0	0
0	0	0	0	0	2	0	0	0	0	0	0	0	0	0	0	0	0	0	0	0	0	0	0	0	0	0	0	0	0	0
0	0	0	0	0	0	0	0	0	0	0	0	0	0	0	0	0	0	3	0	0	0	0	0	0	0	0	0	0	0	0
0	6	0	0	0	0	7	0	7	0	0	0	0	0	0	0	0	8	0	0	0	0	0	0	0	0	0	0	0	0	0
11	29	0	3	0	6	8	3	19	2	2	3	0	13	0	0	2	37	7	0	5	2	0	0	12	37	0	0	0	16	0
2	0	0	0	0	0	0	0	0	0	0	0	0	0	0	0	0	0	0	0	0	0	0	0	0	0	0	0	0	0	0
0	0	0	0	0	0	0	0	0	0	0	0	0	4	0	0	0	0	2	0	0	2	0	0	0	0	0	0	0	0	3
4	1	0	0	0	0	5	0	0	2	0	0	0	0	0	0	0	6	0	0	0	0	0	0	3	1	0	4	0	2	0
0	0	0	0	0	0	0	0	0	0	0	0	0	0	0	2	0	0	0	0	0	0	0	2	0	0	0	0	0	0	0
0	0	0	2	0	2	0	2	7	0	0	0	0	2	0	0	0	0	2	0	0	0	0	0	0	0	0	0	0	0	11
0	0	0	0	0	0	0	0	14	0	0	0	0	0	0	0	0	0	0	0	0	0	0	0	0	0	0	0	0	0	0
0	0	0	0	0	0	0	0	0	0	0	0	0	2	0	0	0	0	0	0	0	4	0	0	0	0	0	0	0	0	3
0	0	1	0	0	0	0	0	0	0	0	0	0	0	2	0	0	0	0	0	0	0	5	0	0	0	0	0	0	0	0
0	13	0	0	0	0	10	2	0	0	0	0	0	0	0	0	0	8	0	0	0	0	0	0	11	8	0	0	5	2	0
0	0	0	0	0	0	0	0	0	0	0	0	0	0	0	0	0	0	0	0	0	0	0	0	0	0	0	3	0	0	0
4	0	2	0	0	0	0	1	0	4	0	13	0	0	2	0	0	0	0	2	0	0	0	0	0	0	0	0	0	0	0
0	0	0	0	7	0	0	2	0	2	0	0	0	0	4	0	5	0	0	0	0	0	3	2	0	0	0	0	0	0	0
0	0	0	0	0	0	0	0	0	0	0	0	0	0	1	0	0	3	2	0	0	0	0	0	0	0	0	0	0	0	0
0	0	0	0	0	0	0	2	0	0	0	0	0	0	0	0	0	0	0	0	0	0	0	0	0	0	0	0	0	0	0
6	2	0	0	0	47	4	0	0	3	0	0	0	2	2	9	0	0	6	2	0	0	0	3	0	0	0	0	4	0	4
0	0	0	0	0	0	2	0	0	0	0	0	0	0	0	0	0	0	0	0	0	0	0	0	0	0	0	0	0	0	0
0	0	0	0	0	0	0	0	0	0	0	0	0	0	0	0	0	0	0	0	0	0	0	0	9	0	0	0	0	0	0
0	0	0	0	0	0	0	0	0	0	0	0	0	0	0	0	0	0	0	0	0	0	0	0	0	0	0	11	0	0	0
57	35	137	266	86	0	32	57	27	192	0	157	0	0	63	0	47	55	0	58	159	0	69	112	30	47	0	20	122	21	0
0	0	3	0	28	2	0	28	0	8	0	2	0	0	28	0	18	0	0	0	4	0	26	5	0	0	0	0	0	0	0
0	0	0	0	2	0	0	0	0	0	0	0	0	0	0	0	0	0	0	0	0	0	0	0	0	0	0	0	0	0	0
0	0	0	0	0	2	0	0	0	0	0	0	0	0	0	0	0	0	0	0	0	0	0	0	10	0	0	0	0	0	0
0	0	0	0	0	0	0	0	0	0	0	0	0	0	2	0	0	0	2	0	0	0	0	0	0	0	0	0	0	0	0
0	0	0	0	0	5	0	0	0	0	0	0	0	0	0	0	0	0	0	0	0	0	0	0	0	0	0	0	0	0	0
0	0	0	0	0	0	0	3	0	0	0	0	0	0	0	0	11	0	0	0	33	0	0	0	0	0	0	0	0	0	0
0	0	0	0	0	0	0	0	0	0	0	0	0	0	0	0	0	0	0	0	0	0	0	0	0	0	0	0	0	0	2
0	0	0	0	0	0	0	0	0	0	0	0	0	0	0	0	0	0	0	0	0	0	0	0	0	0	0	237	0	0	0
0	0	0	0	0	0	0	0	0	0	0	0	4	0	0	0	5	0	0	0	0	0	0	0	0	0	0	0	0	0	0
0	0	0	0	0	0	0	0	0	0	0	0	0	0	0	0	0	0	0	0	0	0	0	2	0	0	0	0	0	0	0
0	0	0	0	0	0	0	0	0	0	0	0	0	2	0	0	0	0	0	2	0	2	0	0	0	0	0	0	0	0	0
0	0	0	7	0	0	0	0	0	0	0	0	0	0	0	0	0	0	0	0	0	2	0	0	0	0	0	0	0	0	0
3	0	0	2	0	2	0	0	0	2	0	5	0	4	0	0	0	0	1	0	0	0	0	4	0	0	0	0	0	0	2
0	11	0	0	0	0	11	0	0	0	0	0	0	0	0	0	0	8	0	0	0	0	0	0	0	8	0	3	0	0	0
0	0	0	0	0	0	0	0	0	0	5	0	0	0	0	0	0	0	0	0	0	0	0	0	0	0	0	0	0	0	0
3	0	0	0	0	0	0	0	0	0	0	0	0	0	0	0	0	0	0	0	0	2	0	2	0	0	0	0	2	0	0
1	5	2	4	5	8	0	0	0	3	0	0	0	4	4	0	0	0	13	2	0	2	5	0	0	0	4	0	5	2	4
0	1	0	0	0	0	0	0	0	0	0	2	0	0	0	0	0	4	0	0	0	0	0	0	22	0	0	0	0	0	0
0	0	0	0	0	0	0	0	1	0	0	0	0	0	0	0	0	0	0	0	0	0	0	0	0	0	0	0	0	0	0
0	0	0	0	0	0	7	0	0	0	0	0	0	0	0	0	0	0	0	0	0	0	0	0	0	3	0	0	0	0	0
0	0	0	0	0	8	0	0	0	0	0	0	0	39	0	0	1	0	27	0	0	9	0	2	0	0	17	0	0	0	123
2	5	2	0	0	0	0	0	0	2	0	2	0	0	0	0	0	4	0	0	0	0	0	0	0	0	0	0	0	1	0
0	0	0	0	0	0	0	0	2	0	0	0	0	0	0	0	0	0	0	0	0	0	0	0	0	0	0	0	0	0	0
2	0	0	0	0	0	0	0	0	0	0	0	0	0	0	0	0	0	0	0	0	0	4	0	0	0	0	0	2	0	0
0	0	0	0	0	0	0	0	0	0	0	0	15	0	0	0	0	0	0	0	0	0	0	0	0	0	0	0	0	0	0
0	0	0	0	0	0	0	0	0	0	0	0	0	0	0	0	0	0	0	0	0	8	0	0	0	0	0	0	0	0	0
3	5	25	2	25	0	12	25	3	13	0	24	2	0	11	0	15	4	0	10	23	0	11	7	3	0	0	4	1	0	0
0	0	0	0	0	0	0	0	0	0	0	0	0	0	0	0	0	0	0	0	0	0	0	0	0	0	0	0	0	9	0
0	0	0	0	0	0	0	0	0	0	0	0	0	0	0	0	0	0	0	0	0	0	0	0	0	0	6	0	0	0	1
14	0	0	0	0	0	0	0	0	0	0	0	0	0	0	0	0	0	0	0	0	0	0	0	0	0	0	2	0	0	0
0	0	0	0	0	0	0	0	0	0	0	0	0	0	0	0	0	0	0	2	0	0	0	0	0	0	0	0	0	0	0
0	0	0	0	0	0	0	0	2	0	0	0	0	0	0	0	0	0	0	0	0	0	0	0	12	2	0	0	0	0	2
0	0	0	0	3	0	0	0	0	0	0	0	0	0	0	0	0	0	0	0	19	0	0	1	0	0	0	0	0	0	0
0	0	3	0	0	0	0	0	0	0	0	0	0	0	0	0	0	0	0	0	0	0	0	0	0	0	0	0	0	0	0
0	0	0	2	2	0	0	0	0	0	0	4	0	0	4	0	0	0	2	0	2	0	0	0	0	0	0	0	2	0	7
0	0	0	0	0	0	0	0	0	0	0	0	0	1	0	0	0	0	0	0	0	0	0	0	0	0	0	0	0	0	0
0	0	0	0	0	0	0	0	0	0	0	0	0	0	0	0	0	0	0	0	0	0	2	0	0	0	0	0	0	0	0
1	0	4	13	1	0	0	0	0	4	0	6	0	0	0	0	1	0	0	4	0	3	4	2	0	0	0	0	9	0	0
2	0	0	4	0	7	0	0	0	0	0	0	0	10	2	0	0	0	0	0	0	7	0	0	0	2	2	0	2	3	16
0	2	0	0	0	0	0	0	3	0	0	0	0	0	0	0	0	3	0	0	0	0	0	0	0	0	0	0	0	5	0
0	0	0	0	0	0	0	0	0	0	0	0	0	0	0	0	0	0	0	0	0	0	0	0	0	0	9	0	0	0	0
0	3	1	0	16	0	4	27	0	0	0	3	0	0	28	0	5	6	0	0	0	0	18	3	0	4	0	0	0	0	0
0	0	0	4	0	0	0	1	0	0	0	2	0	0	0	0	2	0	0	0	0	9	1	2	0	0	0	0	2	0	0
0	0	0	0	3	0	0	2	0	1	0	0	0	0	0	0	5	0	0	0	0	0	0	2	0	0	0	0	0	0	0
0	0	0	0	0	0	0	0	0	0	0	0	0	0	0	0	0	0	0	0	0	0	0	0	0	0	0	0	0	2	0
0	0	0	0	0	0	0	0	0	0	0	0	0	0	0	0	0	0	0	0	0	0	0	0	0	2	0	0	0	0	0
0	0	0	0	0	0	0	0	0	0	0	0	0	0	0	0	0	0	0	0	0	0	0	0	0	0	0	0	0	4	0
0	0	0	0	0	0	0	0	0	0	0	0	0	0	0	0	7	0	0	0	0	0	0	0	0	0	0	0	0	0	0
0	0	0	0	0	0	0	0	0	4	0	0	0	0	0	0	0	0	0	0	0	0	0	0	0	0	0	0	0	0	0
0	0	3	0	0	0	0	6	4	0	0	0	0	0	0	0	4	0	0	0	2	0	2	0	5	5	0	3	5	0	0
0	0	0	0	0	0	0	0	0	0	0	0	0	0	2	0	0	0	0	0	0	0	0	0	0	0	0	0	0	0	0
0	0	0	0	0	0	0	0	0	0	0	0	0	0	3	0	0	0	0	0	0	0	0	0	0	0	0	0	0	0	0
0	0	0	0	2	0	0	4	0	0	0	0	0	0	12	0	2	0	0	0	163	0	4	0	0	0	0	0	0	0	0
0	0	0	0	0	0	0	0	0	0	0	0	0	0	0	0	0	0	0	0	0	0	0	0	0	0	0	5	0	0	0
0	2	0	0	0	0	0	0	2	2	0	0	0	0	0	0	0	6	0	2	0	0	0	0	6	5	0	0	0	0	0
0	0	0	0	0	12	0	0	0	0	0	0	0	38	0	0	0	0	1	0	0	32	0	0	0	5	0	2	0	0	101
0	0	0	0	0	0	0	1	0	0	0	0	0	0	1	0	0	0	0	0	3	0	0	0	0	0	0	0	0	0	0
3	0	2	4	0	0	0	0	0	3	0	0	0	0	0	0	0	0	0	4	0	0	0	0	0	0	0	0	2	0	0
31	7	17	73	24	0	2	37	0	14	0	9	3	0	0	0	43	3	0	6	53	0	30	23	0	0	0	0	269	0	0
2	4	0	0	4	0	4	0	8	4	0	2	0	0	0	0	0	0	0	5	0	0	0	0	0	0	0	0	2	0	0
2	0	22	0	0	0	0	1	1	0	0	21	0	0	0	0	2	0	0	3	0	0	1	1	0	0	0	0	0	3	0
2	0	0	0	5	0	0	6	0	2	0	0	0	0	10	0	0	0	0	0	5	0	0	0	0	0	0	0	0	0	0
0	0	0	0	0	0	0	0	0	0	0	0	0	0	0	3	0	0	0	0	0	0	0	0	0	0	0	0	0	0	0
0	0	0	2	0	0	0	0	12	0	0	0	0	0	0	0	0	0	0	0	0	0	4	0	0	0	0	0	12	0	0
0	0	0	0	3	0	0	5	0	0	0	0	0	0	0	0	4	0	0	0	2	0	0	0	0	0	0	0	0	0	0
0	0	0	0	2	0	0	0	0	0	0	0	0	0	0	0	0	0	0	0	0	0	0	0	0	0	0	0	0	0	0
0	0	0	0	3	3	0	0	10	0	0	3	0	0	0	0	0	0	0	0	0	0	0	0	0	0	0	0	0	15	0
5	0	0	0	0	0	0	0	0	0	0	0	0	0	0	6	0	0	0	0	0	0	0	0	0	0	0	0	0	0	0
3	0	17	0	3	0	0	0	0	7	0	15	0	0	0	0	3	0	0	1	0	0	0	5	0	0	0	2	0	0	0
0	0	0	0	0	0	0	0	0	0	0	0	0	0	0	0	0	0	0	0	0	0	0	0	2	0	0	0	0	0	0
0	0	0	0	0	2	0	0	5	0	0	0	0	8	0	0	0	5	5	0	0	4	0	0	0	0	0	0	0	4	3
0	0	0	0	0	0	0	0	0	0	1	0	0	0	0	0	0	0	0	0	0	0	0	0	0	0	3	0	0	0	0
0	0	0	0	0	0	0	0	0	0	0	0	0	0	0	0	0	0	0	0	0	0	0	0	0	0	0	0	37	0	0
0	0	0	0	0	0	0	0	0	0	0	0	0	0	0	0	0	0	9	0	0	0	0	0	0	0	0	0	1	0	0
0	0	0	0	0	0	0	0	0	0	0	0	0	0	0	0	0	0	0	0	0	0	0	0	0	0	0	0	0	0	10
0	0	0	0	0	0	0	1	0	0	0	0	0	0	0	0	0	0	0	0	0	9	0	0	0	0	0	0	0	0	0
0	0	0	0	7	0	0	0	0	0	0	0	0	0	6	0	3	0	0	0	0	0	6	3	0	0	0	0	0	0	0
0	0	0	0	0	0	0	0	0	0	0	0	0	2	0	0	0	0	3	0	0	5	0	0	0	0	0	0	0	0	0
0	0	0	0	0	0	0	0	0	0	0	0	0	0	0	0	0	0	0	0	0	0	0	0	0	1	0	0	0	0	0
6	6	2	2	3	11	7	5	12	2	3	7	0	17	8	0	0	10	11	2	5	0	11	0	0	5	3	7	7	7	5
0	2	0	0	0	10	0	0	49	0	0	2	0	0	0	0	2	2	0	0	0	0	0	0	11	0	0	28	0	5	0
3	0	0	0	0	0	0	0	7	0	0	0	0	0	0	0	0	0	0	0	0	0	0	0	0	0	412	0	0	0	0
0	0	0	0	0	0	0	0	0	0	0	0	0	0	0	0	0	0	2	0	0	0	0	0	0	0	0	0	0	0	0
0	0	0	0	0	2	0	0	0	0	0	0	0	0	0	4	0	0	0	0	0	0	0	0	0	0	0	0	0	0	0
27	0	0	0	0	0	0	0	0	0	0	0	0	0	0	0	0	0	0	0	0	0	0	0	0	0	0	0	0	0	0
0	5	0	0	0	0	5	2	0	0	0	0	0	0	0	0	0	9	0	0	0	0	0	0	3	5	0	0	0	0	0
0	0	0	0	3	0	0	0	0	0	0	0	0	0	0	0	0	0	0	0	0	0	0	0	0	0	0	0	0	0	0
0	0	0	0	43	0	0	21	0	2	0	0	3	2	36	0	21	0	0	0	26	0	36	0	0	0	0	0	0	0	0
0	2	0	0	0	0	11	0	0	0	0	0	0	0	0	0	0	3	0	0	2	0	0	5	0	4	0	0	0	0	0
0	0	0	0	0	0	0	0	0	0	0	0	0	0	0	0	0	2	0	0	0	0	0	0	0	0	0	2	0	0	0
2	0	0	0	0	0	0	2	0	2	0	0	0	0	0	0	3	0	0	0	0	0	1	0	0	0	0	0	0	0	0
0	0	0	0	0	0	0	0	0	2	0	0	0	0	0	0	0	0	0	0	0	0	0	0	0	0	0	0	0	0	0
0	0	0	0	0	0	0	0	0	0	0	0	0	4	0	0	0	0	0	0	0	0	0	0	5	0	0	0	0	0	0
0	0	0	0	0	0	0	0	0	0	0	0	0	0	0	0	2	0	0	0	0	0	0	0	0	0	0	0	0	0	0
0	0	0	0	0	0	0	0	0	0	0	0	8	0	0	0	0	1	0	0	0	0	0	0	0	0	0	0	0	1	0
0	0	4	0	13	0	0	20	0	4	0	0	0	0	20	0	24	0	0	4	4	0	28	3	0	0	0	0	0	0	0
0	0	0	0	0	0	0	0	0	0	0	0	0	0	0	0	0	0	0	0	0	0	0	0	5	0	0	0	0	0	0
0	0	0	0	0	0	0	2	0	0	0	0	0	0	0	0	0	0	0	2	2	0	5	0	0	0	0	0	0	0	0
2	0	0	2	3	0	0	2	0	0	0	0	0	0	0	0	0	0	0	0	0	0	0	0	0	0	0	0	2	0	0
0	0	0	0	0	0	0	0	4	0	0	0	0	0	0	0	0	0	4	0	0	0	0	0	0	0	0	0	0	0	0
0	0	8	0	0	0	0	0	0	5	0	0	0	0	0	0	0	0	0	2	0	0	0	0	0	0	0	0	0	0	0
4	6	0	2	0	0	7	0	0	0	0	0	0	0	0	0	0	0	0	0	0	0	0	0	2	0	0	0	2	2	0
0	0	9	0	0	0	0	0	0	9	0	6	0	0	0	0	0	0	0	5	0	0	0	3	0	0	0	0	0	0	0
0	2	0	0	0	0	3	0	5	0	0	0	0	0	0	0	0	14	0	0	0	0	2	0	12	14	0	0	0	0	0
0	0	0	0	0	0	0	1	0	0	0	0	0	0	12	0	0	4	0	0	2	0	3	0	0	0	0	0	0	0	0
0	0	0	0	0	0	0	4	0	4	0	0	0	0	0	0	0	0	0	0	0	0	3	0	4	0	0	0	2	0	0
0	0	0	0	0	0	0	0	0	0	0	0	0	0	0	0	0	0	0	0	0	0	0	0	0	6	0	0	0	0	0
0	0	0	0	0	0	0	0	0	0	0	0	0	0	0	0	2	0	0	0	0	0	0	0	0	0	0	0	0	0	0
3	0	55	4	6	0	0	10	0	67	0	115	0	0	2	0	3	0	0	18	0	0	15	18	0	0	0	0	3	0	0
3	0	0	0	0	0	2	0	2	3	0	0	0	0	0	0	0	0	0	0	0	0	0	3	0	0	0	0	0	0	0
2	0	15	4	122	0	0	95	0	16	0	28	4	0	84	0	37	0	0	8	33	0	121	5	0	0	0	0	11	0	0
0	0	1	0	4	0	0	0	0	3	0	0	0	0	0	0	0	0	0	0	0	0	0	0	0	0	0	0	0	0	0
0	0	0	0	0	0	0	0	0	0	0	0	0	0	2	0	0	0	0	0	0	0	0	0	0	0	0	0	0	0	0
0	0	0	0	0	0	0	0	1	0	0	0	0	0	0	0	0	0	0	0	0	0	0	0	0	0	0	0	0	0	0
17	82	65	2	5	0	53	3	14	75	0	24	0	0	2	0	4	101	0	10	0	0	6	16	45	70	0	29	19	38	0
0	4	0	0	0	0	8	0	3	0	0	0	0	0	0	0	0	11	0	0	0	0	0	0	2	6	0	7	0	6	0
0	0	0	0	0	0	0	0	0	0	0	0	0	4	0	0	0	0	0	0	0	0	0	0	0	0	0	0	0	0	0
5	9	7	2	9	0	17	8	8	6	0	9	0	0	3	0	7	8	0	0	8	0	12	4	7	7	0	7	8	2	0
0	0	0	0	0	2	0	0	0	0	0	0	0	3	0	0	0	0	0	0	0	0	0	0	0	2	0	0	0	0	0
0	0	0	0	0	0	0	0	0	0	0	0	0	0	0	0	0	2	0	0	0	0	0	0	12	0	0	0	0	0	0
0	0	0	0	0	0	0	1	0	0	0	0	5	0	1	0	0	0	0	2	0	0	3	1	0	0	0	0	0	0	0
0	0	0	0	0	4	0	0	0	0	0	0	0	0	0	0	0	0	0	0	0	0	0	0	0	0	0	0	0	0	0
0	0	0	0	0	0	0	0	0	0	0	0	0	0	0	0	0	0	0	0	0	2	0	0	0	0	0	0	2	0	0
0	16	0	0	0	0	4	0	10	0	0	0	0	0	0	0	0	18	0	0	0	0	0	0	0	5	0	7	0	0	0
0	0	0	0	0	0	0	0	0	0	0	0	0	0	0	0	0	0	2	0	0	0	0	0	0	0	0	0	0	0	0
0	0	0	0	0	0	0	0	0	0	0	0	0	5	2	0	0	0	3	0	0	3	0	0	0	0	0	0	0	0	0
0	0	0	0	0	0	0	0	0	0	0	0	12	0	0	0	0	0	0	0	0	0	0	0	0	0	0	0	0	0	0
0	5	0	0	0	3	0	0	8	4	0	4	0	6	3	2	0	0	11	2	0	0	0	0	2	0	0	0	4	0	3
0	0	0	2	0	0	0	0	0	1	0	2	0	0	0	0	1	0	0	0	0	0	0	0	0	0	0	0	0	0	0
0	0	0	0	0	0	0	0	0	0	0	0	0	2	0	0	0	0	0	0	0	2	0	0	0	0	0	0	0	0	0
5	14	0	0	0	0	9	0	5	0	0	0	0	0	0	0	0	7	0	0	3	0	0	1	4	12	0	4	6	12	0
0	0	0	0	0	3	0	0	0	0	0	0	0	0	0	0	0	0	0	0	0	0	0	0	0	0	0	0	0	0	0
7	0	12	0	10	0	0	14	0	9	0	1	3	0	15	0	7	0	0	3	5	1	33	0	0	0	0	0	0	0	0
0	0	0	0	0	0	0	0	0	0	0	0	0	0	0	0	0	0	0	0	0	0	0	0	0	0	0	0	4	0	0
0	0	0	0	0	0	0	0	0	0	0	7	6	0	0	0	0	0	0	0	0	0	0	0	7	0	0	0	0	0	3
0	0	0	0	0	0	2	0	0	0	0	6	0	0	0	0	0	0	0	0	0	0	0	2	2	0	0	0	0	0	0
0	6	0	0	0	0	9	0	0	0	0	0	0	0	0	0	0	2	0	0	0	0	0	0	0	2	0	0	0	0	0
0	0	0	0	0	3	0	0	1	0	0	0	0	13	0	0	0	0	12	0	0	18	3	1	0	0	0	0	9	0	4
0	0	0	0	2	0	0	0	0	0	0	2	0	0	5	0	1	0	0	0	2	0	1	0	0	0	0	0	0	0	0
0	12	0	0	0	0	5	0	15	0	0	0	0	0	0	0	0	16	0	0	0	0	0	0	7	14	0	7	0	12	0
0	4	0	0	0	0	3	0	0	0	0	0	0	0	0	0	0	8	0	0	0	0	0	0	8	3	0	0	3	2	0
0	4	0	0	0	9	2	0	0	0	0	0	4	0	0	0	0	3	5	0	0	2	0	0	0	0	0	0	0	1	0
0	0	0	0	0	0	0	0	0	0	0	0	0	0	0	0	0	0	0	0	0	0	0	0	0	0	0	0	4	0	0
0	0	0	0	18	0	0	6	0	7	0	2	2	0	25	0	3	2	2	4	3	0	35	3	5	7	0	0	0	6	0
5	3	0	11	0	0	0	5	0	0	0	0	0	0	10	0	7	5	0	0	2	0	9	2	0	2	0	0	14	0	0
0	0	0	0	0	0	0	0	0	0	0	0	0	0	0	0	0	0	0	0	0	0	0	0	0	0	0	0	0	0	2
0	4	0	0	0	0	3	2	0	0	3	0	0	3	3	0	0	0	8	0	0	0	2	2	0	0	0	0	0	0	0
0	0	1	0	0	0	0	1	0	1	0	0	0	0	0	0	0	0	0	0	0	2	0	0	0	0	0	0	0	0	0
0	0	0	0	0	2	2	0	0	0	0	0	0	0	0	0	0	0	0	0	0	0	0	3	0	3	0	0	0	0	0
0	0	0	0	0	0	0	0	0	0	0	0	0	0	0	0	0	0	0	0	0	0	0	28	0	0	0	0	0	0	0
0	0	0	0	0	0	0	0	2	0	0	0	0	0	0	0	0	0	0	0	0	0	0	0	3	0	0	0	0	0	0
0	0	0	0	0	0	0	0	0	0	0	0	0	0	0	0	0	0	0	0	0	0	2	0	0	0	0	0	0	0	0
0	0	0	0	0	0	0	0	0	0	0	0	0	0	0	0	0	0	0	0	0	0	2	0	0	0	0	0	0	0	0
0	0	0	0	0	0	0	0	0	0	0	0	0	6	0	2	0	0	0	0	0	0	0	0	5	0	9	0	0	0	0
0	0	0	0	0	0	0	0	0	0	0	0	21	0	0	0	0	0	0	0	0	0	0	0	0	0	0	0	0	0	0
0	0	0	0	0	0	0	0	0	0	0	0	0	5	0	0	0	0	6	0	0	0	0	0	0	0	0	0	0	0	0
0	5	0	0	0	0	0	2	0	0	0	0	0	0	0	0	0	0	0	0	0	0	0	0	0	6	0	0	0	0	0
2	0	0	14	6	0	0	0	0	6	0	6	0	0	0	0	3	0	0	4	0	5	2	4	0	0	0	0	6	0	0
0	5	0	0	0	0	7	0	3	0	0	0	0	0	0	0	0	4	0	0	3	0	0	0	2	4	0	0	0	0	0
0	0	0	0	0	0	0	0	5	2	0	3	0	3	0	0	0	0	6	0	0	0	0	0	0	0	0	0	0	0	6
2	0	0	0	0	0	0	0	0	0	0	0	0	0	0	0	0	0	0	0	0	0	0	0	0	0	0	0	0	0	0
0	0	0	0	0	2	0	3	5	0	0	0	0	3	0	0	0	0	8	2	0	11	3	0	2	0	2	5	0	0	0
0	0	0	0	0	0	0	0	0	0	0	0	0	0	0	0	0	0	3	0	0	0	0	0	0	0	0	0	0	0	0
0	0	0	0	0	0	0	0	0	0	0	0	5	0	0	0	2	0	0	0	0	0	0	0	0	0	0	0	0	0	0
0	0	7	0	38	0	0	28	0	0	0	16	2	0	40	0	16	0	0	0	0	0	50	0	0	0	0	0	0	0	0
0	0	0	0	0	0	0	0	0	0	0	0	0	0	2	0	3	0	0	0	3	0	4	0	0	0	0	0	0	0	0
2	0	0	0	0	0	0	0	33	0	0	0	0	0	0	0	0	0	0	0	0	0	0	0	9	0	0	0	0	3	0
0	0	0	0	0	0	0	0	0	0	0	0	0	0	0	0	0	0	0	0	3	0	0	0	0	0	0	0	0	0	0
4	0	0	0	0	0	0	0	0	0	0	0	0	0	0	4	0	0	2	0	0	0	0	0	0	0	21	0	0	0	0
0	0	0	0	0	0	0	0	0	0	0	0	0	0	0	0	0	0	0	0	0	0	0	0	0	0	0	0	0	8	0
0	0	0	0	0	2	0	0	0	0	2	0	0	0	0	0	0	0	0	0	0	0	0	0	0	0	0	0	0	0	0
0	0	0	1	0	0	0	5	0	2	0	0	0	0	12	0	14	0	0	0	0	0	0	0	0	0	0	0	0	0	0
0	0	0	4	1	0	0	3	2	0	0	0	0	0	2	0	0	0	0	0	0	0	0	0	0	0	0	0	2	0	0
0	4	0	0	0	0	2	0	4	0	0	0	0	0	0	0	0	9	2	0	0	0	0	0	0	4	0	0	0	0	0
2	0	0	0	0	0	0	0	0	0	0	0	0	0	2	0	0	0	0	2	0	0	4	0	0	0	0	0	0	0	0
0	17	0	0	0	0	17	0	13	2	0	0	0	0	0	0	0	3	0	0	0	0	0	0	3	13	0	3	0	16	0
0	0	0	0	0	0	0	2	0	0	0	0	0	0	2	0	0	0	0	0	0	0	0	0	0	0	0	0	0	0	0
0	0	2	0	0	0	0	3	0	0	0	0	0	0	3	0	0	0	0	0	5	0	0	0	0	0	0	0	0	0	0
0	0	0	0	0	0	0	0	0	0	0	0	0	0	0	35	0	0	0	0	0	0	0	0	0	0	0	0	0	0	0
0	0	0	0	0	0	0	0	0	0	0	0	5	0	0	0	0	0	0	0	0	0	0	0	0	0	0	0	0	0	0
0	0	0	0	0	0	0	0	0	0	0	0	0	0	0	0	0	0	0	0	0	0	0	2	0	0	0	0	0	0	0
0	0	0	0	0	0	0	0	0	0	0	0	0	0	0	0	0	0	0	0	0	0	0	0	8	0	0	0	0	0	0
0	0	0	0	0	0	0	0	0	0	0	0	0	0	0	0	0	0	0	0	0	0	0	0	0	0	0	0	0	8	0
0	0	2	10	22	0	0	6	0	0	0	4	2	0	7	0	24	0	0	0	14	0	4	3	0	0	0	0	0	0	0
3	0	0	0	0	0	0	0	0	0	0	5	0	0	0	0	0	0	0	0	0	3	0	0	0	0	0	0	0	0	0
0	75	0	0	0	0	55	2	17	0	0	4	0	0	4	0	3	31	0	0	3	0	0	0	31	55	0	0	0	31	0
0	0	0	0	0	0	0	0	0	0	0	0	0	0	0	0	0	0	0	0	0	0	0	0	0	0	0	58	0	0	0
0	0	0	0	0	0	1	0	0	0	0	0	0	0	0	0	0	0	0	0	0	0	0	0	0	0	1	0	0	0	0
0	0	0	0	0	3	0	0	4	0	0	0	0	0	0	0	0	0	0	0	0	0	0	0	0	0	0	0	0	0	0
0	0	0	0	0	0	0	0	0	0	0	0	0	0	0	0	0	0	0	0	0	2	0	0	0	0	0	0	0	0	0
0	0	0	0	0	0	0	0	0	4	0	0	0	0	0	0	0	0	0	0	0	0	0	0	0	0	0	0	0	0	0
0	13	0	0	0	0	0	0	0	0	0	0	0	0	0	0	0	5	0	0	0	0	0	0	1	5	0	6	0	9	0
0	1	0	0	0	0	6	2	0	0	0	0	0	0	1	0	0	0	0	0	1	0	0	0	0	0	0	0	0	2	0
0	0	0	0	2	0	2	0	0	0	0	0	0	0	0	0	0	0	0	0	0	0	0	0	0	0	0	0	0	0	0
0	0	0	0	0	0	0	0	0	0	0	0	0	0	0	0	0	0	0	0	2	0	0	0	0	0	0	0	0	0	0
0	0	0	0	0	0	0	0	0	0	0	0	0	0	0	0	0	0	0	0	0	0	0	2	0	0	0	0	0	0	0
0	0	0	0	2	0	0	0	0	0	0	0	0	0	0	0	0	0	0	0	0	0	0	0	0	0	0	0	0	0	0
0	0	0	0	0	1	0	0	0	0	0	0	0	0	0	0	0	0	0	0	0	0	0	0	0	0	0	0	0	0	0
0	0	0	0	0	0	0	0	0	0	0	0	0	0	0	0	0	0	0	0	0	0	0	0	0	0	4	0	0	0	0
0	0	0	0	0	0	0	0	0	0	0	0	0	0	0	0	0	0	0	0	0	0	0	0	0	0	0	2	0	0	0
0	0	0	0	0	14	0	0	0	0	0	0	0	15	0	3	0	0	24	0	0	0	0	0	0	0	0	0	0	0	2
0	0	0	0	0	0	0	0	0	0	0	0	0	0	0	0	5	0	0	0	10	0	0	0	1	0	0	0	0	0	0
0	0	0	0	0	3	0	0	0	0	0	0	0	0	0	0	0	0	0	0	0	0	0	0	0	0	0	0	0	0	0
0	0	0	0	0	0	0	0	3	0	0	0	0	0	0	0	0	0	0	0	0	0	0	0	0	0	0	0	0	0	0
0	9	0	0	0	0	2	0	0	0	0	0	0	0	0	0	0	6	0	0	0	0	0	0	2	3	0	0	0	2	0
4	0	2	0	0	5	0	2	0	2	0	0	0	11	0	0	0	2	10	2	0	2	2	3	0	4	3	2	7	0	1
0	0	0	0	0	0	0	0	0	0	0	0	0	0	0	0	0	0	2	0	0	0	2	0	0	0	0	0	0	0	0
0	0	0	0	0	0	0	0	0	0	0	4	0	0	0	0	0	2	0	0	0	1	3	0	0	0	0	0	0	0	0
0	0	0	0	0	0	0	0	0	0	0	4	6	0	2	0	0	0	0	0	0	0	0	0	0	0	0	0	0	0	0
0	5	0	0	0	0	2	0	2	0	0	0	0	0	0	0	0	3	0	0	0	0	0	0	0	0	0	0	0	0	0
0	0	0	0	0	0	0	0	0	0	0	0	0	0	0	0	0	0	0	0	3	0	0	0	0	0	5	0	0	0	0
0	0	0	0	0	1	0	0	0	0	0	4	0	0	0	0	0	0	0	0	0	0	0	0	0	0	0	0	0	0	0
0	0	0	0	0	0	0	0	2	0	0	0	0	0	0	0	0	0	0	0	0	0	0	0	0	0	0	0	0	0	0
0	0	0	0	0	0	0	0	0	0	0	0	0	0	0	0	0	0	0	0	0	0	0	0	0	0	0	0	0	0	3
0	3	0	0	0	0	0	0	0	0	0	0	0	0	0	0	3	1	0	0	0	3	0	0	0	1	0	0	0	0	0
0	2	0	0	0	0	0	0	0	0	0	0	0	0	0	0	0	0	0	0	0	0	0	0	0	0	0	0	0	0	0
0	0	0	0	0	18	0	0	0	0	0	0	0	8	3	3	0	0	7	0	0	2	3	3	0	0	0	0	0	0	9
0	0	0	0	22	0	0	10	0	0	0	0	0	0	6	0	7	0	0	1	5	0	22	0	0	0	0	0	0	0	0
0	0	0	0	0	0	2	0	0	0	0	0	0	0	0	0	0	4	0	0	0	0	0	0	4	0	0	0	0	0	0
0	2	4	0	0	0	0	0	0	2	0	2	0	0	0	0	0	0	2	0	0	1	0	3	0	0	0	0	5	0	0
0	0	0	0	0	0	0	0	0	0	0	0	0	0	0	0	0	0	0	0	0	0	0	0	0	2	0	4	0	0	0
0	9	5	0	0	0	18	0	20	0	0	0	0	0	4	0	0	19	0	2	0	0	0	0	9	4	0	15	8	15	0
0	0	0	0	12	0	0	3	0	0	0	0	0	0	8	0	7	0	0	0	0	0	7	0	0	0	0	0	0	0	0
2	0	0	0	7	0	0	6	3	0	0	0	0	0	0	0	0	0	0	0	0	0	10	0	0	5	0	0	0	0	0
0	0	0	0	2	0	0	0	0	0	0	0	0	0	0	0	0	0	0	0	0	0	0	0	0	0	0	0	0	0	0
0	4	0	0	0	4	0	0	2	0	0	0	0	0	0	0	0	2	0	0	0	0	0	0	0	0	0	2	0	0	0
0	0	0	0	0	0	0	0	0	0	0	0	0	0	0	0	0	0	0	0	0	7	0	4	0	0	0	0	0	0	0
0	0	0	0	0	0	0	0	0	3	0	0	0	0	0	0	0	0	0	2	0	0	0	2	0	0	0	0	0	0	0
6	0	0	0	0	0	0	0	0	0	0	0	0	0	0	0	0	0	0	0	0	0	0	0	0	0	0	0	0	0	0
0	0	0	0	0	0	0	0	0	0	0	2	0	0	0	0	0	0	0	0	0	0	0	0	0	0	0	0	0	0	0
3	0	3	0	0	6	0	0	15	1	0	0	0	8	1	0	0	6	15	4	0	18	0	0	4	0	0	13	0	0	6
3	0	2	0	0	0	0	0	0	0	0	0	0	0	3	0	0	0	0	0	0	0	2	4	0	0	0	0	9	0	0
0	0	0	0	0	0	0	0	0	6	0	3	0	0	2	0	0	0	0	0	0	0	0	0	0	3	0	5	0	2	0
0	0	0	4	0	0	0	0	0	0	0	1	0	0	0	0	0	0	0	0	0	0	0	0	0	0	0	0	2	0	0
0	0	0	0	0	0	0	0	0	0	0	0	6	0	0	0	0	0	0	0	0	0	0	0	0	0	0	0	0	0	0
0	0	4	0	2	0	0	3	0	0	0	0	0	0	0	0	7	0	0	0	2	0	5	0	0	0	0	0	0	0	0
0	0	0	0	0	1	0	0	0	0	0	0	0	0	0	0	0	0	0	0	0	0	0	0	0	0	0	0	0	0	0
0	2	6	0	2	0	0	5	0	8	0	0	0	0	6	0	5	0	0	3	0	0	6	0	0	0	0	0	0	0	0
103	14	99	99	91	2	9	90	28	132	0	212	6	2	137	0	74	17	2	61	38	92	126	50	5	14	0	0	74	15	2
0	16	0	0	0	0	35	0	13	0	0	0	0	0	0	0	0	31	0	0	0	0	0	0	26	38	0	15	0	19	0
0	0	0	0	0	0	0	0	0	0	0	0	0	2	2	0	0	0	0	0	0	0	0	0	0	0	0	0	0	0	0
0	0	0	0	0	0	0	0	0	2	0	0	0	4	0	0	0	0	0	0	0	0	2	0	0	0	0	0	0	0	0
0	0	0	0	0	0	0	3	0	0	0	0	0	0	0	0	0	0	0	0	0	59	0	7	0	0	0	0	0	0	0
0	4	0	0	0	0	0	0	0	0	0	0	0	0	0	0	0	2	0	0	0	0	0	0	0	5	0	0	0	0	0
0	0	0	0	2	0	0	0	0	0	0	0	0	0	4	0	0	0	0	0	0	0	6	0	0	0	0	0	0	0	0
0	0	0	0	0	3	0	0	0	0	0	0	0	0	0	0	0	0	0	0	0	0	0	0	0	0	0	0	0	0	0
0	0	0	0	0	0	0	0	0	0	0	0	0	0	0	0	0	2	0	0	0	0	0	2	0	0	0	0	0	0	0
30	7	11	44	2	0	23	10	14	8	0	27	0	0	6	0	5	21	0	5	0	0	7	27	13	13	0	0	24	15	0
0	0	0	0	0	0	0	0	0	0	0	0	0	0	0	0	0	0	0	0	0	3	0	0	0	0	0	0	0	0	0
1	0	3	6	4	0	0	0	0	0	0	3	0	0	0	0	0	2	0	0	3	0	0	7	0	0	0	0	8	0	0
0	6	0	0	0	0	0	0	0	0	0	0	0	0	0	0	0	2	0	0	0	0	0	0	2	3	0	0	0	0	0
0	0	0	0	0	0	0	0	0	0	0	0	0	0	0	0	0	0	0	0	0	11	3	0	0	0	0	0	0	0	0
0	2	0	0	0	0	6	0	3	0	0	0	0	0	0	0	0	6	0	2	0	0	0	0	0	10	0	0	0	0	0
0	5	0	0	0	0	0	0	9	0	0	0	0	0	0	0	0	9	0	0	2	0	0	0	7	3	0	2	2	17	0
0	4	0	0	0	0	6	0	0	0	0	0	0	0	0	0	0	13	0	0	0	0	0	0	0	3	0	0	0	0	0
0	0	3	0	0	0	3	0	1	0	0	3	20	0	0	0	2	0	0	0	3	0	0	2	0	0	0	0	0	0	0
0	0	0	0	0	0	3	0	0	0	0	0	0	0	0	0	0	0	0	0	0	0	0	0	0	0	0	0	0	0	0
0	0	0	0	0	0	0	0	0	0	0	0	0	0	2	0	0	0	0	0	0	0	0	0	0	0	0	0	0	0	0
7	0	0	3	0	0	0	0	0	0	0	0	0	3	0	0	0	0	3	0	0	5	0	5	0	0	0	0	0	0	2
0	0	1	0	9	0	0	8	0	0	0	0	0	0	8	0	13	0	0	0	1	0	10	0	0	0	0	0	0	0	0
0	0	0	0	6	0	0	0	0	0	0	0	0	0	0	0	13	0	0	0	1	5	0	0	0	0	0	6	0	0	0
0	0	0	0	0	0	0	0	0	0	0	0	0	0	0	0	0	0	0	0	0	0	0	0	0	0	0	18	0	0	0
3	0	0	0	0	0	0	0	0	0	0	0	0	0	0	0	0	0	0	0	0	0	0	0	0	0	0	0	0	0	0
0	0	0	0	0	0	0	0	0	0	0	0	0	2	0	0	0	0	3	0	0	0	0	0	0	0	0	0	0	0	0
0	0	0	4	0	0	0	0	0	0	0	0	0	0	0	0	0	0	0	6	0	0	0	0	0	0	0	0	0	0	0
0	0	0	0	0	0	0	0	0	0	0	0	0	0	0	0	0	0	2	0	0	0	0	0	0	0	0	0	0	0	0
0	0	0	0	0	0	0	0	0	0	0	0	0	0	0	0	0	0	0	0	0	0	0	0	0	0	0	0	0	0	3
0	0	0	0	4	7	0	0	4	0	14	0	0	0	0	326	0	2	0	0	0	0	0	0	0	0	2465	0	3	46	2
3	0	0	3	0	0	0	0	0	0	0	0	0	0	0	0	0	0	0	0	0	0	0	0	0	0	0	0	0	0	0
0	1	0	0	0	0	0	0	0	0	0	0	0	0	0	0	0	10	0	0	0	0	0	0	4	7	0	0	0	0	0
0	0	0	0	0	0	0	0	0	0	0	0	0	0	0	0	0	0	0	0	0	9	0	0	0	0	0	0	0	0	0
0	0	3	0	0	0	0	0	0	7	0	7	0	0	0	0	0	0	0	0	0	0	0	0	0	0	0	0	0	0	0
0	2	0	0	0	0	0	0	0	0	0	0	0	0	0	0	0	0	0	0	0	0	0	0	0	0	0	0	0	0	0
0	0	0	0	0	0	0	0	0	0	0	0	0	0	0	0	0	0	0	0	0	0	0	2	0	0	0	0	0	0	0
0	0	0	0	0	0	0	0	0	0	0	0	0	0	0	0	0	0	3	0	0	0	0	0	0	0	0	2	0	0	0
7	2	25	11	0	0	3	0	2	10	0	10	0	0	0	0	6	0	0	12	0	0	1	4	0	0	0	0	5	0	0
63	0	8	1	71	0	3	86	0	11	0	13	3	0	59	0	58	0	0	14	46	49	68	1	0	0	0	0	11	8	0
0	0	6	0	0	0	0	0	3	5	0	5	0	0	0	0	0	0	0	5	2	0	0	0	0	0	0	0	0	0	0
6	21	2	0	0	0	14	0	12	1	0	1	0	0	0	0	3	22	0	1	1	0	0	2	18	12	0	12	0	19	0
0	0	0	0	4	0	0	0	0	0	0	0	0	0	0	0	4	0	0	0	0	0	2	0	0	0	0	0	0	0	0
0	0	0	0	0	0	0	0	0	0	0	0	0	0	0	0	0	0	0	0	0	0	0	0	2	0	0	0	0	0	0
10	0	4	3	6	28	3	0	12	5	0	0	0	1	6	0	2	8	6	0	9	9	8	12	0	4	0	0	11	0	6
0	0	2	0	0	0	0	0	0	0	0	0	0	0	3	0	0	0	0	0	0	0	0	0	0	0	0	0	0	0	0
0	0	0	0	0	0	0	4	0	0	0	0	0	0	0	0	0	0	0	0	0	0	1	2	0	0	0	0	0	0	0
0	4	5	0	0	0	7	0	2	0	0	0	0	0	0	0	0	5	0	0	0	0	0	3	0	6	0	4	2	4	0
0	3	0	0	0	0	0	0	0	0	0	0	0	0	0	0	0	5	0	0	0	0	0	0	0	4	0	0	0	6	0
0	0	0	0	0	0	0	0	0	0	0	0	0	0	0	0	0	0	0	0	0	0	0	0	0	0	2	0	0	0	0
6	58	20	5	4	0	70	0	74	8	0	3	0	0	0	0	0	91	0	2	6	0	2	3	42	72	0	35	43	61	0
4	0	17	5	0	0	0	0	0	4	0	12	0	0	0	0	0	0	0	5	0	0	0	10	0	0	0	0	5	0	0
0	0	0	0	0	0	0	0	0	0	0	0	0	0	0	0	0	0	4	0	0	0	0	0	0	0	0	0	0	0	0
2	0	2	3	0	0	0	0	0	0	0	0	0	0	0	0	0	0	0	2	0	0	0	0	0	0	0	0	0	0	0
0	0	0	0	0	0	0	0	0	0	0	0	0	0	0	2	0	0	0	0	0	0	0	0	0	0	0	0	0	0	0
12	15	0	6	3	0	5	0	4	0	0	0	0	0	0	0	0	4	0	2	5	0	0	2	4	7	0	3	8	0	0
0	0	0	0	0	4	0	0	0	3	0	0	0	7	0	4	0	3	9	0	0	2	0	0	0	0	14	0	0	0	3
0	0	0	0	0	0	5	0	0	0	0	0	0	0	0	0	0	3	0	0	0	0	0	0	0	0	0	5	0	0	0
0	0	2	2	3	0	0	0	0	0	0	0	0	0	0	0	0	0	0	0	0	0	0	0	0	0	0	0	3	0	0
0	0	0	0	0	12	0	0	0	0	0	0	0	4	0	2	0	0	0	0	0	0	0	0	0	0	0	0	0	0	0
0	0	0	0	1	0	0	2	0	0	0	0	0	0	0	0	0	0	0	0	0	0	0	0	0	0	0	0	0	0	0
0	0	2	0	0	0	0	0	0	0	0	6	0	0	0	0	0	0	0	0	0	0	0	0	0	0	0	0	4	0	0
0	0	0	0	0	0	0	0	0	0	0	0	26	0	0	0	0	0	0	0	0	0	0	0	0	0	0	0	0	0	0
0	0	1	0	3	0	0	0	0	0	0	0	0	0	6	0	0	0	0	0	0	0	0	2	0	0	0	0	0	0	0
0	0	2	2	3	0	0	3	0	3	0	0	0	0	6	0	8	0	0	2	8	0	4	0	0	0	0	0	0	0	0
9	0	0	0	17	0	2	15	0	0	0	0	14	0	12	0	30	0	0	0	3	0	11	0	0	0	0	2	0	0	0
0	0	0	0	0	0	0	2	0	2	0	0	0	0	2	0	0	0	0	0	9	0	10	0	0	0	0	0	0	0	0
0	0	0	0	0	0	0	0	0	0	0	0	0	0	0	0	0	0	0	0	0	0	0	0	0	0	10	0	0	0	0
0	0	3	0	0	0	0	0	0	0	0	0	0	0	0	0	0	4	0	0	0	0	0	0	2	3	0	0	0	0	0
6	58	5	6	28	0	59	26	18	6	0	2	0	0	18	0	23	63	0	0	30	2	23	3	43	72	0	25	42	43	0
0	0	0	0	2	0	0	0	0	0	0	0	0	0	0	0	0	0	0	0	0	0	0	0	0	0	0	0	0	0	0
0	2	0	0	0	0	0	0	0	0	0	0	0	0	0	0	0	0	0	0	0	0	0	0	0	0	0	0	0	10	0
0	0	0	0	0	0	0	0	0	0	4	0	0	0	0	0	0	0	0	0	0	0	0	0	0	0	0	0	0	0	0
0	0	0	0	2	0	0	0	0	0	0	0	0	0	2	0	0	0	0	0	0	0	0	0	0	0	0	0	0	0	0
2	3	0	4	0	0	4	0	7	0	0	0	0	0	0	0	0	3	0	0	2	0	0	0	1	5	0	0	4	2	0
0	0	0	0	0	0	0	0	0	0	0	0	0	0	0	0	0	0	0	0	0	0	0	0	6	2	0	2	0	0	0
11	0	0	0	0	0	0	0	0	0	0	0	0	0	0	0	0	0	0	0	0	0	0	0	0	0	61	0	0	0	0
0	7	0	3	0	2	5	0	2	4	0	2	0	0	0	0	0	8	0	2	4	0	0	0	2	2	0	6	0	9	0
0	0	0	0	0	0	0	0	0	0	0	0	0	0	0	3	0	0	0	0	0	0	0	0	0	0	0	0	0	0	5
2	9	4	0	0	0	7	0	5	3	0	4	0	0	2	0	2	5	0	3	4	0	11	3	9	8	0	0	0	13	0
0	0	0	0	0	0	0	0	3	0	0	0	0	0	0	0	0	0	0	0	0	0	0	0	0	0	0	0	0	0	0
0	6	0	0	0	0	2	0	2	0	0	0	0	0	0	0	0	14	0	0	0	0	0	0	6	3	0	5	0	0	0
9	13	10	1	2	6	1	3	3	4	0	19	0	4	8	0	0	5	4	8	0	3	3	18	9	2	0	0	6	0	1
0	0	0	0	0	56	0	0	7	0	2	0	0	23	0	18	0	4	12	0	0	43	0	6	0	0	0	9	0	0	24
0	0	0	0	0	0	0	0	0	0	0	0	0	0	0	0	0	0	2	0	0	0	0	0	0	0	0	0	0	0	0
0	2	0	0	0	5	0	0	0	0	0	0	0	28	0	0	0	0	27	0	0	3	0	0	0	0	0	0	0	0	5
0	0	0	3	0	0	0	0	0	0	0	0	0	0	0	0	0	0	0	0	0	0	0	0	0	0	0	0	0	0	0
0	0	0	0	0	0	0	0	0	0	0	0	0	2	0	0	0	0	3	0	0	5	0	0	0	0	0	0	0	0	9
0	2	0	0	0	0	0	0	0	0	0	0	0	0	0	0	0	1	0	0	0	0	0	0	0	0	0	0	0	0	0
0	0	3	0	0	0	0	0	0	0	0	0	0	0	0	0	0	0	0	0	0	0	0	0	0	0	0	0	2	0	0
2	0	0	0	0	0	0	0	0	0	0	0	0	4	0	0	0	0	3	0	0	2	0	0	0	0	0	0	0	0	0
3	5	0	0	2	7	5	0	8	0	0	2	0	9	2	0	0	6	3	0	3	0	2	9	0	4	0	0	0	0	2
0	0	0	0	0	0	0	0	0	0	0	0	0	0	0	0	0	0	0	0	0	1	0	0	0	0	0	0	0	0	0
0	0	0	0	0	3	0	0	0	0	0	0	0	0	0	0	0	0	0	0	0	0	0	0	0	0	0	0	0	0	0
0	0	0	0	0	0	0	0	0	0	0	0	0	0	0	0	0	0	0	0	0	3	0	0	0	0	0	0	11	0	0
0	0	0	0	0	0	0	0	0	0	0	0	0	0	0	0	0	0	0	0	14	0	0	0	0	0	0	0	0	0	0
0	0	0	0	0	2	0	0	0	0	0	0	0	0	0	0	0	0	0	0	0	0	0	0	0	0	0	0	0	0	0
0	0	0	0	0	0	0	0	0	0	0	0	0	0	0	0	4	0	0	0	0	0	0	0	0	0	0	0	0	0	0
0	0	0	0	9	0	0	6	0	0	0	0	0	0	6	0	0	0	0	0	0	0	6	0	0	0	0	0	0	0	0
3	0	0	0	0	0	0	0	0	0	0	1	0	0	0	0	0	0	0	0	0	0	0	0	4	0	0	0	0	0	0
0	0	0	0	0	2	0	0	0	0	0	0	0	0	0	0	0	0	0	0	0	0	0	0	0	0	8	0	0	0	0
11	9	24	6	5	0	3	3	0	27	0	18	0	0	9	0	9	23	0	15	11	0	9	19	10	10	0	3	15	3	0
0	0	0	0	0	0	0	0	0	0	0	0	0	0	2	0	0	0	0	0	0	0	0	0	0	0	0	0	0	0	0
0	0	0	0	0	0	0	0	0	0	0	0	0	0	6	0	0	0	0	0	0	5	0	0	0	0	0	0	0	0	0
0	0	0	0	0	0	2	0	2	0	0	0	0	0	0	0	0	5	0	0	0	0	0	0	0	2	0	3	0	0	0
0	3	34	3	7	0	0	4	0	30	0	13	0	0	3	0	10	3	0	13	0	0	17	4	5	5	0	3	0	0	0
0	0	0	0	6	0	0	14	0	0	0	0	6	3	9	2	3	3	0	0	0	0	6	6	0	0	0	0	4	2	0
0	25	0	0	0	0	24	0	18	0	0	0	0	0	0	0	0	39	0	0	0	0	0	0	26	36	0	2	0	10	0
20	0	0	0	0	0	0	0	0	0	0	0	0	0	0	0	0	0	0	0	0	0	0	0	0	0	0	0	0	0	0
3	3	0	10	2	0	3	0	2	12	0	7	0	0	0	0	0	3	0	2	15	0	0	3	0	0	0	3	42	0	0
2	0	12	0	0	0	0	0	0	0	0	5	0	0	0	0	7	0	0	2	0	0	0	2	0	0	0	0	12	0	0
0	0	0	0	0	0	0	0	0	0	0	0	0	0	0	0	0	0	0	0	0	0	0	0	0	0	0	0	0	0	5
0	0	2	0	0	0	0	5	0	0	0	0	0	0	0	0	2	0	0	0	0	3	0	0	0	0	0	0	0	0	0
0	0	0	0	0	0	0	0	0	0	0	0	0	0	0	0	0	0	0	0	0	0	0	0	0	0	0	14	0	9	0
0	0	0	1	0	0	0	0	0	8	0	0	0	0	0	0	0	0	0	0	0	0	0	11	0	0	0	0	0	0	0
0	0	0	0	0	0	0	0	0	0	0	0	6	0	2	0	0	0	0	0	0	2	0	0	0	0	0	0	0	0	0
0	0	0	0	0	0	0	0	0	0	0	2	0	0	0	0	0	0	0	0	0	0	0	0	0	0	0	0	0	0	0
0	0	0	0	0	0	0	0	0	0	0	0	0	0	0	0	0	2	0	0	0	2	0	2	0	0	0	0	2	0	0
0	3	0	0	10	0	0	8	3	2	0	0	19	0	7	0	0	0	0	0	0	0	3	5	0	0	0	1	0	0	0
0	0	0	0	0	0	0	0	0	0	0	0	0	0	0	0	0	0	0	0	0	0	0	0	9	0	0	0	0	0	0
0	0	0	4	10	0	0	6	0	3	0	0	0	0	5	0	11	0	0	0	9	0	10	2	0	0	0	0	2	0	0
0	0	0	0	0	0	0	0	0	0	0	0	0	0	0	0	0	0	0	0	0	0	0	0	0	0	0	0	13	0	0
0	0	0	0	0	0	0	0	0	0	0	0	0	0	0	0	0	0	3	0	0	0	0	0	0	0	0	0	0	0	0
0	0	0	0	0	0	0	2	0	0	0	0	0	0	0	0	0	0	0	0	3	0	2	0	0	0	0	0	0	0	0
0	0	0	0	0	0	0	3	0	0	0	0	0	0	0	0	0	0	0	0	0	10	0	0	0	0	0	0	0	0	0
0	0	0	0	3	0	0	3	2	3	0	0	0	0	0	0	0	0	0	0	0	0	0	0	0	0	0	0	0	0	0
0	0	0	0	0	0	0	0	0	0	34	0	0	0	0	0	0	0	0	0	0	0	0	0	0	0	0	0	0	0	0
0	0	0	0	6	0	0	4	0	0	0	0	0	0	2	0	2	0	0	0	0	0	2	0	0	0	0	0	0	0	0
0	0	0	0	0	0	3	0	0	0	0	0	0	0	0	0	0	3	0	0	0	0	0	0	0	0	0	0	0	12	0
0	0	0	0	0	0	0	0	0	0	0	0	0	0	0	0	0	0	0	0	0	0	0	2	0	0	0	5	0	0	0
0	0	0	0	0	0	0	0	0	0	0	0	0	0	0	0	0	2	0	0	0	0	0	0	0	0	0	0	0	0	0
1	0	0	0	0	0	0	0	0	0	0	0	0	0	0	0	0	0	0	0	0	0	1	0	0	0	0	0	0	0	0
0	103	0	0	0	0	61	0	62	0	0	0	0	0	0	0	0	117	0	0	9	3	0	0	62	125	0	10	0	46	0
2	0	0	0	0	1	0	0	0	2	0	3	0	0	0	0	0	0	0	2	0	2	0	5	0	0	14	0	0	0	0
0	0	0	0	0	0	0	0	0	0	0	0	5	0	5	0	0	0	0	0	0	2	5	0	0	0	0	0	0	0	0
5	0	0	1	0	0	0	0	0	0	0	0	0	0	0	0	0	0	0	0	0	0	0	0	0	0	5	0	0	0	0
0	0	0	0	4	0	0	0	0	0	0	0	0	0	0	0	0	0	0	0	0	5	0	0	0	0	0	3	0	0	0
1	0	1	0	0	0	0	0	0	0	0	0	0	0	0	0	4	0	0	0	0	0	0	0	0	4	0	0	0	0	0
0	0	0	0	16	0	0	11	0	0	0	0	10	0	8	0	15	0	0	0	9	0	25	0	0	0	0	0	0	0	0
0	2	0	2	0	0	0	0	0	0	0	0	0	0	0	0	0	1	0	0	2	0	0	0	0	2	0	0	3	0	0
0	0	0	0	0	0	0	0	0	0	0	0	0	0	0	0	2	0	0	0	0	0	0	0	0	0	0	0	0	0	0
0	0	0	0	0	0	0	0	0	0	0	0	0	0	0	0	0	0	0	0	0	0	0	0	0	0	0	0	0	16	0
2	0	0	0	0	0	0	0	0	0	0	0	0	0	0	0	0	0	0	0	0	0	0	0	0	0	0	0	0	0	0
0	0	0	0	8	2	0	11	0	0	0	0	24	0	6	0	0	0	0	0	0	0	2	0	0	0	0	0	0	0	0
0	0	0	0	0	2	0	0	0	2	0	0	0	0	0	0	0	0	2	0	0	2	0	7	0	0	0	0	0	14	0
0	0	0	0	0	1	0	0	0	0	0	0	0	3	0	0	0	0	4	0	0	0	0	0	0	0	0	0	0	0	1
0	0	0	0	0	0	0	0	0	0	0	0	0	0	0	0	6	0	0	0	0	0	0	0	0	0	0	0	0	0	0
2	49	21	0	0	0	26	4	34	31	0	22	0	0	0	0	5	72	0	9	7	0	2	3	29	66	0	30	3	52	0
0	0	0	0	0	0	0	0	0	2	0	0	0	0	0	0	0	0	0	0	0	0	0	0	0	0	0	0	0	0	0
0	0	0	0	12	0	0	11	0	0	0	0	2	0	11	0	4	0	0	2	0	0	9	0	0	0	0	0	0	0	0
0	0	0	0	0	0	0	0	0	0	0	0	0	0	0	0	0	0	4	0	0	0	0	1	5	0	0	0	0	2	0
0	0	0	0	0	0	0	0	1	0	0	0	0	0	0	0	0	0	0	0	0	0	0	0	0	0	0	0	0	0	0
0	9	0	2	0	0	6	0	1	0	0	0	0	0	0	0	0	2	0	0	0	0	0	0	0	0	0	0	0	7	0
0	0	0	0	0	0	0	3	0	0	0	0	0	0	4	0	4	0	0	0	0	0	0	0	0	0	0	0	2	0	0
8	6	0	6	5	6	5	1	2	4	0	5	0	9	13	0	0	14	9	8	0	8	13	19	0	8	0	5	5	0	5
0	4	0	0	4	0	0	2	0	0	0	0	0	0	0	0	0	2	0	0	0	0	0	0	0	0	0	0	0	0	0
0	0	0	0	0	0	0	0	0	0	0	0	0	0	0	0	0	0	0	0	0	0	0	0	8	6	0	9	0	10	0
0	0	0	0	6	0	0	0	0	0	0	0	0	0	4	0	0	0	0	0	6	0	5	0	0	0	0	0	0	0	0
0	0	0	0	0	0	0	0	0	0	0	0	0	0	0	0	15	0	0	0	0	0	0	0	0	0	0	0	0	0	0
4	3	0	0	0	5	0	0	2	0	0	4	0	0	0	0	0	0	0	4	0	0	2	5	3	2	0	0	0	0	0
0	0	0	2	0	0	0	0	0	0	0	0	0	0	3	0	0	0	0	0	0	3	0	0	0	0	0	0	6	0	0
0	1	0	0	0	0	1	0	0	0	0	0	0	0	0	0	0	4	0	0	0	0	0	0	0	1	0	0	0	4	0
0	0	0	0	0	0	0	2	0	0	0	0	0	0	0	0	0	0	0	0	0	0	0	0	0	0	0	0	0	0	0
2	0	5	0	0	0	0	3	0	0	0	0	0	0	0	0	0	0	0	2	0	0	0	0	0	0	0	0	0	0	0
2	0	0	3	0	0	0	0	2	3	0	0	0	0	0	0	0	3	0	0	0	0	0	0	0	0	0	0	6	0	0
0	0	0	0	0	0	0	0	0	3	0	0	0	0	0	0	0	0	0	2	0	0	0	0	0	0	0	0	0	0	0
0	0	2	2	0	4	0	0	1	0	0	0	0	15	0	2	0	0	23	0	0	2	0	0	0	2	0	0	0	0	3
0	0	0	0	0	0	0	0	0	0	0	0	0	0	0	0	0	0	0	0	0	0	0	2	9	0	0	1	0	0	0
0	2	0	3	0	0	0	0	2	0	0	0	0	0	0	0	0	3	0	0	0	0	0	0	1	2	0	0	4	0	0
0	36	0	0	0	0	43	0	5	0	0	0	0	0	0	0	4	45	0	0	0	0	0	0	13	29	0	22	0	14	0
0	0	0	0	0	0	0	0	0	0	0	0	0	0	0	0	0	0	0	0	0	0	0	0	5	0	0	0	0	0	0
0	2	0	0	0	0	0	0	3	0	0	0	0	0	0	0	0	0	0	0	0	0	0	0	0	0	0	0	0	0	0
3	1	0	2	0	0	7	2	0	0	0	2	0	0	3	0	0	0	0	0	0	0	0	3	2	0	0	0	0	0	0
0	0	0	0	0	4	0	0	0	0	0	0	0	0	0	0	0	0	0	0	0	0	0	0	0	0	0	0	0	0	0
0	0	0	0	0	0	0	0	0	0	0	0	0	0	0	0	0	0	0	0	0	0	0	4	0	0	0	0	0	0	0
3	0	0	0	0	0	0	0	0	0	0	3	0	4	0	3	0	0	2	0	0	0	0	0	0	0	0	0	0	0	0
0	0	0	0	0	0	0	0	0	0	0	0	0	0	0	3	0	2	3	2	0	4	0	0	0	0	0	0	0	0	4
0	8	3	14	0	0	4	0	6	2	0	0	0	0	0	0	0	15	0	2	3	0	0	0	0	5	0	2	19	7	0
0	0	0	0	2	0	0	0	0	2	0	0	0	6	0	0	0	0	0	0	0	0	0	0	0	0	0	4	0	0	0
6	3	0	0	0	0	0	0	0	0	0	0	0	0	0	0	0	0	0	3	0	0	0	0	0	0	0	0	0	0	0
0	0	0	0	0	0	0	0	0	3	0	0	0	0	0	0	0	0	4	0	0	4	0	0	0	0	0	0	0	0	2
0	0	0	0	4	0	0	3	0	0	0	0	0	0	2	0	6	0	0	0	0	0	4	0	0	0	0	0	0	0	0
0	5	2	6	0	24	4	0	13	2	3	5	0	19	0	0	0	3	22	6	0	5	0	0	0	6	0	9	10	3	8
0	0	0	0	0	0	0	0	0	0	0	0	0	0	0	0	4	0	0	0	0	0	0	0	0	0	0	0	0	0	3
0	0	0	0	0	0	0	0	0	3	0	7	0	0	0	0	0	0	0	2	0	0	0	2	0	0	0	0	4	0	0
0	0	0	0	0	0	0	0	0	0	0	2	0	0	0	0	0	0	0	0	0	0	0	0	0	0	0	0	0	0	0
0	0	0	0	0	0	0	0	0	0	0	0	0	0	0	0	0	0	0	0	0	0	0	0	10	2	0	0	0	0	0
0	0	2	0	2	0	0	5	0	0	0	0	0	0	0	0	0	0	0	0	0	0	0	0	0	0	0	0	0	0	0
0	0	4	0	13	0	0	6	0	2	0	0	0	0	5	0	7	0	0	0	0	0	6	0	0	0	0	0	0	0	0
0	5	0	0	0	0	5	0	6	0	0	0	0	0	0	0	0	4	0	0	0	0	0	0	6	3	0	0	0	0	0
0	0	0	0	4	0	0	2	0	0	0	0	0	0	5	0	0	0	0	0	0	0	2	0	0	2	0	2	0	0	0
0	0	0	0	0	0	0	0	0	0	0	0	0	0	0	0	0	0	0	0	0	0	0	0	0	0	9	0	0	0	0
0	0	0	0	0	0	0	0	0	0	0	0	0	0	0	0	0	0	0	0	0	0	0	0	0	0	5	0	0	0	0
0	0	2	4	0	0	0	0	0	0	0	0	0	0	0	0	0	0	0	0	0	0	0	0	0	0	0	0	0	0	0
0	0	0	0	0	0	0	8	0	0	0	0	4	0	0	0	0	0	0	0	0	0	0	0	0	0	0	0	0	0	0
0	0	0	0	0	0	0	0	0	0	0	0	0	0	0	0	0	2	0	0	0	0	0	2	0	0	0	0	2	0	0
0	0	0	0	0	0	0	0	0	0	0	0	8	0	0	0	0	0	0	0	0	2	0	0	0	0	0	0	0	0	0
0	0	0	0	3	0	0	0	0	0	0	0	0	0	0	0	3	0	0	0	0	0	0	0	0	0	0	4	0	0	0
0	0	0	0	0	10	0	0	2	2	8	0	0	0	0	0	0	2	0	0	0	0	0	0	0	0	0	12	0	0	0
0	0	3	0	2	0	0	3	0	0	0	0	0	0	0	0	0	0	0	0	0	0	0	0	0	0	0	0	0	0	0
0	0	0	7	0	0	0	0	0	2	0	2	0	0	0	0	9	0	0	5	12	0	4	0	0	0	0	0	3	0	0
0	0	0	0	0	0	0	0	0	0	0	0	0	2	0	0	0	0	0	0	0	0	0	0	0	0	0	0	0	0	0
0	0	0	0	0	0	0	4	0	0	0	0	0	0	4	0	0	0	0	0	5	0	2	2	0	0	0	0	0	0	0
0	0	0	0	0	0	0	0	0	0	0	0	0	0	0	0	0	0	0	0	0	0	0	0	0	0	0	0	0	6	0
0	0	0	0	0	0	0	0	0	0	0	0	0	0	0	0	0	0	0	0	0	0	0	0	0	2	0	0	0	0	0
0	0	0	2	0	0	0	0	0	0	0	0	0	0	0	0	0	0	0	0	0	2	0	0	0	0	0	0	0	0	0
5	0	0	0	0	28	0	0	0	0	0	0	0	0	0	0	0	0	3	0	0	0	0	10	0	0	0	0	0	0	0
10	0	0	0	0	0	0	0	0	2	0	2	0	0	0	0	0	0	0	0	0	2	0	2	0	0	0	0	0	0	0
2	0	0	0	3	1	0	0	112	0	0	8	13	0	0	0	10	1	0	2	0	0	0	4	39	0	0	15	0	6	0
0	0	0	0	0	0	6	0	7	0	0	0	0	0	0	0	0	14	0	0	0	0	0	0	3	9	0	9	0	4	0
0	0	0	0	0	0	0	0	0	0	0	0	0	0	0	0	0	0	0	0	2	0	0	0	0	0	0	0	0	0	0
0	0	0	0	0	0	0	0	0	0	4	0	0	0	0	10	0	0	0	0	0	0	0	0	0	0	0	0	0	0	0
0	0	0	0	0	2	0	0	0	0	0	0	0	4	0	3	0	0	0	0	0	0	0	0	0	0	4	0	0	0	2
0	0	0	0	0	0	0	0	0	0	0	0	0	3	0	0	0	0	1	0	0	0	0	0	0	0	0	0	0	0	3
0	12	0	0	0	0	7	0	2	0	0	0	0	0	0	0	0	7	0	0	0	0	0	0	6	5	0	3	0	4	0
0	0	0	0	0	0	0	0	0	0	0	0	10	0	0	0	0	0	0	0	0	0	0	0	0	0	0	0	0	0	0
0	0	0	0	0	0	0	0	0	0	0	3	0	0	0	0	0	0	0	0	0	0	0	2	0	0	0	0	0	0	0
0	0	0	0	0	0	0	0	0	0	0	0	29	0	0	0	4	0	0	0	0	0	0	0	0	0	0	0	0	0	0
2	0	0	0	2	0	0	0	2	3	0	0	6	0	0	0	0	0	0	0	0	0	0	0	0	0	0	0	0	0	0
2	0	0	0	0	0	0	0	0	0	0	0	0	0	0	0	0	0	0	0	0	0	0	0	0	0	0	0	0	0	8
0	0	0	2	2	0	0	1	0	2	0	0	0	0	5	0	0	0	0	0	0	2	0	0	0	0	0	0	0	2	0
11	0	84	11	4	0	2	7	0	81	0	46	0	0	4	0	0	4	0	31	0	0	11	0	0	0	0	0	13	0	0
0	0	0	0	8	0	0	4	0	0	0	0	0	0	8	0	1	0	0	0	0	0	2	0	0	0	0	0	0	0	0
14	0	13	14	0	0	0	5	0	12	0	9	0	0	2	0	6	5	0	3	7	0	0	12	2	0	0	0	10	3	0
2	0	0	0	0	0	0	0	3	0	0	0	0	4	0	0	0	0	5	0	0	2	0	0	0	5	0	0	13	0	0
0	0	2	0	0	1	0	0	0	0	182	0	0	0	0	15	0	0	7	0	0	0	0	0	0	0	0	0	0	0	2
0	0	0	0	0	2	0	0	2	0	0	0	0	4	0	0	0	0	0	0	0	0	0	0	0	0	0	0	0	0	0
0	0	0	0	0	0	0	0	0	0	0	0	0	0	0	0	0	0	0	0	0	0	0	0	0	0	8	0	0	0	0
4	0	0	9	0	0	0	0	0	4	0	0	0	0	0	0	0	0	0	1	0	0	0	0	0	0	0	0	23	0	0
0	0	0	0	0	0	4	0	0	0	0	0	0	0	0	0	0	0	0	0	0	0	0	0	0	0	0	0	0	0	5
0	0	0	4	0	0	0	0	0	0	0	0	0	0	0	0	0	0	0	0	0	0	0	0	0	0	0	0	4	0	0
0	0	0	0	0	0	0	0	23	0	0	0	0	0	0	0	0	0	0	0	0	0	0	0	0	0	0	10	0	1	0
0	10	0	0	0	0	0	0	4	0	0	0	0	0	0	0	0	5	0	0	0	0	0	0	6	12	0	0	2	3	0
0	4	0	0	0	0	0	0	2	0	0	0	0	0	0	0	0	0	0	0	0	0	0	0	2	0	0	0	0	3	0
0	0	0	0	0	0	0	0	0	0	0	0	0	0	0	2	0	0	0	0	0	0	0	0	0	0	0	0	0	0	0
11	8	3	0	0	22	7	3	0	0	0	3	0	65	0	2	0	1	30	3	0	19	2	4	2	3	2	0	10	15	7
2	0	0	0	0	0	0	3	0	0	0	0	0	0	0	0	0	0	0	0	0	0	0	0	0	0	0	0	0	0	0
0	0	0	0	0	0	0	0	0	0	0	0	0	4	0	0	0	0	0	0	0	0	0	0	0	0	0	0	0	0	0
2	0	0	0	0	0	0	0	0	0	0	0	0	3	0	0	0	0	0	0	0	2	0	0	0	0	0	0	0	0	3
0	3	0	0	0	59	1	2	2	0	0	0	12	3	0	4	0	0	8	4	0	0	0	0	0	3	2	0	0	0	1
0	0	0	0	0	0	0	0	0	0	0	0	0	0	0	0	0	0	2	0	0	2	0	0	0	0	0	0	0	0	3
0	4	0	0	0	0	24	0	12	0	0	0	0	0	0	0	0	28	0	0	0	0	0	0	7	20	0	17	0	6	0
0	2	0	0	0	0	0	0	0	0	0	0	0	0	0	0	0	0	0	0	0	0	0	0	0	0	0	0	0	0	0
0	0	0	0	0	0	0	0	0	0	0	0	0	3	0	0	0	0	5	0	0	0	0	0	0	0	0	0	0	0	0
0	0	0	0	0	0	0	0	0	2	0	0	0	0	0	0	0	0	3	0	0	0	0	0	0	0	0	0	0	0	0
2	0	0	0	0	25	5	0	98	2	0	6	0	0	0	0	0	4	0	0	3	0	0	5	59	1	0	9	0	46	0
7	10	1	4	3	0	8	4	16	0	0	1	0	0	5	0	1	15	0	0	1	5	7	0	8	8	0	7	5	0	0
43	0	0	0	0	2	0	0	0	0	0	0	0	0	0	0	0	0	0	0	0	0	0	0	0	0	12	0	0	0	0
0	0	0	0	0	0	0	0	0	0	0	0	0	0	0	0	0	0	0	0	0	0	0	0	0	0	0	2	6	2	0
0	0	0	0	0	0	0	0	0	0	0	0	0	5	0	0	0	0	0	0	0	0	0	0	0	0	0	0	0	0	0
0	0	0	0	0	0	0	0	0	0	0	0	0	0	0	0	0	2	2	0	0	0	2	0	0	0	0	0	0	0	0
0	0	0	0	0	0	0	0	0	0	0	0	5	0	0	0	0	0	0	0	0	0	0	0	0	0	0	0	0	0	10
0	0	0	0	0	0	0	0	0	0	0	0	0	0	0	0	0	0	0	0	0	0	0	0	0	0	0	2	0	10	0
0	0	0	0	0	0	0	0	0	0	0	0	0	0	0	3	0	0	5	0	0	0	0	0	0	0	0	0	0	0	0
0	0	0	0	0	0	0	0	0	0	0	0	0	0	0	0	0	0	0	0	0	0	0	0	0	0	52	0	0	0	0
0	1	0	0	0	0	0	4	0	0	0	0	0	0	2	0	0	0	0	0	0	0	0	0	0	0	0	0	0	1	0
0	3	0	0	0	0	2	0	6	0	0	0	0	0	0	0	0	0	0	0	0	0	0	0	3	4	0	3	0	2	0
0	0	0	0	2	0	0	0	3	0	0	0	13	0	0	0	6	3	0	0	2	0	5	0	0	0	0	0	0	0	0
0	0	0	0	0	0	0	0	0	0	0	0	0	0	0	0	0	0	0	0	0	0	0	0	0	0	0	5	0	0	2
0	0	7	0	0	0	0	0	0	3	0	2	0	0	0	0	0	1	0	0	0	0	0	2	0	0	0	0	0	0	0
0	0	0	0	0	0	0	0	0	0	0	0	0	0	0	0	0	0	0	0	0	0	0	0	0	0	0	0	0	10	0
0	0	0	0	4	0	0	5	0	0	0	0	0	0	5	0	8	0	0	0	1	0	0	0	0	0	0	0	0	0	0
0	0	0	4	0	0	0	10	0	0	0	0	0	0	3	0	0	0	0	0	0	0	8	0	0	0	0	0	0	0	0
0	4	0	0	0	0	0	0	0	0	0	0	0	0	0	0	0	0	0	0	0	0	0	0	0	0	0	0	0	0	0
0	0	0	0	0	0	0	0	3	0	0	0	0	0	0	0	0	0	0	0	0	0	0	0	0	0	0	0	0	0	0
0	7	0	0	0	0	4	0	0	0	0	0	0	0	0	0	0	3	0	0	0	0	0	0	0	1	0	0	0	0	0
8	0	6	0	1	0	6	6	1	24	0	10	0	0	3	0	4	0	0	14	0	1	3	10	0	0	0	6	5	0	0
0	4	0	0	3	0	8	5	4	0	0	3	0	0	0	0	0	0	0	0	2	1	0	7	8	6	0	4	0	7	0
0	0	0	0	0	0	0	0	0	0	0	0	4	0	0	0	0	0	0	0	0	0	0	0	0	0	0	0	0	0	0
63	5	44	34	377	0	0	326	0	91	0	102	12	0	249	0	193	14	0	40	58	9	327	36	4	4	0	0	44	0	0
0	2	0	0	0	0	0	0	0	0	0	0	0	0	0	0	0	0	0	0	0	0	2	0	0	2	0	0	0	0	0
0	0	0	0	3	0	0	0	0	0	0	0	0	0	0	0	0	0	0	0	0	0	5	0	0	0	0	0	0	0	0
0	0	2	0	0	0	0	0	0	3	0	0	0	0	0	0	0	0	0	2	0	0	5	0	0	0	0	0	0	0	0
2	0	0	0	0	0	0	0	0	0	0	0	0	0	0	0	0	0	0	0	0	0	0	0	0	0	0	0	0	0	0
0	0	0	0	0	4	0	0	0	0	107	0	0	0	0	0	0	0	0	0	0	0	0	0	0	0	0	0	0	0	0
0	0	0	0	0	2	0	0	0	0	0	0	0	0	0	0	0	0	0	0	0	0	0	0	0	0	0	0	0	0	0
0	2	3	0	0	0	0	0	2	3	0	4	0	0	0	0	0	0	0	4	0	0	0	0	0	2	0	0	2	0	0
25	2	1	0	4	66	3	0	3	8	17	2	0	121	4	29	0	10	81	3	8	13	5	21	1	1	35	9	3	0	308
0	0	0	0	0	0	0	0	0	0	0	0	0	0	0	0	0	0	5	0	0	0	0	0	0	0	0	0	0	0	0
9	0	0	1	0	50	13	0	8	7	9	3	2	2	0	0	0	5	8	4	0	12	0	15	6	1	0	0	2	9	6
0	0	0	0	2	0	0	0	0	0	0	0	0	0	0	0	0	0	0	0	0	0	0	0	0	1	0	0	0	0	0
0	2	0	0	0	0	1	0	0	0	0	0	0	0	0	0	3	2	1	0	0	0	0	0	0	0	0	0	0	0	0
9	2	0	2	12	0	0	23	0	9	0	13	0	0	10	0	7	0	0	0	6	6	18	4	0	0	0	0	2	0	0
0	0	0	0	0	0	0	0	0	0	0	0	0	0	0	0	0	0	0	0	0	0	0	0	0	2	0	0	0	0	0
0	0	23	6	3	0	0	3	0	28	0	15	0	0	6	0	22	0	0	4	5	0	12	0	0	0	0	0	0	0	0
17	0	11	46	641	1	0	519	0	30	0	10	10	0	367	0	206	1	0	12	233	0	625	53	0	0	0	2	27	1	4
0	0	0	0	0	0	0	0	0	0	0	0	0	0	0	4	0	0	0	0	0	0	0	31	0	0	0	0	0	4	0
0	0	0	0	0	0	0	0	0	0	0	0	20	0	0	0	0	0	0	0	0	0	0	0	0	0	0	0	0	0	0
3	0	0	1	0	4	0	0	0	0	0	4	0	9	0	0	0	0	0	0	0	0	0	0	0	0	20	0	0	8	0
0	0	0	0	0	0	0	0	0	0	12	0	0	0	0	0	0	0	0	0	0	0	0	0	0	0	0	0	0	0	0
0	0	0	0	0	3	0	0	0	0	0	0	0	0	0	0	0	0	0	0	0	0	0	0	0	0	0	0	0	0	0
0	0	0	0	0	0	0	0	0	0	0	0	0	0	0	0	0	0	0	0	0	0	0	0	7	0	0	0	0	0	0
0	2	0	0	0	0	0	0	2	0	0	0	0	0	0	0	0	0	0	0	0	0	0	0	0	6	0	0	0	0	0
0	0	0	0	0	0	0	0	0	0	0	0	0	0	0	0	0	0	2	0	0	0	0	0	0	0	3	0	0	0	0
0	0	0	0	0	0	0	0	0	0	0	0	0	0	0	0	0	0	1	0	0	1	0	0	0	0	0	0	0	0	0
0	0	0	0	0	0	0	0	10	0	0	0	0	0	0	0	0	0	0	0	0	0	0	0	5	0	0	0	0	0	0
0	0	0	3	6	0	0	0	0	4	0	2	0	0	3	0	0	0	0	0	2	0	2	0	0	0	0	0	0	0	0
0	2	0	0	0	0	3	0	1	0	0	0	0	0	0	0	0	1	0	0	0	0	0	0	0	2	0	5	0	0	0
0	0	0	0	0	0	0	0	0	0	0	0	0	0	0	0	0	0	0	0	0	0	0	0	9	0	0	0	0	0	0
7	7	3	11	0	23	9	3	18	13	0	14	0	4	0	3	5	14	10	16	0	11	0	10	6	7	0	0	5	3	3
0	0	0	0	0	2	0	0	5	0	0	0	0	0	0	0	0	4	0	0	0	0	0	0	2	3	0	0	0	0	0
0	0	0	0	0	0	0	0	0	0	0	0	0	0	0	0	0	0	3	0	0	0	0	0	0	0	0	0	0	0	0
0	0	0	0	0	0	0	0	0	0	8	0	0	0	0	0	0	0	0	0	0	0	0	0	0	0	0	0	0	0	0
0	4	0	0	0	0	4	0	4	0	0	0	0	0	0	0	0	4	0	0	0	0	0	0	2	3	0	0	0	0	0
13	0	0	0	0	0	0	0	0	0	0	0	0	0	0	0	0	0	0	0	0	0	0	0	0	0	0	0	0	0	0
0	0	1	3	7	0	3	0	0	3	0	0	0	0	0	0	0	0	0	0	0	0	8	0	0	0	0	0	0	0	0
65	0	0	2	0	0	0	0	0	0	3	0	0	0	0	0	0	0	0	0	0	0	0	205	0	0	3	0	24	0	0
0	0	0	0	0	0	0	0	0	0	0	0	0	2	0	0	0	0	4	0	0	0	0	0	0	0	0	0	0	0	0
0	0	0	0	0	3	0	0	0	0	0	0	0	0	0	0	0	0	0	0	0	0	0	0	0	0	0	0	0	0	0
0	2	0	0	5	0	0	4	0	2	0	1	10	0	6	0	13	0	0	0	5	0	5	2	11	0	0	0	9	0	0
0	0	0	0	0	0	0	0	0	0	0	0	0	0	0	0	3	0	0	0	0	0	0	0	0	0	0	0	0	0	0
0	0	0	0	0	0	0	0	0	0	0	0	0	0	0	0	0	0	0	0	0	0	0	0	0	0	0	0	0	0	4
0	0	0	0	0	0	0	0	0	0	0	0	0	0	0	0	0	0	0	0	0	0	0	0	3	0	0	0	2	0	0
0	0	0	0	0	2	0	0	0	0	0	0	2	0	0	0	0	3	0	0	0	0	0	0	3	0	0	0	0	0	7
0	0	0	0	0	5	0	0	0	0	0	0	0	0	0	0	0	0	0	0	0	0	0	0	0	0	0	0	0	0	0
0	0	0	0	0	0	0	0	0	0	0	0	0	0	0	0	0	0	0	0	0	0	0	0	4	0	0	0	0	0	0
0	0	0	0	0	0	2	0	5	0	0	0	0	0	0	0	0	2	0	0	0	0	0	0	0	0	0	4	0	2	0
0	0	0	0	0	0	0	0	0	0	0	0	0	0	0	0	0	0	0	0	0	0	0	0	0	0	0	0	10	0	0
0	0	0	0	0	0	0	0	0	0	0	2	0	0	0	0	8	0	0	0	0	0	0	0	0	0	0	0	0	0	0
0	0	0	0	3	0	0	2	0	0	0	0	0	0	0	0	3	0	0	0	0	0	2	0	0	0	0	0	0	0	0
0	0	0	0	0	0	0	0	0	0	0	0	0	0	0	0	0	0	0	0	0	0	0	0	0	2	0	0	2	0	0
0	0	0	0	0	0	0	0	4	0	0	0	0	0	2	0	0	0	0	0	0	0	0	0	2	0	0	0	0	0	0
0	0	0	0	0	0	2	0	16	0	0	0	7	0	0	0	0	0	0	0	0	0	0	0	3	0	0	0	0	0	0
0	5	0	0	1	0	0	9	0	0	0	0	0	0	2	0	0	3	0	0	0	0	3	0	0	0	0	0	0	0	0
0	0	0	2	0	0	0	0	0	0	0	0	0	0	0	0	0	0	0	0	0	0	0	0	0	0	0	0	0	0	0
0	3	0	0	0	0	1	0	7	0	0	0	0	0	0	0	0	8	0	0	0	0	0	0	0	4	0	8	6	2	0
3	0	44	7	5	0	0	4	0	31	0	33	2	0	5	0	0	0	0	11	5	0	5	6	0	0	0	0	4	0	0
0	0	0	0	2	0	2	0	0	0	0	0	0	0	0	0	0	0	0	0	0	0	0	2	0	0	0	0	0	0	0
0	0	0	0	0	0	0	0	0	0	0	0	0	0	4	0	0	0	0	0	6	0	0	0	0	0	0	0	0	0	0
2	9	0	0	0	0	4	0	9	2	0	6	0	0	0	0	0	0	0	2	6	0	0	6	0	3	0	0	0	0	0
0	0	2	0	0	0	0	0	0	4	0	2	0	0	0	0	0	0	0	0	0	0	0	0	0	0	0	0	0	0	0
3	0	11	0	0	0	0	0	0	7	0	11	0	0	0	0	0	0	0	5	0	0	0	1	4	0	0	0	0	0	0
14	2	5	0	0	0	8	0	9	6	0	9	0	0	0	0	0	3	0	2	0	2	0	14	0	2	0	4	4	0	0
0	0	0	0	0	0	0	0	0	0	0	0	0	0	0	0	0	2	0	0	36	0	0	0	0	2	0	0	0	0	0
0	0	0	0	0	2	0	0	0	0	0	0	0	0	0	0	0	0	0	0	0	0	0	2	0	0	0	0	0	0	0
4	0	13	2	3	0	0	0	0	12	0	8	0	0	0	0	2	0	0	8	0	0	1	2	0	0	0	0	0	0	0
0	0	0	0	0	22	0	0	3	0	0	3	6	18	0	5	0	0	5	0	0	2	0	0	13	2	1	15	0	13	48
0	0	0	0	0	0	0	0	0	0	0	0	0	0	0	0	0	0	0	1	0	0	0	0	0	0	0	0	0	0	0
0	26	0	0	0	0	31	0	16	0	0	0	0	0	0	0	0	25	0	0	0	0	0	0	6	30	0	4	0	3	0
0	0	0	0	3	0	0	0	0	0	0	0	0	0	0	0	1	0	0	0	0	0	0	0	0	0	0	0	0	0	0
0	0	0	0	0	0	0	0	0	0	0	0	9	0	0	0	0	0	0	0	0	0	0	0	0	0	0	0	0	0	0
0	0	0	0	0	0	0	0	0	0	0	0	0	0	0	0	0	0	0	0	0	0	0	0	0	0	6	0	0	0	0
0	3	0	0	0	0	3	0	0	0	0	0	0	0	0	0	0	0	0	0	0	0	0	0	0	2	0	0	0	0	0
0	0	0	0	0	0	0	2	0	0	0	0	0	0	0	0	0	0	0	0	0	0	0	0	0	0	0	0	0	0	0
0	0	0	0	0	2	0	0	0	0	0	0	0	0	0	0	4	0	8	0	0	0	0	0	0	0	0	0	0	8	0
0	0	0	4	2	0	0	5	0	0	0	0	0	0	0	0	0	0	0	0	0	0	0	0	0	0	0	0	0	0	0
4	7	3	2	0	0	0	0	5	4	0	0	0	0	0	0	0	13	0	0	0	0	0	0	2	5	0	4	0	0	0
0	0	0	0	0	0	0	0	0	0	0	0	0	0	0	0	0	0	0	0	0	0	0	23	0	0	0	0	0	0	0
12	0	9	22	26	0	0	12	0	15	0	8	0	0	15	0	23	3	0	6	8	0	15	9	0	0	0	0	8	0	0
60	5	257	36	308	4	4	215	4	322	0	213	0	0	238	0	109	4	2	152	59	6	273	60	0	0	0	0	59	9	4
0	1	2	0	0	70	1	0	4	1	0	5	0	0	0	0	0	2	0	5	0	0	0	6	0	0	0	0	0	0	0
0	0	4	0	2	9	3	0	8	0	0	16	88	2	0	0	12	10	0	2	15	0	0	0	30	0	0	33	0	10	2
0	0	0	0	0	0	0	0	0	0	0	7	47	0	0	0	3	0	0	0	9	0	0	0	1	0	0	5	0	23	0
0	0	0	0	0	116	0	0	0	0	15	0	0	241	0	372	0	0	176	0	0	761	0	0	0	0	18	2	0	0	1139
0	7	0	0	0	0	2	0	5	0	0	0	0	0	0	0	0	2	0	0	0	0	0	0	3	2	0	2	0	0	0
0	0	0	0	0	10	0	0	0	0	2	0	0	5	0	0	0	0	8	0	0	0	0	0	0	0	2	0	1	0	4
0	0	2	0	0	0	0	0	0	0	0	2	0	0	0	0	0	0	0	0	0	0	0	8	0	3	0	0	0	0	0
0	0	10	18	5	0	0	1	0	6	0	15	0	0	6	0	3	3	0	10	7	0	8	7	0	0	0	0	5	0	0
0	0	0	0	0	2	0	0	0	0	0	0	0	0	2	0	0	0	0	0	0	0	0	0	0	0	0	0	0	0	0
0	0	0	0	0	0	0	0	0	0	0	0	0	0	0	5	0	0	0	0	0	0	0	0	0	0	0	0	0	0	0
0	0	0	0	0	0	0	0	0	0	0	0	0	0	0	0	3	0	0	0	0	0	0	0	0	0	0	0	0	0	0
0	0	0	0	0	0	0	0	0	0	0	0	2	0	0	0	0	0	0	0	0	0	0	0	0	0	0	0	0	0	0
0	0	0	0	0	0	0	0	0	0	0	0	0	0	0	0	0	0	0	0	0	0	0	0	0	0	0	0	0	0	2
0	0	0	0	0	0	0	0	0	0	0	0	0	2	0	0	0	0	0	0	0	0	0	0	0	0	0	0	0	0	0
0	0	0	0	0	0	0	0	2	0	0	0	0	0	0	0	0	0	0	0	0	0	0	0	0	0	0	0	0	0	0
0	0	7	3	0	0	0	0	0	9	0	3	0	0	0	0	0	0	0	12	1	0	0	6	0	0	0	0	7	0	0
0	0	0	0	0	0	0	0	0	0	0	0	0	0	0	0	0	0	0	0	0	0	0	0	0	0	0	0	2	0	0
0	0	0	0	0	0	0	0	0	2	0	0	0	0	0	0	0	0	0	0	0	0	0	0	0	0	0	0	0	0	0
2	12	4	0	0	0	6	0	6	0	0	0	0	0	0	0	0	8	0	0	0	0	0	1	7	16	0	3	2	2	0
0	0	0	0	0	0	0	0	0	0	0	0	0	0	0	0	1	0	0	0	0	0	0	0	0	0	0	0	0	0	0
0	0	0	0	0	0	0	0	0	0	0	0	0	0	0	0	0	0	0	0	0	0	3	0	0	0	0	0	0	0	0
0	0	0	0	0	4	0	0	0	0	0	0	0	1	0	0	0	0	0	0	0	0	0	0	0	0	0	0	0	0	0
0	0	0	0	0	3	0	0	0	0	0	0	0	2	0	0	0	0	0	0	0	0	0	0	0	0	0	0	2	0	2
0	0	0	0	0	0	0	0	3	0	0	0	0	0	0	7	0	0	0	0	0	0	0	0	0	0	0	0	0	0	0
0	0	0	0	0	0	0	0	0	0	0	0	0	0	0	0	0	0	0	0	0	0	0	0	3	0	0	0	0	0	0
0	0	0	0	0	0	0	0	0	0	0	0	0	0	0	0	0	2	0	0	0	0	0	0	0	0	0	0	0	0	0
0	11	0	0	0	0	6	0	6	0	0	0	0	0	0	0	0	7	0	0	0	0	0	0	2	14	0	2	0	10	0
0	0	0	0	0	8	0	0	0	0	0	0	0	0	0	0	0	0	0	0	0	2	0	0	15	0	0	0	0	11	0
0	9	0	18	4	0	9	16	0	0	0	2	0	0	3	0	8	5	0	0	2	0	4	11	3	5	0	0	8	5	0
0	1	0	0	0	0	2	0	2	0	0	0	0	0	0	0	0	2	0	0	3	0	5	0	0	0	0	0	0	0	0
0	0	0	0	0	0	0	0	0	0	0	0	0	0	0	0	0	3	0	0	0	0	0	0	0	0	0	0	0	0	0
0	0	0	0	0	0	0	0	0	0	0	0	0	0	0	0	0	0	0	2	0	0	0	0	0	0	0	0	0	0	0
0	0	0	0	0	0	0	0	0	0	103	0	0	0	0	0	0	0	0	0	0	0	0	0	0	0	0	0	0	0	0
0	0	0	0	0	2	0	0	0	3	0	0	0	0	0	2	0	0	0	0	0	0	0	1	0	0	0	0	4	0	0
0	0	0	0	0	0	0	0	5	0	0	0	0	0	0	0	0	0	0	0	5	0	0	0	12	0	0	0	0	0	0
0	0	0	0	0	11	0	0	0	0	0	0	0	9	0	0	0	0	4	0	0	2	0	0	0	0	0	0	0	0	0
0	0	0	0	0	0	0	0	0	0	0	0	2	0	0	0	0	0	0	0	0	0	0	0	3	0	0	0	0	0	0
0	0	0	0	0	0	0	0	0	0	0	0	0	0	0	0	0	0	0	0	0	0	0	0	0	0	0	11	0	0	0
0	0	0	0	0	0	0	0	0	0	0	0	0	0	2	0	0	0	0	0	0	0	0	0	0	0	0	0	1	0	0
2	0	0	0	0	0	0	0	0	0	0	0	3	0	0	0	0	0	0	0	0	0	0	0	0	0	0	0	1	0	0
0	0	0	0	0	0	0	0	0	0	0	5	2	0	0	0	0	0	0	0	0	0	0	2	0	0	0	0	0	0	0
0	2	0	0	0	0	0	0	0	0	0	0	0	0	0	0	0	1	0	0	0	0	0	0	0	0	0	0	0	0	0
0	0	1	0	2	0	0	1	0	3	0	1	0	0	4	0	17	0	0	0	0	0	4	0	0	0	0	0	0	0	0
0	0	0	0	0	0	0	0	0	0	0	0	0	2	0	0	0	0	0	2	0	0	0	0	0	0	3	0	0	0	0
0	4	0	0	0	0	0	0	3	0	0	0	0	0	0	0	0	0	0	0	0	0	0	0	0	0	0	6	0	0	0
2	0	0	0	0	0	0	13	0	0	0	0	5	0	3	0	2	0	0	0	0	0	7	0	0	0	0	0	0	0	0
0	0	0	0	0	0	0	0	0	0	0	0	0	0	0	0	0	0	0	0	0	0	0	0	0	0	0	0	0	3	0
2	0	0	0	0	0	0	0	0	0	0	0	0	0	0	0	0	0	0	0	0	0	0	0	0	0	0	13	0	10	0
0	3	0	0	0	0	2	2	0	2	0	0	0	0	0	0	0	2	0	0	0	0	0	0	0	0	0	0	0	0	0
0	0	0	0	7	0	0	6	0	0	0	0	0	0	0	0	0	0	0	0	0	0	0	0	0	0	0	0	0	0	0
2	7	9	2	8	4	2	3	0	21	0	10	0	0	4	0	7	7	1	1	1	0	11	0	4	3	0	7	1	4	0
0	2	0	0	11	0	0	9	0	0	0	0	0	0	7	0	19	3	0	0	14	0	9	0	0	4	0	0	0	0	0
3	1	0	1	0	0	0	0	0	0	0	2	0	0	0	0	0	0	0	0	0	2	0	0	0	0	0	0	0	0	0
0	0	0	0	0	0	0	1	0	0	0	0	0	0	0	0	0	0	0	0	0	0	0	0	0	0	0	0	0	0	0
0	6	0	0	0	0	4	0	0	0	0	0	0	0	0	0	0	5	0	0	0	0	0	0	5	0	0	0	0	1	0
0	0	0	0	0	0	0	0	0	0	0	0	0	0	0	0	0	0	0	0	0	0	0	0	0	0	0	0	0	0	2
0	0	0	0	0	0	0	0	0	0	0	0	0	0	0	0	0	6	0	0	0	0	0	0	0	3	0	2	0	0	0
4	1	0	0	0	0	3	0	0	0	0	0	0	0	0	4	0	1	11	0	0	9	0	0	0	0	0	0	0	0	54
4	10	1	4	0	0	5	0	2	0	0	0	0	0	0	0	0	8	2	0	0	0	0	2	0	6	0	0	7	0	0
0	0	0	0	0	0	0	0	2	0	0	0	0	0	0	0	0	3	0	0	0	0	0	2	3	0	0	0	0	0	0
0	0	0	0	0	0	0	0	0	0	0	0	0	0	0	0	0	0	0	0	0	0	0	0	0	0	10	0	0	0	0
0	0	0	0	0	0	0	0	0	0	0	0	0	0	0	0	0	0	0	0	0	0	0	0	0	0	0	0	13	0	0
0	0	0	0	0	0	6	0	3	0	0	0	0	0	0	0	0	10	0	0	0	0	0	0	10	2	0	0	0	0	0
0	0	0	0	0	0	0	0	0	0	0	0	0	0	0	0	0	0	0	0	0	0	0	3	0	0	0	0	0	0	0
0	0	0	0	0	0	0	0	0	0	0	0	0	0	0	0	0	0	0	0	0	0	0	0	0	0	0	0	0	0	2
2	34	2	0	0	7	29	0	24	0	0	0	0	2	0	0	0	30	0	0	0	1	0	3	13	18	0	39	0	14	0
0	0	0	0	0	0	0	0	0	0	0	2	0	0	0	0	0	0	0	2	0	0	0	0	0	0	0	0	0	0	0
6	2	3	0	13	0	0	14	4	7	0	9	0	0	27	0	12	0	0	7	12	5	14	0	0	0	0	0	9	0	0
0	0	0	0	0	0	0	0	0	0	0	0	8	0	0	0	4	0	0	0	0	0	0	0	0	0	0	2	0	0	0
5	0	0	0	0	0	0	0	0	0	2	0	0	0	0	0	0	0	0	0	0	0	0	1	0	0	0	0	0	0	0
0	0	0	0	0	8	0	0	43	0	0	2	11	0	0	0	0	0	0	0	0	0	0	0	19	0	0	8	0	23	0
15	24	3	18	4	0	10	5	11	13	0	2	0	0	0	0	8	12	0	10	5	0	2	2	0	8	0	0	9	6	0
4	0	9	0	0	0	0	0	0	0	0	4	0	0	0	0	0	0	0	0	0	0	0	0	0	0	0	0	0	0	0
12	0	228	4	106	0	0	79	0	237	0	257	0	0	96	0	40	1	0	100	4	0	124	10	0	0	0	0	6	8	2
0	0	0	0	0	0	0	0	0	0	0	0	0	0	2	0	0	4	0	0	0	0	0	0	0	0	0	0	0	0	0
2	0	0	0	0	3	0	0	2	0	0	2	0	0	0	0	0	0	3	3	0	0	1	0	0	0	2	0	0	0	0
0	5	0	0	0	0	4	0	10	0	0	0	0	0	0	0	0	2	0	0	0	0	0	0	0	0	0	0	3	0	0
0	0	0	0	0	3	0	0	0	0	0	2	0	0	0	0	0	0	0	0	0	0	3	0	0	0	0	0	0	0	0
0	2	0	0	0	37	2	0	0	1	0	3	0	16	0	0	0	0	2	5	0	0	2	8	0	0	0	0	0	0	2
0	0	0	0	0	0	0	0	0	0	0	0	0	0	0	0	0	0	0	0	0	0	4	0	0	0	0	0	0	0	0
0	0	0	4	0	2	3	0	0	0	0	0	0	0	0	0	0	0	0	0	0	6	0	0	0	0	2	0	3	0	0
0	2	0	0	0	0	0	0	0	0	0	0	0	0	0	0	0	0	0	0	0	0	0	0	0	0	0	0	0	0	0
0	8	0	0	0	0	0	0	2	2	0	0	0	0	0	0	0	9	0	0	18	0	0	0	0	2	0	0	0	17	0
0	0	0	0	0	0	0	0	0	0	0	0	0	0	0	0	0	0	0	0	0	0	0	1	0	0	2	0	0	0	0
0	15	0	0	0	0	8	0	21	0	0	0	0	0	0	0	0	7	0	0	0	0	0	0	8	4	0	2	0	9	0
3	0	2	0	7	0	0	3	0	9	0	0	0	0	0	0	5	0	0	0	0	0	2	7	0	0	0	0	0	0	0
0	3	0	0	0	0	4	0	0	0	0	0	0	0	0	0	0	0	0	0	0	0	0	0	0	0	0	0	0	0	0
0	0	0	0	0	0	0	0	4	0	0	0	0	0	0	0	0	0	0	0	0	0	0	0	2	6	0	0	0	5	0
0	0	0	0	0	5	0	0	0	0	0	0	0	0	0	0	0	0	0	0	0	0	0	0	0	0	0	0	0	0	0
0	0	2	0	25	0	0	4	0	0	0	0	0	0	16	0	14	0	0	0	12	0	22	0	0	0	0	0	0	0	0
0	0	0	0	3	0	0	5	0	0	0	0	0	0	0	0	0	0	0	0	1	0	2	0	0	0	0	0	0	0	0
0	0	0	0	0	0	0	0	0	0	0	0	0	0	0	5	0	0	0	0	0	0	0	2	0	0	0	0	0	0	0
0	0	0	0	0	0	0	0	0	0	0	0	0	0	0	0	0	0	0	0	0	0	0	5	0	0	0	0	0	0	0
0	0	0	0	0	0	0	0	0	0	0	0	0	0	0	0	0	0	0	0	0	0	0	3	0	0	0	0	0	0	0
0	0	0	0	0	0	1	0	0	0	0	0	0	0	0	0	0	2	0	0	0	0	0	0	0	0	0	0	0	0	0
0	11	0	0	0	0	24	0	4	0	0	3	0	0	5	0	0	25	3	0	7	0	0	0	2	29	0	6	0	9	0
0	0	0	0	0	3	0	0	0	0	0	0	0	24	0	0	0	0	5	0	0	2	0	0	0	0	0	0	0	0	10
0	0	0	0	0	3	6	0	0	0	0	0	0	0	2	0	0	4	0	0	0	4	0	0	0	0	0	0	0	0	2
0	0	0	0	0	0	0	0	0	0	0	3	0	0	0	0	0	0	0	0	0	0	0	0	0	0	0	0	0	0	0
0	0	6	0	0	0	0	0	0	0	0	0	0	0	0	0	0	0	0	0	0	0	0	0	0	0	0	0	0	0	0
0	0	0	0	0	2	0	0	0	0	0	0	0	0	0	0	0	0	0	0	0	0	0	0	0	0	0	0	0	0	0
13	0	0	0	0	0	0	3	0	0	0	0	0	0	0	0	0	0	0	0	0	0	0	0	0	0	0	0	0	0	0
0	0	0	0	22	0	0	10	0	0	0	0	0	0	12	0	4	0	0	0	13	0	19	0	0	0	0	0	0	0	0
0	0	0	0	0	2	6	0	0	0	0	0	0	0	0	0	0	3	0	0	0	0	0	0	0	0	0	0	0	0	0
0	0	0	0	0	0	0	0	0	0	0	0	0	0	0	0	5	0	0	0	0	0	0	0	0	0	0	0	0	0	0
0	0	0	5	0	0	0	0	0	0	0	0	0	0	0	0	0	0	0	0	0	0	2	0	0	0	0	0	3	0	0
1	0	0	0	0	0	0	0	0	0	0	0	0	0	0	0	0	1	0	0	0	0	1	0	0	0	0	0	0	0	0
2	0	0	0	0	0	0	0	0	3	0	0	0	0	0	0	0	0	0	0	0	0	0	0	0	0	0	0	0	0	0
12	42	32	4	1	0	46	7	18	16	0	22	0	0	16	0	8	41	0	13	36	0	6	4	11	27	0	42	0	14	0
0	0	0	0	0	2	0	0	0	0	0	0	0	0	0	0	0	0	0	0	0	0	0	0	0	0	0	0	0	0	0
3	0	0	0	0	0	0	0	0	0	0	0	0	0	0	0	0	0	0	0	0	0	0	0	0	0	0	0	0	0	0
0	0	0	0	2	0	0	3	0	0	0	0	0	0	0	0	0	0	0	0	0	3	3	2	0	0	0	0	2	0	0
0	0	0	0	0	4	0	0	0	0	0	3	0	2	0	0	0	0	2	0	0	0	0	0	0	0	0	0	0	0	4
0	4	0	0	0	0	10	0	6	0	0	0	0	0	0	0	0	6	0	0	2	0	0	0	11	8	0	15	0	3	0
0	0	2	0	0	3	0	0	0	0	0	0	0	0	0	0	0	0	0	0	0	0	0	0	0	0	0	0	0	0	0
0	0	0	0	0	0	0	0	0	0	0	0	0	0	0	0	0	0	0	0	0	0	0	0	0	0	0	0	0	12	0
0	2	0	0	0	0	0	0	0	0	0	0	0	0	0	0	0	2	0	0	0	0	0	0	0	5	0	0	0	0	0
13	0	0	0	0	0	0	0	0	0	0	0	0	0	0	0	0	0	0	0	0	0	0	0	0	0	0	0	0	0	0
0	0	0	0	0	0	0	0	0	0	0	0	0	0	0	0	0	0	0	0	0	0	0	0	6	0	0	0	0	0	0
0	0	0	0	0	0	0	0	0	3	0	0	0	0	0	0	0	0	0	2	0	0	0	0	0	0	0	0	0	0	0
2	0	0	0	0	0	0	0	0	0	0	0	0	0	0	0	0	0	0	0	0	0	0	74	0	0	0	0	0	0	0
0	0	5	0	0	0	0	0	0	0	0	0	0	0	0	0	0	0	0	0	0	0	0	0	0	0	0	0	0	0	0
4	0	0	0	0	0	0	0	0	0	0	0	0	0	0	0	0	0	0	0	0	0	0	0	0	0	0	0	0	0	0
4	0	0	0	3	7	0	0	0	4	0	0	0	4	0	0	0	0	2	0	0	0	0	0	0	0	0	0	0	4	0
0	0	0	0	0	0	0	0	0	0	0	0	0	0	0	0	0	0	2	0	0	0	0	0	0	0	0	0	0	0	0
5	4	34	0	16	0	4	12	7	7	0	23	0	2	16	0	7	8	3	6	8	0	27	10	0	3	0	8	7	0	0
0	9	0	0	0	0	0	0	5	0	0	0	0	0	0	0	0	8	0	0	0	0	0	0	17	17	0	0	0	7	0
0	2	2	0	0	0	0	0	0	0	0	0	0	5	0	0	0	0	5	0	0	0	0	0	0	0	0	0	0	0	0
0	0	0	0	0	0	0	0	0	0	2	0	0	0	0	0	0	0	0	0	0	2	0	0	0	0	0	0	0	0	0
0	1	0	0	0	0	0	0	0	0	0	0	0	0	2	0	0	4	0	0	0	0	0	0	0	1	0	0	2	0	0
0	0	0	0	0	0	0	4	0	0	0	0	3	0	0	0	0	0	0	0	0	0	0	0	0	0	0	0	0	0	0
0	6	0	9	0	0	11	0	0	0	0	0	0	0	0	0	0	15	0	0	0	0	0	0	9	17	0	1	5	6	0
0	0	0	0	0	0	0	0	0	0	0	0	0	2	0	8	0	0	0	0	0	0	0	0	0	0	3	0	0	0	0
0	0	0	0	0	0	0	0	0	0	0	0	0	0	0	0	0	0	1	0	0	0	0	0	0	0	0	0	0	0	0
4	0	1	0	0	0	0	6	0	0	0	0	0	0	10	0	2	0	0	4	18	4	4	6	0	0	0	0	0	0	0
3	1	0	0	0	0	0	0	0	0	0	0	0	0	0	0	0	0	0	0	7	0	0	0	0	0	0	0	0	2	2
0	0	2	0	3	0	0	0	0	3	0	0	0	0	3	0	2	0	0	2	0	0	0	0	0	0	0	0	0	0	0
0	3	0	0	0	0	0	0	0	0	0	0	0	0	0	0	0	0	0	0	0	0	0	0	0	0	0	0	0	0	0
0	3	0	1	0	0	7	0	7	0	0	0	0	0	0	0	0	5	0	0	0	0	0	4	6	7	0	1	0	0	0
0	0	0	0	14	0	0	1	0	0	0	0	0	0	2	0	4	0	0	0	0	0	7	0	0	0	0	0	0	0	0
0	0	0	0	0	0	0	0	0	0	0	1	0	0	0	0	0	0	0	0	0	0	0	0	0	0	0	0	0	0	0
0	0	0	0	0	0	0	0	0	0	0	0	0	0	1	0	0	0	2	0	0	0	0	0	0	0	0	0	0	0	0
0	0	0	0	0	4	0	0	0	0	0	0	0	0	0	0	0	3	2	0	0	0	0	6	0	0	0	0	0	3	0
0	0	0	0	0	0	0	0	0	0	0	0	11	0	0	0	0	0	0	0	0	0	0	0	0	0	0	0	0	0	0
0	0	0	2	0	0	0	0	0	0	0	0	0	0	3	0	0	0	0	0	0	0	0	0	0	0	0	0	2	0	0
0	3	0	0	0	0	0	0	0	0	0	0	0	0	0	0	0	0	0	0	0	0	0	0	0	0	0	0	0	0	0
0	2	0	0	0	0	0	0	0	0	0	0	0	0	0	0	0	0	0	0	0	0	0	0	0	2	0	0	0	0	0
0	0	0	0	0	0	0	0	12	0	0	0	0	0	0	0	0	0	0	0	0	0	0	0	0	0	0	0	0	0	0
0	4	0	0	0	0	3	0	0	0	0	0	0	0	0	0	0	5	0	0	0	0	0	0	0	2	0	0	0	0	0
0	0	0	0	0	0	0	0	0	0	0	0	0	3	0	0	0	0	0	0	0	0	0	0	0	0	0	0	0	0	0
7	0	0	4	0	0	0	0	0	0	0	0	0	0	0	0	0	0	0	2	0	0	0	0	0	0	0	0	21	0	0
0	0	0	0	0	0	0	4	0	0	0	0	0	0	0	0	0	0	0	0	0	0	0	0	0	0	0	0	0	0	0
0	2	0	0	0	6	0	0	0	0	0	0	0	0	0	0	0	0	0	0	0	0	0	0	33	0	0	1	0	3	0
5	0	0	8	4	0	0	3	0	0	0	0	0	0	0	0	1	0	0	0	5	0	3	0	0	0	0	0	14	0	0
0	0	0	0	0	0	0	0	0	0	0	0	0	0	0	0	0	0	0	0	0	0	2	0	0	0	0	0	0	0	0
0	0	0	0	3	0	0	2	4	0	0	0	0	0	0	0	0	0	0	0	0	0	2	0	2	2	0	0	0	3	0
0	0	0	0	0	0	0	0	4	0	0	0	0	0	0	0	0	0	0	0	0	0	0	0	0	0	0	0	0	0	0
0	0	0	0	0	0	0	0	17	0	0	0	0	0	0	0	0	0	0	0	0	0	0	0	0	0	0	0	0	0	0
0	0	0	0	0	0	0	2	0	0	0	0	0	0	2	0	3	0	0	0	0	0	5	0	0	0	0	0	0	0	0
0	2	1	0	0	0	0	0	0	1	0	1	0	4	4	0	0	3	0	6	0	0	2	0	2	2	0	0	0	0	0
7	0	0	0	0	0	0	0	3	0	0	0	0	0	0	0	0	0	0	0	0	0	0	0	0	0	0	0	0	2	0
0	9	0	0	0	0	4	0	3	0	0	0	0	0	0	0	0	4	0	0	0	0	0	0	0	5	0	5	0	0	0
0	0	0	0	0	0	0	2	0	0	0	0	0	0	0	0	0	1	0	0	0	0	0	0	4	0	0	0	0	0	0
0	4	0	0	3	0	1	0	0	0	0	0	0	0	2	0	0	0	0	0	0	0	0	0	3	9	0	2	0	0	0
0	0	0	0	0	0	0	0	0	0	0	0	14	0	0	0	0	0	0	0	0	0	0	0	0	0	0	0	0	0	0
2	0	2	0	0	2	0	0	0	6	0	2	0	0	2	0	0	0	0	3	0	0	0	4	0	0	0	0	6	2	0
0	0	0	0	0	0	0	0	4	0	0	0	0	0	0	0	0	0	0	0	0	0	0	0	0	0	0	0	0	0	0
0	0	0	0	0	0	0	0	0	0	0	0	0	0	0	0	0	0	0	0	0	0	0	0	0	0	2	0	0	0	0
0	0	0	0	0	0	0	0	0	0	0	0	0	2	0	0	0	0	0	0	0	2	0	0	0	0	0	5	2	0	2
0	0	0	0	0	0	0	0	0	0	0	2	0	0	0	0	2	0	0	0	0	0	0	0	15	0	0	26	0	0	0
0	0	0	0	0	0	0	0	0	0	0	0	5	0	0	0	0	0	0	0	0	0	0	0	0	0	0	0	0	0	0
0	0	0	0	0	0	0	0	0	0	28	0	0	0	0	15	0	0	0	0	0	0	0	0	0	0	0	0	0	0	0
0	0	0	0	0	0	0	0	0	0	0	0	0	0	0	0	0	0	0	0	0	21	0	0	0	0	0	0	0	0	0
0	0	0	0	0	0	0	0	3	0	0	0	0	0	0	0	0	0	0	0	0	0	0	0	0	0	0	0	0	0	0
0	0	0	0	0	2	0	0	0	0	0	0	0	4	0	0	0	0	11	0	0	2	0	0	0	0	0	0	0	0	0
0	0	0	0	0	0	0	0	0	0	0	0	0	0	2	0	0	0	0	0	0	0	0	0	0	0	0	0	0	0	0
0	0	0	0	0	3	3	0	0	0	0	9	10	0	0	0	0	0	0	0	2	0	0	0	9	0	0	0	0	9	3
0	0	0	0	0	0	0	0	0	0	0	0	3	0	2	0	0	0	0	0	0	0	0	0	0	0	0	0	0	0	0
36	5	49	2	7	0	10	4	13	55	0	42	2	0	2	0	6	8	0	35	7	0	11	62	0	6	0	0	18	0	0
2	0	0	0	14	0	0	19	0	0	0	5	0	0	22	0	11	0	0	0	5	0	17	0	0	0	0	0	0	0	0
0	9	0	0	0	0	5	0	6	0	0	0	0	0	0	0	0	5	0	0	5	0	0	0	0	12	0	2	0	6	0
0	4	2	0	0	83	29	0	0	0	3	0	11	28	0	56	0	8	22	0	0	33	0	0	12	0	5	6	0	17	19
0	0	0	0	4	0	0	0	0	0	0	0	0	0	0	0	0	0	0	0	0	0	0	0	0	0	0	0	0	0	0
0	0	0	0	0	4	0	0	0	0	0	0	0	0	0	0	0	0	0	0	0	0	0	0	0	0	0	0	0	0	0
0	0	0	0	0	19	0	0	4	0	0	0	0	0	1	0	0	0	0	3	0	0	0	0	0	0	0	0	1	0	0
0	0	0	0	0	0	0	0	0	0	0	0	0	0	0	0	0	3	2	0	0	0	0	0	0	0	0	0	0	0	0
0	0	0	0	0	0	0	0	5	0	0	0	0	0	0	0	0	0	0	0	0	0	0	0	0	0	0	0	0	0	0
3	0	2	0	0	0	0	0	0	3	0	7	0	0	2	0	2	0	0	0	0	0	1	0	0	0	0	0	4	0	0
0	0	0	0	0	0	0	0	6	0	0	0	0	0	0	0	3	0	0	0	0	0	0	0	0	3	0	0	0	1	0
0	0	0	0	0	0	0	0	0	0	0	0	0	0	0	0	0	0	0	0	0	0	0	0	0	0	4	0	0	0	0
0	0	0	0	0	4	0	0	0	0	0	0	0	0	0	0	0	0	0	0	0	0	0	0	0	0	0	0	0	0	0
0	0	0	0	0	0	0	0	6	0	0	0	0	0	0	0	0	0	0	0	0	0	0	0	0	0	0	0	0	0	0
0	30	0	0	0	0	16	0	3	0	0	0	0	0	0	0	0	40	0	0	0	0	0	0	9	19	0	4	0	5	0
0	0	1	5	11	0	0	23	0	3	0	0	0	2	22	0	14	0	0	2	11	5	10	0	0	0	0	0	18	0	0
0	0	0	0	0	0	0	0	0	0	0	0	0	0	0	0	0	0	0	0	0	0	0	3	0	0	0	0	0	0	0
0	2	0	0	12	0	0	10	3	3	0	5	5	0	25	0	21	3	0	3	0	2	24	0	0	0	0	0	0	6	0
0	0	0	0	0	0	2	0	0	0	0	0	0	0	0	0	0	3	0	0	0	0	0	0	0	0	0	0	0	0	0
0	3	9	3	0	0	0	6	0	1	0	1	0	0	0	0	1	0	0	1	0	0	0	0	0	0	0	0	0	2	0
0	0	0	0	7	0	0	0	0	2	0	0	0	0	0	0	0	0	0	0	0	0	10	0	0	0	0	0	0	0	0
0	0	0	0	0	0	0	0	0	0	0	0	0	0	0	0	0	0	3	0	0	0	0	0	0	0	0	0	0	0	0
0	0	0	0	0	0	0	0	0	0	0	0	0	0	0	0	0	0	0	0	0	0	4	2	0	2	0	1	0	0	0
0	0	0	0	2	31	3	0	3	2	2	9	0	13	5	0	0	3	16	2	0	0	2	2	0	3	0	0	10	1	3
2	0	0	0	0	0	0	0	0	0	0	0	0	0	0	0	0	0	0	0	0	0	0	0	0	0	0	0	0	5	0
0	0	0	0	0	0	0	0	0	0	9	0	0	0	0	0	0	0	0	0	0	0	0	0	0	0	0	0	0	0	0
0	0	0	0	1	0	0	0	0	2	0	0	0	0	0	0	0	0	0	0	7	0	0	0	0	0	0	0	0	0	0
11	0	43	13	2	0	0	0	0	72	0	33	0	0	0	0	0	0	0	16	0	0	0	40	0	0	0	0	22	0	0
3	0	0	0	6	0	0	0	0	0	0	0	0	0	0	0	0	0	0	0	0	0	0	0	0	0	0	0	0	0	0
0	0	2	3	2	0	3	2	0	0	0	0	0	0	3	0	6	0	0	0	0	0	0	0	0	0	0	0	6	0	0
0	0	0	0	0	0	0	0	2	2	0	0	0	2	0	0	0	0	5	2	0	4	0	0	0	3	0	0	0	12	5
0	0	0	0	0	0	0	0	0	0	0	0	0	0	0	0	0	2	0	0	0	0	0	0	0	0	0	0	0	0	0
27	2	6	0	0	0	0	0	0	11	0	4	0	0	0	0	0	0	5	0	0	0	0	28	0	1	0	0	0	0	0
0	24	0	0	0	0	32	0	3	0	0	0	0	0	0	0	0	21	0	0	0	0	0	0	4	34	0	7	0	5	0
5	0	0	0	1	23	0	0	0	0	0	4	0	75	0	2	0	0	60	0	0	154	0	4	0	0	5	0	5	0	4
151	5	0	6	10	185	5	4	4	10	5	5	3	17	0	27	0	9	17	7	0	19	3	42	0	9	9	0	4	28	7
0	0	0	0	3	0	0	2	0	0	0	0	0	0	2	0	4	0	0	2	0	0	5	0	0	0	0	0	0	0	0
0	65	0	3	0	0	74	0	63	4	0	4	0	2	0	0	1	81	3	0	9	0	0	0	50	76	0	26	0	71	0
0	0	0	0	0	0	3	0	0	0	0	0	0	0	0	0	0	6	0	0	0	0	0	0	0	7	0	0	0	3	0
2	0	0	0	0	2	2	0	0	0	0	0	0	2	0	0	0	0	6	0	0	0	0	0	0	0	0	0	2	0	0
2	0	0	0	0	0	0	0	0	0	0	0	0	2	0	0	0	0	2	0	0	0	0	0	0	0	0	0	0	0	1
31	0	12	22	22	0	0	25	0	30	0	18	3	2	36	0	24	0	0	3	48	101	24	21	0	0	0	0	63	0	0
4	0	17	11	0	0	0	0	0	26	0	12	0	0	0	0	0	0	0	16	0	0	0	16	0	0	0	0	29	0	0
0	3	0	0	0	0	3	0	0	0	0	0	0	0	0	0	0	0	0	0	0	0	0	0	0	2	0	0	0	0	0
97	11	6	94	40	0	10	20	6	6	0	0	0	0	12	0	23	4	0	0	31	3	0	6	14	28	0	3	71	5	0
0	0	4	0	0	0	0	0	0	8	0	7	0	0	0	0	0	0	0	2	0	0	0	0	0	0	0	0	0	0	0
0	26	0	0	4	0	45	5	10	0	0	0	0	0	0	0	0	34	0	0	0	0	2	0	1	41	0	0	6	25	0
0	0	0	0	0	0	0	0	0	0	0	0	0	0	0	0	0	0	0	0	0	0	0	0	0	0	0	0	0	0	2
10	14	0	0	2	13	9	2	8	4	0	5	0	10	2	0	0	14	12	2	8	6	0	4	3	10	0	0	14	0	4
3	5	2	0	0	0	0	0	5	0	0	5	0	0	0	0	0	0	0	0	0	0	0	0	2	3	0	0	0	2	0
0	20	0	2	0	0	17	0	13	8	0	15	0	0	0	0	0	31	0	3	13	0	0	2	18	19	0	5	2	36	0
0	0	0	0	0	0	0	0	0	0	0	0	0	0	0	0	0	0	0	0	0	0	0	0	0	2	0	0	0	0	0
0	4	0	0	0	0	8	0	5	0	0	0	0	2	0	0	0	6	0	0	0	0	0	0	2	4	0	0	0	7	0
0	0	0	0	0	0	2	0	6	0	0	0	0	0	0	0	0	3	0	0	0	0	0	0	0	0	0	0	0	0	0
0	0	0	0	0	0	0	0	2	0	0	0	0	0	0	0	0	0	0	0	0	0	0	0	16	0	0	0	0	0	0
0	0	0	0	0	0	0	0	0	0	0	0	0	0	0	0	0	0	0	0	0	0	0	2	2	0	0	4	0	0	0
0	0	0	0	0	0	0	0	0	0	0	0	0	0	0	0	0	0	0	0	16	0	0	0	0	0	0	0	0	0	0
0	0	0	0	0	2	0	0	0	0	0	3	0	0	0	0	0	0	0	0	0	0	0	0	0	0	0	0	0	0	0
0	0	0	0	0	18	0	0	0	3	0	0	0	28	0	0	0	0	21	0	0	0	0	0	0	0	0	0	0	0	4
0	11	0	9	0	12	13	0	11	0	0	0	0	11	0	0	0	7	9	0	2	6	2	10	2	10	0	8	3	14	5
0	0	0	0	0	0	0	0	0	0	0	0	0	0	0	0	0	0	0	0	5	0	0	0	0	0	0	0	0	2	0
0	4	0	0	0	0	10	0	8	0	0	0	0	0	0	0	0	10	0	0	2	0	0	0	4	0	0	0	0	7	0
0	0	0	0	4	0	0	6	0	0	0	5	0	0	6	0	0	0	0	2	0	0	10	0	0	0	0	0	0	0	0
0	0	0	0	0	11	0	0	0	0	12	0	0	2	0	6	0	0	4	0	0	0	0	0	0	0	2	0	0	0	0
14	9	11	0	0	255	4	0	2	7	0	16	0	29	2	29	0	6	28	3	0	7	5	24	0	5	20	2	10	5	17
0	0	0	0	0	0	0	0	0	0	0	0	0	2	0	0	0	0	0	0	0	0	0	0	0	0	2	0	0	0	0
0	0	0	0	5	0	2	0	1	0	0	0	0	0	0	0	0	0	0	0	3	0	2	0	0	0	0	0	0	0	0
0	0	0	0	0	0	0	0	0	0	0	0	0	0	0	0	2	0	0	0	0	0	0	0	0	0	2	0	0	0	0
0	0	0	0	0	0	0	0	0	0	0	0	0	6	0	0	0	0	0	0	0	0	0	0	0	0	0	0	0	0	0
0	19	5	60	37	0	17	39	21	20	0	10	0	0	19	0	31	12	0	9	26	51	38	34	0	30	0	0	24	0	0
0	0	0	0	21	0	0	14	0	0	0	0	0	0	14	0	12	0	0	0	15	0	20	0	0	0	0	0	0	0	0
0	0	0	0	0	0	0	0	2	0	0	0	0	4	0	0	0	0	0	0	0	0	0	0	0	0	0	0	0	0	0
0	0	0	2	2	0	0	0	0	0	0	0	0	0	2	0	1	0	0	0	6	0	7	0	0	0	0	0	4	0	0
0	0	0	0	6	0	0	3	0	0	0	0	0	0	3	0	0	0	0	0	0	0	3	0	0	0	0	0	0	0	0
2	4	0	0	0	0	7	3	0	0	0	0	0	0	0	0	0	9	2	0	2	0	0	2	0	7	0	15	0	0	0
0	0	0	0	0	0	0	0	0	0	0	0	0	0	0	2	0	0	0	0	0	0	0	0	0	0	0	0	0	0	0
2	0	3	3	0	0	0	0	0	1	0	0	0	0	0	0	0	0	0	2	0	0	0	0	0	0	0	0	13	0	0
0	0	0	0	0	0	0	0	0	0	0	0	4	0	0	0	0	0	0	0	0	0	0	0	0	0	4	0	0	0	0
3	0	0	0	0	0	0	0	0	0	0	0	9	0	0	0	0	0	0	0	2	0	0	0	0	0	0	0	3	0	0
0	0	0	0	0	0	0	0	2	0	0	0	31	0	0	0	2	0	0	0	0	0	0	0	4	0	0	11	0	0	0
0	0	0	0	0	0	0	0	0	0	0	0	0	3	0	0	0	0	3	0	0	0	0	0	0	0	0	0	0	0	0
0	0	0	0	4	0	3	2	0	0	0	0	0	0	0	0	2	0	0	0	2	0	5	3	0	8	0	0	0	0	0
0	4	2	5	0	0	1	3	3	0	0	0	0	0	0	0	2	9	0	2	6	0	0	4	4	9	0	7	4	0	0
0	0	3	0	0	0	0	2	0	0	0	0	0	0	0	0	0	0	0	0	0	0	1	0	0	0	0	0	0	0	0
0	5	0	0	0	0	2	0	2	0	0	0	0	0	0	0	0	0	0	0	0	0	0	0	0	2	0	0	0	0	0
6	0	0	0	0	0	0	0	0	0	0	0	0	0	0	0	0	0	0	0	0	0	0	0	0	0	0	7	0	0	0
0	2	0	0	0	3	7	0	3	0	0	5	0	13	0	0	0	0	7	0	0	3	0	0	3	9	0	0	0	0	0
2	14	4	3	0	0	2	0	5	0	0	0	0	0	0	0	0	10	0	0	2	0	0	0	7	1	0	2	0	4	0
2	0	0	0	0	0	0	0	0	0	0	0	0	0	0	0	0	0	0	0	0	0	0	0	0	0	0	643	0	0	0
0	0	0	0	0	0	4	0	2	0	0	0	0	0	0	0	0	3	0	0	0	0	0	2	3	0	0	2	0	0	0
0	0	0	0	0	2	0	0	0	0	0	0	0	0	0	0	0	0	0	2	0	0	0	0	0	0	0	0	0	0	0
0	0	0	0	0	0	0	4	0	0	0	0	0	0	0	0	0	0	0	0	0	0	3	0	2	0	0	0	0	0	0
0	0	4	2	2	0	0	0	0	9	0	5	0	0	0	0	0	0	0	2	0	0	0	0	0	0	0	0	0	0	0
0	0	0	0	0	0	0	0	0	0	0	0	0	0	0	55	0	0	0	0	0	0	0	0	0	0	0	0	0	0	0
0	0	0	0	0	0	0	0	0	0	0	0	0	0	0	0	0	0	0	0	0	0	0	0	0	0	0	0	2	0	0
0	0	0	0	0	0	0	0	0	0	0	0	0	2	2	0	0	0	0	0	0	0	0	0	0	0	0	0	0	0	0
64	0	15	18	0	0	1	0	0	45	0	67	0	0	0	0	0	0	0	24	0	0	0	38	3	2	0	0	114	0	0
2	14	0	0	0	0	11	3	8	5	0	0	0	0	0	0	2	26	0	0	3	0	5	2	9	14	0	0	5	3	0
0	2	0	5	0	0	0	0	0	0	0	0	0	0	0	0	0	6	0	0	0	0	0	0	3	5	0	0	0	1	0
0	0	0	0	0	0	0	0	0	0	0	0	0	0	0	0	0	0	0	0	0	0	0	0	0	0	0	0	0	0	1
20	21	31	35	7	0	17	0	38	28	0	41	0	0	2	0	1	55	0	18	27	0	0	10	14	48	0	27	48	12	0
0	0	0	0	5	0	0	1	0	0	0	7	0	0	2	0	2	0	0	0	0	0	0	0	0	0	0	0	0	0	0
0	0	0	0	0	0	0	0	0	0	65	0	0	0	0	255	0	0	0	0	0	0	0	0	0	0	44	0	0	9	0
0	9	0	0	0	0	9	0	6	0	0	0	0	0	0	0	0	10	0	0	0	0	0	0	3	1	0	3	0	0	0
0	0	0	0	0	0	2	0	0	0	0	0	0	0	0	0	0	0	0	0	0	0	0	0	0	0	0	0	0	0	0
0	6	0	0	0	0	7	0	8	0	0	0	0	0	0	0	0	0	0	0	0	0	0	0	5	10	0	2	0	13	0
0	0	0	0	0	5	0	0	0	0	0	0	0	0	0	0	0	0	0	0	0	0	0	0	0	0	0	0	0	0	0
0	0	0	0	0	2	0	0	0	0	0	3	0	17	0	0	0	0	8	0	0	0	1	0	0	0	0	0	0	0	0
13	4	0	8	0	0	0	0	3	0	0	0	0	0	0	0	0	0	0	0	3	0	0	0	0	4	0	0	105	0	0
14	4	26	11	24	0	2	16	4	34	0	9	0	0	19	0	9	2	0	8	33	0	20	7	0	2	0	15	27	0	0
0	0	0	0	0	4	0	0	0	5	0	1	0	2	0	0	0	1	1	0	0	0	0	0	0	0	0	0	0	0	1
0	0	0	0	0	0	2	0	0	0	0	0	0	0	0	0	0	0	0	0	0	0	0	0	0	0	0	0	0	0	0
2	0	3	0	0	0	0	0	0	0	0	0	0	0	0	0	0	0	0	0	0	0	0	0	0	0	0	0	0	0	0
0	0	0	0	0	0	0	0	0	0	0	0	0	0	0	0	0	0	2	0	0	0	0	0	0	0	0	0	2	0	0
0	0	0	12	0	0	0	0	0	0	0	0	0	0	0	0	0	0	0	0	0	0	0	0	0	0	0	0	0	0	0
0	0	0	0	0	0	0	0	0	0	0	0	0	0	0	0	0	0	0	0	0	0	0	0	0	0	0	0	0	0	2
0	0	0	0	3	0	0	4	0	0	0	0	0	0	0	0	0	0	2	0	0	20	2	0	0	0	0	0	0	0	0
0	0	0	0	5	0	3	5	0	0	0	0	12	0	4	0	7	0	0	0	0	0	0	0	0	0	0	0	0	0	0
0	0	0	0	0	2	0	0	0	0	0	0	0	0	0	0	0	0	0	0	0	2	0	0	0	0	0	0	0	0	0
0	0	0	0	0	0	6	0	0	0	0	0	0	0	0	0	0	7	0	0	0	0	0	0	0	9	0	0	0	0	0
0	0	3	0	3	0	0	0	0	0	0	0	0	0	0	0	0	0	0	0	0	0	2	2	0	0	0	0	0	0	0
0	0	0	0	0	0	0	0	0	0	0	0	0	0	0	3	0	0	0	0	0	0	0	0	0	0	15	0	0	0	0
0	4	0	0	0	0	0	0	3	0	0	0	0	0	0	0	0	0	0	0	0	0	0	0	0	0	0	0	0	0	0
0	0	0	0	0	0	0	0	0	0	0	0	0	0	0	0	0	0	0	0	0	0	0	0	0	4	0	0	0	0	0
0	0	0	0	0	0	0	0	0	0	0	0	0	0	0	0	0	0	0	2	0	0	0	0	0	0	0	0	0	0	0
0	3	2	0	0	0	2	0	3	0	0	0	0	0	0	0	0	2	2	0	0	0	0	0	2	6	0	0	0	3	0
0	0	0	0	0	0	0	0	0	0	0	0	0	0	0	0	0	0	0	0	0	0	0	0	0	0	5	0	5	0	0
12	86	121	11	541	18	60	527	82	142	0	256	5	17	702	4	138	58	25	128	46	212	962	203	3	44	2	11	77	20	20
3	0	0	0	1	0	0	0	0	0	0	0	0	0	0	0	0	0	0	0	0	0	0	4	0	0	0	0	0	0	0
0	0	0	0	0	0	0	0	0	0	0	0	0	0	0	0	0	0	2	0	0	0	0	0	0	0	0	0	6	0	0
4	2	0	2	2	0	0	2	0	0	0	0	0	0	2	0	0	0	3	4	0	2	0	0	0	0	0	0	0	0	0
0	0	0	0	0	0	0	0	3	2	0	6	0	0	0	0	0	0	0	0	0	0	0	0	0	0	0	0	0	0	0
0	0	3	0	0	0	0	0	0	2	0	1	0	0	0	0	0	0	0	0	0	0	0	0	0	7	0	0	0	0	0
3	0	0	0	1	0	0	2	0	1	0	2	0	0	0	0	1	0	0	0	0	0	0	4	0	0	0	0	3	0	0
0	3	0	0	0	11	2	0	0	0	0	0	0	11	0	2	0	0	2	0	0	0	0	4	0	0	0	0	0	0	3
0	0	0	0	0	0	0	0	0	0	0	0	0	0	0	0	0	0	0	2	0	0	0	0	0	0	0	0	0	0	0
0	29	0	0	0	0	25	0	27	0	0	0	0	0	0	0	0	38	0	0	0	0	0	0	14	49	0	6	0	24	0
96	0	0	0	0	0	0	0	0	0	0	0	0	0	0	0	0	0	0	0	0	0	0	4	0	0	0	0	0	0	0
2	0	0	0	0	0	2	0	0	0	0	0	0	0	0	0	0	0	0	0	0	0	0	0	4	2	0	0	0	0	0
0	0	0	0	0	0	0	0	0	0	0	2	0	0	0	0	0	0	12	0	0	0	0	0	0	0	0	4	0	0	3
11	0	9	0	9	5	0	10	0	5	0	4	0	0	2	0	2	2	2	0	5	7	6	17	0	0	0	0	0	0	0
0	0	0	0	0	0	0	0	0	0	0	0	0	0	0	0	0	0	0	0	0	0	0	5	0	0	0	0	0	0	0
8	0	3	9	63	0	0	56	0	5	0	6	5	0	45	0	57	0	0	9	22	13	52	8	0	0	0	0	8	0	0
0	0	0	0	0	0	0	0	0	0	4	0	0	0	0	0	0	0	0	0	0	0	0	0	0	0	0	0	0	0	0
0	4	0	0	0	0	0	0	2	0	0	0	0	0	0	0	0	2	0	0	0	0	0	0	5	0	0	3	0	0	0
0	0	0	0	0	0	0	2	0	3	0	0	0	0	2	0	0	0	0	0	3	0	0	0	0	0	0	0	0	0	0
0	0	0	7	0	0	0	0	0	0	0	0	0	0	0	0	0	0	0	0	0	0	0	0	0	0	0	0	9	0	0
0	0	0	0	0	8	0	0	0	0	2	0	0	0	0	12	0	0	4	0	0	9	0	0	2	0	0	0	0	0	7
0	0	0	0	0	0	0	0	0	0	0	0	0	0	0	0	0	0	11	0	0	0	0	0	0	0	0	0	0	0	0
6	10	8	14	12	0	12	14	8	14	0	5	0	0	4	0	9	11	0	14	26	0	18	7	11	13	0	6	28	7	0
0	0	0	0	0	0	0	0	0	0	0	0	0	0	0	0	0	0	0	0	0	0	0	0	0	0	0	0	2	8	0
0	1	0	0	0	0	1	0	1	0	0	0	0	0	0	0	0	1	0	2	0	0	0	1	0	0	0	1	0	5	0
0	3	0	0	0	0	0	0	0	0	0	0	0	0	0	0	0	0	0	0	0	0	0	2	0	2	0	0	0	0	0
0	0	0	0	0	0	0	0	0	0	0	0	0	18	0	0	0	0	11	0	0	0	2	0	0	0	0	0	0	0	3
0	0	0	0	0	0	0	0	0	0	0	0	0	6	0	0	0	0	5	0	0	0	0	0	0	0	0	0	0	0	0
0	9	0	0	0	0	9	0	1	0	0	0	0	0	0	0	6	20	0	0	21	0	0	0	18	17	0	0	2	4	0
0	0	0	0	0	0	0	0	0	0	0	0	0	0	0	0	0	0	0	0	0	0	0	0	0	0	0	0	0	8	0
0	0	0	0	0	0	0	0	0	0	0	0	0	0	0	0	0	0	0	0	0	0	0	0	0	0	0	5	0	0	0
0	0	0	0	0	0	0	0	0	0	0	2	0	0	0	0	0	0	0	0	0	0	0	0	0	0	0	0	0	0	0
0	3	0	0	0	2	0	0	0	0	0	0	0	0	0	2	0	0	0	0	0	0	0	0	0	2	0	0	0	0	0
0	0	0	0	0	0	0	0	0	0	0	0	0	0	0	3	0	0	0	0	0	0	0	0	0	0	4	0	0	0	0
0	0	0	0	6	0	0	0	0	1	0	4	0	0	0	0	4	0	0	5	0	0	0	2	3	0	0	0	0	0	0
0	0	0	0	3	68	0	0	0	2	8	0	0	163	0	0	0	0	117	2	0	78	3	0	2	0	6	0	0	8	599
0	2	0	0	0	0	1	0	0	0	0	0	0	4	0	0	0	0	0	0	0	21	0	0	0	1	0	0	0	0	0
0	0	0	0	2	0	0	4	5	2	0	4	0	0	4	0	0	0	0	0	0	0	0	0	0	0	0	0	0	0	0
0	0	0	0	0	0	0	0	0	0	0	2	0	0	0	0	0	0	0	0	0	0	0	0	0	0	0	0	0	5	0
0	4	0	0	0	0	3	0	2	0	0	0	0	0	0	0	0	0	0	0	0	0	0	0	0	2	0	0	0	0	0
0	0	0	0	0	0	0	0	5	0	0	0	0	0	0	0	0	0	0	0	0	0	0	0	0	0	0	0	0	2	0
0	0	0	0	0	0	0	0	0	0	0	0	0	0	0	0	0	0	0	0	11	0	0	0	0	0	0	0	0	0	0
0	3	0	0	0	0	0	0	1	0	0	0	0	0	0	0	0	4	0	0	0	0	0	0	0	0	0	4	0	0	0
0	2	0	0	0	0	4	0	0	0	0	0	0	0	0	0	0	2	0	0	0	0	0	0	0	0	0	0	0	0	0
0	0	0	0	0	2	0	0	0	0	0	0	0	0	0	0	0	0	0	0	0	0	0	0	0	0	0	0	0	0	0
0	0	0	0	0	0	0	0	4	0	0	0	0	0	0	0	1	0	0	0	0	0	0	0	0	0	0	0	0	0	0
0	0	0	0	0	0	0	0	0	0	0	0	0	0	0	0	0	0	0	0	0	0	0	0	4	0	0	0	0	0	0
0	0	0	0	0	0	0	0	2	0	0	0	0	0	0	0	0	0	0	0	0	0	0	0	0	0	0	0	0	0	4
0	0	0	3	0	0	0	0	0	0	0	0	0	0	0	0	0	0	0	0	0	0	0	0	0	0	0	0	0	0	0
0	0	0	0	0	0	3	0	2	0	0	0	0	0	0	0	0	4	0	0	0	0	0	0	0	0	0	0	0	0	0
1	0	0	0	0	0	0	0	0	6	0	0	0	0	0	0	0	0	0	0	0	0	6	0	0	0	0	0	0	0	0
0	0	0	0	0	2	0	0	6	0	0	0	0	0	0	0	0	0	0	3	0	0	0	0	0	0	0	0	0	0	0
0	3	0	0	0	0	4	0	0	0	0	0	0	0	0	0	0	3	0	0	0	0	0	0	3	2	0	0	0	0	0
23	0	0	0	0	0	0	0	0	0	0	0	0	0	0	0	0	0	0	0	0	0	0	33	0	0	1	0	0	0	0
0	0	0	0	0	0	0	2	0	0	0	0	9	0	0	0	0	2	0	0	2	0	2	0	0	0	0	0	0	0	0
0	0	0	0	0	0	0	0	0	0	0	0	0	0	0	0	0	4	0	0	0	0	0	0	0	0	0	0	0	0	0
0	0	0	0	0	0	0	0	0	0	0	0	0	0	0	0	0	0	2	0	0	3	0	0	0	0	0	0	0	6	0
0	0	0	13	0	0	0	0	0	0	0	0	0	0	0	0	0	0	0	0	0	0	2	4	0	0	0	0	5	0	0
0	0	0	0	0	0	0	0	0	0	0	0	0	0	0	0	0	0	0	0	0	0	0	0	3	0	0	0	0	0	0
2	0	0	0	0	24	0	0	0	0	3	0	0	11	0	2	0	3	7	0	0	0	0	0	0	0	0	0	3	0	0
0	0	2	0	0	0	0	0	0	0	0	5	0	0	0	0	0	0	0	0	0	0	2	0	0	0	0	8	0	0	0
11	2	3	0	0	4	5	0	0	6	0	7	0	0	0	0	0	0	0	2	0	0	0	6	0	0	0	0	3	0	0
0	0	0	0	0	0	0	0	0	0	0	0	0	0	0	0	4	0	0	0	0	0	0	0	0	0	0	0	0	0	0
8	3	15	13	47	0	0	56	0	30	0	16	0	0	47	0	62	0	0	9	48	0	71	25	0	8	0	0	9	0	0
0	0	0	0	0	0	0	0	0	0	0	0	0	2	0	0	0	0	0	0	0	0	0	0	0	0	0	0	0	0	0
0	0	0	0	0	0	0	0	0	0	0	0	0	0	0	0	0	0	0	0	0	0	0	0	2	0	0	0	0	5	0
0	0	0	0	0	0	0	0	0	0	0	0	0	0	0	0	0	0	0	0	0	0	0	0	0	0	0	0	0	11	0
0	0	0	0	0	0	0	0	0	0	0	2	0	0	0	0	0	0	0	0	0	0	0	0	0	0	0	4	0	0	0
0	0	0	0	0	0	2	0	0	0	0	0	0	0	0	0	0	0	0	0	0	0	0	0	0	0	0	0	0	0	0
0	0	0	0	3	0	0	3	0	0	0	0	0	2	0	0	0	0	0	0	0	0	0	0	0	0	0	0	0	0	0
0	0	0	0	0	0	0	0	0	0	0	0	0	0	0	0	0	0	0	0	0	3	0	0	0	0	0	0	0	0	0
0	0	5	0	0	0	0	0	0	5	0	0	0	0	0	0	0	0	0	2	0	0	0	0	0	0	0	0	0	0	0
0	0	8	13	0	0	0	0	0	0	0	0	0	0	0	0	0	0	0	0	0	0	0	2	0	0	0	0	15	0	0
0	0	0	0	0	0	0	0	0	0	0	0	0	0	0	0	0	0	0	0	0	0	0	0	0	0	0	3	0	0	3
0	0	0	0	0	0	0	0	0	0	0	0	0	0	0	0	0	0	0	0	0	0	0	0	0	0	0	0	10	0	0
0	6	0	0	0	0	3	0	1	0	0	0	0	0	0	0	0	2	0	0	0	0	0	0	2	0	0	0	0	0	0
0	2	0	0	0	0	0	0	0	0	0	0	0	0	0	0	0	0	0	0	0	0	0	0	0	0	0	0	0	0	0
0	0	0	0	0	0	0	0	0	0	0	0	0	0	2	0	0	0	0	0	1	0	0	0	0	0	0	0	0	0	0
3	53	13	15	6	0	52	5	18	3	0	2	0	0	7	0	2	57	0	3	27	0	5	6	32	66	0	16	8	35	0
0	0	4	3	6	0	0	10	2	16	0	16	0	0	9	0	6	0	0	6	0	0	7	0	0	0	0	0	0	0	0
0	0	0	0	0	0	0	0	0	0	0	0	0	0	0	0	0	0	0	0	0	0	0	0	0	0	0	12	0	0	0
0	0	0	4	0	0	0	0	0	4	0	0	0	0	2	0	0	0	0	0	0	0	0	2	0	0	0	0	0	0	0
0	0	0	0	0	0	0	0	0	0	0	0	0	0	0	69	0	0	0	0	0	0	0	0	0	0	0	0	0	0	0
3	0	0	0	0	10	2	0	3	0	0	2	0	5	0	1	0	0	37	0	0	6	0	2	18	0	0	0	0	0	156
0	0	0	0	0	3	0	0	0	0	0	0	0	0	0	0	0	0	0	0	0	0	0	0	0	0	0	0	0	0	2
0	2	0	0	0	0	4	0	0	0	0	0	0	0	0	0	0	5	0	0	0	0	0	0	4	7	0	12	0	4	0
0	0	0	0	0	0	0	0	0	0	0	0	0	0	2	0	0	0	0	0	0	0	0	0	0	0	0	0	0	0	0
10	2	0	4	0	9	3	0	0	4	0	2	0	101	0	0	0	4	52	2	0	0	0	2	5	4	10	2	3	0	6
0	0	0	0	0	0	0	0	0	0	0	3	0	0	0	0	0	0	0	0	0	0	0	2	0	0	0	0	2	0	0
0	4	0	0	0	0	7	0	2	0	0	0	0	0	0	0	0	8	0	0	0	0	0	0	0	7	0	2	0	0	0
0	0	0	0	2	0	0	0	0	0	0	0	2	0	3	0	0	0	0	3	0	2	5	0	0	0	0	0	0	0	0
0	0	0	0	0	0	0	0	0	0	0	0	0	0	0	0	0	0	0	0	0	0	0	0	0	0	0	57	0	0	0
0	0	0	0	0	2	0	0	0	0	0	0	0	0	0	0	0	0	0	0	0	0	0	0	0	0	0	0	0	0	0
0	0	0	0	3	0	0	0	0	0	0	0	0	0	0	0	0	0	0	0	0	0	2	0	0	0	0	0	0	0	0
0	0	0	0	62	0	0	46	0	0	0	0	0	0	64	0	59	0	0	0	20	0	71	0	0	0	0	0	0	0	0
1	0	3	3	0	0	0	0	0	0	0	0	0	0	0	0	0	0	0	0	0	0	0	0	0	0	0	0	3	0	0
5	0	2	0	0	0	0	0	0	7	0	9	0	0	0	0	0	0	0	0	0	0	0	2	0	0	0	0	3	0	0
0	7	0	0	0	0	0	0	0	0	0	0	0	0	0	0	0	3	0	0	0	0	0	0	0	4	0	0	0	2	0
0	0	0	0	0	3	0	0	0	0	0	0	0	0	0	0	0	0	0	0	0	0	0	0	0	0	0	0	0	0	2
0	0	0	0	0	1	0	0	0	0	0	0	0	0	0	0	0	0	0	0	0	0	0	0	0	0	0	0	0	0	0
0	5	0	0	4	0	0	0	10	0	0	0	0	0	0	0	0	4	0	0	0	0	0	0	8	9	0	0	0	3	0
0	0	0	0	0	0	2	0	0	0	0	0	0	0	0	0	0	0	0	0	0	0	0	0	0	0	0	0	0	0	0
3	0	0	2	0	0	0	0	0	0	0	0	0	0	0	0	2	0	0	0	0	0	0	0	0	0	0	0	8	0	0
0	8	0	0	0	0	8	0	4	0	0	0	0	0	0	0	0	13	0	0	0	0	0	0	4	9	0	0	0	0	0
0	0	0	0	0	0	2	0	0	0	0	0	0	0	0	0	0	0	3	0	0	0	0	0	0	0	0	0	0	0	0
0	1	0	0	0	0	3	0	0	0	0	0	0	0	0	0	0	0	0	0	0	0	0	0	0	1	0	0	0	0	0
0	0	0	0	2	0	0	0	0	0	0	0	0	0	0	0	0	0	0	0	0	0	0	0	0	0	29	0	0	0	0
0	8	0	4	0	0	13	0	8	0	0	0	0	0	2	0	0	13	0	0	0	0	0	0	7	0	0	0	2	8	0
0	0	0	0	0	0	0	0	0	0	0	0	0	0	0	0	0	0	3	0	0	8	0	0	0	0	0	0	0	0	0
0	0	0	0	0	0	0	0	0	0	0	0	0	0	0	0	0	0	0	0	0	0	0	0	0	3	0	0	0	0	0
16	0	8	16	69	0	0	58	0	14	0	13	0	0	70	0	67	0	0	14	17	1	61	4	3	0	0	0	20	4	0
0	0	0	0	0	4	0	0	0	0	0	0	0	0	0	0	0	0	0	0	0	0	0	0	0	0	0	0	0	0	0
0	0	0	0	3	0	0	2	0	0	0	0	0	0	3	0	0	0	0	0	0	2	2	3	0	0	0	0	0	0	0
0	0	0	0	0	0	0	0	0	0	0	0	0	0	0	0	0	0	0	0	0	0	0	0	0	0	0	5	0	0	0
0	0	6	0	0	0	0	2	0	1	0	1	0	0	0	0	0	1	2	2	0	0	0	1	0	0	0	0	0	3	0
0	0	0	0	0	0	0	0	0	2	0	0	0	0	4	0	3	0	0	0	0	7	0	0	0	0	0	0	0	0	0
0	0	0	3	0	3	0	0	3	0	0	0	0	11	0	0	0	0	15	0	0	16	0	4	0	2	0	2	0	0	0
0	0	0	0	0	0	0	0	0	0	0	0	18	0	0	0	0	0	0	0	0	0	0	0	0	0	0	0	0	0	0
0	0	0	0	0	0	0	0	0	0	0	0	0	0	0	0	0	0	3	0	0	0	0	0	0	0	0	0	0	0	0
0	0	0	0	0	0	0	0	0	0	0	0	12	0	0	0	0	0	0	0	0	0	0	0	0	0	0	0	0	0	0
2	0	2	0	0	0	0	0	0	0	0	0	0	0	0	0	0	0	2	0	0	7	1	2	0	0	0	0	0	0	0
0	3	0	0	0	0	4	0	3	0	0	0	0	0	0	0	0	5	0	0	0	0	0	0	0	3	0	2	0	0	0
4	0	0	0	0	0	0	0	0	0	0	0	0	0	0	10	0	0	0	0	0	0	0	0	0	0	11	0	0	0	0
0	0	0	4	0	0	0	1	0	0	0	0	0	0	5	0	3	0	0	0	0	0	0	0	0	0	0	0	0	0	0
0	2	0	0	0	0	0	3	0	0	0	0	0	0	0	0	0	2	0	0	11	0	0	0	2	2	0	0	2	0	0
1	5	3	0	0	0	0	7	0	0	0	0	0	0	3	0	1	0	2	0	0	0	2	0	0	0	0	0	9	0	1
0	0	0	0	0	0	0	0	0	0	0	0	0	0	0	0	0	0	0	0	0	0	0	1	0	0	0	0	0	3	0
0	0	0	0	0	0	0	0	0	0	0	0	0	0	0	0	0	0	0	0	0	0	0	0	0	0	0	6	0	0	0
6	0	0	0	0	0	0	0	0	0	0	0	0	0	0	0	0	0	0	0	0	0	0	13	0	0	2	0	1	0	0
0	0	0	0	0	4	0	0	0	0	0	0	0	0	0	0	0	0	0	0	0	0	0	0	0	0	0	0	0	0	0
0	0	0	0	0	0	0	0	0	0	0	0	0	0	0	0	0	0	0	0	0	0	0	0	0	0	0	0	0	0	3
0	7	0	0	0	0	2	0	2	0	0	0	0	0	0	0	0	1	0	0	0	0	0	0	0	0	0	6	0	11	0
0	0	0	0	0	0	0	0	2	0	0	0	0	0	0	0	0	0	0	0	0	0	0	0	0	0	0	0	0	0	0
0	0	0	0	0	0	0	0	0	0	0	0	0	0	0	0	0	0	0	0	0	0	0	2	0	0	0	0	0	0	0
0	0	0	0	4	0	0	0	0	0	0	0	0	0	0	0	0	0	0	7	0	0	0	0	0	0	0	0	0	0	0
0	0	3	2	7	0	0	4	0	2	0	2	0	0	4	0	0	2	0	0	1	0	5	4	0	5	0	0	13	0	0
0	0	0	0	0	0	0	0	0	0	0	0	3	0	0	0	0	0	2	0	0	0	0	29	0	0	0	0	2	0	0
0	0	0	0	0	0	0	0	0	0	0	2	0	15	0	0	0	0	7	0	0	0	0	0	0	0	0	0	2	0	0
0	0	3	0	0	21	0	2	0	4	0	0	0	5	2	0	0	0	4	2	0	0	0	0	0	0	0	0	0	3	4
0	6	2	0	2	98	22	5	12	1	163	13	0	106	2	132	0	7	202	2	0	40	2	0	0	7	22	0	2	1	273
0	0	0	0	0	0	0	0	0	0	0	0	0	0	0	0	2	0	0	0	51	0	1	0	0	0	0	0	0	0	0
0	0	0	0	0	0	0	0	0	0	0	0	0	0	0	0	0	0	0	0	0	2	0	0	0	2	0	0	0	0	0
0	0	0	0	0	0	0	0	0	0	0	0	0	0	3	0	0	0	0	0	0	0	0	0	0	0	0	0	0	0	0
14	24	0	12	0	0	25	8	12	3	0	0	0	0	6	0	4	17	52	2	0	96	3	7	17	11	0	28	0	7	54
0	0	0	0	0	6	0	0	0	0	0	0	0	0	0	0	0	0	0	0	0	0	0	0	0	0	0	0	0	0	0
8	0	15	0	1	0	0	2	0	10	0	3	0	0	0	0	0	0	0	4	0	0	2	3	0	0	0	0	6	0	0
0	0	0	0	0	0	0	0	0	0	0	0	0	0	0	0	0	0	0	0	0	0	2	0	0	0	0	0	0	0	1
5	0	0	0	18	0	0	21	0	3	0	0	2	0	15	0	4	0	0	3	0	8	10	3	0	0	0	0	0	0	0
0	0	0	0	0	2	2	0	0	0	0	5	0	0	0	0	0	0	0	0	0	4	0	0	0	0	0	0	2	0	0
2	6	0	0	0	0	3	0	5	0	0	0	0	0	0	0	1	1	0	0	3	2	0	0	10	3	0	0	0	0	0
0	0	0	0	0	0	0	0	0	0	0	0	0	0	0	0	0	0	2	0	0	5	0	0	0	0	0	0	0	0	3
0	3	0	0	13	0	0	2	0	0	0	0	0	0	15	0	1	0	0	0	0	1	2	0	0	0	0	0	1	0	0
0	0	0	0	0	0	0	0	0	0	0	0	0	0	0	0	0	0	0	0	0	0	0	0	0	0	5	0	3	0	0
0	0	0	0	3	0	2	8	0	0	0	0	0	0	12	0	0	1	0	0	0	0	8	1	0	3	0	0	1	0	0
0	0	0	0	0	0	0	0	0	0	0	2	0	0	0	0	0	0	0	0	0	0	0	0	0	0	0	0	0	0	0
0	0	0	4	0	0	0	0	0	0	0	0	19	0	0	0	0	0	0	0	0	0	0	0	0	0	0	0	31	0	0
4	0	0	2	0	9	0	0	9	0	0	4	0	13	2	0	3	0	1	0	0	7	1	5	3	5	4	0	2	0	13
0	0	0	0	0	0	0	0	0	0	0	0	0	0	0	0	0	0	0	0	0	0	0	2	0	0	0	0	0	0	0
2	0	3	3	0	0	0	0	0	6	0	8	0	0	0	0	0	0	0	3	0	0	0	0	0	0	0	0	0	0	0
0	0	0	0	0	0	0	0	0	0	0	0	0	0	0	0	0	0	0	0	0	0	0	2	0	0	0	0	0	0	0
0	0	0	0	0	0	0	0	0	2	0	0	0	0	2	0	0	2	0	0	0	5	0	0	0	0	0	0	0	0	0
0	0	0	0	0	0	0	0	3	0	0	0	0	0	0	0	0	0	0	0	0	0	0	0	0	0	0	0	0	0	0
0	0	0	0	0	0	0	0	0	0	0	0	0	0	0	0	0	0	0	1	0	0	0	0	0	0	0	0	0	0	0
0	33	0	0	0	0	14	0	5	0	0	0	0	0	0	0	0	22	0	0	0	0	0	0	4	28	0	3	0	8	0
0	0	0	0	0	4	0	0	0	0	0	0	0	0	0	0	0	0	0	0	0	0	0	0	0	0	0	0	0	0	0
0	0	0	0	0	0	0	0	0	0	0	0	0	0	0	0	3	2	0	0	0	0	0	0	0	0	0	0	0	0	0
0	0	0	0	0	0	2	0	2	0	0	0	0	8	2	0	0	0	6	0	0	0	0	0	0	0	1	0	0	0	0
0	0	0	0	3	0	0	0	0	0	0	0	0	0	0	0	0	0	0	0	0	0	0	0	0	0	0	0	2	0	0
4	0	0	0	0	3	0	0	0	0	0	0	0	4	0	0	0	0	0	0	0	0	0	0	0	2	0	0	0	0	0
0	0	0	0	0	0	0	0	0	0	0	0	5	0	0	0	0	0	0	0	7	0	0	0	0	0	0	0	0	0	0
0	0	0	0	0	0	0	0	0	8	0	5	4	0	1	0	2	0	0	0	0	0	0	0	0	0	0	0	6	0	0
3	3	0	12	0	0	0	0	0	0	0	0	0	0	0	0	0	2	0	2	3	0	0	0	0	0	0	0	9	2	0
0	0	0	0	0	1	0	0	0	0	0	0	0	0	0	0	0	0	0	0	0	0	0	0	0	0	0	0	0	0	0
0	0	0	0	0	0	0	0	0	0	0	0	0	0	0	0	0	0	2	0	0	0	0	0	0	0	0	0	0	0	0
0	0	0	0	0	0	0	0	0	0	0	0	0	0	0	0	0	0	0	0	0	0	0	0	0	0	6	0	0	0	0
0	0	0	0	0	0	0	0	0	0	0	0	0	0	0	0	0	0	0	0	0	0	0	0	3	0	0	0	0	0	0
0	0	0	0	0	9	0	0	0	0	0	1	0	26	0	0	0	0	16	0	0	0	0	0	0	0	2	0	0	0	0
0	20	2	2	0	0	18	3	6	0	0	0	0	0	0	0	0	19	0	0	3	0	2	0	13	24	0	15	0	23	0
0	2	0	0	0	0	2	0	2	0	0	0	0	0	0	0	0	9	0	0	0	0	0	0	4	6	0	0	0	0	0
0	0	0	0	0	0	0	0	0	3	0	0	0	0	0	0	0	0	0	0	0	0	0	0	0	0	0	0	0	0	0
5	0	3	26	0	0	0	0	0	8	0	0	0	0	2	0	0	0	0	2	4	0	0	0	0	0	0	0	18	0	0
0	0	0	0	8	0	0	5	0	0	0	0	0	0	1	0	0	0	0	0	0	0	0	0	0	0	0	0	0	0	0
0	2	0	0	0	0	0	0	0	0	0	0	0	0	0	0	0	2	0	0	0	0	0	0	0	0	0	0	0	0	0
5	7	11	6	2	0	2	2	17	13	0	11	0	0	0	0	0	13	0	5	0	0	6	2	5	5	0	0	8	2	0
0	1	0	0	0	0	0	0	0	0	0	0	0	0	0	0	0	1	0	0	0	0	0	0	0	0	0	0	0	1	0
0	0	0	0	0	0	0	0	0	0	26	0	0	0	0	0	0	0	0	0	0	0	0	0	0	0	0	0	0	0	2
0	4	0	0	0	0	2	0	0	0	0	0	0	0	0	0	0	4	0	0	0	0	0	0	4	2	0	0	0	0	0
0	0	0	0	0	0	0	0	0	0	0	0	0	0	0	0	0	2	0	0	0	0	0	0	0	2	0	2	0	3	0
0	0	0	0	0	0	0	0	0	0	0	0	0	0	0	0	0	2	0	0	0	0	0	0	0	0	0	0	0	0	0
0	0	0	0	0	0	0	0	0	0	0	0	0	0	0	0	0	0	2	0	0	0	0	0	3	0	0	0	0	0	0
0	0	2	0	2	0	0	0	0	0	0	0	0	0	0	0	0	0	0	3	0	22	0	4	0	0	0	0	0	0	0
0	1	0	0	0	0	3	0	0	2	0	0	0	0	0	0	0	4	0	0	0	0	0	0	0	0	0	0	0	0	0
0	0	0	0	0	0	0	0	0	0	0	0	0	0	0	0	0	0	0	0	0	0	0	0	0	0	0	0	0	0	6
0	0	0	0	0	0	0	0	0	0	0	0	14	0	0	0	0	0	0	0	0	0	0	0	0	0	0	0	0	0	0
0	0	0	0	0	0	0	0	0	0	0	0	0	0	2	0	0	0	0	0	0	0	0	0	0	0	0	0	0	0	0
0	0	0	0	0	0	0	0	0	0	0	0	0	0	0	0	0	0	0	0	0	0	0	0	0	0	9	0	0	0	0
0	0	2	0	0	0	0	0	0	0	0	3	0	0	0	0	0	0	0	0	0	0	0	0	0	0	0	0	0	0	0
0	2	0	0	0	2	0	0	0	0	0	0	0	1	0	4	0	0	4	0	0	0	0	0	0	0	0	0	0	0	0
6	0	0	19	7	0	0	8	0	0	0	4	0	0	10	0	9	0	0	0	3	0	7	0	0	0	0	0	10	0	0
0	2	0	0	0	0	0	0	0	0	0	0	0	0	0	0	0	0	0	0	0	0	0	0	3	0	0	0	0	0	0
0	0	0	0	0	0	0	0	0	3	0	2	0	0	2	0	8	0	0	0	0	0	0	0	0	2	0	0	5	2	0
0	0	0	0	0	1	0	0	0	0	0	0	0	10	0	0	0	0	10	0	0	8	0	0	0	0	0	0	0	0	4
0	0	0	0	0	20	0	0	0	0	0	0	0	4	0	6	0	0	2	0	0	0	0	0	0	0	0	0	0	0	0
0	0	0	0	0	0	0	0	0	0	0	0	0	0	0	0	0	0	0	0	0	0	0	0	0	0	0	4	0	0	0
0	0	0	0	0	0	0	2	0	0	0	0	0	0	0	0	0	0	6	0	0	0	0	0	0	0	2	0	0	0	0
0	0	0	0	0	0	0	0	0	0	0	0	0	0	0	0	0	0	0	0	0	11	0	0	0	0	0	0	0	0	0
0	0	0	0	0	0	0	0	0	0	0	0	11	0	0	0	0	0	0	0	0	0	0	0	0	0	0	0	0	0	0
0	6	0	0	0	0	5	0	0	0	0	2	0	0	0	0	0	11	0	0	0	0	0	0	6	11	0	3	0	0	0
0	3	0	2	2	0	0	0	4	2	0	0	0	0	0	0	2	3	0	0	8	0	0	0	7	3	0	0	1	0	0
0	33	0	0	4	0	13	3	6	0	0	0	0	0	0	0	0	32	0	0	11	0	9	3	2	20	0	0	31	6	0
0	0	0	0	0	4	0	0	0	0	0	0	0	3	0	0	0	0	0	0	0	0	0	0	0	0	0	0	0	0	0
0	0	0	0	0	0	0	0	0	0	0	2	0	0	0	0	0	0	0	0	0	3	0	0	0	0	0	0	0	0	0
2	0	0	0	0	0	0	0	0	0	0	0	0	0	0	0	0	0	0	0	0	0	0	0	0	0	6	0	0	0	0
0	0	0	0	0	6	0	0	0	0	25	0	0	0	0	9	0	0	2	0	0	0	0	0	0	0	243	0	0	8	0
0	2	0	0	0	0	7	0	0	0	0	0	0	0	0	0	0	3	0	0	0	0	0	0	0	0	0	2	0	2	0
0	0	3	0	0	0	0	0	0	0	0	0	0	0	0	0	0	0	0	0	0	0	0	0	0	0	0	0	0	0	0
2	0	0	0	0	0	0	0	0	7	0	0	0	0	0	0	0	5	0	3	0	0	0	0	2	3	0	0	3	0	0
3	0	2	0	0	0	0	0	0	2	0	0	0	0	0	0	0	0	0	0	0	0	0	0	1	0	0	0	0	0	0
0	0	0	2	0	0	0	0	0	0	0	0	0	0	0	0	0	0	0	0	0	0	0	0	0	0	0	0	0	0	0
10	0	20	0	11	0	17	11	10	21	0	23	0	0	13	0	13	16	0	7	19	0	9	11	7	39	0	2	5	2	0
0	0	0	0	0	0	5	0	2	0	0	0	0	0	0	0	0	3	0	0	0	0	0	0	7	0	0	6	0	1	0
0	2	0	0	0	0	0	0	0	0	0	0	0	0	0	0	0	0	0	0	0	0	0	2	0	0	0	0	0	0	0
0	0	0	0	4	0	0	0	0	0	0	0	0	0	2	0	0	0	0	0	2	0	5	2	0	0	0	0	0	0	0
13	5	0	0	0	25	7	2	28	2	0	1	0	12	5	2	2	11	12	2	0	2	2	3	5	13	2	7	6	6	6
0	0	0	0	0	2	0	3	0	0	0	0	0	0	0	0	0	0	3	0	0	0	2	0	0	0	0	0	0	0	0
0	3	0	0	0	0	2	0	2	0	0	3	0	0	0	0	0	0	0	0	0	0	0	0	0	0	0	0	0	0	0
0	0	0	0	0	0	0	0	0	0	0	0	0	7	0	0	0	0	13	0	0	0	0	0	0	0	0	0	0	0	3
13	5	2	0	0	0	0	0	9	0	0	0	0	0	0	0	2	3	0	3	1	0	0	2	0	4	0	7	4	0	0
33	8	29	8	163	0	12	153	3	51	0	62	45	6	145	0	87	3	0	23	51	22	99	46	2	4	0	0	18	13	0
0	0	0	0	0	0	0	0	5	0	0	0	0	0	0	0	0	0	0	0	0	0	0	0	0	0	0	0	0	0	0
0	0	0	0	0	0	0	0	0	0	0	0	0	0	2	0	0	0	0	0	0	0	0	0	0	0	0	0	0	0	0
0	0	0	0	5	0	0	4	0	0	0	0	0	0	0	0	8	0	0	0	0	0	0	0	0	0	0	0	0	0	0
0	0	3	0	0	0	0	0	0	5	0	7	0	0	0	0	0	0	0	0	0	0	0	3	0	0	0	0	0	0	0
0	0	0	0	0	0	0	0	0	0	0	0	0	0	0	0	0	0	0	0	0	0	0	0	0	0	19	0	0	0	0
0	0	0	0	0	0	0	0	0	0	0	0	0	0	0	362	0	0	0	0	0	0	0	0	0	0	0	0	0	0	0
0	0	0	0	0	0	0	0	0	0	0	0	0	0	0	0	0	2	0	0	0	0	0	0	3	0	0	0	0	3	0
0	7	0	0	0	0	3	3	0	0	0	0	0	0	0	0	0	1	0	0	0	0	0	0	0	3	0	0	0	0	0
0	0	0	0	0	0	0	0	0	0	0	0	0	0	0	0	0	0	0	0	0	5	0	0	0	0	0	0	0	0	0
0	0	0	0	0	0	6	0	0	0	0	0	0	0	0	0	0	0	0	0	16	0	0	0	0	4	0	0	0	0	0
0	0	0	0	0	0	0	0	0	0	0	0	0	0	0	0	0	0	3	0	0	0	0	0	0	0	0	0	0	0	10
4	4	0	0	0	0	0	0	1	0	0	0	0	0	0	0	0	0	0	0	0	0	0	0	0	0	0	0	4	0	0
0	0	0	0	0	0	0	2	0	0	0	0	2	0	2	0	1	0	0	0	2	0	4	0	0	0	0	0	0	0	0
0	0	1	0	0	0	0	0	0	0	0	0	0	1	0	0	0	0	8	0	0	3	0	0	0	0	0	0	3	3	0
0	2	0	0	0	0	0	0	0	0	0	0	0	0	0	0	0	9	0	0	8	0	0	0	0	2	0	0	0	0	0
0	0	0	0	0	0	0	1	0	0	0	0	0	0	0	0	0	0	0	0	0	0	0	0	0	0	0	0	0	0	0
0	0	0	0	0	0	0	0	0	0	0	0	0	0	0	0	0	0	0	0	0	0	0	0	3	0	0	0	0	0	0
17	10	25	14	3	0	9	4	5	14	0	16	6	0	11	0	6	17	0	17	0	5	7	41	12	7	0	0	30	8	0
0	0	0	0	0	0	0	0	7	0	0	0	0	0	0	0	0	0	0	0	0	0	0	0	0	0	0	0	0	0	0
0	0	0	0	0	0	0	0	0	0	0	4	0	0	0	0	0	0	0	0	0	0	0	0	0	0	0	0	0	0	0
25	5	77	10	5	0	3	3	0	72	0	44	21	0	10	0	13	0	0	18	10	0	4	12	10	2	0	6	19	2	0
0	8	0	0	0	0	0	0	0	0	0	0	0	0	0	0	0	2	0	0	0	0	0	0	6	3	0	0	0	0	0
0	0	0	0	0	0	0	0	0	0	0	0	0	0	0	0	0	0	0	0	0	0	0	0	0	0	0	0	0	12	0
0	0	0	0	0	0	0	0	0	0	0	0	0	0	0	0	0	0	0	0	0	0	0	0	0	0	0	0	0	7	0
0	0	0	0	0	0	0	0	0	2	0	0	0	51	0	0	0	0	29	0	0	1420	0	0	0	0	0	0	0	0	18
11	6	7	3	0	46	0	0	4	7	0	12	5	18	2	17	0	2	11	0	0	2	0	26	0	3	4	15	4	2	16
3	0	0	0	0	0	0	0	0	0	0	0	0	0	1	0	0	0	0	0	2	0	0	0	0	0	0	0	0	0	0
0	0	0	0	0	0	0	0	0	0	0	0	0	3	0	0	0	0	0	0	0	0	0	0	0	0	0	0	0	0	0
0	0	7	1	0	0	3	2	0	4	0	3	0	0	0	0	0	0	0	2	1	0	0	0	0	1	0	0	0	0	0
0	3	0	0	0	0	0	0	0	0	0	0	0	0	0	0	0	2	0	0	0	0	0	0	0	0	0	2	0	0	0
0	3	0	0	0	0	0	0	0	0	0	0	0	0	0	0	0	0	0	0	3	0	0	0	0	4	0	0	0	0	0
0	0	2	0	0	2	0	0	0	0	0	3	0	0	0	0	0	3	0	0	0	0	0	0	0	0	0	4	0	0	0
0	7	0	0	0	0	0	0	0	0	0	0	0	0	0	0	0	3	0	0	4	0	0	0	0	7	0	0	0	0	0
0	29	0	0	0	0	48	0	32	0	0	0	0	0	0	0	0	60	0	0	3	0	0	0	19	51	0	29	0	10	0
0	0	0	0	0	0	0	0	0	0	0	0	16	0	0	0	0	0	0	0	0	0	4	0	0	0	0	0	0	0	0
3	0	0	0	0	0	0	0	0	0	0	4	0	9	0	0	0	0	0	0	0	3	0	0	0	0	0	0	0	0	4
0	0	0	0	0	0	0	0	0	0	0	0	0	0	0	8	0	0	0	0	0	0	0	0	0	0	1	0	0	0	0
0	3	0	0	0	0	3	0	1	0	0	0	0	0	0	0	2	0	0	3	0	0	0	0	3	4	0	0	1	10	0
0	0	0	0	0	0	0	0	0	0	0	0	20	0	0	0	0	0	0	0	0	2	0	0	0	0	0	0	0	0	0
0	0	0	0	2	0	0	2	1	0	0	0	0	0	2	0	2	1	0	0	0	0	3	0	0	0	0	0	0	1	0
0	0	0	0	4	0	0	3	0	0	0	0	0	0	2	0	5	0	0	0	0	0	1	0	0	0	0	0	0	0	0
8	3	0	0	4	114	2	0	3	4	12	11	0	58	9	12	4	2	55	2	3	10	7	29	0	0	6	14	12	9	14
5	0	0	0	0	0	0	0	0	0	0	0	0	0	0	0	0	0	0	0	0	0	0	0	0	0	0	0	2	0	0
0	6	0	0	0	0	0	0	0	0	0	0	0	0	0	0	0	1	0	0	0	0	0	0	3	0	0	1	0	0	0
0	0	2	0	2	0	0	0	0	0	0	0	0	0	3	0	0	0	0	0	4	0	2	2	0	0	0	0	0	0	0
0	1	0	0	1	0	0	0	0	4	0	0	0	0	2	0	0	0	2	0	0	0	0	2	0	0	0	0	1	0	0
0	0	0	0	0	0	0	0	0	0	0	0	0	0	0	0	0	0	0	0	0	0	0	0	0	0	0	0	0	0	2
0	0	0	0	3	0	0	0	0	0	0	0	6	0	7	0	3	0	0	0	3	0	8	0	0	0	0	0	0	0	0
0	8	0	0	0	0	11	0	3	0	0	0	0	0	0	0	0	18	0	0	0	0	0	0	16	15	0	0	0	2	0
0	0	0	0	0	0	0	0	4	0	0	0	0	0	0	0	0	0	0	0	0	0	0	0	0	0	0	0	0	0	0
0	0	0	0	0	0	0	0	0	0	0	0	0	0	0	0	0	0	4	0	0	2	0	0	0	0	0	0	0	0	0
0	0	0	0	0	0	0	0	0	0	0	0	0	0	0	0	0	0	0	2	0	0	0	0	0	0	0	0	0	0	0
2	2	0	0	3	0	0	4	6	0	0	0	0	0	2	0	0	4	0	0	0	3	4	11	0	0	0	0	0	0	2
0	0	0	0	0	0	0	0	0	0	0	0	0	0	0	0	0	2	0	0	0	0	0	0	0	0	0	0	0	0	0
0	0	0	0	0	0	0	0	0	0	0	0	0	0	0	0	0	0	0	0	0	0	0	0	0	0	0	0	0	2	0
0	0	2	0	0	0	0	0	0	0	0	0	0	0	0	0	0	0	0	0	0	0	0	0	0	0	0	0	0	0	0
4	0	0	0	0	0	0	0	0	5	0	0	0	0	3	0	0	0	0	0	2	0	4	0	0	0	0	2	0	1	0
0	0	4	0	6	0	0	0	0	0	0	0	0	0	11	0	0	0	0	0	0	0	7	0	0	0	0	0	0	0	0
9	6	70	0	6	0	0	1	1	76	0	31	0	0	6	0	2	5	0	29	7	7	10	4	7	6	0	0	0	0	0
0	0	0	0	0	1	0	0	0	0	12	0	0	0	2	0	0	0	0	0	0	0	0	0	0	0	0	0	0	0	0
0	19	0	0	0	0	9	0	6	0	0	0	0	0	0	0	0	16	0	0	2	0	0	0	3	9	0	4	2	16	0
2	0	0	0	0	2	0	0	0	0	0	0	0	0	0	0	0	0	0	0	0	0	0	0	0	0	0	0	0	0	0
0	0	0	0	0	0	0	0	0	0	0	0	0	2	0	0	0	0	0	0	0	0	2	0	0	0	0	0	0	0	2
0	0	0	0	0	30	0	0	0	3	2	0	0	7	0	6	0	0	11	0	0	0	0	0	0	0	2	4	0	0	0
0	0	0	0	0	0	0	0	0	0	0	0	0	0	0	0	0	0	0	0	0	0	0	0	0	0	0	0	0	4	0
0	0	0	0	1	0	0	0	0	0	0	0	0	0	0	0	0	0	0	0	2	0	0	0	0	0	0	0	0	0	0
2	0	0	0	0	3	0	0	0	0	0	0	0	0	0	2	0	0	0	0	0	0	0	8	0	0	0	0	0	0	0
2	0	0	0	0	0	0	0	0	0	0	0	0	0	0	0	0	0	0	0	0	0	0	0	3	0	0	3	0	0	0
0	0	0	0	0	0	0	0	0	0	0	0	0	0	0	0	0	0	3	0	0	0	0	0	0	0	0	0	0	0	0
0	0	0	0	4	0	0	7	0	1	0	2	0	0	3	0	0	0	0	0	3	0	4	3	0	0	0	0	0	0	0
0	0	0	0	0	0	0	0	0	0	0	0	0	0	0	0	0	0	0	0	0	0	0	0	0	3	0	0	0	0	0
3	42	11	0	0	0	35	0	63	0	0	3	0	0	0	0	0	36	0	6	0	0	0	6	19	23	0	60	0	4	0
2	0	0	0	0	0	0	0	0	0	0	0	0	0	0	0	0	0	0	0	0	0	0	0	0	0	0	0	0	0	0
0	7	0	3	0	0	9	0	0	0	0	0	0	0	0	0	0	7	0	0	0	0	0	2	2	6	0	2	0	0	0
5	0	2	1	4	0	0	2	0	0	0	3	0	0	0	0	3	0	0	0	0	0	0	0	0	0	0	0	5	0	0
0	10	28	0	0	0	0	0	3	20	0	6	0	0	0	0	0	3	0	6	0	0	0	7	3	0	0	5	5	7	0
0	0	0	0	0	2	0	0	0	0	0	0	0	0	0	0	0	0	2	0	0	0	0	0	0	0	0	0	0	0	0
0	0	0	0	0	0	0	0	0	0	0	0	0	0	0	0	0	0	0	0	0	0	0	0	0	0	56	11	0	0	0
0	0	2	0	27	0	0	6	0	4	0	4	5	0	20	0	9	0	0	0	7	0	22	3	0	0	0	0	2	0	0
2	0	0	0	0	0	0	0	0	0	0	0	0	0	0	0	0	0	0	0	0	0	0	0	0	0	0	0	0	0	2
3	0	10	0	0	0	4	0	0	5	0	3	0	0	0	0	0	0	0	8	0	0	0	9	0	0	0	0	6	0	0
0	8	0	0	0	0	6	0	4	3	0	0	0	0	0	0	3	6	0	2	6	0	2	0	0	3	0	0	0	10	0
0	0	0	0	0	0	0	0	0	3	0	0	0	0	0	0	0	0	2	0	0	0	0	0	0	0	0	0	0	0	0
0	0	0	0	0	0	0	0	0	0	0	0	0	0	0	0	0	0	0	3	0	0	0	0	0	0	0	0	0	0	0
0	0	0	0	0	0	0	0	0	0	0	0	0	0	0	20	0	0	0	0	0	0	0	0	0	0	0	0	0	0	0
0	6	0	0	0	0	2	0	1	0	0	0	0	0	0	0	0	7	0	2	0	0	0	0	4	6	0	6	0	15	0
0	0	1	0	3	0	0	0	0	0	0	0	0	0	0	0	0	0	0	0	0	0	3	0	0	2	0	0	0	0	0
0	0	0	0	0	0	0	0	2	0	0	0	0	0	0	0	0	0	0	0	0	0	0	0	0	0	0	2	0	0	0
0	0	0	0	0	0	2	0	0	0	0	0	0	0	0	0	3	0	0	0	0	0	0	0	0	0	0	0	0	0	0
0	0	0	0	3	4	0	2	0	0	0	0	0	0	0	0	0	0	0	0	0	0	0	0	0	0	0	0	0	0	0
0	0	0	0	0	3	0	0	2	0	0	0	0	0	0	0	0	0	0	0	0	0	0	0	18	2	0	0	0	6	0
0	0	0	0	0	4	0	0	0	0	0	0	0	0	0	0	0	0	0	0	0	0	0	0	0	0	0	0	0	0	0
0	0	0	0	0	0	0	2	0	0	0	0	0	0	6	0	0	0	0	0	3	0	2	3	0	0	0	0	0	0	0
0	0	0	0	0	0	0	2	0	0	0	0	0	0	0	0	0	0	0	0	0	0	0	0	9	0	0	0	0	0	0
0	0	0	0	0	0	0	0	0	0	0	0	0	0	0	0	0	0	0	0	0	0	0	0	0	0	2	0	0	0	0
0	0	0	0	0	0	0	0	0	0	0	0	0	2	0	0	0	0	0	0	0	0	0	0	0	0	0	0	0	0	0
7	0	45	10	0	0	1	0	0	39	0	35	0	0	0	0	0	4	0	11	0	0	0	13	0	1	0	0	7	0	0
0	0	0	0	0	0	0	0	0	0	0	2	0	0	0	0	0	0	3	0	0	0	0	0	0	0	0	0	0	0	0
0	0	0	0	0	0	0	0	0	0	0	0	0	0	0	0	0	0	5	0	0	0	0	0	0	0	0	0	0	0	0
15	0	16	0	23	5	4	20	1	21	0	48	20	0	13	0	9	4	0	17	0	9	30	3	0	5	0	0	0	0	0
0	0	0	0	0	0	0	0	0	0	0	0	0	0	0	0	0	0	0	0	0	0	0	0	0	0	0	0	0	0	2
3	0	2	2	2	0	0	8	1	2	0	3	0	0	3	0	0	1	0	1	0	0	1	1	0	0	0	0	8	5	0
0	0	0	0	0	0	0	0	3	0	0	0	0	0	0	0	0	0	2	0	0	0	0	0	0	0	0	0	0	0	0
0	0	0	0	0	0	0	0	0	0	0	0	24	0	0	0	0	0	0	0	0	0	0	0	0	0	0	0	0	0	0
9	9	14	4	13	17	3	6	28	5	2	8	10	4	6	0	4	8	7	6	10	4	11	18	19	9	17	20	42	38	3
0	0	0	2	3	0	0	3	0	3	0	0	0	0	0	0	5	0	0	0	3	0	0	2	2	0	0	0	0	0	0
0	0	0	0	0	0	0	0	0	0	0	0	0	0	0	0	0	0	4	0	0	0	0	0	0	0	0	0	3	0	0
0	0	0	0	0	0	0	0	0	0	0	0	0	0	0	0	0	0	2	0	0	0	0	0	0	0	0	1	0	0	0
10	3	0	0	0	24	2	2	4	2	0	7	0	6	2	0	0	0	5	2	6	5	4	0	4	4	2	0	6	0	8
0	0	0	0	0	0	0	0	0	0	11	0	0	0	0	0	0	0	0	0	0	0	0	0	0	0	0	0	0	0	0
0	3	0	0	0	0	0	0	0	0	0	0	0	0	0	0	0	0	0	0	0	0	0	0	0	0	0	3	0	0	0
0	0	2	0	0	12	0	0	0	0	0	0	0	0	0	0	0	0	0	0	0	0	0	0	0	0	0	0	0	0	0
0	0	0	0	0	0	0	0	0	0	0	0	0	0	0	0	0	0	0	0	0	0	0	3	0	0	0	0	0	0	4
1	0	0	0	4	0	0	3	0	0	0	0	0	0	0	0	2	0	0	0	3	0	0	1	0	0	0	0	0	0	0
3	0	0	0	0	0	0	0	0	0	0	0	0	0	2	0	0	0	0	0	6	0	2	0	0	0	0	0	9	0	0
0	0	0	0	0	0	0	0	12	0	0	0	0	0	0	0	0	0	0	0	3	0	0	0	1	0	0	0	0	4	0
0	0	0	0	0	0	4	0	0	0	0	0	0	0	0	0	0	3	0	0	0	0	0	0	0	4	0	0	0	0	0
0	39	0	0	0	0	29	0	0	0	0	0	0	0	0	0	0	30	0	0	0	0	0	0	20	24	0	10	0	7	0
0	5	0	0	0	0	2	0	2	0	0	0	0	0	0	0	0	0	0	0	0	0	0	0	0	3	0	0	0	2	0
0	0	0	0	4	0	0	3	0	0	0	0	0	0	0	0	0	0	0	0	0	0	0	0	0	0	0	0	0	0	0
0	0	0	0	12	0	0	14	0	0	0	0	0	0	7	0	12	0	0	0	3	0	7	0	0	0	0	0	2	0	0
0	0	0	0	0	0	0	0	0	0	20	0	0	0	0	0	0	0	0	0	0	0	0	0	0	0	0	0	0	0	0
3	40	0	2	2	0	57	3	16	2	0	4	0	0	2	0	5	77	0	0	29	0	4	2	31	82	0	59	0	20	0
0	2	0	0	0	0	0	0	3	0	0	0	0	0	0	0	0	4	0	0	0	0	0	0	1	4	0	0	0	0	0
0	0	3	0	0	0	0	0	0	3	0	0	0	0	0	0	0	0	0	0	0	0	0	0	0	0	0	0	1	0	0
0	9	15	0	0	0	6	0	3	6	0	5	0	0	0	0	0	9	0	1	0	0	0	3	4	12	0	1	0	0	0
0	0	0	0	0	0	0	0	0	0	0	0	0	0	0	0	0	0	1	0	0	0	0	0	0	0	0	0	0	0	0
0	0	0	0	0	0	3	0	0	0	0	0	0	0	0	0	0	0	0	0	0	0	0	0	0	0	0	2	0	0	0
14	13	4	4	3	0	9	0	2	7	3	2	0	0	2	0	0	4	0	6	0	0	0	15	0	4	0	0	6	5	0
0	0	0	0	0	0	0	0	2	0	0	0	0	0	0	0	0	0	0	0	0	0	0	0	0	0	0	0	0	3	0
0	0	0	0	2	0	0	0	0	0	0	0	0	3	0	0	0	0	0	0	0	2	2	0	0	0	0	0	0	5	0
0	0	0	0	5	0	0	0	0	0	0	0	0	0	0	0	0	0	0	0	0	0	0	0	0	0	0	0	0	0	0
0	0	2	0	0	0	0	0	0	4	0	0	0	0	0	0	0	0	0	2	0	0	0	0	5	0	0	2	0	2	0
0	0	0	0	0	0	0	0	0	0	0	0	0	2	0	0	0	0	1	0	0	0	0	0	0	0	0	8	0	0	0
0	6	0	0	0	0	2	0	0	0	0	0	0	0	0	0	0	5	0	0	0	0	0	0	6	4	0	6	0	4	0
0	0	0	0	0	1	0	0	0	0	0	0	0	0	0	0	0	0	0	0	0	0	0	0	0	0	0	0	0	0	0
0	0	0	0	0	0	0	0	0	0	0	0	0	0	0	0	0	0	0	0	0	0	0	0	0	0	0	0	0	23	0
7	4	0	2	2	0	0	2	0	0	0	0	0	2	0	0	0	1	0	0	3	6	0	3	0	0	0	0	5	0	0
0	0	0	0	0	0	0	0	0	0	0	0	0	0	0	0	0	0	0	0	0	0	0	0	5	0	0	0	0	0	0
0	0	0	0	2	0	0	0	0	0	0	4	0	0	0	0	2	0	0	0	0	0	3	0	0	0	0	0	0	0	0
0	0	0	0	0	0	0	0	0	2	0	0	0	0	3	0	0	0	0	0	0	0	0	0	0	0	0	0	9	0	0
0	0	0	0	0	16	0	0	0	0	0	2	0	4	0	0	0	3	3	2	0	0	0	0	0	0	0	0	3	0	2
0	0	0	0	0	0	0	0	0	0	0	0	0	0	0	0	0	0	0	0	0	8	0	0	0	0	0	0	0	0	0
0	2	0	2	0	6	10	0	5	0	2	0	0	19	0	0	0	1	0	0	5	12	1	0	0	1	0	5	0	0	0
0	0	0	0	0	0	0	0	0	0	0	0	0	0	0	0	0	0	0	0	0	0	0	0	0	4	0	0	0	0	0
0	10	0	0	0	0	0	0	12	0	0	0	0	0	0	0	0	13	0	0	0	2	0	0	6	7	0	10	0	2	0
2	0	0	0	0	0	0	0	0	0	0	0	0	0	0	0	0	0	0	0	0	0	0	0	0	0	0	0	0	0	0
0	0	0	0	0	0	0	0	0	0	0	0	0	0	1	0	0	0	0	0	2	0	0	0	0	0	0	0	0	0	0
0	0	0	0	0	0	0	0	0	0	0	0	0	0	0	0	0	0	0	0	0	0	0	0	0	0	0	0	0	6	0
0	0	15	0	0	0	0	0	0	0	0	0	0	0	0	0	0	0	0	0	0	3	0	0	0	0	0	0	0	0	0
0	0	0	0	6	0	0	4	0	0	0	0	0	0	0	0	0	0	0	0	0	0	7	0	0	0	0	0	0	0	0
5	26	6	0	0	0	17	0	33	3	0	6	0	0	2	0	0	31	0	0	0	0	0	5	15	17	0	7	5	33	0
0	0	0	0	0	0	0	0	0	0	0	0	0	0	0	0	0	0	0	0	0	0	0	0	0	0	0	0	0	0	2
0	2	0	0	0	0	0	0	0	0	0	0	0	0	0	0	0	0	0	0	0	0	0	0	0	0	0	0	0	0	0
0	0	0	0	0	0	0	0	0	0	0	0	0	0	0	0	0	0	0	0	0	0	0	0	0	2	0	0	0	0	0
0	0	0	0	3	0	0	3	0	0	0	2	0	0	2	0	0	0	0	0	3	0	2	0	0	0	0	0	0	0	0
0	0	0	0	0	0	0	0	0	0	0	2	0	0	0	0	0	3	0	0	0	0	0	0	0	0	0	0	0	0	0
2	0	0	0	0	0	0	0	0	0	0	0	0	0	0	0	0	0	0	0	0	0	0	0	0	0	0	0	0	0	0
0	0	0	0	0	2	0	0	0	0	0	0	0	0	0	0	0	0	0	0	0	0	0	0	0	0	0	0	0	0	0
2	2	0	0	0	13	2	0	0	4	0	3	0	19	0	0	0	2	17	5	0	0	2	0	0	0	0	0	0	0	5
5	0	8	0	0	0	0	0	0	0	0	1	0	0	0	0	0	0	0	0	0	0	0	0	0	0	0	0	0	0	0
0	0	0	0	19	0	0	13	0	6	0	0	9	0	25	0	4	0	0	0	4	0	14	0	0	0	0	0	0	0	0
5	0	0	10	13	0	0	4	0	2	0	2	0	0	4	0	5	0	0	0	6	0	5	0	0	0	0	0	11	0	0
0	0	0	0	0	0	6	0	3	0	0	0	0	0	0	0	0	3	0	0	0	0	0	0	0	0	0	3	0	1	0
0	2	0	0	0	0	0	0	0	0	0	0	0	0	0	0	0	3	0	0	0	0	0	0	0	0	0	0	0	0	0
0	0	26	0	0	0	0	0	0	4	0	0	0	0	0	0	0	0	0	9	0	0	0	0	0	0	0	0	0	0	0
1	0	0	0	0	0	0	2	0	0	0	0	0	0	0	0	0	0	0	0	0	0	0	0	0	2	0	0	0	0	0
2	0	0	0	0	0	0	0	0	0	0	0	0	0	0	0	0	0	0	0	0	11	0	0	0	0	0	0	0	0	0
4	0	0	0	0	0	0	2	0	0	0	0	0	5	0	0	0	0	11	0	0	0	0	3	0	0	2	0	0	0	0
0	0	0	0	0	0	0	0	0	0	0	0	0	0	0	0	0	0	0	0	0	0	0	0	0	0	14	0	0	0	0
0	3	0	2	4	0	0	2	0	0	0	0	0	0	0	0	0	0	0	0	0	0	0	3	0	0	0	0	0	2	0
0	3	1	3	0	0	0	0	0	5	0	1	0	0	0	0	0	0	0	0	3	0	6	0	0	2	0	0	9	0	0
8	3	21	9	21	0	0	16	0	24	0	17	0	0	23	0	16	0	0	4	10	0	21	5	0	0	0	0	15	0	0
0	0	0	0	0	6	0	0	0	0	0	0	0	0	0	0	0	0	0	0	0	0	0	0	0	0	0	0	0	0	0
0	7	0	0	0	0	11	0	4	0	0	0	0	0	0	0	0	6	0	0	0	0	0	0	8	4	0	2	0	10	0
0	16	0	0	0	0	8	0	8	0	0	0	0	0	0	0	2	18	0	0	2	0	0	0	22	31	0	4	0	9	0
0	0	0	0	0	3	0	0	0	0	0	0	0	0	0	0	0	0	0	0	0	0	0	0	0	0	0	0	0	0	0
0	0	2	0	0	0	0	0	0	0	0	0	0	0	0	0	0	0	0	0	0	0	0	0	0	0	0	0	0	0	0
2	1	0	2	0	0	0	0	4	0	0	0	0	0	0	0	0	2	0	0	3	0	0	0	3	0	0	3	0	0	0
4	3	0	0	2	7	0	2	7	0	0	0	2	0	0	0	2	0	0	0	0	0	0	3	0	0	0	0	0	0	0
7	40	3	2	5	0	23	5	7	5	0	0	0	0	12	0	5	24	0	3	19	0	5	1	18	23	0	2	23	6	0
0	0	0	0	0	0	0	0	0	0	0	0	0	0	0	0	0	0	0	0	0	2	0	0	0	0	0	0	0	0	0
3	0	0	0	0	0	0	0	0	0	0	0	0	0	0	0	0	0	0	0	0	0	0	0	0	0	0	0	0	0	0
15	0	2	12	6	0	0	2	0	3	0	0	0	0	0	0	0	0	0	2	0	0	0	2	0	0	0	0	4	0	0
0	0	1	3	0	0	0	0	0	2	0	5	0	0	0	0	0	0	0	2	0	0	0	6	0	0	0	0	0	0	0
0	0	0	0	0	0	0	0	0	0	0	0	0	0	0	0	0	0	0	0	0	0	0	0	0	0	7	0	0	0	0
3	0	0	0	0	0	0	0	0	0	0	0	0	0	0	0	0	0	0	0	0	0	0	0	0	0	0	0	0	0	0
0	0	0	0	0	0	0	0	0	0	0	0	0	0	0	0	0	0	0	0	0	0	0	19	0	0	0	0	0	0	0
0	0	0	0	0	0	0	0	8	0	0	0	0	0	0	0	0	0	0	0	0	0	0	0	0	0	0	0	0	0	0
11	11	14	7	6	21	10	5	15	21	2	14	2	22	4	0	11	15	31	3	8	14	11	20	0	17	2	2	19	11	5
0	0	0	0	0	3	0	0	0	0	0	0	0	3	0	0	0	0	0	0	0	0	0	3	0	0	0	0	0	0	0
0	0	0	0	0	0	0	0	0	0	0	0	0	0	0	0	0	0	0	0	0	0	0	0	8	0	0	0	0	0	0
0	0	0	0	0	0	2	0	0	2	0	0	0	8	0	0	0	0	33	0	0	0	0	0	0	0	0	0	0	0	0
0	0	0	0	7	0	0	3	0	0	0	2	0	0	0	0	7	0	0	0	0	0	5	0	0	0	0	0	0	0	0
1	0	10	1	0	0	0	0	0	16	0	4	0	0	0	0	0	0	0	2	0	0	0	0	0	0	0	1	7	0	0
0	1	0	0	9	0	0	8	0	0	0	0	3	0	0	0	0	0	0	0	0	0	0	0	4	1	0	0	0	0	0
0	0	0	0	3	0	4	0	6	0	0	0	0	0	0	0	0	9	0	0	0	3	0	0	0	12	0	3	0	6	0
0	0	0	0	0	0	0	0	0	0	0	0	0	4	0	0	0	0	2	0	0	0	0	0	0	0	0	0	0	0	0
0	4	0	0	0	0	1	0	7	0	0	0	0	0	0	0	0	0	0	0	0	0	0	0	0	1	0	0	0	0	0
0	0	0	2	0	0	0	2	0	0	0	4	0	0	7	0	3	0	0	0	0	0	6	6	0	0	0	0	2	0	0
0	0	0	0	0	0	2	0	0	2	0	0	0	0	0	0	0	0	0	0	0	0	0	0	0	2	0	0	0	0	0
0	0	0	0	6	0	0	10	0	0	0	0	0	0	7	0	2	0	0	0	3	0	4	0	0	0	0	0	0	0	0
0	5	0	0	2	1	4	0	0	0	0	0	0	0	0	0	0	0	5	0	0	6	0	0	0	0	0	2	2	0	0
7	9	6	10	42	0	8	26	13	6	0	19	0	0	30	0	20	0	0	2	20	0	38	2	0	6	0	0	10	6	0
0	0	0	0	2	0	0	5	0	0	0	0	0	0	0	0	0	0	0	0	0	0	0	0	0	0	0	0	0	0	0
0	0	0	0	0	0	0	0	0	0	0	0	0	0	0	0	0	0	0	0	0	0	0	0	0	0	10	0	0	0	0
0	2	0	0	0	0	0	0	0	0	0	0	0	0	0	0	0	0	0	0	0	0	0	0	0	0	0	0	0	0	0
0	0	2	0	0	3	0	0	0	0	0	0	0	0	0	0	0	0	0	0	0	0	0	0	0	0	0	0	0	0	0
0	0	0	0	0	0	0	0	0	0	0	0	0	0	0	0	0	0	0	0	0	0	0	0	0	0	0	0	0	0	2
0	0	0	0	0	0	0	0	0	0	0	0	0	0	0	0	0	0	0	0	0	0	0	0	0	0	0	17	0	0	0
0	0	0	0	0	0	0	0	0	0	0	0	2	0	0	0	0	0	0	0	0	0	0	0	0	0	0	0	0	0	0
9	3	12	45	16	0	0	4	0	6	0	11	0	0	3	0	0	0	0	4	11	0	2	10	0	2	0	0	40	0	0
0	0	0	0	2	0	0	0	0	0	0	1	9	0	0	0	3	0	0	0	0	0	0	0	1	0	0	0	0	0	0
2	7	0	15	0	0	9	3	2	0	0	0	0	0	2	0	5	16	0	0	10	0	0	0	2	13	0	2	26	7	0
0	0	0	0	0	0	7	0	3	0	0	0	0	0	0	0	0	7	0	0	0	0	0	0	3	8	0	5	0	3	0
0	0	0	0	0	0	0	0	0	0	0	0	0	2	0	0	0	0	0	0	0	0	0	0	0	0	0	0	0	0	0
0	0	0	4	3	0	0	0	0	0	0	0	0	0	1	0	0	0	0	0	0	0	2	0	0	0	0	0	0	0	0
0	0	0	0	0	0	0	0	0	0	0	0	0	0	0	0	0	0	0	0	0	0	0	0	0	0	16	0	0	0	0
0	0	0	0	0	0	0	0	0	0	0	0	0	0	0	0	0	0	0	0	0	0	2	0	0	0	0	0	0	0	0
0	0	0	0	0	0	0	0	0	0	0	0	0	0	0	0	0	0	0	0	0	0	0	5	0	0	62	0	0	4	0
6	0	28	8	2	0	3	1	0	27	0	24	0	0	4	0	0	7	2	1	0	0	0	6	4	0	0	0	12	0	0
0	0	0	0	2	0	0	0	0	0	0	0	0	0	0	0	0	2	0	0	0	0	0	0	0	0	0	0	0	0	0
0	2	0	0	0	0	5	0	0	0	0	0	0	0	0	0	0	5	0	0	0	0	0	0	6	0	0	0	0	0	0
3	0	0	0	0	0	0	0	0	0	0	0	0	0	0	0	0	0	0	0	0	0	0	0	0	0	0	0	0	0	0
0	0	0	0	0	0	0	0	0	0	0	0	0	0	0	0	0	0	0	0	0	0	0	0	0	0	0	10	0	0	0
0	0	0	0	0	0	0	0	0	0	0	0	0	2	0	0	0	0	0	0	0	0	0	0	0	0	0	0	0	0	0
0	0	0	0	0	0	0	0	0	0	0	0	0	0	0	0	0	0	0	0	0	2	0	0	0	0	0	0	0	0	0
0	0	0	0	0	21	0	0	6	3	0	7	0	7	0	2	0	3	12	0	0	7	0	6	0	0	0	0	0	0	5
1	2	5	0	0	0	0	0	0	0	0	2	0	0	0	0	0	1	0	0	0	0	0	0	0	0	0	4	0	0	0
0	0	0	0	1	0	0	4	0	0	0	0	0	0	1	0	0	0	0	0	0	0	4	0	0	0	0	0	0	0	0
0	0	0	0	0	0	0	0	0	0	0	0	0	0	0	0	2	0	0	0	0	0	0	0	0	2	0	0	0	0	0
0	0	0	0	0	0	0	0	0	0	0	0	0	0	0	0	0	0	0	0	0	0	0	0	0	0	2	0	0	0	0
0	0	0	0	0	0	0	0	3	0	0	0	0	0	0	0	0	0	0	3	0	0	0	0	0	0	0	0	0	0	0
0	0	0	0	0	0	3	0	0	0	0	0	0	0	0	0	0	0	0	0	0	0	0	0	0	0	0	0	0	0	0
6	3	4	0	0	0	2	0	4	0	0	0	0	0	0	0	0	0	0	0	0	0	0	9	0	0	0	2	0	0	0
0	2	0	0	0	0	0	0	0	0	0	0	0	0	0	0	0	0	0	0	0	0	0	0	0	0	0	0	0	0	0
0	0	0	0	0	0	0	0	0	0	0	0	0	0	0	0	0	2	0	3	0	0	0	0	0	0	0	6	0	0	0
0	0	0	0	0	0	0	0	0	0	0	3	0	0	2	0	0	0	0	0	0	0	0	0	0	0	0	0	0	0	0
0	0	2	0	0	0	0	0	0	0	0	0	0	0	0	0	0	2	0	0	16	0	0	0	0	0	0	0	0	0	0
0	0	0	0	0	0	0	0	0	0	0	0	0	0	0	0	0	0	0	0	3	0	0	0	0	0	0	0	0	12	0
0	0	0	0	0	0	0	0	0	1	0	1	0	0	0	0	0	0	0	0	0	0	0	0	0	0	0	0	0	0	0
2	30	0	0	0	0	35	0	8	0	0	0	0	0	2	0	0	22	0	2	0	0	0	0	13	36	0	0	0	0	0
0	0	0	5	1	0	0	0	0	0	0	0	0	0	7	0	5	0	0	0	5	0	3	2	0	0	0	0	0	0	0
0	0	0	0	0	0	0	0	0	0	0	0	0	0	0	0	0	0	0	3	0	0	0	0	0	0	0	0	0	0	0
0	0	0	0	0	0	0	0	0	0	0	0	0	0	0	0	0	0	0	0	0	0	0	0	0	0	13	0	0	0	0
0	0	0	0	0	3	0	0	0	0	0	0	0	0	0	3	0	0	0	0	0	0	0	0	0	0	0	0	0	0	0
0	0	0	0	3	0	2	3	0	3	0	1	0	0	0	0	2	1	0	0	0	0	0	0	0	0	0	0	0	0	0
0	0	0	0	0	0	0	0	0	0	0	0	0	0	0	0	0	0	6	0	0	0	0	0	0	0	0	0	0	0	0
15	0	21	0	62	0	4	35	3	10	0	33	11	0	55	0	31	0	0	19	17	37	41	11	0	4	0	0	1	5	0
0	1	0	0	4	0	2	1	0	0	0	0	0	0	0	0	0	1	0	0	0	0	0	0	0	0	0	0	0	0	0
0	0	0	0	26	78	0	3	1	0	0	1	20	0	4	1	4	0	75	0	6	14	18	0	5	0	7	0	0	13	22
5	0	0	6	0	0	0	0	0	0	0	0	0	0	0	0	0	1	0	2	22	0	0	0	0	4	0	0	40	0	0
5	0	0	0	0	0	0	0	0	0	0	0	0	0	0	0	0	0	0	0	0	0	0	0	0	0	0	0	0	0	0
4	3	4	0	0	0	2	0	0	3	0	0	0	0	0	0	0	0	0	2	0	0	0	0	1	0	0	0	3	0	0
0	0	0	0	0	0	0	0	0	0	0	0	0	0	0	0	0	0	0	0	2	0	0	0	0	3	0	0	0	14	0
0	0	0	0	0	0	0	0	0	0	0	0	0	0	0	0	0	0	0	0	0	0	2	0	0	0	0	0	0	0	0
3	0	0	0	0	0	0	0	0	0	2	0	0	3	0	0	0	0	5	0	0	0	0	2	0	0	0	0	0	2	0
0	0	2	0	0	0	0	0	0	0	0	0	0	0	0	0	0	0	0	0	0	0	0	0	0	0	0	0	0	0	0
13	16	4	34	17	0	22	19	22	11	0	9	0	0	12	0	14	31	0	9	13	0	12	5	12	27	0	7	8	15	0
0	0	0	0	0	0	0	0	3	0	0	0	0	0	0	0	0	0	0	0	0	0	0	0	0	1	0	0	0	0	0
0	0	0	0	0	0	0	0	0	0	0	0	0	0	0	0	0	0	0	0	0	0	0	1	1	0	0	0	0	0	0
0	0	0	0	0	0	0	0	3	0	0	0	0	0	0	0	0	0	0	0	0	0	0	0	0	0	0	0	0	0	0
0	0	0	0	0	1	0	0	0	0	0	0	0	0	0	2	0	0	0	0	0	0	0	0	0	0	4	0	0	0	3
0	0	0	1	0	0	0	0	0	0	0	0	0	0	0	0	0	0	0	0	0	2	0	0	0	0	0	0	0	0	0
0	0	0	0	0	0	0	0	0	0	0	0	0	0	0	0	0	0	0	0	0	0	0	0	0	2	0	0	0	0	0
0	18	12	7	16	0	14	8	0	29	0	15	0	0	12	0	7	22	0	0	7	0	18	7	10	11	0	18	9	6	0
0	16	0	0	0	0	5	0	0	0	0	0	0	0	0	0	0	0	0	0	0	0	0	0	0	7	0	5	0	0	0
0	0	0	0	0	0	0	0	0	0	0	0	0	0	0	0	0	5	0	0	1	0	0	0	0	0	0	0	0	8	0
0	0	0	0	0	0	0	2	0	0	0	0	2	0	0	0	2	0	7	0	0	0	0	0	0	0	0	0	0	0	0
0	0	0	0	0	0	0	0	0	0	0	0	0	0	0	5	0	0	0	0	0	0	0	0	0	0	0	0	0	0	0
0	0	0	0	0	0	0	0	0	0	20	0	0	0	0	1	0	0	0	0	0	0	0	0	0	0	2	0	0	0	0
0	0	2	0	0	65	0	0	0	0	0	0	0	16	0	2	0	0	33	0	0	0	0	0	0	0	0	0	0	0	0
2	0	0	0	0	0	0	0	0	0	0	0	0	0	0	0	0	0	0	0	0	0	0	0	0	0	0	9	0	0	0
0	0	0	0	0	0	0	0	0	0	0	0	0	0	0	0	0	0	0	0	0	0	0	0	2	0	0	0	0	0	0
3	5	0	0	0	0	0	0	0	0	0	3	0	0	0	0	0	2	2	2	0	3	0	4	0	4	0	0	6	0	0
0	0	0	0	0	0	0	0	0	0	0	0	0	0	0	0	0	0	2	0	0	0	0	0	0	0	0	0	0	0	0
0	0	0	0	0	0	0	0	0	0	0	0	0	0	0	0	5	0	0	0	0	0	0	0	0	0	0	0	0	0	0
4	3	2	1	0	0	2	0	0	4	0	18	0	0	0	0	2	0	0	0	0	0	2	0	0	2	0	0	0	0	0
0	0	0	0	0	0	0	0	0	0	0	0	0	0	1	0	0	0	0	0	0	9	8	0	0	1	0	0	0	0	0
0	0	0	0	0	0	0	3	0	0	0	0	5	0	0	0	2	0	0	0	0	2	0	0	0	0	0	0	3	0	0
0	0	2	0	0	46	0	0	0	3	0	0	0	0	0	0	0	3	0	0	0	0	0	0	0	0	0	0	0	5	0
0	0	0	0	14	0	0	3	0	0	0	0	7	0	18	0	12	0	0	0	3	0	10	0	0	0	0	0	0	0	0
0	0	0	0	2	0	0	3	0	0	0	0	0	0	5	0	0	0	0	0	7	0	4	0	0	0	0	0	0	0	0
0	0	3	0	3	0	0	0	0	0	0	0	0	0	4	0	0	0	0	2	0	1	1	2	0	0	0	0	3	2	0
2	0	4	0	0	0	0	0	2	7	0	4	0	0	0	0	0	0	0	2	0	0	3	0	0	0	0	0	0	0	0
0	0	5	0	14	0	0	3	0	0	0	0	0	0	0	0	8	0	0	0	4	0	5	0	0	0	0	0	10	0	0
0	0	0	0	0	0	0	0	0	0	0	0	0	0	0	49	0	0	0	0	0	0	0	0	0	0	0	0	0	0	0
0	0	0	0	0	0	0	0	0	0	0	3	0	0	0	0	0	0	0	0	0	0	0	0	0	0	0	0	0	0	0
0	7	0	0	0	0	2	0	0	0	0	2	0	0	0	0	0	0	0	0	6	0	2	0	5	4	0	0	0	0	0
0	0	0	0	0	0	0	0	0	0	0	0	0	0	0	0	0	0	0	0	0	0	0	0	0	0	0	0	8	0	0
0	0	0	0	2	0	0	0	0	0	0	0	0	0	0	0	0	0	0	0	0	0	0	0	0	0	0	0	0	0	0
0	0	0	0	0	0	0	0	0	0	0	0	0	3	0	0	0	0	0	0	0	10	0	2	0	0	0	0	0	0	0
0	0	0	0	0	0	0	0	0	0	0	0	0	0	2	0	6	0	0	0	2	0	0	0	0	0	0	0	0	0	0
3	0	0	0	0	0	0	0	0	0	0	4	0	0	0	0	0	0	0	0	0	0	0	3	0	2	0	5	0	6	0
0	0	0	0	0	0	0	0	0	0	0	0	0	0	2	0	0	2	0	0	0	0	0	0	0	0	0	0	0	0	0
0	0	0	0	0	0	0	0	0	0	0	0	0	0	0	0	0	0	0	0	0	3	2	0	0	0	0	0	0	0	0
0	0	0	0	0	0	0	0	0	0	0	0	0	0	0	1	0	0	0	0	0	0	0	0	0	0	0	0	0	0	2
0	0	0	0	5	0	0	1	0	0	0	0	0	0	0	0	0	2	0	0	0	0	2	0	0	0	0	0	0	0	0
0	10	0	0	0	0	0	0	0	0	0	0	0	0	0	0	0	19	0	0	13	97	0	0	0	0	0	0	0	0	0
11	13	0	14	0	0	9	0	2	0	0	6	0	0	0	0	0	16	0	0	3	0	0	4	7	14	0	4	11	6	0
0	0	0	0	2	4	0	0	0	0	0	0	0	0	0	0	0	0	0	0	0	0	0	0	0	0	2	0	0	0	0
0	0	0	0	0	0	0	0	0	0	0	0	0	0	0	2	0	0	2	0	0	0	0	0	0	0	0	0	0	0	0
3	0	0	0	3	11	0	0	0	0	0	0	3	120	0	50	0	0	90	0	0	19	0	0	0	3	149	0	0	0	403
6	0	0	0	0	0	0	0	0	0	0	0	0	0	0	0	0	0	0	0	0	0	0	2	0	0	0	0	0	0	0
2	0	0	0	0	0	0	0	0	4	0	0	0	0	0	0	0	0	0	2	0	0	0	0	0	0	0	0	0	0	0
0	0	3	0	3	0	0	0	0	4	0	2	3	0	2	0	0	0	0	4	0	0	3	0	0	0	0	0	0	0	0
2	11	0	0	3	0	3	5	3	0	0	0	0	0	2	0	0	8	2	0	0	0	2	0	2	8	0	0	0	0	0
0	0	0	0	0	0	0	0	0	0	0	0	0	0	0	0	0	0	0	0	0	0	0	0	0	0	0	0	0	0	2
0	0	0	0	0	0	0	0	0	0	0	0	0	0	0	0	0	0	0	0	0	0	0	0	3	0	0	0	0	0	0
0	2	0	0	0	0	0	0	2	0	0	0	0	2	0	0	0	0	4	0	0	0	0	0	0	0	0	0	0	0	2
2	5	0	0	0	0	0	0	2	4	0	0	0	0	0	0	0	3	0	0	0	0	0	0	4	0	0	2	2	1	0
0	0	0	1	0	10	0	0	0	0	0	0	0	16	0	0	0	0	35	0	0	0	0	0	0	0	3	0	0	0	8
6	0	8	22	25	0	0	9	0	5	0	3	2	0	12	0	15	0	0	12	29	0	20	6	0	0	0	0	16	0	0
0	0	0	0	0	0	0	0	0	0	0	0	0	0	0	0	0	0	0	0	0	0	0	3	0	0	0	0	0	0	0
0	0	0	0	0	0	0	0	0	0	0	0	17	0	0	0	0	0	2	0	0	0	0	0	0	0	0	0	0	0	0
0	0	0	0	0	0	0	0	0	0	0	0	0	0	0	0	0	0	0	0	0	4	0	0	0	0	0	0	0	0	0
0	0	0	0	2	0	0	0	0	0	0	3	0	0	2	0	5	0	0	0	0	0	2	0	0	6	0	3	0	0	0
2	0	0	3	0	0	0	0	0	0	0	0	0	0	0	0	0	5	2	0	0	0	0	0	0	0	0	0	5	0	0
0	0	0	0	0	0	0	0	0	0	0	0	0	0	0	0	0	0	0	0	12	0	0	0	0	0	0	0	3	0	0
0	2	0	0	3	0	0	0	0	0	0	0	0	0	0	0	0	0	0	0	0	0	0	0	0	0	0	0	0	0	0
2	0	0	2	0	0	0	0	0	0	0	0	0	0	0	0	0	0	0	0	0	0	0	0	0	0	0	0	18	0	0
0	0	0	0	0	2	0	0	0	0	2	0	0	0	0	0	0	0	0	0	0	0	0	0	0	0	0	0	0	0	0
0	0	0	0	0	0	0	0	3	0	0	0	0	0	0	0	0	0	0	0	0	0	0	0	5	0	0	0	0	0	0
3	0	0	0	0	0	0	0	0	0	0	0	0	0	0	0	0	0	0	0	0	0	0	0	0	0	0	0	0	0	2
0	0	0	0	0	0	0	2	0	0	0	0	0	0	0	0	2	0	0	2	0	2	3	0	0	0	0	0	0	0	0
0	0	0	0	0	0	0	0	0	0	0	0	0	0	0	0	0	0	0	0	0	0	0	0	0	0	0	0	22	0	0
0	0	0	0	0	0	0	0	0	0	0	0	0	0	0	0	0	0	0	0	0	0	0	0	0	3	0	0	0	3	0
0	0	0	2	0	0	0	0	0	0	0	0	0	0	0	0	0	0	0	0	0	0	0	0	0	0	0	0	0	0	0
0	0	0	0	0	6	0	0	0	0	0	0	0	0	0	0	0	0	0	0	0	0	0	0	0	0	0	0	0	0	0
0	0	2	0	0	0	0	0	0	0	0	0	0	0	0	0	0	0	0	0	0	0	0	0	0	0	0	0	0	0	0
9	0	18	21	0	0	0	0	0	28	0	11	0	0	0	0	0	0	0	16	0	0	0	9	0	0	0	0	32	0	0
0	0	2	0	0	0	0	0	0	0	0	0	0	0	0	0	0	0	0	0	2	0	0	0	0	0	0	0	3	0	0
0	4	0	0	0	0	2	0	0	0	0	0	0	0	0	0	0	3	0	0	0	2	0	0	0	7	0	2	0	3	0
0	0	0	0	0	2	0	0	0	0	0	0	0	0	0	0	0	0	0	0	0	0	0	0	0	0	0	0	0	0	0
0	0	0	0	0	4	0	0	5	0	0	0	0	0	0	0	0	0	0	0	0	0	0	0	0	0	0	0	0	0	0
0	0	0	0	0	0	0	0	0	0	0	0	0	0	0	0	0	0	0	0	0	0	0	0	0	0	0	0	0	3	0
7	0	0	11	0	0	0	0	0	2	0	2	0	0	2	0	0	0	0	2	8	2	0	0	0	0	0	0	4	0	0
11	0	10	8	46	0	0	52	0	29	0	12	18	0	29	0	17	0	0	5	11	3	33	12	0	2	0	0	12	0	0
0	0	0	0	0	2	0	0	3	0	0	0	0	0	0	0	0	5	0	0	0	0	0	0	0	5	0	0	0	0	0
0	0	0	0	0	0	0	0	0	0	0	0	0	0	0	0	0	0	0	0	0	0	0	0	0	0	0	2	0	0	0
0	0	0	0	0	0	0	0	0	0	0	0	0	0	0	0	0	2	0	0	0	0	0	0	3	4	0	0	0	0	0
0	2	0	0	0	0	0	0	0	0	0	0	0	0	0	0	0	0	0	0	0	0	0	0	0	0	0	0	0	0	0
0	0	0	4	0	0	2	0	0	0	0	0	0	0	0	0	0	4	0	0	0	0	0	0	0	0	0	0	0	0	0
0	0	0	0	0	3	0	0	0	0	0	0	0	0	0	0	0	0	0	0	0	0	0	0	0	0	0	0	0	0	0
3	17	3	0	0	0	6	0	10	6	0	2	0	0	0	0	0	10	0	0	0	0	0	0	9	12	0	3	2	2	0
0	0	0	0	0	7	0	0	0	2	0	0	0	0	0	0	0	0	0	0	0	0	0	0	0	0	0	0	0	6	0
3	0	0	0	0	0	0	4	0	0	0	0	0	0	3	0	0	0	0	0	6	0	4	0	0	0	0	0	0	0	0
0	0	0	0	0	0	0	0	0	0	0	0	0	0	0	0	0	0	0	0	0	0	2	0	0	0	0	0	0	0	0
0	45	0	0	0	0	46	0	72	0	0	0	0	0	0	0	0	60	0	0	20	0	0	0	36	54	0	13	0	20	0
0	0	0	6	0	0	0	0	0	0	0	0	0	0	0	0	0	0	0	0	0	0	0	0	0	0	0	0	9	0	0
0	0	0	0	0	0	0	3	0	0	0	0	0	0	0	0	0	0	0	0	2	0	2	0	0	0	0	0	0	0	0
2	0	0	0	0	0	0	0	0	0	0	0	0	0	0	0	0	0	0	0	0	0	0	0	2	0	0	0	4	0	0
0	0	0	0	0	0	0	0	0	0	0	2	0	0	0	0	0	0	0	0	0	0	0	0	0	0	0	0	0	0	0
0	0	0	0	0	0	0	0	0	0	0	0	0	0	0	0	0	0	0	0	0	0	0	0	0	0	0	0	0	12	0
2	0	0	0	0	0	0	0	0	0	0	0	0	0	4	0	0	0	0	0	0	0	2	0	0	0	0	0	0	0	0
0	0	0	0	0	0	0	0	0	0	0	0	0	0	0	0	0	0	0	0	0	0	0	0	0	0	30	0	0	0	0
0	0	0	0	0	0	0	0	0	0	0	0	0	2	0	0	0	0	0	0	0	1	0	0	0	0	0	0	0	0	0
0	0	0	0	0	3	1	0	0	2	0	3	0	0	0	0	0	0	0	0	0	0	0	0	9	0	0	2	0	0	0
4	0	0	0	3	0	0	1	0	7	0	0	4	0	3	0	0	0	0	3	0	0	0	0	0	0	0	0	3	0	0
6	18	0	2	0	0	12	0	20	2	0	3	0	0	0	0	0	26	0	0	0	0	0	0	17	12	0	6	2	17	0
3	0	16	2	2	0	0	3	0	13	0	4	0	0	2	0	6	4	0	10	0	0	5	2	2	0	0	0	0	0	0
0	0	0	0	0	0	0	0	0	0	0	0	0	0	0	0	8	0	0	0	0	0	0	0	0	0	0	0	0	0	0
0	1	0	0	2	0	0	0	0	0	0	0	0	0	0	0	0	0	0	0	0	0	3	0	0	1	0	0	0	0	0
0	0	0	0	0	0	2	0	0	0	0	0	0	0	0	0	0	0	0	0	0	0	0	0	5	0	0	0	0	0	0
0	0	0	0	0	0	0	0	0	0	0	0	0	0	0	0	0	4	0	0	0	0	0	0	7	0	0	0	0	0	0
0	0	0	2	0	0	0	0	0	0	0	0	0	0	0	0	2	2	0	0	0	0	0	0	0	3	0	4	0	2	0
7	5	3	0	0	0	5	5	3	0	0	0	0	0	7	0	5	8	0	0	4	0	3	3	3	7	0	4	11	10	0
19	2	91	27	108	0	0	70	0	137	0	78	0	0	74	0	67	7	0	27	44	0	111	23	0	0	0	8	20	0	0
0	0	5	11	0	0	0	0	0	1	0	0	0	0	0	0	0	0	0	0	0	0	0	3	0	0	0	0	13	0	0
0	0	0	0	6	0	0	0	0	0	0	0	0	0	0	0	0	0	0	0	7	0	2	0	0	0	0	0	0	0	0
0	2	0	0	0	27	0	0	0	0	2	0	0	3	3	2	0	0	2	0	0	0	0	0	2	0	0	0	0	2	0
3	0	0	0	4	5	5	8	0	0	0	0	0	0	4	0	0	0	5	0	0	0	2	0	0	2	2	0	0	3	2
0	0	0	0	0	0	3	0	2	0	0	0	0	0	0	0	0	9	0	0	0	0	0	0	2	4	0	0	0	0	0
0	27	0	0	0	0	15	0	6	0	0	0	0	0	0	0	0	24	0	0	0	0	0	0	46	34	0	35	0	39	0
0	3	0	6	0	4	0	0	4	0	0	0	0	6	0	0	0	2	2	0	3	2	0	4	0	0	2	0	0	0	0
0	0	2	0	0	0	0	0	0	1	0	4	0	0	0	0	0	0	0	0	0	0	0	0	0	0	0	0	2	0	0
0	0	0	0	0	0	0	0	0	0	0	0	3	0	0	0	0	0	0	0	0	0	0	0	7	0	0	0	0	3	2
0	0	0	0	7	0	0	7	0	0	0	0	0	0	3	0	0	0	0	0	0	0	5	0	0	0	0	0	0	0	0
0	43	0	0	0	0	50	0	28	0	0	0	0	0	0	0	0	100	0	0	8	0	2	0	19	73	0	13	0	19	0
0	6	0	0	0	0	6	0	2	0	0	0	0	0	0	0	0	9	0	0	0	0	0	2	0	5	0	3	0	2	0
0	0	0	0	0	0	0	0	0	0	0	0	0	0	0	0	0	0	0	0	0	0	2	0	0	0	3	0	0	0	0
0	0	0	0	2	2	0	0	0	0	0	2	0	0	0	0	0	0	0	0	0	0	0	0	0	0	0	0	0	0	0
0	0	0	0	0	0	0	0	0	0	0	0	0	0	0	0	0	0	0	0	0	6	0	0	0	0	0	0	0	0	0
0	2	0	0	1	0	0	0	0	0	0	0	0	0	2	0	0	0	0	0	0	0	2	0	0	0	0	0	0	0	0
0	0	0	8	0	0	0	0	0	2	0	1	0	0	0	0	0	0	0	0	0	0	0	5	0	0	0	0	0	0	0
0	0	0	0	0	4	0	0	0	0	7	0	0	0	0	0	0	0	0	0	0	0	0	0	0	0	0	0	0	0	0
0	0	0	0	0	0	0	0	0	0	0	0	0	0	0	0	0	0	0	0	0	0	0	0	0	0	38	0	0	0	0
0	3	0	0	0	0	3	0	5	0	0	0	0	0	0	0	0	0	0	0	0	0	0	0	6	4	0	0	0	0	0
0	0	0	0	0	0	0	0	0	0	0	0	0	0	0	2	0	0	0	0	0	0	0	0	0	0	11	0	0	0	0
0	0	0	0	0	0	0	0	0	0	0	0	0	0	0	0	0	0	0	0	0	0	0	0	2	0	0	2	4	0	0
0	0	0	0	0	0	0	0	0	0	0	0	0	0	0	0	0	0	0	0	0	0	0	0	10	0	0	0	0	0	0
0	0	0	0	0	0	0	0	6	0	0	0	0	0	0	0	0	0	0	0	0	0	0	0	0	0	0	0	0	0	0
0	0	0	0	2	0	0	4	0	0	0	0	0	0	4	0	0	0	0	0	0	0	7	0	0	0	0	0	0	0	0
0	0	0	0	0	0	0	0	0	0	0	0	0	0	0	0	0	0	0	0	0	0	0	0	0	0	0	2	0	0	0
0	0	0	0	0	0	0	0	0	0	0	0	0	0	2	0	0	0	0	0	0	0	0	1	0	0	0	0	0	0	0
0	2	0	0	0	0	0	0	0	0	0	0	0	0	0	0	0	0	0	0	8	0	0	0	0	0	0	0	0	0	0
8	0	0	0	0	0	0	0	0	0	0	0	27	0	0	0	0	0	0	0	0	0	0	0	0	2	0	0	3	2	0
0	0	0	0	0	1	0	0	0	0	0	0	0	0	0	0	0	0	2	2	0	1	3	0	0	0	0	12	2	0	0
0	2	0	0	0	0	0	0	0	0	0	0	0	0	0	0	0	0	0	0	0	0	0	0	0	2	0	0	0	0	0
0	0	0	0	0	0	0	0	0	0	0	0	0	0	0	0	0	0	0	0	0	0	0	0	0	0	0	0	0	0	3
0	0	0	0	0	0	0	0	0	0	0	0	0	0	0	0	0	0	0	0	0	0	0	0	0	2	0	0	0	0	0
0	0	0	0	4	25	3	0	6	5	0	0	0	2	4	2	0	5	0	0	0	4	0	0	0	0	0	0	0	0	0
30	2	358	16	10	2	3	6	1	314	0	214	0	0	14	0	8	1	0	115	6	2	12	54	0	3	0	3	17	0	2
0	2	0	0	0	0	4	0	2	0	0	0	0	0	0	0	0	1	0	0	0	0	0	0	0	9	0	0	0	0	0
14	7	53	15	9	0	3	0	4	43	0	42	0	0	6	0	7	4	0	17	3	0	4	30	4	3	0	2	28	5	0
2	0	0	0	0	0	0	0	0	0	0	0	0	0	0	0	0	0	0	0	0	0	0	0	0	0	0	0	0	0	0
0	0	3	0	0	0	0	0	0	0	0	0	0	0	0	0	0	0	0	0	0	0	0	0	0	0	0	0	0	0	0
0	0	0	0	0	0	10	0	0	0	0	0	0	0	0	0	0	3	0	0	0	0	0	0	0	0	0	0	0	3	0
0	0	0	0	3	0	0	0	0	2	0	0	0	0	0	0	0	0	0	0	0	0	0	0	0	0	0	0	0	0	0
0	0	0	0	0	0	0	1	0	5	0	5	0	0	3	0	4	0	0	0	0	0	3	2	0	0	0	0	0	0	0
0	0	0	0	0	0	0	0	3	0	0	0	0	0	0	0	0	0	0	0	0	0	0	0	0	0	0	0	0	0	0
0	0	6	0	8	0	0	6	0	0	0	0	0	0	8	0	16	0	0	0	2	0	10	5	0	0	0	0	3	0	0
2	0	0	0	0	0	0	0	0	0	0	0	0	0	0	0	0	0	0	0	0	0	0	0	0	0	0	0	0	0	0
1	10	2	0	0	0	4	0	3	4	0	4	0	0	0	0	0	10	0	2	0	0	0	0	0	2	0	0	0	7	0
0	3	0	0	0	0	7	0	4	0	0	0	0	0	0	0	0	3	0	0	0	0	0	0	0	7	0	0	0	3	0
0	0	0	0	0	0	0	2	0	0	0	0	0	0	2	0	0	0	0	0	0	0	0	0	0	0	0	0	0	0	0
0	0	0	0	5	0	0	0	0	0	0	0	4	0	0	0	0	0	0	0	0	0	0	0	0	0	0	0	0	0	0
2	0	0	0	0	0	2	0	0	0	0	0	0	4	0	0	0	0	0	0	0	2	0	0	0	0	0	0	0	0	0
0	0	0	0	0	0	0	0	0	0	0	0	0	0	0	3	0	0	8	0	0	0	0	0	0	0	0	0	0	0	0
12	11	14	0	44	0	7	68	10	22	0	34	58	0	24	0	11	2	0	13	8	9	42	22	0	3	2	8	4	0	0
0	0	0	0	0	10	0	0	0	0	0	0	0	3	0	0	0	0	2	0	0	0	0	0	0	0	0	0	0	0	0
0	2	0	0	0	0	0	0	0	0	0	0	0	0	0	0	0	0	0	0	0	0	0	0	0	0	0	0	0	0	0
0	0	7	16	0	0	0	6	0	13	0	22	3	0	2	0	6	2	0	9	2	0	10	6	0	0	0	0	5	0	0
0	0	0	0	0	0	0	1	0	0	0	0	0	0	0	0	0	0	0	0	0	0	0	0	0	0	0	0	0	0	0
4	0	0	4	0	0	0	0	0	2	0	3	0	0	0	0	0	0	0	0	0	0	0	4	0	2	0	0	0	0	0
0	0	9	2	4	0	0	0	0	4	0	0	0	0	0	0	0	5	0	0	3	0	0	4	8	0	0	0	0	2	0
0	0	0	0	0	0	0	0	0	0	0	0	0	0	0	0	0	0	0	0	0	0	0	0	11	0	0	0	0	0	0
0	0	0	0	0	2	0	0	0	0	0	0	13	0	0	0	0	0	0	0	0	0	0	0	0	0	0	0	0	0	0
0	0	0	0	4	0	0	0	0	0	0	0	0	0	0	0	0	3	0	0	0	0	0	0	0	0	0	0	0	0	0
0	0	0	0	0	50	0	0	0	0	2600	0	0	0	0	0	0	0	2	18	0	0	0	0	0	0	0	0	0	0	25
0	0	0	0	0	0	0	0	0	0	0	0	0	0	0	3	0	0	0	0	0	0	0	0	0	0	0	0	0	0	0
0	1	0	0	0	6	0	0	2	0	0	4	2	3	0	2	2	0	0	0	0	0	0	0	12	0	0	8	0	10	0
0	0	0	0	0	8	0	0	0	0	24	0	0	26	0	25	0	0	13	0	0	32	0	0	0	0	5	0	0	0	16
0	0	0	0	0	0	0	0	0	0	0	2	0	0	0	0	0	0	0	0	0	0	0	0	0	0	0	0	0	0	0
0	0	0	0	0	5	0	0	0	0	5	0	0	5	0	0	0	0	0	0	0	2	0	0	0	0	0	0	0	0	3
0	0	0	0	0	0	0	0	0	0	0	0	0	13	0	10	0	0	1	0	0	3	0	0	0	0	0	0	0	0	9
3	0	4	0	0	0	0	0	0	3	0	0	0	0	0	0	0	0	0	2	0	0	0	3	0	0	0	0	0	0	0
0	0	7	0	0	0	0	0	0	2	0	5	0	0	0	0	0	0	0	5	0	0	0	0	0	0	0	0	0	0	0
0	0	0	0	0	0	0	0	0	0	2	0	0	0	0	0	0	0	0	0	0	0	0	0	0	0	0	0	0	0	0
4	22	0	0	0	2	21	0	33	0	0	0	0	0	0	0	4	45	0	0	11	0	0	0	25	49	0	4	0	32	0
0	0	0	0	0	0	0	0	2	0	0	0	0	0	0	0	0	0	2	0	0	2	0	0	0	0	0	0	0	0	0
0	0	0	0	0	3	0	0	0	0	0	0	0	0	0	2	0	0	0	0	0	0	0	0	0	0	0	0	0	0	0
0	0	0	0	0	5	0	0	0	0	0	0	0	2	0	0	0	0	0	0	0	0	0	0	0	0	0	0	0	3	0
0	4	0	0	0	0	1	0	0	0	0	0	0	0	0	0	0	1	0	0	0	0	0	0	0	2	0	3	0	0	0
0	0	0	0	0	0	0	0	0	0	0	0	0	2	0	0	0	0	0	0	0	0	0	0	0	0	0	0	0	0	0
0	0	0	0	0	0	0	0	5	0	0	0	0	0	0	0	0	2	0	0	0	0	0	0	0	5	0	0	0	0	0
0	0	7	0	0	0	0	0	0	3	0	0	0	0	0	0	0	0	0	0	0	0	0	0	0	0	0	0	0	0	0
0	0	0	0	0	0	0	3	0	0	0	0	0	0	0	0	7	0	0	0	0	0	0	0	0	0	0	0	0	0	0
0	0	0	0	0	0	0	0	0	0	0	0	19	0	0	0	0	0	0	0	0	0	0	2	0	0	0	0	0	0	0
0	0	0	0	0	0	0	0	0	0	0	0	0	0	0	0	0	0	6	0	0	0	0	0	0	0	0	0	0	0	0
11	10	8	0	2	21	12	1	26	18	0	21	0	6	9	0	0	11	3	15	5	15	5	10	4	14	5	0	19	7	7
0	0	3	0	6	0	0	12	0	4	0	5	0	0	5	0	0	0	0	2	2	0	8	0	0	0	0	0	0	0	0
0	0	0	0	4	0	0	0	0	3	0	0	0	0	0	0	0	0	0	2	4	0	2	0	0	0	0	0	3	0	0
0	78	0	0	0	0	74	0	6	0	0	0	0	0	0	0	0	117	0	0	0	0	0	0	30	87	0	15	0	17	0
0	0	0	0	0	0	0	0	0	0	0	0	0	0	0	0	0	0	0	0	0	0	0	0	0	0	0	2	0	0	0
0	0	0	3	0	21	0	0	0	2	0	0	0	0	0	4	0	0	0	0	0	3	0	0	0	0	3	0	2	15	0
0	0	0	0	0	0	0	2	0	0	0	0	0	0	2	0	0	0	0	0	0	0	2	0	0	0	0	0	0	0	0
2	0	0	0	0	0	0	0	0	2	0	4	0	0	0	0	0	0	0	0	0	0	0	3	0	0	0	0	0	0	0
0	0	0	0	0	0	0	0	0	0	0	0	0	0	0	0	0	0	0	0	0	343	0	1	0	0	0	0	0	0	0
0	7	2	0	0	0	14	1	19	2	0	0	0	9	0	0	0	16	8	0	0	20	2	0	9	32	5	12	5	10	10
0	0	0	0	0	0	0	0	0	0	0	0	0	1	3	0	0	0	0	0	0	0	0	0	0	1	0	0	0	0	0
3	3	1	2	0	12	6	2	12	2	0	0	0	20	2	0	0	6	22	0	0	7	0	0	3	2	2	0	0	2	5
0	0	0	0	0	2	0	0	0	0	0	0	0	0	0	0	0	0	0	0	0	0	0	0	0	0	0	0	0	0	0
0	0	5	5	20	0	0	7	0	3	0	4	0	0	6	0	13	0	0	6	0	0	6	0	0	0	0	0	3	0	0
0	0	0	0	0	4	0	0	0	0	0	0	0	0	0	0	0	0	0	0	0	0	0	0	0	0	0	0	0	17	0
3	0	3	2	0	0	2	6	0	0	0	3	0	0	0	0	4	0	0	0	6	0	5	0	0	0	0	0	0	0	0
0	0	0	0	0	2	0	0	0	0	0	0	14	0	0	0	0	0	0	0	0	0	0	0	0	0	0	0	0	0	0
0	0	3	0	0	0	0	0	0	0	0	4	0	0	0	0	0	0	0	0	0	0	0	0	0	0	0	3	0	0	0
0	0	0	0	2	0	0	0	2	0	0	0	0	0	0	0	0	0	0	0	0	0	0	0	0	0	0	0	0	0	0
0	0	0	0	0	0	0	0	2	0	0	0	0	0	0	0	0	0	0	0	0	0	0	0	0	0	0	4	0	7	0
0	0	0	0	0	0	0	0	0	0	0	0	0	0	0	1	0	0	0	0	0	0	0	0	0	0	0	0	0	0	0
0	0	0	0	0	3	0	0	0	0	0	0	0	6	0	0	0	0	3	0	0	0	0	0	0	0	0	0	0	0	3
0	0	0	0	3	0	0	0	0	0	0	0	0	0	0	0	0	0	0	0	0	0	0	0	0	0	0	0	0	0	0
0	3	0	0	0	0	3	0	0	0	0	0	0	0	0	0	0	3	0	0	0	0	0	0	0	12	0	2	0	0	0
0	0	0	0	0	0	0	0	0	0	0	0	0	0	0	0	0	0	0	0	0	0	0	0	0	0	3	0	0	0	0
0	0	0	0	0	0	0	0	0	0	0	0	0	2	2	0	0	0	0	0	0	0	2	0	0	0	0	0	0	0	0
0	0	0	0	0	3	0	0	0	0	0	3	0	0	0	0	0	0	0	0	0	0	0	0	0	0	0	0	0	0	0
0	0	0	0	0	0	0	0	0	0	0	0	0	0	0	0	0	0	0	0	0	0	0	0	0	3	0	0	0	0	0
0	0	0	0	0	0	0	0	0	0	0	0	0	0	0	0	0	0	0	0	0	0	0	0	7	0	0	0	0	0	0
0	0	0	0	0	0	0	0	0	0	0	0	0	0	0	0	0	0	0	0	0	0	2	0	0	0	0	0	0	0	0
10	0	0	0	18	0	0	13	0	2	0	3	0	0	8	0	8	0	0	0	16	0	23	0	0	0	0	0	17	0	0
0	0	0	0	0	0	0	0	0	0	0	0	0	0	0	0	0	0	0	0	0	0	0	0	0	2	0	0	0	0	0
0	0	0	0	0	0	0	0	0	1	0	1	0	0	0	0	0	0	0	0	0	0	4	0	0	0	0	0	2	0	0
0	0	0	0	2	0	0	0	0	0	0	0	0	0	3	0	0	0	0	0	0	0	4	0	0	0	0	0	0	0	0
0	0	0	0	0	0	0	0	0	0	0	0	0	0	0	0	0	0	0	0	0	0	0	0	0	0	0	2	0	0	0
0	1	0	0	0	0	2	0	0	0	0	0	0	0	3	0	0	3	0	0	0	0	0	3	0	3	0	0	0	5	0
0	2	0	0	0	0	4	0	10	0	0	0	0	0	0	0	0	12	0	0	0	0	0	0	7	9	0	3	0	5	0
2	0	0	0	0	12	0	0	0	0	0	2	0	5	0	0	0	3	2	0	0	2	0	0	0	0	0	0	0	0	1
0	8	0	0	0	0	7	0	14	0	0	0	0	0	0	0	0	13	0	0	0	0	0	0	2	13	0	14	5	0	0
0	2	0	0	0	0	3	2	0	0	0	0	0	0	0	0	0	0	0	0	0	0	2	0	3	4	0	11	0	0	0
0	0	0	2	2	0	0	4	0	0	0	0	3	0	3	0	0	0	0	0	2	0	2	4	0	0	0	0	0	0	0
0	4	0	0	0	0	0	0	5	0	0	0	0	0	0	0	0	0	0	2	0	0	0	0	0	0	0	0	0	5	0
0	9	0	0	0	0	9	0	0	0	0	0	0	0	0	0	0	14	0	0	0	0	0	0	14	12	0	9	2	3	0
0	0	0	0	0	0	0	0	2	0	0	0	0	0	0	0	0	0	0	0	0	0	0	0	3	0	0	0	0	0	0
2	108	2	0	0	0	109	2	62	0	0	0	0	0	0	0	0	98	0	0	12	0	0	6	50	75	0	19	20	37	0
0	0	0	0	0	0	0	0	0	0	0	0	0	0	0	0	0	0	0	0	0	2	0	0	0	0	0	0	0	0	0
0	0	0	0	0	0	0	0	0	0	0	0	0	0	0	0	0	3	0	0	14	0	0	0	1	0	0	0	0	0	0
0	0	0	0	0	0	0	0	2	0	0	0	0	0	0	0	0	0	0	0	0	0	0	0	0	0	0	2	0	0	0
0	0	0	0	0	0	0	0	2	0	0	0	0	0	0	0	0	0	0	0	0	0	0	0	0	0	0	0	0	0	0
0	0	0	0	0	0	2	0	0	0	0	0	0	0	0	0	0	0	0	0	0	0	0	0	0	0	0	0	0	0	0
0	0	0	0	0	3	0	0	0	2	0	2	0	0	0	0	0	0	2	2	0	0	0	0	0	0	0	0	0	0	0
5	0	10	2	1	0	0	5	0	8	0	1	1	0	2	0	5	0	0	0	1	0	10	5	0	0	0	0	3	0	0
0	0	0	0	0	0	0	0	4	0	0	0	0	0	0	0	0	8	0	0	9	0	0	0	2	11	0	2	0	6	0
0	0	0	0	0	0	0	0	0	0	0	0	0	0	0	0	0	0	1	0	0	0	0	0	0	0	0	0	0	0	0
0	3	0	0	0	0	0	0	0	0	0	0	0	0	0	0	0	0	0	0	0	0	0	0	0	0	0	0	0	0	0
0	5	0	0	0	25	0	0	5	0	0	0	0	34	0	0	0	2	28	2	0	4	2	6	0	0	2	0	2	0	0
15	0	5	3	3	6	0	0	0	0	0	3	0	2	0	0	0	0	6	2	3	1	0	8	0	0	0	0	0	0	0
0	0	0	0	0	2	0	0	0	0	0	0	0	0	0	0	0	0	0	0	0	0	0	0	0	0	0	0	0	0	0
0	9	10	0	0	0	1	0	0	0	0	8	0	0	0	0	0	2	0	8	0	0	0	0	0	0	0	2	0	0	0
0	0	0	0	0	0	0	3	0	0	0	0	0	0	0	0	6	0	0	0	0	0	1	0	0	0	0	0	0	0	0
0	0	0	0	3	0	0	0	0	0	0	0	0	0	0	0	0	0	0	0	0	0	0	0	0	0	0	0	0	0	0
0	0	0	0	0	0	0	0	0	0	0	0	13	0	0	0	3	0	0	0	0	0	0	0	0	0	0	0	0	0	0
2	0	0	0	0	0	0	0	0	0	0	0	0	0	0	0	0	0	0	0	0	0	0	0	0	0	0	0	0	0	0
2	0	2	0	0	10	0	0	0	2	0	0	0	3	0	0	0	0	0	0	0	0	0	3	0	3	0	0	0	13	0
6	0	3	0	0	17	2	0	2	5	2	7	0	11	0	0	3	0	8	3	0	0	2	3	0	0	0	2	1	0	5
0	0	0	0	0	0	0	0	0	0	0	0	0	0	0	0	0	0	0	0	0	0	0	2	0	0	0	0	0	0	0
0	0	0	0	0	0	0	0	0	0	0	0	0	0	0	0	0	0	0	0	0	3	0	0	0	0	0	0	0	0	0
0	0	3	4	0	0	3	0	2	0	0	5	0	0	0	0	0	4	0	0	0	0	0	0	0	0	0	0	4	2	0
0	0	0	0	0	0	0	0	0	0	0	0	0	0	0	0	0	0	0	0	0	3	0	0	0	0	0	0	0	0	0
0	0	0	2	0	14	3	0	0	2	0	2	0	73	0	0	0	0	29	2	0	3	0	0	0	0	0	0	2	0	13
0	0	1	0	0	0	0	3	0	1	0	0	0	0	3	0	7	0	0	0	2	0	3	0	0	0	0	0	0	0	0
0	0	0	2	0	0	0	0	0	0	0	0	0	0	0	0	0	0	0	0	4	0	0	0	0	0	0	0	5	0	0
0	0	0	0	0	0	0	0	0	0	0	0	0	0	0	0	0	0	0	0	0	0	0	0	0	0	58	0	0	0	0
0	0	0	0	0	3	0	0	0	0	0	0	0	0	0	0	0	0	0	0	0	0	0	0	0	0	0	0	0	0	0
0	2	0	0	0	0	0	0	0	0	0	0	0	0	0	0	0	4	0	0	0	0	0	0	1	6	0	0	0	0	0
0	0	0	0	0	7	0	0	0	0	0	0	0	2	0	0	0	2	0	0	3	0	2	0	0	0	0	0	0	0	0
0	3	0	0	0	1	0	0	0	0	0	0	0	7	0	3	0	0	3	0	0	0	0	0	0	0	0	0	0	0	2
0	2	6	0	0	0	0	0	0	0	0	0	0	0	0	0	0	4	0	0	0	2	0	0	0	3	0	5	0	0	0
0	0	0	0	0	0	0	0	0	0	0	0	0	0	0	0	0	0	0	0	5	0	0	0	0	0	0	0	0	0	0
0	0	0	0	0	0	0	0	0	0	0	0	0	0	0	0	0	0	0	0	0	0	0	0	0	2	3	0	0	0	0
0	10	0	0	0	0	11	0	1	0	0	0	0	0	0	0	0	14	0	0	0	0	0	0	2	5	0	0	0	0	0
124	18	397	344	880	6	33	639	17	466	0	354	115	0	530	2	847	30	3	152	234	133	758	431	11	28	0	5	44	2	0
0	0	0	0	0	0	0	0	6	0	0	0	0	0	0	0	0	2	0	0	0	0	0	0	0	0	0	0	0	0	0
0	0	0	0	0	0	0	0	0	0	0	0	0	0	0	0	0	0	0	0	0	0	0	0	0	0	0	0	0	0	2
0	13	0	0	0	0	7	0	0	0	0	0	0	0	0	0	0	3	0	0	0	0	0	0	6	8	0	0	0	0	0
0	0	0	0	3	0	0	0	0	0	0	0	0	0	0	0	0	3	0	0	0	0	0	0	0	0	0	0	0	0	0
0	0	0	0	0	0	0	0	0	0	6	0	0	0	0	0	0	0	0	0	0	0	0	0	0	0	3	0	0	0	0
3	0	0	0	0	0	0	0	0	0	0	2	0	0	0	0	0	0	0	0	0	0	0	4	0	0	0	0	2	0	0
2	0	0	0	0	4	2	0	0	0	0	1	0	0	0	0	0	0	1	2	0	0	0	0	0	0	0	0	0	0	0
0	0	0	0	0	0	0	0	0	0	0	0	0	0	0	0	0	0	0	0	0	0	0	0	0	0	55	0	7	14	0
0	60	0	0	0	0	56	0	24	0	0	0	0	0	0	0	0	85	0	0	8	0	0	0	41	67	0	14	0	27	0
0	22	0	0	0	0	27	0	9	0	0	0	0	0	0	0	0	18	0	0	12	0	0	0	8	8	0	3	0	10	0
0	0	0	0	0	1	0	0	0	0	0	0	0	0	0	0	0	0	0	0	0	0	0	0	0	0	0	0	0	0	0
0	0	0	0	0	0	0	0	0	0	0	0	0	0	0	0	0	0	0	0	0	0	0	0	0	0	3	0	0	0	0
0	0	0	0	0	0	0	0	0	0	0	0	10	0	0	0	0	0	0	0	0	0	0	0	0	0	0	0	0	0	0
0	0	0	0	0	0	0	0	0	0	0	0	0	0	0	0	0	0	0	0	1	0	0	0	0	0	0	0	0	0	0
0	0	0	0	0	0	0	0	0	0	0	0	0	0	3	0	4	0	0	0	0	0	0	0	0	0	0	0	0	0	0
0	0	0	0	0	0	0	2	0	0	0	0	0	0	3	0	0	0	2	0	0	0	0	0	0	0	0	0	0	0	3
0	0	0	0	0	0	0	0	0	0	0	0	0	0	0	0	0	0	0	2	0	0	2	0	0	0	0	0	0	0	0
0	0	0	0	0	0	0	0	0	0	0	0	0	0	0	0	0	0	0	0	3	0	0	0	0	0	0	0	0	0	0
0	0	0	0	0	0	0	0	0	0	0	0	0	0	4	0	0	0	0	0	0	0	0	0	0	0	0	0	0	0	0
0	0	0	0	0	0	2	0	4	0	0	0	0	0	0	0	0	0	0	0	0	0	0	0	0	0	0	0	0	0	0
0	0	2	0	0	0	0	0	0	6	0	0	0	0	0	0	0	0	0	0	0	0	0	0	0	0	0	0	0	0	0
0	2	0	0	19	0	9	14	6	0	0	0	1	1	55	0	23	0	4	0	7	0	68	0	1	2	0	0	0	0	0
0	0	0	0	0	0	0	0	0	0	0	0	0	0	2	0	0	0	0	0	0	0	0	0	0	0	0	0	0	0	0
4	0	3	6	3	0	0	5	0	7	0	5	9	0	4	0	10	0	0	0	2	0	0	0	0	0	0	0	36	0	0
0	0	0	0	0	4	0	0	0	0	0	0	0	10	0	0	0	0	4	0	0	0	0	0	0	0	0	0	0	0	5
0	0	0	0	0	3	0	0	0	0	0	0	0	0	0	0	0	0	0	0	0	2	0	0	0	0	0	0	0	0	0
0	0	3	0	5	0	2	0	2	2	0	0	0	0	2	0	0	0	0	0	0	0	0	0	0	0	0	0	0	0	0
0	0	0	0	0	0	0	0	0	0	0	0	0	0	0	3	0	0	0	0	0	0	0	0	0	0	7	0	0	0	0
0	0	0	0	0	0	0	0	2	0	0	0	0	0	0	0	0	0	2	0	0	0	0	0	0	0	0	0	0	0	0
0	0	0	0	0	0	1	0	0	0	0	5	0	0	0	0	0	3	0	0	0	0	0	0	0	7	0	0	0	0	0
0	15	0	0	0	0	0	0	9	0	0	0	0	0	0	0	0	12	0	0	4	0	0	0	8	2	0	1	0	12	0
0	0	0	0	0	0	0	0	0	0	0	0	0	0	0	0	0	0	0	0	0	0	3	0	0	0	0	0	0	0	0
0	0	0	0	0	0	0	0	0	0	0	0	0	0	0	0	0	0	2	0	0	0	0	0	0	0	0	0	0	0	0
3	0	0	0	0	2	0	0	0	0	0	0	0	0	0	0	0	0	0	0	0	0	0	0	0	0	0	0	2	0	0
0	0	0	0	0	2	0	0	0	0	0	0	0	0	0	0	0	0	0	0	0	0	0	0	0	0	0	0	0	0	0
0	0	0	0	0	0	2	0	0	0	0	0	0	7	0	0	6	0	5	0	0	0	0	0	0	0	0	0	0	0	0
0	0	6	0	0	0	0	4	0	2	0	0	0	0	2	0	0	0	0	0	0	0	0	0	0	0	0	0	0	0	0
0	0	2	0	0	0	0	0	0	0	0	0	0	0	0	0	0	0	0	0	0	0	0	0	0	0	0	0	0	0	0
297	0	0	0	0	0	0	0	0	0	0	0	0	0	0	0	0	0	0	0	0	0	0	13	0	0	0	0	0	0	0
0	0	0	0	0	3	0	0	0	0	0	0	0	0	0	0	0	0	0	0	0	0	0	0	0	0	0	0	0	0	0
0	0	1	1	0	0	0	0	0	0	0	0	0	0	0	0	0	0	0	0	0	0	0	0	0	0	0	0	0	0	0
0	0	0	0	0	0	0	0	0	0	0	0	27	0	0	0	0	0	0	0	0	0	0	0	0	0	0	0	0	0	0
0	0	8	0	1	37	0	0	2	0	0	3	7	826	0	8	0	0	432	9	0	29	0	0	0	0	0	0	0	11	230
0	0	0	0	0	0	0	0	0	0	0	0	0	0	0	0	3	0	0	0	0	0	0	0	0	0	0	0	0	0	0
2	0	4	1	0	0	0	0	0	0	0	3	0	0	0	0	0	0	0	0	0	0	0	0	0	0	0	0	0	0	0
6	0	3	0	0	0	0	0	0	0	0	0	0	15	0	0	0	0	5	0	0	14	0	0	0	2	0	0	0	0	4
0	3	0	0	0	0	3	0	2	0	0	0	0	0	0	0	0	6	0	0	0	0	0	0	2	0	0	0	0	0	0
0	0	0	0	0	0	0	0	0	0	0	2	0	0	3	0	0	0	0	0	2	0	5	0	0	0	0	0	0	0	0
5	489	3	2	3	0	470	7	243	4	0	5	0	0	2	0	3	614	0	5	0	0	5	0	299	516	0	61	7	257	0
0	0	0	0	0	0	0	0	0	0	0	0	0	4	0	0	0	0	3	0	0	0	0	0	0	0	0	0	0	0	0
0	0	0	0	0	0	0	0	0	0	0	0	0	0	0	0	0	0	2	0	0	0	0	0	0	0	0	0	0	0	0
0	0	0	14	0	0	0	0	0	0	0	0	0	0	0	0	0	0	0	0	0	0	0	0	0	0	0	0	0	0	0
0	0	0	0	2	0	0	0	6	0	0	11	0	0	0	0	0	0	0	0	0	0	0	0	13	0	0	20	0	78	0
3	0	2	0	0	0	0	0	0	0	0	0	0	0	0	0	0	0	0	0	0	0	0	0	0	0	0	0	2	0	0
0	2	0	0	0	0	4	0	0	0	0	2	0	0	0	0	0	6	0	0	0	0	0	0	3	5	0	0	0	3	0
0	0	0	0	0	0	0	0	0	0	0	0	0	0	0	0	0	0	0	0	0	0	0	0	7	0	152	0	0	0	0
0	0	0	0	0	0	0	0	0	0	0	0	0	0	0	0	0	0	3	0	0	2	0	0	0	0	0	0	0	0	0
0	0	0	0	0	0	0	0	0	0	0	0	0	0	0	0	0	4	0	0	0	0	0	0	0	0	0	0	0	0	0
0	0	0	0	0	0	0	0	0	0	19	0	0	0	0	0	0	0	0	0	0	0	0	0	0	0	0	0	0	0	0
12	0	4	3	0	0	0	0	1	3	0	4	0	5	0	0	0	0	0	3	0	7	0	42	0	0	0	0	6	0	0
0	23	0	0	0	0	18	0	6	0	0	8	0	0	0	0	0	26	0	0	0	0	0	0	9	21	0	3	3	6	0
0	0	0	0	0	3	0	0	0	0	0	0	0	0	0	0	0	0	3	3	0	0	0	0	0	0	0	0	0	0	3
0	0	0	0	0	0	3	0	0	0	0	0	0	0	0	0	0	0	0	0	0	0	0	0	4	0	0	0	0	0	0
0	0	0	0	0	3	0	0	0	0	0	0	0	0	0	0	0	0	0	0	0	0	0	0	0	3	0	0	0	0	0
0	0	0	0	3	0	0	0	0	0	0	6	0	0	7	0	0	0	0	0	0	3	0	0	0	0	0	0	0	0	0
0	5	0	0	0	0	3	0	2	0	0	0	0	0	0	0	0	4	0	0	0	0	0	0	2	2	0	0	0	0	0
0	3	0	0	13	0	0	11	0	0	0	0	0	0	5	0	4	0	0	0	2	0	2	1	0	2	0	0	0	0	0
0	0	0	0	0	1	0	0	0	0	0	2	0	2	0	0	0	2	6	0	0	2	0	0	0	0	0	0	3	0	0
3	0	24	2	7	0	0	3	0	22	0	14	0	0	5	0	6	0	0	10	0	0	8	7	0	0	0	0	2	0	0
0	79	0	2	0	0	56	0	58	3	0	3	0	0	0	0	3	91	0	0	15	0	2	0	53	91	0	40	25	59	0
0	0	0	0	0	0	0	0	0	0	0	0	0	0	0	0	2	0	0	0	0	0	0	0	0	0	0	8	0	0	0
0	0	0	0	0	0	0	0	0	0	0	0	0	0	0	0	4	0	0	0	0	0	0	0	0	0	0	0	0	0	0
10	0	0	0	0	18	0	0	0	0	0	0	0	0	0	305	0	0	2	0	0	0	0	0	0	0	584	3	0	35	0
0	0	0	0	0	0	0	0	0	0	0	0	0	0	0	0	0	3	0	0	0	0	0	0	5	8	0	0	0	8	0
0	0	0	0	0	0	0	0	0	0	0	0	0	0	0	0	0	0	0	0	0	4	0	0	0	0	2	0	0	0	0
0	0	0	0	0	5	0	0	0	0	0	0	0	0	0	0	0	0	0	0	0	0	0	0	0	0	0	0	0	5	0
0	0	0	0	0	4	0	0	1	0	0	0	0	4	0	0	0	4	3	2	0	2	0	2	0	0	0	0	2	0	4
0	0	0	0	0	0	0	0	5	0	0	0	0	0	0	0	0	0	0	0	0	0	0	0	0	0	0	0	0	0	0
0	0	2	3	3	0	0	7	0	4	0	2	4	0	3	0	2	0	0	5	4	0	3	2	0	0	0	0	0	0	0
34	0	0	73	13	0	2	20	0	8	0	21	0	0	36	0	28	3	0	7	45	0	63	7	0	0	0	4	3	3	0
0	0	4	2	0	0	0	0	0	10	0	2	0	0	0	0	0	0	0	5	0	0	0	0	0	0	0	0	3	0	0
0	0	0	0	0	0	0	0	0	0	0	0	0	2	0	0	0	0	0	0	0	0	0	0	0	0	0	0	0	0	3
0	0	0	0	0	0	0	0	0	0	0	0	0	0	0	0	0	0	0	0	0	0	0	0	0	0	0	2	0	0	0
0	0	0	0	0	0	0	0	0	0	0	0	0	0	0	0	0	0	2	0	0	0	0	0	0	0	0	0	0	0	0
0	0	0	0	0	0	0	0	0	0	0	0	0	0	0	0	0	0	0	0	0	0	0	0	0	0	0	0	0	0	7
0	0	0	0	0	0	0	0	0	0	0	0	0	0	2	0	0	0	0	0	10	0	0	0	0	0	0	0	0	0	0
0	0	0	0	0	0	0	0	0	0	0	0	0	0	0	0	0	0	0	0	0	0	0	0	6	0	0	0	0	0	0
2	0	0	0	0	7	0	0	0	3	0	0	0	1	0	0	0	0	2	2	0	2	0	0	0	0	0	0	2	4	0
0	0	0	0	0	0	0	0	0	0	0	0	0	0	0	0	0	0	0	0	0	0	0	0	0	0	0	0	2	0	0
4	9	11	3	0	0	3	0	3	6	0	11	0	0	0	0	0	12	0	3	7	0	2	3	5	13	0	5	3	2	0
0	0	0	0	0	0	0	0	3	0	0	0	0	0	0	0	0	0	0	0	0	0	0	0	0	0	0	0	0	0	0
0	0	0	0	0	0	0	0	0	0	0	0	0	0	0	0	0	0	0	0	0	0	0	0	11	0	0	0	0	0	0
0	0	4	0	0	2	0	0	0	0	0	6	0	0	3	0	0	0	0	0	0	0	0	0	0	0	0	0	2	0	0
0	0	0	0	0	0	0	0	0	0	0	2	0	0	0	0	0	0	0	0	7	0	0	0	0	0	0	0	0	0	0
0	0	0	0	0	0	0	0	0	0	0	0	0	0	2	0	0	0	0	0	0	0	0	0	0	0	0	0	0	4	0
0	0	0	6	0	33	3	2	64	0	0	4	0	0	0	0	9	6	0	2	9	0	0	2	94	4	0	55	0	62	2
0	0	0	0	0	0	0	0	0	0	0	0	0	0	0	46	0	0	0	0	0	0	0	0	0	1	0	2	0	0	0
0	3	0	0	0	0	2	2	3	0	0	0	0	0	2	0	0	1	0	0	0	0	2	0	0	0	0	3	0	9	0
2	0	0	0	0	0	0	0	0	0	0	0	0	0	0	0	0	0	0	0	0	0	0	0	0	0	0	0	0	0	0
14	101	5	9	0	0	89	6	26	4	0	8	0	0	2	0	12	84	0	3	11	0	7	23	45	65	0	10	6	24	0
0	0	0	0	0	2	0	0	0	0	0	0	0	0	0	0	0	0	0	0	0	0	0	0	0	0	15	0	0	0	0
0	4	0	0	0	0	5	0	5	0	0	0	0	0	0	0	0	3	0	0	0	0	0	0	0	9	0	0	0	3	0
0	0	0	0	0	0	0	0	2	0	0	5	0	0	0	0	0	0	0	0	0	0	0	5	0	2	0	0	0	0	0
0	4	0	0	0	3	0	0	3	0	0	0	0	0	0	0	0	0	0	0	0	0	0	0	0	0	0	0	0	0	0
0	0	0	0	0	0	0	0	0	0	0	0	0	0	0	0	0	0	2	0	0	0	0	0	0	0	0	0	0	0	0
0	2	0	0	0	0	0	0	0	0	0	0	0	0	0	0	0	0	0	0	2	0	0	0	0	0	0	0	0	0	0
0	0	0	0	0	0	0	0	0	0	48	0	0	0	0	8	0	0	0	0	0	0	0	0	0	0	0	0	0	0	0
0	0	0	3	2	0	0	0	0	0	0	0	0	0	0	0	0	0	0	0	4	0	0	2	0	0	0	0	5	0	0
0	0	0	0	0	0	0	0	0	0	0	0	0	0	0	0	0	0	0	0	0	0	0	0	0	0	0	0	2	0	0
0	0	0	0	0	0	0	0	0	0	0	0	13	0	0	0	0	0	0	0	0	0	0	0	0	0	0	0	0	0	0
0	0	0	0	0	0	0	0	3	2	0	0	0	0	0	0	0	0	0	0	0	0	0	0	0	0	0	0	0	0	0
0	0	2	0	0	0	0	0	0	0	0	0	0	0	0	0	0	0	0	0	0	0	0	0	0	0	0	0	0	0	0
0	0	4	0	0	0	0	0	0	7	0	2	0	0	0	0	0	0	0	1	0	0	0	0	0	0	0	0	0	0	0
2	7	0	0	2	0	9	0	0	0	0	0	0	0	2	0	2	2	0	0	7	0	6	0	7	8	0	0	0	7	0
0	0	0	0	1	0	0	1	0	0	0	0	0	3	0	0	0	0	0	0	0	0	0	0	0	0	0	0	5	0	0
0	22	0	0	0	0	3	0	8	0	0	0	0	0	0	0	0	9	0	0	0	0	0	0	3	3	0	8	0	7	0
0	0	0	0	0	0	0	0	0	0	0	0	0	0	0	0	0	0	0	0	0	3	0	0	0	0	0	0	0	0	0
0	0	0	0	0	2	0	0	0	0	0	0	0	0	0	0	0	0	0	0	0	0	0	0	0	0	0	0	0	0	0
0	0	0	0	0	0	0	2	2	0	0	0	2	0	0	0	0	0	0	0	0	0	2	0	0	0	0	0	0	0	0
0	0	0	0	0	3	0	2	0	0	0	0	0	0	2	0	9	0	0	0	0	1	0	0	0	0	0	0	0	0	0
0	0	0	0	0	0	0	0	0	0	2	0	0	0	0	0	0	0	0	0	0	2	0	0	0	0	0	0	0	0	0
0	0	0	0	0	0	0	0	0	0	0	0	0	2	0	0	0	0	0	0	0	0	0	0	3	0	0	0	0	0	0
0	0	0	0	0	0	0	0	0	0	0	0	0	4	0	0	0	0	4	0	0	22	0	0	0	0	0	0	0	0	5
0	2	0	0	0	0	0	0	0	0	0	0	0	0	0	0	0	5	0	0	0	0	0	0	2	2	0	0	0	8	0
0	0	0	0	0	0	0	0	0	0	0	0	0	0	0	0	0	0	0	0	0	0	0	0	0	0	0	0	6	0	0
1	0	0	0	1	0	0	0	0	0	0	0	0	0	0	0	3	0	0	0	0	0	0	0	0	0	0	0	0	0	0
0	0	0	0	0	0	0	0	0	0	0	0	0	0	0	0	0	0	0	0	0	0	2	0	0	0	0	0	0	0	0
0	0	0	0	0	0	0	0	0	0	0	0	0	0	0	0	0	0	0	0	0	0	0	0	11	0	0	0	0	0	0
0	7	0	0	0	0	0	0	4	0	0	0	0	0	0	0	0	2	0	0	0	0	0	0	0	3	0	0	0	0	0
0	3	4	2	6	0	2	2	2	11	0	0	2	0	3	0	4	0	0	3	3	0	4	0	0	2	0	2	0	0	0
4	0	0	0	0	0	0	0	0	0	0	0	0	0	0	0	0	0	0	0	0	0	0	0	0	0	0	0	0	0	0
3	0	2	0	0	0	0	0	0	1	0	9	0	0	0	0	0	0	0	0	0	3	0	4	0	4	0	0	0	0	0
0	2	0	0	0	0	0	0	0	0	0	0	0	0	0	0	0	0	0	0	0	0	0	0	0	0	0	0	0	2	0
0	0	0	0	0	0	0	0	0	0	0	2	0	0	0	0	0	0	0	0	0	0	0	0	0	0	0	0	0	0	0
3	0	0	0	0	0	0	0	0	0	0	0	0	0	0	0	0	0	1	0	0	0	0	0	0	0	0	0	0	0	0
0	0	0	0	0	0	0	0	0	0	0	0	3	0	0	0	0	0	0	0	0	0	0	0	0	0	0	0	0	0	0
0	0	0	13	2	0	0	2	0	0	0	0	0	0	0	0	0	0	0	0	5	0	0	0	0	0	0	0	4	0	0
6	75	2	16	4	0	49	7	49	0	0	0	0	0	2	0	2	86	0	0	52	0	7	5	60	78	0	8	9	47	0
0	0	0	0	0	18	0	0	0	0	0	0	0	0	0	0	0	0	0	0	0	0	0	0	0	0	0	0	0	0	0
0	0	3	0	3	0	0	2	3	0	0	7	2	0	0	0	0	0	0	0	4	0	6	0	0	0	0	0	0	0	0
6	0	0	0	1	0	0	0	0	0	0	0	0	0	0	2	0	0	4	0	0	0	0	0	0	0	3	0	0	0	0
0	13	0	0	0	0	3	0	15	0	0	0	0	0	0	0	0	2	0	0	0	0	0	0	3	6	0	12	0	17	0
0	3	0	0	1	0	0	0	0	0	0	0	0	0	0	0	0	0	5	0	0	0	2	0	0	0	0	0	0	0	0
0	0	0	0	0	0	0	0	0	3	0	0	2	0	0	0	0	0	0	0	3	0	0	0	0	0	0	0	0	0	0
0	4	0	0	0	0	2	0	0	0	0	0	0	0	0	0	0	2	0	0	0	0	0	0	2	0	0	0	0	0	0
0	2	0	0	0	0	0	0	2	0	0	2	0	0	0	0	0	0	0	0	0	0	0	0	0	0	0	0	0	0	0
0	0	3	0	0	0	0	0	0	0	0	0	0	0	0	0	0	2	0	0	0	0	0	0	0	5	0	0	0	6	0
0	0	0	0	2	3	0	0	0	0	0	0	0	0	2	2	0	0	0	0	0	2	0	0	0	0	0	0	0	0	4
0	0	0	0	0	0	0	0	0	0	0	0	0	9	0	0	0	0	4	0	0	0	0	0	0	0	0	0	0	0	2
1	4	0	0	0	0	1	0	7	0	0	0	0	0	0	0	0	6	0	1	3	0	0	4	0	11	0	0	1	2	0
0	0	0	0	0	0	0	0	2	0	0	0	0	0	0	0	0	0	0	0	0	0	0	0	0	0	0	0	0	0	0
0	0	3	0	0	0	4	0	0	0	0	6	0	3	0	0	0	7	3	0	0	3	2	6	6	6	0	0	2	7	2
3	0	0	0	0	0	0	0	0	0	0	0	0	4	0	0	0	0	0	0	0	0	0	0	0	0	0	0	0	0	0
0	0	0	0	0	0	0	0	0	0	0	0	2	0	0	0	0	0	0	0	0	0	0	0	0	0	0	0	0	0	0
0	0	0	0	2	6	0	0	0	0	0	4	0	0	0	0	0	4	0	0	0	0	0	0	0	0	0	0	0	0	0
0	0	2	0	0	0	0	0	0	2	0	6	7	0	2	0	0	0	0	0	0	0	0	0	0	0	0	0	0	0	0
7	17	0	9	0	0	13	8	6	2	0	3	0	0	0	0	5	18	0	0	10	0	0	2	20	34	0	2	0	10	3
0	3	0	0	0	0	0	0	0	0	0	0	0	0	0	0	0	5	0	0	4	0	0	0	0	3	0	10	54	1	0
0	0	0	0	0	1	0	0	3	0	0	0	1	0	0	0	0	0	0	0	0	0	0	0	30	0	0	12	0	19	0
10	0	3	0	11	0	0	5	0	3	0	14	0	4	2	0	3	3	17	0	0	18	0	0	0	0	13	0	2	0	6
0	0	0	0	0	0	0	0	0	0	0	0	0	0	0	0	0	2	0	0	2	0	0	0	0	4	0	0	2	0	0
0	0	0	0	0	2	0	0	0	0	0	0	0	0	0	0	0	0	0	0	0	0	0	0	0	0	0	0	0	0	0
0	0	0	0	0	0	0	0	0	0	0	0	0	0	0	0	0	0	0	0	0	0	0	0	0	0	0	2	0	0	0
0	5	0	0	0	0	9	2	4	0	0	0	0	0	0	0	0	0	0	0	2	0	0	0	5	3	0	0	0	4	0
29	36	68	60	10	0	15	16	3	93	0	52	0	0	10	0	4	24	0	46	12	0	9	32	16	20	0	16	51	3	3
2	0	6	2	0	0	0	0	0	2	0	3	0	0	0	0	0	0	0	0	0	0	0	8	0	0	0	2	3	0	0
2	0	3	0	2	3	0	0	0	0	25	0	0	0	0	13	0	0	2	0	0	2	0	0	0	0	0	0	0	0	2
0	0	2	0	0	0	2	0	0	0	0	0	0	0	0	0	0	0	0	0	0	0	0	2	7	0	0	0	0	0	0
3	0	0	0	0	33	0	0	0	0	36	0	0	0	0	0	0	1	0	1	0	0	0	110	0	0	0	0	0	0	0
0	2	0	0	0	0	0	0	0	0	0	0	0	0	0	0	0	3	0	0	0	0	0	0	2	9	0	0	0	0	0
0	0	0	0	0	0	0	0	0	0	0	0	0	0	0	0	0	0	2	0	0	0	0	0	0	0	0	0	0	0	0
0	0	0	2	0	0	0	0	2	0	0	0	0	0	0	0	0	0	0	0	0	0	0	0	0	2	0	0	4	0	0
2	3	0	0	0	0	0	2	0	0	0	0	0	0	0	0	0	0	0	0	0	0	0	0	0	0	0	0	3	0	0
0	9	0	0	0	0	0	0	4	0	0	0	0	0	0	0	0	4	0	0	0	0	0	0	0	0	0	0	0	0	0
0	0	0	0	0	0	0	0	0	0	0	0	0	0	0	0	0	0	2	0	0	0	0	0	0	0	0	0	0	0	0
0	0	0	0	0	0	0	0	3	0	0	0	0	0	0	0	0	0	0	0	0	0	0	0	0	0	0	0	0	0	0
0	0	3	4	0	0	0	2	0	4	0	3	6	0	0	0	1	0	0	0	0	0	0	6	0	0	0	0	0	0	0
0	0	0	0	0	0	0	0	0	0	0	0	0	0	0	3	0	0	0	0	0	0	0	0	0	0	0	0	0	0	0
0	0	0	0	0	0	0	0	0	0	0	0	0	0	0	0	0	0	0	0	0	3	0	0	0	0	0	0	0	0	0
0	0	0	0	0	0	0	0	0	0	0	0	4	0	0	0	0	0	0	0	0	0	0	0	0	0	0	0	0	0	0
0	29	0	0	0	0	15	0	0	0	0	0	0	0	0	0	0	40	0	0	0	0	0	0	17	33	0	9	9	33	0
0	0	0	0	0	0	0	0	0	0	0	0	0	0	0	0	0	0	0	0	0	0	0	2	0	0	0	0	0	0	0
0	0	0	0	0	0	0	0	0	0	0	0	0	0	0	0	0	2	0	0	0	0	0	0	3	0	0	2	0	0	0
2	0	0	0	0	0	0	0	0	0	0	0	0	0	0	0	0	0	0	0	0	2	0	2	0	0	0	0	0	0	0
0	0	0	0	0	0	0	0	0	2	0	4	0	0	0	0	0	0	0	0	0	0	0	0	0	0	0	0	0	0	0
0	0	0	0	0	0	0	0	0	0	0	0	0	0	0	0	0	0	0	0	0	0	0	0	0	0	2	0	0	0	0
0	0	0	0	0	0	0	0	6	0	0	0	0	0	0	0	0	0	0	0	0	0	0	0	0	2	0	0	0	0	0
0	0	0	0	0	10	0	0	0	0	0	0	0	0	0	0	0	0	0	0	0	2	0	0	0	0	3	0	0	0	3
0	2	0	0	0	0	7	0	0	0	0	0	0	0	1	0	1	9	0	0	0	0	5	0	0	6	0	0	0	2	0
2	0	0	4	2	0	0	0	0	0	0	0	0	2	0	0	0	0	2	0	0	2	0	0	0	0	0	0	3	0	2
0	0	0	0	10	0	0	0	0	0	0	0	0	0	0	0	1	0	0	0	4	0	7	0	0	2	0	0	0	0	0
0	0	0	0	0	0	2	0	0	0	0	0	0	0	0	0	0	0	0	0	0	0	0	0	0	0	0	0	0	0	0
0	0	0	3	20	0	0	15	0	0	0	3	0	0	25	0	4	0	0	0	9	17	19	6	0	0	0	0	0	0	0
0	0	0	0	0	3	0	0	18	0	0	3	0	0	0	0	0	0	0	0	0	0	0	0	15	2	0	0	0	6	0
9	0	3	0	0	0	0	0	0	3	0	0	4	0	0	0	0	0	0	0	3	3	0	4	0	0	0	0	2	0	0
0	2	0	0	0	0	0	0	0	0	0	0	0	0	0	0	0	1	0	0	0	0	0	2	0	0	0	2	0	0	0
0	0	0	0	13	0	2	10	0	5	0	9	0	0	0	0	4	0	0	0	33	0	5	0	0	0	0	0	2	0	0
0	0	0	12	2	0	0	0	0	0	0	2	0	0	0	0	0	0	0	0	2	0	0	0	0	0	0	4	6	0	0
1	0	0	0	13	0	0	8	0	0	0	0	0	0	5	0	4	0	0	0	4	0	24	2	0	0	0	0	0	0	0
0	0	0	0	0	3	0	1	0	0	0	0	0	0	0	0	0	0	0	0	0	0	0	0	0	0	2	0	0	0	0
0	0	0	0	0	0	0	4	0	0	0	0	0	0	0	0	0	0	0	0	11	0	0	0	0	0	0	0	0	0	0
0	0	0	0	0	0	0	0	0	0	0	0	0	0	0	0	0	0	4	0	0	0	2	0	0	0	0	0	0	0	0
0	0	0	0	0	0	0	0	0	0	0	2	0	0	0	0	0	0	0	0	0	0	0	0	0	0	0	0	0	0	0
0	3	0	0	0	0	0	3	0	4	0	0	0	0	2	0	3	0	0	0	2	0	0	1	0	0	0	0	0	0	0
0	0	0	0	2	0	0	0	0	4	0	3	0	0	0	0	4	0	0	0	0	0	1	0	0	0	0	0	0	0	0
0	6	0	2	21	2	2	12	2	2	0	0	4	0	7	0	12	8	0	0	2	3	21	0	0	4	0	0	0	0	0
0	0	0	0	0	5	0	0	0	0	0	0	0	0	0	0	0	0	0	0	0	0	0	0	0	0	0	0	0	0	0
0	0	0	0	0	3	0	0	0	0	13	0	0	0	0	116	0	0	0	0	0	0	0	0	0	0	0	0	0	0	0
6	3	4	0	5	9	0	0	10	11	0	6	0	8	0	2	0	5	18	8	0	2	1	8	2	2	0	0	17	1	12
6	0	0	0	0	0	0	0	0	0	0	0	0	0	0	0	0	0	0	0	0	0	0	0	0	0	6	0	25	0	0
0	0	0	0	0	0	0	0	0	0	0	0	0	0	0	0	0	0	0	0	0	0	1	0	2	0	0	0	0	0	0
2	0	0	0	0	0	0	0	0	0	0	0	0	5	0	0	0	0	0	0	4	0	2	0	0	0	0	0	0	0	0
0	0	0	0	0	0	0	0	0	0	0	0	0	0	0	0	0	0	2	0	0	0	0	0	0	0	0	0	0	0	0
0	0	0	0	0	0	0	0	0	0	0	0	0	0	0	0	0	0	0	0	0	0	0	0	0	0	0	0	0	13	0
0	0	0	0	0	0	0	0	0	0	0	0	0	0	0	0	0	0	0	0	0	0	0	0	13	0	0	0	0	0	0
0	5	0	0	0	0	6	0	0	0	0	0	0	0	0	0	0	3	0	0	0	0	0	0	3	4	0	0	0	0	0
4	3	3	0	5	11	5	0	3	0	0	3	0	16	7	0	0	2	32	0	0	15	4	5	0	0	0	0	3	0	15
0	5	0	0	0	0	3	0	0	0	0	0	0	0	0	0	0	2	0	0	0	0	0	0	0	2	0	0	0	0	0
0	3	0	0	0	0	0	0	2	0	0	0	0	0	0	0	0	0	0	0	0	0	0	0	0	0	0	0	0	0	0
0	0	0	0	0	0	0	0	0	0	0	0	0	0	0	0	0	0	6	0	0	0	0	0	0	0	0	0	0	0	0
0	0	0	0	0	0	0	0	0	0	0	0	0	0	0	0	0	0	2	0	0	0	0	0	0	0	0	0	0	0	0
0	0	0	0	0	0	0	0	0	0	0	0	0	0	0	0	0	0	0	2	0	0	0	0	0	0	0	0	0	0	0
0	0	0	0	0	2	0	0	0	0	0	0	0	0	0	0	0	0	0	0	0	0	0	0	0	0	0	0	0	0	0
30	7	38	41	89	0	2	61	0	29	0	37	0	0	66	0	15	6	0	16	92	0	48	24	2	5	0	0	67	0	0
0	12	0	0	0	0	13	0	4	0	0	0	0	0	0	0	0	28	0	0	0	0	0	0	12	16	0	0	0	6	0
0	0	0	0	4	0	0	0	0	2	0	0	0	0	2	0	0	0	0	0	2	0	4	0	0	0	0	0	0	0	0
0	9	0	0	0	0	13	0	4	0	0	0	0	0	0	0	0	3	0	0	0	0	0	0	0	2	0	0	0	3	0
2	0	0	0	0	0	3	0	0	0	0	0	0	0	3	0	0	3	0	0	0	0	2	0	0	0	0	0	3	0	0
0	0	0	0	0	0	0	0	0	0	0	0	0	0	0	0	0	0	0	0	0	0	0	0	0	0	0	0	5	0	0
0	0	0	0	0	0	0	0	0	0	0	0	0	0	0	0	0	4	0	0	0	0	0	0	0	1	0	0	0	4	0
0	0	0	0	0	0	0	0	0	0	0	0	0	0	0	0	0	0	2	0	0	0	0	0	0	0	0	0	0	0	0
2	0	0	0	0	2	0	0	0	0	0	0	0	3	0	0	0	0	0	0	0	2	0	0	0	0	0	0	0	0	12
0	0	0	0	0	0	0	0	0	0	1	0	0	0	0	0	0	0	0	0	0	9	0	0	0	0	0	0	0	0	0
0	0	0	0	0	0	0	0	0	0	0	0	0	0	0	0	0	0	2	0	0	0	0	0	0	0	0	0	0	0	2
0	0	0	0	0	0	0	0	0	0	0	0	0	0	2	0	0	0	0	0	2	0	0	0	0	0	0	0	2	0	0
2	0	0	0	0	0	0	0	0	0	0	0	0	0	0	0	0	0	0	0	0	0	0	0	0	0	0	0	0	0	0
0	0	0	6	8	0	0	10	0	0	0	0	0	0	10	0	11	0	0	1	13	2	3	0	0	0	0	0	5	0	2
0	0	0	0	0	0	0	0	0	1	0	2	0	0	0	0	0	0	0	0	0	0	0	0	0	0	0	2	0	0	0
14	5	71	4	60	3	4	31	2	85	0	51	14	4	63	0	46	2	2	33	15	5	76	9	4	2	0	0	10	0	0
0	0	0	0	7	0	0	3	0	2	0	0	0	0	8	0	3	0	0	0	0	0	10	0	0	0	0	0	0	0	0
0	0	0	0	3	0	0	1	0	0	0	0	0	0	0	0	0	0	0	0	0	2	0	0	0	0	0	0	0	0	0
0	0	0	0	0	0	0	0	0	0	0	0	0	0	0	0	0	0	0	0	2	0	0	0	0	0	0	0	9	0	0
0	0	0	0	0	0	0	0	0	1	0	0	0	0	0	0	0	0	0	0	0	0	0	0	0	0	0	0	5	0	0
0	0	0	0	0	0	0	1	0	0	0	0	0	0	2	0	0	0	0	0	0	0	0	0	0	0	0	0	0	0	0
0	0	0	0	6	0	2	24	0	0	0	0	2	0	7	0	0	0	0	0	15	0	5	0	0	0	0	0	0	0	0
0	0	0	0	0	0	4	0	2	0	0	0	0	0	0	0	0	15	0	0	2	0	0	0	0	4	0	0	0	0	0
0	0	0	0	0	3	0	0	0	0	0	0	0	0	0	0	0	0	0	0	0	0	0	0	0	0	0	0	0	0	0
0	0	0	0	0	0	0	0	0	0	0	0	0	0	0	0	0	0	0	0	0	0	0	0	8	0	0	0	0	0	0
0	0	0	0	0	0	0	0	0	0	0	0	0	0	0	0	0	0	0	0	0	0	0	0	0	0	0	3	0	7	0
0	0	0	0	0	0	0	0	0	0	0	0	0	0	2	0	0	0	0	0	0	0	0	0	0	0	0	0	0	0	0
0	0	0	0	2	7	0	3	0	0	0	0	0	2	2	0	0	0	4	0	0	0	0	0	0	0	0	0	0	0	2
0	0	0	0	0	0	0	0	0	0	0	0	0	0	2	0	0	0	0	0	0	0	8	0	2	0	0	0	0	0	0
0	0	0	0	0	0	0	0	0	0	0	2	0	2	0	0	0	0	3	0	0	4	0	0	0	0	0	0	0	0	0
0	0	0	0	0	0	0	0	0	0	7	0	0	0	0	2	0	0	0	0	0	0	0	0	0	0	0	0	0	0	0
0	0	0	0	0	0	0	0	0	3	0	0	0	0	0	0	0	0	0	0	0	0	0	3	0	0	0	0	0	0	0
0	0	0	0	0	0	0	0	10	0	0	0	0	0	0	0	0	0	0	0	0	7	0	2	0	0	0	0	0	0	13
0	0	0	0	0	0	0	0	0	10	0	0	0	0	0	0	0	0	0	4	0	0	0	0	0	0	0	0	0	0	0
0	0	0	0	0	0	0	0	0	0	0	0	0	0	0	0	0	0	0	0	0	0	0	0	0	0	0	0	12	0	0
0	0	0	0	0	0	0	2	0	0	0	4	0	0	0	0	0	0	0	0	0	0	0	0	0	0	0	0	0	0	0
0	4	0	0	0	3	0	0	0	0	0	2	0	0	0	0	0	7	0	0	0	3	2	0	0	2	0	0	0	0	0
0	0	0	0	0	2	0	0	3	0	0	0	0	0	0	0	0	0	0	0	0	0	0	3	0	0	0	0	4	0	0
0	0	0	0	0	0	0	0	0	0	0	0	0	0	0	0	0	0	0	0	4	0	0	0	0	0	0	0	0	0	0
0	0	0	0	0	0	0	0	0	0	0	0	0	0	0	0	0	0	0	0	15	0	0	0	0	0	0	0	0	0	0
0	0	0	0	0	0	0	0	0	0	0	0	0	0	0	2	0	0	0	0	0	0	0	0	0	0	0	0	0	0	0
0	0	0	0	2	0	0	0	0	0	0	0	0	0	0	0	3	0	0	0	2	0	0	0	0	0	0	0	0	0	0
0	0	0	0	0	0	0	0	0	0	0	0	0	0	0	0	0	1	0	0	0	0	0	0	1	0	0	5	0	0	0
0	11	0	0	0	0	12	0	8	0	0	0	0	0	0	0	0	8	0	0	0	0	0	0	1	20	0	2	0	6	0
0	6	0	0	0	5	0	0	4	0	0	0	0	0	0	0	0	0	0	0	0	0	0	0	0	0	0	7	0	0	0
0	5	3	28	5	0	0	5	0	6	0	1	0	0	5	0	8	0	0	0	20	0	5	3	2	5	0	7	42	4	0
0	0	0	0	0	0	0	0	0	0	0	0	0	0	0	0	0	0	0	0	0	0	0	0	0	0	0	0	0	13	0
0	0	0	0	0	0	0	0	0	0	0	0	0	0	0	0	0	2	0	0	0	0	0	0	0	0	0	0	0	0	0
0	2	0	0	0	0	0	0	8	0	0	0	0	0	0	0	0	0	0	0	0	0	0	0	0	0	0	0	0	0	0
0	0	0	0	0	0	0	0	0	0	0	0	0	0	0	0	0	0	0	0	0	0	0	0	0	0	0	0	0	0	2
0	0	0	0	4	2	3	13	2	0	0	0	13	0	3	0	4	0	2	0	2	0	9	5	0	0	0	0	0	3	0
12	0	0	0	0	0	0	0	0	0	0	0	0	0	0	0	0	0	0	0	0	0	0	20	0	0	0	0	0	0	0
0	0	0	0	3	0	0	0	0	0	0	0	0	0	0	0	0	0	0	0	0	0	0	0	0	0	0	0	0	0	0
0	3	0	0	0	0	0	0	0	0	0	0	0	0	0	0	0	3	0	0	0	0	0	0	4	4	0	3	0	2	0
2	0	0	0	0	0	0	0	0	0	0	0	0	0	0	0	0	0	0	0	0	0	0	0	0	0	0	0	0	0	0
0	0	0	0	0	2	0	0	0	0	0	0	0	0	0	0	0	0	3	0	0	0	0	0	0	0	0	0	2	0	0
2	0	3	0	0	0	0	0	5	6	0	3	0	0	2	0	0	0	0	1	0	0	1	10	0	0	0	0	0	0	0
0	0	0	0	0	5	0	0	0	0	3	0	0	0	0	0	0	0	0	0	0	0	0	0	0	0	0	0	0	0	0
0	2	0	0	0	0	0	0	0	0	0	0	0	0	0	0	0	0	0	0	0	0	0	0	0	0	0	0	0	0	0
3	0	0	0	0	0	0	0	0	0	0	3	0	0	0	0	0	0	0	0	0	6	4	3	0	0	0	0	0	0	0
0	0	0	0	0	0	0	0	0	0	0	0	0	0	0	0	0	0	0	0	3	0	0	0	0	0	0	0	0	0	0
56	2360	38	552	34	14	1851	33	1055	44	0	36	16	15	18	2	21	2846	5	18	317	0	29	63	1051	2724	8	574	86	659	16
0	0	0	0	0	0	0	0	0	0	0	0	0	0	0	31	0	0	0	0	0	0	0	0	0	0	0	0	0	0	0
0	0	0	0	0	0	0	0	0	0	0	0	0	0	0	0	0	0	0	0	0	0	0	0	0	0	3	0	0	0	0
0	0	0	0	0	0	0	2	0	0	0	0	0	0	0	0	0	0	0	0	0	2	0	0	0	0	0	3	0	0	0
0	0	0	0	3	0	0	0	0	0	0	0	0	0	4	0	0	0	0	0	0	0	0	0	0	0	0	0	0	0	0
9	3	0	3	0	4	0	0	8	5	0	0	0	0	0	0	0	7	0	0	0	17	0	2	2	7	0	12	0	0	0
0	20	0	0	0	0	8	0	8	0	0	0	2	0	0	0	0	12	0	0	0	2	0	0	11	8	0	2	0	4	0
0	0	0	0	0	0	0	0	0	0	0	0	0	0	0	0	0	0	0	0	0	0	0	2	0	0	0	0	0	0	0
3	0	0	0	0	2	0	0	0	0	0	0	0	0	0	0	0	0	0	0	0	0	0	0	0	0	0	2	0	0	2
0	0	1	0	2	2	0	0	0	0	0	0	0	3	0	3	0	1	9	0	0	0	0	0	0	0	0	0	0	6	3
0	4	0	0	0	0	0	0	3	0	0	0	0	0	0	0	0	1	0	0	0	0	0	0	0	2	0	0	0	0	0
3	0	0	0	16	0	0	6	0	4	0	0	0	0	5	0	28	0	0	2	12	0	9	2	0	0	0	0	0	0	0
7	0	9	3	0	0	0	0	0	0	0	2	0	0	0	0	3	0	0	0	0	0	2	2	0	0	0	0	0	0	0
0	0	0	0	0	0	0	0	0	0	0	0	0	0	0	0	0	0	0	0	0	2	0	0	0	0	0	0	0	0	19
6	2	0	5	37	0	0	41	0	5	0	8	3	0	28	0	33	2	0	1	57	0	34	11	0	2	0	0	0	2	0
0	0	0	0	0	0	0	0	0	0	0	0	0	2	0	0	0	0	3	0	0	0	0	0	0	0	0	0	0	0	0
0	0	4	1	0	0	3	0	3	2	0	0	0	0	0	0	0	2	0	0	0	0	0	0	1	2	0	11	0	0	0
0	0	0	0	0	2	0	0	0	0	0	0	0	0	0	0	0	0	0	0	2	0	0	0	0	0	0	0	0	0	0
0	0	0	0	0	0	0	0	0	0	0	2	0	0	2	0	0	0	0	0	0	0	0	0	0	0	0	0	0	0	0
0	0	0	0	0	2	0	0	0	0	0	0	0	4	0	0	0	0	4	0	0	0	0	0	0	0	0	0	0	7	0
13	0	2	23	0	0	0	4	42	11	0	6	0	0	0	0	0	3	0	0	0	0	0	0	45	0	0	39	47	0	0
0	0	7	0	0	0	0	0	0	0	0	0	0	0	0	0	0	0	0	0	0	0	0	0	0	0	0	0	0	0	0
2	0	0	0	0	0	0	0	0	0	0	0	0	11	0	0	0	0	3	0	0	0	1	0	0	0	0	2	0	0	0
0	2	0	0	0	0	0	0	4	0	0	0	0	0	0	0	0	4	0	0	0	0	0	0	4	2	0	2	0	0	0
0	0	0	0	0	0	0	0	5	0	0	0	0	0	1	0	1	0	0	0	0	0	0	0	0	0	0	0	0	0	0
0	0	0	0	0	0	0	0	0	0	0	0	0	0	0	13	0	0	0	0	0	0	0	0	0	0	0	0	0	0	0
2	0	0	0	0	4	0	0	0	0	0	0	0	0	0	2	0	0	0	0	0	0	0	0	0	0	6	0	0	0	3
0	0	0	0	4	0	0	7	0	0	0	0	2	0	0	0	0	0	0	0	0	0	1	0	0	0	0	0	0	0	0
0	0	0	0	0	0	0	0	0	0	0	0	0	0	0	0	0	0	2	0	0	0	0	0	0	0	0	0	0	0	0
0	0	0	0	0	0	0	0	0	0	0	0	0	0	0	0	0	0	0	0	0	0	0	0	0	0	0	2	0	0	0
0	0	0	0	0	0	3	0	2	0	0	0	0	0	0	0	0	2	0	0	0	0	0	0	0	4	0	0	0	0	0
0	7	0	0	0	0	10	0	6	0	0	0	0	0	0	0	0	11	0	0	2	0	0	0	2	10	0	3	0	6	0
0	0	0	2	0	0	2	0	0	0	0	0	2	2	0	0	0	0	1	0	0	0	2	0	2	0	0	0	0	0	9
0	0	0	0	0	0	0	0	0	0	0	0	0	0	0	0	0	0	3	0	0	0	0	0	0	0	0	0	0	0	0
0	0	0	0	0	0	2	0	0	0	0	0	0	0	0	0	0	0	0	0	0	0	0	0	0	0	0	0	0	0	0
2	0	0	0	0	0	0	0	0	0	0	0	0	0	0	0	0	0	0	0	0	0	0	0	0	0	0	0	0	0	0
0	0	0	0	0	0	0	0	0	0	0	0	0	0	0	0	0	0	3	0	0	0	0	0	0	0	0	0	0	0	0
0	3	0	4	0	0	2	0	0	0	0	0	0	0	0	0	0	0	0	0	4	0	0	0	0	0	0	0	0	0	0
0	0	0	0	0	0	0	0	1	0	0	0	0	0	0	0	0	0	0	0	0	0	0	0	0	0	0	0	0	0	88
0	0	0	0	0	0	0	3	0	0	0	0	0	0	0	0	0	0	0	0	0	0	4	0	0	0	0	0	0	0	0
0	0	0	0	0	0	2	0	0	0	0	0	0	0	0	2	0	0	0	0	0	0	0	0	0	0	0	0	0	0	0
0	0	0	0	0	0	0	0	0	0	0	0	0	0	0	0	0	6	0	0	0	0	0	0	0	0	0	0	0	3	0
0	0	0	0	0	5	0	0	0	0	0	0	0	0	0	44	0	0	0	0	0	0	0	0	0	0	2	0	0	0	2
0	0	0	0	0	0	0	4	0	0	0	0	0	0	0	0	0	0	0	0	0	0	0	0	0	0	0	0	0	0	0
0	0	0	0	0	0	0	0	0	0	0	0	0	0	0	0	0	0	0	0	0	0	3	0	0	0	0	0	0	0	0
0	0	0	0	2	0	0	0	0	0	0	2	0	0	0	0	0	2	0	0	0	0	0	0	0	0	0	0	0	0	0
0	0	0	0	0	0	0	0	0	0	0	0	0	0	0	0	0	0	0	0	0	0	0	2	0	0	0	0	0	4	0
0	7	0	0	0	0	8	0	17	0	0	0	0	0	0	0	0	14	0	4	0	0	0	0	0	7	0	4	0	5	0
1	0	0	0	0	0	0	0	0	0	0	0	0	0	0	0	0	0	0	0	0	0	0	0	0	0	0	0	0	0	0
0	0	0	0	0	0	0	0	0	0	0	0	0	0	0	0	0	0	0	0	0	0	0	0	0	3	0	0	0	0	0
0	2	0	0	0	0	3	0	0	0	0	0	0	0	0	0	0	2	0	0	0	0	0	0	0	3	0	0	0	0	0
0	0	3	0	0	0	0	0	1	0	0	0	0	0	0	0	0	3	0	0	0	0	0	0	0	0	0	0	0	0	0
0	3	0	0	0	0	2	0	3	0	0	0	0	0	0	0	0	3	0	0	0	0	0	0	7	5	0	0	0	0	0
0	0	0	0	5	0	0	3	0	0	0	0	0	0	0	0	1	0	0	0	0	0	3	0	0	0	0	0	0	0	0
0	4	0	0	0	0	0	0	0	0	0	0	0	0	3	0	0	0	0	0	3	0	4	0	0	0	0	0	0	0	0
2	0	0	0	0	0	0	0	2	0	0	0	0	0	0	0	0	2	0	0	0	0	0	0	0	0	0	0	0	2	0
0	0	0	0	0	2	0	0	0	0	0	0	0	0	0	0	0	0	0	0	0	0	0	0	0	0	0	0	0	0	0
0	0	0	0	1	0	0	0	0	0	0	3	0	0	0	0	0	0	0	0	0	0	3	0	0	0	0	0	0	0	0
288	0	0	0	0	0	0	0	0	0	8	0	0	0	0	0	0	0	0	0	0	0	0	67	0	0	0	0	9	0	1
4	0	0	2	0	3	0	0	16	0	0	0	4	0	0	0	7	0	0	0	0	2	0	4	0	0	0	0	0	0	0
0	0	0	0	5	0	0	3	0	0	0	4	0	0	0	0	0	0	0	0	0	0	0	1	0	0	0	0	0	0	0
0	0	0	0	0	0	0	0	0	0	0	0	0	0	2	0	0	0	0	0	0	0	0	0	0	0	0	0	0	0	0
0	0	0	0	0	0	0	0	0	0	0	0	0	0	0	0	0	0	0	0	0	9	0	0	4	0	0	0	3	0	0
15	0	0	4	5	14	0	0	0	0	79	0	0	15	0	19	0	0	29	0	0	0	0	2	0	0	54	0	26	0	4
0	0	0	0	0	0	0	0	0	0	0	0	0	0	0	0	0	4	0	0	0	0	0	0	0	0	0	0	0	0	0
3	0	13	8	32	0	0	29	0	24	0	21	2	0	37	0	10	0	0	10	7	0	52	0	0	0	0	0	8	3	0
9	9	0	5	2	93	0	0	17	4	6	8	0	67	3	12	0	7	57	10	0	10	2	12	0	2	4	11	8	11	16
0	0	0	2	0	0	0	0	0	0	0	0	0	0	0	5	0	0	0	0	0	0	0	0	0	0	0	0	0	0	0
0	30	0	0	0	0	26	0	28	0	0	0	0	0	0	0	0	23	0	0	0	0	2	0	26	23	0	0	1	15	0
0	0	3	0	0	0	2	0	0	9	0	4	0	0	0	0	0	0	0	0	0	0	0	0	0	3	0	0	0	0	0
0	0	0	0	0	0	0	0	21	0	0	0	0	0	0	0	0	3	0	0	0	0	0	0	17	0	0	0	0	17	0
0	0	0	0	0	0	0	0	0	0	0	5	0	0	2	0	3	0	0	0	0	0	0	0	0	0	0	0	4	0	0
0	0	0	0	0	0	0	0	4	0	0	0	0	0	0	0	0	3	0	0	0	0	0	0	0	3	0	0	0	0	0
0	0	0	0	0	0	0	0	0	0	0	0	0	0	0	0	0	2	0	0	0	0	0	0	0	0	0	0	0	0	0
0	0	0	0	0	0	0	0	0	0	0	0	0	0	0	0	0	6	0	0	0	0	0	2	0	0	0	0	0	0	0
0	0	0	0	5	0	0	0	0	0	0	0	0	0	2	0	6	0	0	0	0	0	5	0	0	0	0	0	0	0	0
0	0	0	0	0	0	0	0	0	0	0	0	0	0	0	0	0	0	0	0	0	0	0	0	0	0	0	0	0	8	0
0	0	0	0	0	0	0	0	0	0	0	0	0	0	3	0	3	0	0	0	0	0	3	4	0	0	0	0	0	0	0
11	0	8	146	9	0	0	17	0	11	0	14	0	0	9	0	8	0	0	4	29	0	13	5	0	0	0	0	12	0	0
0	0	0	0	0	0	0	0	0	0	0	0	0	0	0	0	0	0	0	0	2	0	0	0	0	0	0	0	0	0	0
0	0	0	0	0	0	0	0	0	0	0	0	0	0	0	0	0	0	4	0	0	0	0	2	0	0	0	0	0	0	0
0	11	0	0	3	0	9	0	0	0	0	0	0	0	0	0	0	11	0	0	1	0	0	0	2	11	0	3	0	0	0
0	11	0	2	0	0	4	0	4	0	0	2	0	0	0	0	4	3	0	0	0	0	0	0	0	0	0	0	0	0	0
10	0	0	0	0	0	0	2	0	0	0	2	0	0	0	0	0	0	0	3	0	0	3	2	0	0	0	0	3	0	0
0	0	15	3	0	0	0	0	0	0	0	1	0	0	0	0	0	0	0	4	0	0	0	0	0	0	0	0	0	0	0
0	0	0	0	0	0	0	0	0	0	0	0	0	0	0	0	0	0	0	0	0	0	0	2	0	0	0	0	0	0	0
3	0	0	0	0	0	0	0	0	0	0	0	0	0	0	0	0	0	0	0	0	0	0	0	0	0	0	0	0	0	0
0	0	0	0	0	0	0	0	0	0	0	0	0	2	0	0	0	0	0	0	0	0	0	0	0	0	0	0	0	0	0
0	0	0	0	0	0	2	0	0	0	0	0	0	0	0	0	0	0	3	0	0	0	0	0	0	0	0	0	0	0	4
2	0	0	0	0	0	7	0	3	0	0	0	0	0	0	0	0	4	0	0	0	0	0	0	0	4	0	2	5	2	0
0	0	0	0	0	0	0	0	0	0	0	0	0	0	0	0	0	0	0	0	0	0	0	0	2	0	0	0	0	3	0
0	2	0	0	7	0	0	2	8	0	0	0	0	0	2	0	3	0	0	0	3	0	3	0	0	0	0	0	0	0	0
0	0	2	0	0	0	0	0	0	2	0	0	8	0	0	0	0	0	0	2	0	0	3	0	0	0	0	0	0	0	0
2	12	2	0	0	0	12	0	0	2	0	0	0	0	2	0	0	32	0	0	13	0	0	4	24	20	0	6	8	3	0
0	0	0	0	0	2	0	0	0	0	0	0	0	2	0	0	0	0	0	0	0	0	0	0	0	0	0	0	0	0	0
0	0	0	0	0	4	0	0	0	0	0	0	0	0	0	1	0	0	0	0	0	0	0	0	0	0	0	0	0	0	0
0	0	2	0	0	0	0	0	0	0	0	0	0	0	0	0	0	0	0	0	0	26	0	0	0	0	0	0	0	0	0
2	13	3	0	0	0	12	0	16	0	0	0	0	0	0	0	0	9	0	0	0	0	0	0	0	2	0	6	0	3	0
0	10	10	2	5	4	6	6	7	6	0	12	0	7	8	0	0	13	14	7	3	3	12	9	2	9	22	1	17	10	0
0	0	0	0	3	0	0	5	0	0	0	0	0	0	2	0	2	0	0	0	7	0	0	0	0	0	0	0	0	0	0
0	0	0	0	0	0	0	0	7	0	0	0	0	0	0	0	0	0	0	0	0	0	0	0	6	0	0	0	0	0	0
0	2	0	0	0	0	0	3	0	0	0	0	0	0	0	0	0	2	0	0	0	0	0	3	0	0	0	0	0	0	0
0	0	0	0	0	0	0	0	0	0	0	0	0	0	0	0	0	0	1	0	0	0	0	0	0	0	0	0	0	0	0
0	0	0	0	0	0	0	0	0	0	0	0	10	0	0	0	0	0	0	0	0	0	0	0	0	0	0	0	0	0	0
0	0	0	5	0	0	0	0	3	0	0	0	0	0	0	0	0	3	0	0	0	0	0	0	0	3	0	0	0	0	0
10	17	9	6	6	7	23	0	21	11	0	8	15	27	2	0	0	21	41	4	0	8	2	8	24	28	2	22	8	25	8
0	0	0	0	0	3	0	0	1	0	0	0	0	0	0	0	8	0	0	0	0	0	0	0	0	4	0	0	0	0	0
22	0	2	4	8	0	0	11	0	4	0	3	4	2	21	0	13	0	0	2	6	3	0	6	0	0	0	0	9	0	0
0	0	0	0	2	0	0	7	0	0	0	0	0	0	0	0	0	0	0	0	12	0	0	0	0	0	0	0	0	0	0
0	0	2	0	8	0	2	4	0	0	0	4	2	0	4	0	0	1	0	0	0	0	7	0	0	0	0	0	0	0	0
0	26	2	0	5	0	11	3	6	0	0	2	0	0	3	0	2	25	0	0	5	0	0	0	14	43	0	5	3	16	0
0	0	0	0	3	0	3	2	0	0	0	0	4	0	8	0	0	0	0	0	2	0	20	0	0	0	0	0	0	0	0
0	0	0	0	0	0	0	0	0	0	0	0	0	0	0	0	0	0	0	0	0	0	0	0	0	0	11	0	0	0	0
0	0	6	0	6	0	0	5	0	0	0	0	0	0	2	0	10	0	0	0	0	4	2	2	0	0	0	0	3	0	0
0	22	0	0	0	0	40	2	12	0	0	0	0	0	0	0	0	33	0	0	0	0	0	0	82	40	0	12	0	12	0
0	0	0	0	0	0	0	0	0	0	0	0	0	0	0	0	0	3	0	0	0	0	4	2	2	2	0	0	0	0	0
0	0	0	0	0	0	0	2	0	0	0	0	0	0	0	0	0	0	0	0	0	0	0	0	0	0	0	0	0	0	0
0	0	0	0	0	0	0	0	0	0	0	0	0	0	0	0	0	0	0	0	0	0	0	0	6	0	0	25	0	0	0
0	0	0	0	0	0	0	0	0	0	0	0	0	0	0	0	0	0	0	0	0	0	0	0	0	0	0	0	0	2	0
0	14	0	0	0	0	6	0	7	0	0	0	0	0	0	0	0	33	0	0	0	0	0	0	14	8	0	9	0	6	0
0	0	0	0	2	0	0	0	0	0	0	0	0	0	0	0	0	0	0	0	0	0	0	0	0	0	2	0	0	0	0
6	0	0	26	3	0	0	0	3	4	0	0	0	0	0	0	0	0	0	0	0	0	0	0	0	0	0	0	3	3	0
0	0	0	0	0	0	0	0	0	0	0	0	0	0	0	0	0	0	0	0	0	0	0	0	0	0	0	0	0	12	0
0	0	0	0	0	0	0	0	3	0	0	0	0	0	0	0	0	0	0	0	8	0	0	0	0	0	0	0	0	0	0
0	0	0	0	0	0	0	0	0	0	0	0	0	0	0	0	0	0	0	0	0	0	0	7	0	0	0	0	0	0	0
0	3	0	0	0	3	0	0	0	0	0	0	0	2	0	0	0	0	0	0	0	0	0	0	0	0	0	0	0	0	3
0	0	0	0	0	0	0	0	0	0	0	0	0	0	0	0	0	0	12	0	0	1	0	0	0	0	0	0	0	0	4
48	2	2	0	28	0	0	9	0	0	0	3	0	0	18	0	18	0	0	0	5	0	12	20	0	0	0	0	0	0	0
1	0	0	0	0	0	0	0	0	0	0	0	0	0	0	0	0	0	0	0	0	0	0	0	2	0	0	0	0	0	0
0	0	0	0	0	2	0	0	9	0	0	0	0	0	0	0	0	0	0	0	0	0	0	0	0	0	0	0	0	0	0
0	3	0	0	0	0	6	0	0	0	0	0	0	0	0	0	0	0	0	0	0	0	0	0	2	0	0	10	0	0	0
0	0	6	5	10	0	0	11	0	7	0	3	0	0	7	0	4	0	0	2	12	0	4	4	0	0	0	0	7	0	0
0	0	0	0	0	0	0	2	0	0	0	6	0	0	0	0	0	0	0	0	0	0	5	0	0	0	0	0	4	0	0
0	0	0	0	0	0	0	0	0	0	0	0	0	0	0	0	0	0	0	0	0	0	0	0	0	0	0	0	0	4	0
0	0	0	0	0	2	0	0	0	0	0	0	0	4	0	0	0	0	0	0	0	0	0	0	0	0	0	0	0	0	0
0	0	0	0	0	0	0	0	0	0	0	0	0	0	0	0	0	1	0	0	0	0	0	0	17	3	0	0	0	0	0
0	0	0	0	0	0	0	2	0	0	0	0	6	0	0	0	0	0	0	0	0	0	0	0	0	0	0	0	0	0	0
0	0	4	0	0	0	2	0	0	2	0	0	0	0	0	0	0	0	0	0	0	0	0	0	0	0	0	0	0	0	0
14	0	0	0	0	0	0	0	0	0	0	0	0	0	0	0	0	0	0	0	0	0	0	0	0	0	0	0	0	0	0
0	0	0	0	0	0	0	0	0	0	0	0	0	0	0	0	0	0	0	0	0	0	0	0	8	2	0	0	0	0	0
7	25	6	4	7	1	13	7	26	3	0	12	0	2	40	0	0	25	13	15	0	21	6	16	7	13	0	0	4	2	8
0	0	0	0	0	0	0	0	0	0	0	0	0	0	0	0	0	0	0	0	0	0	2	0	0	0	0	0	0	0	0
0	6	0	0	0	0	5	0	5	0	0	0	0	0	0	0	0	5	0	0	0	0	0	0	0	8	0	3	0	0	0
0	0	0	0	0	0	0	0	5	6	0	0	0	0	0	0	0	4	2	0	0	0	0	0	0	3	0	3	5	0	0
0	0	0	3	0	0	0	0	0	0	0	0	0	0	0	0	0	0	2	0	0	0	0	0	0	1	0	0	4	0	0
0	0	0	0	0	0	0	0	0	0	0	0	0	0	0	0	0	2	0	0	0	0	0	0	0	3	0	0	0	4	0
0	0	0	0	0	0	0	0	2	0	0	0	0	0	0	0	0	0	0	0	0	0	0	0	0	0	0	0	0	0	0
0	0	4	0	0	0	0	6	0	0	0	3	0	0	4	0	8	0	0	0	0	0	3	0	0	0	0	0	0	0	0
10	0	19	3	0	0	0	0	0	10	0	12	0	0	0	0	0	0	0	0	0	0	0	2	0	0	0	0	0	0	0
0	0	0	0	0	0	0	0	0	0	0	0	3	0	0	0	0	0	0	0	0	0	0	0	0	0	0	0	0	0	0
2	0	4	2	0	4	0	0	0	0	0	0	0	0	0	0	0	0	0	0	0	0	0	0	0	0	0	1	0	0	0
0	0	0	0	0	0	0	0	0	0	0	0	0	0	0	0	0	0	0	0	0	0	0	0	0	0	12	0	0	0	0
0	0	0	0	0	1	0	0	0	0	16	0	0	0	0	0	0	0	0	0	0	0	0	0	0	0	0	0	0	0	0
0	0	0	0	0	0	2	0	0	0	0	0	0	0	0	0	0	0	0	0	0	2	0	0	0	0	0	0	0	0	0
0	2	0	2	0	31	0	0	0	0	2	0	0	0	0	6	3	0	2	2	0	0	0	8	0	0	2	4	8	10	0
0	0	0	0	0	0	0	0	0	0	0	0	0	0	0	0	0	0	0	0	0	0	0	0	0	0	0	0	0	14	0
0	0	0	0	4	11	0	0	0	0	0	0	0	11	0	5	0	0	12	0	0	7	2	1	0	0	0	0	4	0	12
0	0	0	0	0	0	0	2	0	0	0	0	0	0	0	0	0	0	0	0	0	0	0	0	0	0	0	0	0	0	0
0	0	0	0	0	0	0	0	0	0	50	0	0	0	0	0	0	0	0	0	0	0	0	0	0	0	0	0	0	0	0
0	0	2	0	0	0	0	0	0	0	0	0	0	0	0	0	0	0	0	0	0	0	0	0	0	0	0	0	0	0	0
0	0	0	0	0	0	0	0	0	0	0	0	0	0	2	0	0	0	0	0	0	2	0	0	0	0	0	0	0	0	2
2	0	3	5	0	0	0	2	0	2	0	2	0	0	8	0	3	0	0	5	0	0	2	0	0	0	0	0	0	0	0
0	0	0	0	0	0	0	0	0	0	0	0	0	0	2	0	0	0	0	0	0	0	0	0	0	0	0	0	0	0	0
4	0	2	0	0	0	3	0	0	0	0	0	0	0	0	0	0	0	0	0	0	0	0	0	0	3	0	2	0	0	0
0	13	0	0	0	0	2	0	0	0	0	0	0	0	0	0	0	0	0	0	0	0	0	0	7	2	0	5	0	0	0
0	0	0	0	0	0	0	0	0	2	0	0	0	0	0	0	0	0	0	0	0	0	0	0	0	0	0	0	0	0	0
0	0	0	0	0	5	0	0	0	0	0	0	0	0	0	0	0	0	0	0	0	0	0	0	0	0	0	0	0	0	0
0	0	0	0	0	0	2	0	0	0	0	0	0	0	0	0	0	0	0	0	0	0	0	0	0	0	0	0	0	0	0
0	0	0	0	0	0	5	0	4	0	0	0	0	0	0	0	0	2	0	0	0	0	0	0	0	2	0	0	0	5	0
0	0	0	0	0	0	0	0	0	0	0	0	0	0	0	0	8	0	0	0	12	0	0	0	0	0	0	0	0	0	0
0	0	6	0	0	0	0	0	1	0	0	6	0	7	0	0	0	4	0	1	0	0	0	2	3	4	0	4	0	3	2
0	0	0	1	8	0	0	3	0	0	0	0	0	0	2	0	2	0	0	0	2	0	1	0	0	3	0	0	0	0	0
0	0	0	0	0	0	0	0	0	0	0	0	0	2	0	0	0	0	0	0	0	0	0	0	0	0	0	0	0	0	0
0	0	5	2	3	0	0	0	0	2	0	0	0	0	0	0	0	0	0	0	0	0	0	2	0	0	0	0	2	0	0
6	0	2	0	3	6	0	0	6	0	0	0	2	14	2	0	3	6	11	0	0	3	0	4	0	4	3	2	2	0	2
0	0	0	0	0	3	0	0	0	0	0	0	0	0	0	0	0	0	0	0	0	0	0	0	0	0	0	0	0	0	0
0	0	0	0	21	0	0	25	0	0	0	0	11	0	16	0	8	0	0	0	0	0	16	0	0	0	0	0	0	0	0
0	6	0	1	0	0	3	0	0	0	0	1	0	0	2	0	0	15	0	0	0	0	0	0	5	9	0	2	0	0	0
0	0	0	0	0	0	0	0	0	0	0	0	0	0	0	0	0	3	0	0	0	0	0	0	0	0	0	0	0	0	0
0	0	0	0	0	0	0	0	0	0	0	0	0	0	0	0	0	4	0	0	0	0	0	0	0	5	0	0	0	0	0
0	0	0	0	0	0	0	0	2	0	0	0	0	0	0	0	0	0	0	0	0	0	0	0	0	0	0	0	0	0	0
0	0	0	0	0	0	0	0	0	0	0	0	0	0	0	11	0	0	0	0	0	0	0	0	0	0	4	0	0	0	0
0	0	0	0	2	0	0	0	3	0	0	0	0	0	0	0	0	0	0	0	0	0	2	2	0	0	0	0	0	0	0
0	0	3	0	2	0	0	0	0	2	0	0	0	0	0	0	0	0	0	0	3	0	2	0	0	0	0	0	0	0	0
0	0	0	0	0	0	1	0	2	0	0	0	0	0	0	0	0	1	0	0	0	0	0	0	0	7	0	0	0	0	0
0	0	0	0	0	0	0	0	0	0	0	0	0	0	0	0	0	0	0	0	4	0	0	0	0	0	0	2	0	0	0
32	0	0	0	0	9	0	0	0	0	29	0	0	7	0	15	0	0	12	0	0	0	0	0	0	0	23	0	7	0	3
0	0	0	0	0	0	0	0	0	0	0	0	0	0	0	0	0	0	0	0	0	0	0	0	0	0	2	0	0	0	0
0	0	0	0	0	0	0	0	0	0	0	0	0	0	0	0	0	0	0	0	0	0	0	0	0	0	0	7	0	0	0
1	20	0	21	0	0	19	0	2	0	0	1	0	0	2	0	0	26	0	0	0	0	0	30	3	22	0	0	2	0	0
0	0	0	0	0	0	0	0	0	0	0	0	0	0	0	0	0	0	0	0	0	0	0	0	0	0	0	0	9	0	0
0	0	0	0	0	0	0	0	0	0	0	0	0	0	0	0	0	0	0	0	0	0	0	0	0	1	0	0	0	0	0
0	0	0	0	1	0	0	3	0	0	0	0	0	0	2	0	1	0	0	0	0	0	3	0	0	0	0	0	4	0	0
0	26	0	0	0	0	53	0	16	0	0	0	0	0	0	0	0	38	0	0	2	0	0	0	7	35	0	6	0	14	0
8	0	0	0	3	211	0	0	9	0	7389	0	14	6	0	8744	0	0	9	0	0	0	0	10	5	0	1411	10	4	37	37
0	0	3	0	0	0	0	2	0	7	0	0	0	0	0	0	0	0	0	0	1	0	2	0	0	0	0	0	0	0	0
0	0	0	0	0	8	1	0	42	0	0	9	0	3	0	0	0	4	0	0	0	0	0	2	28	2	0	31	0	9	0
0	0	0	0	0	0	0	0	0	2	0	1	0	0	0	0	0	2	0	3	0	0	0	0	0	0	0	0	0	0	0
0	0	2	1	3	0	0	3	0	4	0	9	0	0	4	0	0	0	0	2	0	0	9	0	0	2	0	0	4	0	0
0	0	0	0	0	0	0	0	0	0	0	0	0	2	0	0	0	0	1	0	0	0	0	0	0	0	0	0	0	0	2
0	0	0	0	0	0	0	0	0	0	0	0	0	0	0	0	0	0	0	0	0	0	0	2	0	0	0	0	0	0	0
0	0	0	0	0	0	0	0	0	0	0	0	0	0	0	0	0	0	0	0	0	0	0	0	2	0	0	0	0	0	0
0	0	0	0	0	0	0	0	0	0	0	0	8	0	0	0	0	0	0	0	0	0	0	0	0	0	0	0	0	0	0
0	0	0	0	2	0	0	0	0	0	0	0	0	0	0	0	0	0	0	0	0	0	0	0	0	2	0	0	0	0	0
0	3	0	0	10	0	0	16	0	0	0	0	6	0	5	0	0	0	0	0	0	0	0	0	0	0	0	0	0	0	0
0	0	0	0	0	0	0	0	0	0	22	0	0	0	0	0	0	0	0	0	0	0	0	0	0	0	0	0	0	0	0
3	8	2	5	3	0	14	0	6	4	0	0	0	0	0	0	4	18	0	0	2	0	0	0	15	25	0	5	0	10	0
2	0	8	0	0	0	0	0	0	6	0	7	0	0	0	0	0	0	0	0	0	0	0	0	0	0	0	0	0	0	0
0	0	0	0	0	0	0	0	0	0	0	0	0	0	0	0	0	0	5	0	15	0	0	0	4	0	0	0	0	0	0
0	0	0	0	0	0	0	0	0	0	0	0	0	0	0	0	0	0	3	0	0	0	0	0	0	0	0	0	0	0	0
0	3	0	12	0	0	0	0	0	0	0	0	0	0	0	0	0	0	0	0	17	0	0	6	4	0	0	0	18	1	0
0	4	0	0	0	0	2	0	1	0	0	0	0	0	0	0	0	0	0	0	0	0	0	0	0	0	0	0	0	0	0
2	0	0	0	9	0	0	17	0	0	0	1	0	0	13	0	6	0	0	0	1	0	24	3	0	0	0	0	9	0	0
0	13	0	0	0	0	4	0	4	0	0	0	0	0	0	0	0	5	0	0	0	0	0	0	8	6	0	3	0	3	0
0	0	0	0	0	0	0	0	0	0	0	0	0	2	0	0	3	0	0	0	2	0	0	0	0	0	0	0	0	0	4
0	0	0	3	3	0	0	5	0	0	0	0	0	0	3	0	0	0	0	0	0	0	2	2	0	0	0	0	2	0	0
0	0	0	0	0	0	0	0	0	0	0	0	0	0	0	0	0	0	9	0	0	0	0	0	0	0	0	0	0	0	0
0	0	0	0	2	0	0	0	0	0	0	0	0	0	0	0	0	0	0	0	0	0	0	0	0	0	0	0	0	0	0
0	0	0	0	0	0	0	0	0	0	1	0	0	0	0	0	0	0	0	0	0	0	0	0	0	0	0	0	0	0	0
3	2	0	0	0	64	0	0	0	9	2	0	0	3	0	26	0	0	2	0	0	7	2	3	0	2	91	9	0	2	4
0	0	2	7	5	0	0	0	0	0	0	0	0	0	2	0	0	0	0	0	5	0	0	0	0	0	0	0	0	0	0
0	5	0	0	0	0	2	0	4	0	0	0	0	0	0	0	0	7	0	0	0	0	0	0	6	0	0	2	0	7	0
0	2	0	0	0	2	0	0	0	0	2	0	0	0	0	0	0	0	0	0	0	0	0	0	0	0	0	0	0	6	0
0	0	0	0	0	0	0	0	2	0	0	0	0	0	0	0	0	0	0	0	0	0	0	0	0	0	0	0	0	0	0
0	0	0	0	0	0	0	0	3	0	0	0	0	0	0	0	0	0	0	0	0	0	0	0	0	0	0	0	0	0	0
0	0	0	0	2	0	0	0	0	0	0	0	0	0	3	0	0	0	0	0	3	0	3	0	0	0	0	0	0	0	0
0	0	1	0	7	0	0	14	0	1	0	0	0	0	5	0	9	0	0	1	13	0	10	0	0	0	0	0	0	0	0
0	0	0	0	0	0	0	0	0	0	0	0	0	0	0	0	0	0	0	2	0	0	0	0	0	0	0	0	0	0	3
0	0	0	0	0	0	0	0	0	0	0	0	0	0	2	0	0	0	0	0	0	0	0	0	0	0	0	0	0	0	0
0	0	0	0	0	0	0	0	0	0	0	0	0	0	0	0	0	0	0	0	2	0	0	0	0	0	0	0	0	0	0
0	0	2	0	0	0	0	0	0	3	0	4	0	0	0	0	0	0	0	0	0	0	0	0	0	0	0	0	0	0	0
0	0	0	0	0	0	0	0	0	0	0	0	0	0	0	0	0	0	0	0	0	0	0	0	8	0	0	0	0	0	0
0	0	0	0	0	0	0	0	2	0	0	0	0	0	0	0	0	4	0	0	1	0	0	0	0	2	0	0	0	0	0
0	0	0	0	0	0	0	0	0	0	0	0	0	0	0	0	0	0	0	0	0	0	0	0	0	3	0	0	0	2	0
20	0	3	0	4	37	0	0	6	4	147	8	0	240	0	311	0	2	143	2	0	248	0	28	3	4	180	0	35	0	174
0	0	0	0	0	0	2	0	0	0	0	0	0	0	0	0	0	0	0	0	0	0	0	0	0	0	0	0	0	0	0
0	0	0	0	0	0	0	0	8	0	0	0	0	0	0	0	0	0	0	0	0	0	0	0	0	0	0	0	0	0	0
5	0	0	5	2	0	0	3	0	0	0	0	0	0	2	0	0	3	0	0	5	0	1	2	0	0	0	0	19	0	0
0	0	0	0	0	0	0	0	0	0	0	0	12	0	0	0	0	0	0	0	0	0	0	0	0	0	0	0	0	0	0
24	0	96	4	0	0	0	1	12	95	0	49	0	0	2	0	1	3	0	51	0	6	6	39	0	13	0	3	15	0	0
7	18	3	4	12	28	8	0	21	8	0	3	0	95	3	5	0	7	55	16	0	27	2	6	0	6	2	0	4	23	34
2	0	6	0	5	0	0	3	0	14	0	4	0	0	2	0	2	0	0	7	0	0	4	7	0	0	0	0	3	0	0
0	0	0	0	0	0	2	0	0	0	0	0	0	0	0	0	0	5	0	0	0	0	0	0	3	2	0	3	0	0	0
0	2	0	0	0	9	0	0	0	0	0	0	0	0	4	0	0	3	0	0	0	0	0	0	0	0	0	0	0	0	0
0	0	0	0	0	0	0	0	0	0	0	0	0	0	0	0	0	3	0	0	0	0	0	0	0	0	0	0	0	5	0
13	0	4	0	3	0	0	6	0	0	0	0	0	0	0	0	9	0	0	0	3	0	4	0	0	0	0	0	0	0	0
0	0	0	0	0	0	0	0	0	0	0	4	0	0	0	0	0	0	0	0	0	0	0	0	0	0	0	0	0	0	0
0	0	0	0	0	0	0	0	3	0	0	0	0	0	0	0	0	0	0	0	0	0	0	0	0	0	0	0	0	0	0
0	0	0	0	3	0	0	3	0	2	0	0	0	0	0	0	0	0	0	0	0	0	2	0	0	0	0	0	0	0	0
0	0	0	0	0	0	0	0	4	0	0	0	0	0	0	0	0	0	0	0	0	0	0	0	0	0	30	0	0	0	0
0	11	0	0	0	0	18	0	0	0	0	0	0	0	0	0	0	10	0	2	0	0	3	0	33	8	0	0	0	0	0
0	0	0	0	0	0	0	0	0	0	0	0	0	0	0	0	0	1	0	0	0	0	0	0	0	0	0	0	0	0	0
0	0	4	0	0	0	0	0	0	3	0	13	0	0	0	0	0	0	0	3	0	0	0	0	0	0	0	0	0	0	0
0	0	0	0	0	1	0	0	0	0	0	0	0	0	0	0	0	0	0	0	0	0	0	2	0	0	0	0	0	0	1
0	4	0	0	0	0	5	0	3	0	0	0	0	0	0	0	0	0	0	0	0	0	0	0	0	0	0	0	0	2	0
2	2	0	0	0	0	0	0	0	2	0	0	0	0	0	0	0	2	0	0	0	0	0	0	0	0	0	0	10	0	0
0	0	0	0	0	0	0	0	0	0	0	0	16	0	0	0	0	0	0	0	0	0	0	0	0	0	0	0	0	0	0
0	0	0	0	0	0	0	0	0	0	0	0	0	0	0	0	0	0	0	0	0	0	0	1	0	0	0	0	0	0	0
0	2	0	0	0	11	0	0	0	2	0	0	0	5	0	0	0	0	0	0	0	0	0	0	2	0	0	0	0	0	2
0	0	2	0	0	0	0	2	0	5	0	5	0	0	0	0	0	0	0	0	0	0	0	0	0	0	0	0	0	0	0
0	8	0	0	0	0	9	0	7	0	0	0	0	0	0	0	0	11	0	0	0	0	0	0	22	19	0	10	0	3	0
17	2	2	0	4	0	0	1	0	0	0	2	0	0	7	0	0	0	0	0	7	0	3	3	0	0	0	0	5	0	0
0	3	0	4	0	21	0	0	22	1	0	0	0	31	0	0	0	8	17	5	0	2	0	5	0	2	0	2	14	0	4
0	0	0	0	0	3	0	0	2	0	0	0	0	0	0	0	4	0	0	0	0	3	0	0	0	0	0	0	0	0	0
0	0	0	0	0	0	0	0	0	0	0	0	0	0	0	0	0	0	0	0	0	0	0	0	0	0	0	0	0	4	0
0	0	0	0	0	0	0	0	0	0	0	0	0	0	0	0	0	0	3	0	0	0	0	0	0	0	0	0	0	0	0
0	0	0	0	0	0	0	0	0	0	0	0	0	0	0	0	0	0	0	0	0	0	0	0	0	0	0	0	0	8	0
0	7	0	0	0	0	7	0	8	0	0	3	0	0	0	0	0	4	0	0	0	0	0	0	5	2	0	2	0	0	0
0	0	0	0	1	0	0	0	5	0	0	0	0	0	0	0	0	3	0	0	0	0	0	0	1	1	0	0	0	1	0
2	0	0	0	0	6	0	0	0	0	0	0	0	8	0	0	0	0	8	0	0	7	0	4	0	2	0	0	0	0	5
0	0	0	0	0	0	0	0	0	0	0	0	0	11	0	0	0	0	6	0	0	2	0	0	0	0	0	0	0	0	6
0	4	0	0	1	0	0	0	0	0	0	2	0	0	0	0	0	0	0	0	0	0	0	0	3	0	0	0	0	0	0
0	0	0	0	0	0	0	0	0	0	0	0	0	0	0	0	0	0	0	0	2	0	0	0	0	0	0	0	0	0	0
0	19	0	0	0	0	18	0	10	0	0	0	0	0	0	0	0	27	0	0	0	0	0	0	13	23	0	7	2	0	0
0	0	0	2	0	0	0	0	0	0	5	0	0	40	0	23	0	0	12	0	0	20	0	0	5	0	0	0	0	0	55
0	0	0	0	2	0	0	0	0	0	0	0	0	0	8	0	0	0	0	0	0	0	5	0	0	0	0	0	0	0	0
0	50	0	0	0	0	25	0	18	0	0	0	0	0	0	0	0	73	0	0	6	0	0	0	44	56	0	15	0	5	0
0	4	16	3	0	0	5	0	8	20	0	16	0	0	2	0	0	6	6	12	0	3	5	6	2	8	0	2	6	2	0
0	0	0	0	4	0	0	2	2	0	0	0	0	0	4	0	0	0	0	0	0	0	6	0	0	0	0	0	0	0	0
0	0	0	0	0	0	0	0	0	0	0	0	0	0	0	0	0	0	0	0	0	0	0	2	0	0	0	0	0	0	0
0	0	0	0	0	0	0	0	0	0	0	0	0	0	0	0	0	0	0	0	0	0	0	0	0	0	25	0	0	0	0
0	2	3	5	0	0	2	0	3	0	0	0	0	0	0	0	0	0	0	0	0	0	0	0	4	2	0	0	3	9	0
7	4	5	7	0	0	5	4	0	7	0	5	0	0	2	0	0	4	0	2	7	0	5	6	2	8	0	8	13	0	0
0	0	0	0	0	3	0	0	0	0	0	8	0	0	0	0	0	0	0	0	0	0	0	0	0	3	0	7	0	0	0
0	3	0	0	0	0	3	0	0	0	0	0	0	0	0	0	0	5	0	0	0	0	0	0	0	2	0	0	0	0	0
0	0	0	0	0	0	3	0	0	0	0	0	0	0	0	0	0	3	0	0	0	0	0	0	0	0	0	0	0	5	0
0	0	0	0	0	0	0	0	0	0	0	0	0	0	0	0	0	0	0	0	0	0	0	0	0	0	183	0	0	6	0
1	0	0	0	0	0	0	0	1	0	0	0	0	0	0	0	0	1	0	0	0	0	0	0	0	0	0	6	0	0	0
0	0	0	0	0	0	0	0	0	0	0	0	0	0	0	0	0	0	0	0	0	0	2	0	0	0	0	0	0	0	0
0	0	0	0	5	0	0	4	0	2	0	0	0	0	4	0	2	0	0	0	3	13	3	0	0	0	0	0	0	0	0
4	0	5	0	0	0	0	0	0	6	0	2	0	0	0	0	0	0	0	2	0	0	0	1	0	0	0	0	0	0	0
0	0	0	0	0	0	0	0	0	0	0	0	13	0	0	0	0	0	0	0	0	0	0	0	0	0	0	0	0	0	0
0	0	0	0	0	0	0	0	0	0	0	0	0	0	0	0	0	0	0	0	0	0	0	0	0	0	5	0	0	11	0
8	0	22	71	8	0	6	7	2	20	0	7	0	0	3	0	12	8	0	2	0	0	3	4	0	4	0	0	41	0	0
0	0	0	0	0	0	0	0	0	0	0	0	0	0	0	0	0	2	0	0	0	0	0	0	0	0	0	0	0	0	0
0	0	10	0	0	0	0	0	0	8	0	5	0	0	0	0	0	0	0	5	3	0	0	0	0	0	0	0	0	0	0
0	0	0	0	0	0	0	0	0	0	0	0	0	0	0	0	0	0	0	0	0	0	0	2	0	0	0	0	0	0	0
0	0	0	0	2	0	0	0	4	0	0	0	0	0	0	0	0	0	0	1	0	0	0	2	0	0	0	0	0	2	0
0	0	0	0	0	0	0	0	0	0	0	0	0	0	0	0	0	0	0	0	0	0	0	0	0	0	0	1	0	0	0
0	0	0	0	0	0	0	0	3	0	0	0	0	0	0	0	0	0	0	0	0	0	0	0	0	0	0	0	0	0	0
0	16	5	0	0	0	18	0	24	0	0	0	0	0	0	0	0	19	0	2	0	0	0	0	5	10	0	201	4	13	0
0	0	2	25	0	0	2	4	2	6	0	5	0	0	0	0	0	0	0	2	0	0	0	0	0	3	0	0	10	0	0
0	0	0	0	0	0	1	0	0	0	0	0	0	0	0	0	0	0	0	2	0	0	0	0	0	1	0	1	0	0	0
0	0	5	0	0	0	0	0	0	0	0	6	0	0	0	0	0	0	0	2	0	0	0	0	0	0	0	0	0	0	0
0	0	0	0	0	0	2	0	0	0	0	8	0	0	0	0	0	8	0	0	0	0	0	0	18	0	0	9	0	34	0
2	0	4	9	0	2	0	0	0	4	0	0	0	0	2	0	0	0	0	3	0	0	0	0	0	0	0	0	7	0	0
2	0	6	10	0	0	0	0	0	0	0	0	0	0	0	0	0	7	0	0	2	0	2	0	0	2	0	0	14	0	0
0	0	0	0	0	0	0	0	0	0	0	0	0	3	0	0	0	0	0	0	0	0	0	0	0	0	2	0	0	0	0
0	0	0	0	0	0	0	3	0	0	0	0	0	0	0	0	0	0	0	0	12	0	0	0	0	0	0	0	0	0	0
0	0	0	7	0	0	0	0	0	6	0	1	0	0	1	0	0	0	0	1	0	0	0	3	0	0	0	0	2	0	0
0	7	3	0	0	0	0	0	0	0	0	0	0	0	0	0	0	7	0	2	0	0	0	0	0	0	0	0	0	0	0
0	0	0	0	0	0	0	0	6	0	0	0	0	0	0	0	0	0	0	0	0	0	0	0	0	0	0	0	0	0	0
6	0	0	0	0	0	0	0	0	2	0	0	0	0	0	0	0	0	0	0	0	0	0	0	2	0	0	0	0	0	0
0	0	0	0	0	0	0	0	0	0	0	0	0	0	0	0	0	0	0	0	0	0	0	0	0	1	0	0	0	0	0
0	0	0	0	0	0	0	3	0	0	0	0	0	0	5	0	2	0	0	0	0	0	3	0	0	0	0	0	0	0	0
0	0	0	0	0	0	0	0	0	0	0	0	0	0	0	0	0	0	0	0	0	0	4	0	0	0	0	0	0	0	0
0	0	0	0	22	0	0	7	0	0	0	0	0	0	8	0	10	0	0	0	0	0	13	0	0	0	0	0	0	0	0
3	0	0	0	0	0	0	0	0	0	0	0	0	0	0	0	0	0	0	0	0	0	0	191	0	0	1	0	0	0	0
0	7	3	0	0	0	3	0	3	2	0	0	0	0	0	0	0	5	0	0	0	0	0	0	4	7	0	0	0	18	0
0	0	38	4	1	0	0	0	5	6	0	6	0	0	0	0	2	0	0	2	0	0	1	3	0	2	0	0	0	0	0
0	0	0	0	0	0	0	0	0	0	0	0	0	0	0	3	0	0	0	0	0	0	0	0	0	0	0	0	0	0	0
3	0	13	23	30	0	0	23	0	30	0	42	0	0	24	0	6	0	0	9	23	0	19	11	0	0	0	0	21	0	0
0	0	0	0	0	0	0	0	0	0	0	0	0	0	0	0	0	0	0	0	4	0	0	0	0	0	0	0	0	0	0
0	0	0	0	0	0	0	0	0	0	0	0	0	0	0	0	0	0	0	0	0	0	0	0	0	0	0	0	2	0	0
4	0	56	0	2	2	0	0	0	36	0	28	0	0	0	0	4	0	0	19	0	0	0	2	0	0	0	0	3	0	0
0	0	0	0	0	0	0	2	0	0	0	0	0	0	0	0	0	0	0	0	0	0	0	0	0	0	0	0	0	0	0
0	0	0	0	0	0	0	0	0	0	0	0	0	0	6	0	2	0	2	0	0	0	0	0	0	0	0	0	1	2	0
0	0	0	0	0	0	0	0	0	0	0	0	0	0	0	0	0	0	0	0	9	0	0	0	0	0	0	0	0	0	0
8	2	2	0	0	190	8	0	0	0	0	2	0	32	2	2	0	0	9	2	0	3	0	5	0	0	0	0	0	0	0
0	3	0	0	0	0	2	0	0	0	0	0	0	0	0	0	0	0	0	0	0	0	0	0	0	2	0	3	0	0	0
0	0	0	0	0	0	0	0	0	0	0	0	0	0	2	0	0	0	0	0	0	0	0	0	0	0	0	0	0	0	0
0	0	0	0	0	0	0	0	0	0	0	0	0	0	0	0	0	0	0	0	0	0	0	0	0	0	0	0	14	0	0
0	0	0	0	0	0	0	0	0	0	0	0	0	0	0	0	0	0	0	0	0	0	0	0	0	2	0	0	0	0	0
0	0	0	4	3	0	0	0	0	0	0	0	0	0	0	0	2	0	0	0	3	0	3	0	0	0	0	0	3	0	0
5	2	34	15	74	0	0	51	0	44	0	48	0	0	64	0	47	5	0	24	15	12	87	4	0	0	0	0	10	0	0
0	12	0	0	3	0	12	2	3	0	0	0	0	0	2	0	0	4	0	0	3	0	0	0	0	6	0	0	0	1	0
0	2	0	0	0	0	0	0	0	0	0	0	0	0	0	0	0	0	0	0	0	0	0	0	0	0	0	0	0	0	0
0	0	0	0	0	0	2	0	0	0	0	0	0	0	0	0	0	0	0	0	0	0	0	0	0	0	0	0	0	3	0
0	0	0	0	0	0	0	0	0	0	0	0	0	0	0	0	0	0	0	0	0	0	0	0	0	0	2	0	0	0	0
0	0	0	0	5	0	0	7	0	0	0	0	0	0	0	0	0	0	0	0	0	0	9	0	0	0	0	0	0	0	0
3	0	0	0	0	11	0	0	0	0	0	0	0	29	0	0	0	0	26	0	0	0	0	0	0	0	0	2	0	0	4
8	23	6	0	0	0	8	2	13	8	0	0	0	0	0	0	0	25	0	0	0	0	0	7	21	29	0	8	16	9	0
0	0	0	0	0	0	0	0	3	0	0	0	0	0	0	0	0	0	0	0	0	0	0	0	0	0	0	11	0	0	0
0	0	0	0	0	0	0	0	0	0	0	0	0	0	0	0	0	0	0	0	0	0	0	0	2	0	0	0	0	0	0
0	0	0	0	0	0	0	0	0	0	0	0	0	0	0	0	0	0	0	0	4	0	0	0	3	0	0	0	0	0	0
0	0	0	5	0	0	0	0	0	0	0	0	0	0	0	0	0	0	0	0	0	0	0	0	0	0	0	0	0	0	0
0	0	2	0	0	0	0	0	0	0	0	0	0	0	0	0	0	0	0	0	0	0	0	0	0	0	0	0	0	0	0
0	0	0	0	0	0	0	0	0	0	5	0	0	0	0	0	0	0	0	0	0	0	0	0	0	0	0	0	0	0	0
0	0	0	0	7	0	0	3	0	0	0	0	0	0	3	0	0	0	0	0	0	0	3	0	0	0	0	0	2	0	0
0	0	0	0	0	0	0	0	0	0	0	0	3	0	0	0	0	0	0	0	0	0	0	0	0	0	0	0	0	0	0
0	0	0	0	0	0	0	0	0	0	0	0	0	0	0	0	0	0	0	0	0	0	0	0	0	0	14	0	0	0	0
0	3	0	0	0	0	0	0	0	0	0	0	0	0	0	0	0	2	0	0	0	0	0	0	0	0	0	0	0	4	0
368	0	19	1	0	549	13	0	0	3	196	4	0	681	0	12	0	1	692	7	0	4	0	112	0	0	55	0	101	0	147
0	3	0	0	0	0	0	0	0	0	0	0	0	0	0	0	0	0	0	0	0	0	0	0	0	0	0	0	0	0	0
0	0	0	0	1	0	0	2	0	0	0	0	0	0	2	0	0	0	0	0	0	0	2	0	0	0	0	0	0	0	0
0	6	9	2	3	0	6	2	2	7	0	10	0	0	0	0	6	17	0	2	5	0	0	2	8	8	0	6	0	0	0
0	0	0	0	0	0	0	0	0	0	0	0	0	0	0	0	0	2	0	0	0	0	0	0	0	0	0	0	0	0	0
0	0	0	0	0	0	2	0	0	0	0	0	0	0	3	0	0	0	3	0	0	0	0	0	0	0	0	0	0	0	0
0	0	4	2	0	0	0	0	0	0	0	0	0	0	0	0	0	0	0	0	0	0	3	0	0	0	0	0	13	0	0
0	0	0	0	0	0	0	0	0	0	0	0	0	0	0	0	0	0	2	0	0	0	0	0	0	0	0	0	0	0	0
0	0	0	0	0	0	0	0	0	0	0	0	16	0	0	0	0	0	0	0	0	0	0	0	0	0	0	0	0	0	0
0	0	0	0	0	0	0	0	0	0	0	0	0	0	0	0	0	0	0	0	0	0	0	0	0	2	0	0	0	0	0
0	0	0	0	0	0	0	5	0	0	0	2	0	0	2	0	0	0	0	0	0	0	3	0	0	0	0	0	0	0	0
0	0	0	0	0	0	0	0	0	0	0	2	0	0	0	0	0	0	0	0	0	0	0	0	0	0	0	0	0	0	0
2	0	0	0	0	6	0	0	0	0	0	0	0	0	0	0	0	0	0	0	0	0	0	1	0	0	0	0	0	0	0
0	0	0	0	0	0	0	0	0	0	0	0	0	0	0	0	0	0	0	0	0	0	0	0	0	0	0	0	2	0	0
0	63	0	0	0	0	55	0	72	0	0	0	0	0	0	0	0	101	0	0	10	0	0	0	98	83	0	43	0	78	0
0	0	0	0	0	0	0	0	0	0	0	0	0	2	0	0	0	0	0	0	0	0	0	0	0	0	0	0	0	0	0
0	0	0	0	0	0	0	0	0	0	0	0	0	0	0	0	0	0	0	0	0	0	0	0	0	0	0	2	0	0	0
0	0	0	0	0	9	0	0	4	0	0	0	0	5	0	0	0	0	8	0	0	0	0	4	0	0	0	0	0	0	2
0	0	0	0	0	0	0	0	0	0	0	0	0	2	0	0	0	0	0	0	0	0	0	0	0	0	0	0	0	0	0
0	0	0	0	0	9	0	0	6	0	0	5	0	3	0	0	0	1	0	0	0	0	0	0	0	0	0	8	0	0	0
0	0	0	0	5	0	0	0	0	0	0	0	0	0	4	0	0	0	0	0	0	0	5	0	0	0	0	0	0	0	0
0	0	0	0	0	0	0	0	0	0	0	0	0	0	0	0	0	0	0	0	0	0	0	0	0	0	3	0	0	0	0
0	2	0	0	0	0	0	0	0	0	0	4	0	0	0	0	0	0	2	0	0	1	0	0	0	0	0	2	0	0	3
0	0	0	0	0	0	0	0	0	0	0	0	7	0	0	0	0	0	0	0	0	0	0	0	0	0	0	0	0	0	0
0	0	0	0	0	0	0	0	0	0	0	0	0	0	0	0	0	0	0	0	0	0	0	0	0	0	13	0	0	0	0
3	0	0	0	0	0	0	2	0	0	0	3	0	0	0	0	0	0	0	0	0	0	0	3	0	0	0	0	2	0	0
0	0	0	0	0	0	0	0	0	0	2	0	8	0	0	0	0	0	2	0	0	0	0	0	0	0	1	4	0	0	0
0	0	0	7	9	0	0	2	0	8	0	2	0	0	2	0	4	0	0	0	6	0	3	2	0	0	0	0	0	0	0
2	0	0	0	0	0	0	0	0	0	0	0	0	0	0	0	0	0	0	0	0	0	0	0	0	0	0	0	0	0	0
0	0	0	0	16	0	0	23	0	2	0	1	0	0	24	0	8	0	0	0	8	0	10	0	0	0	0	0	0	0	0
0	3	0	0	0	0	0	0	0	0	0	0	0	0	0	0	0	0	0	2	0	0	0	0	0	0	0	0	0	0	0
0	1	0	0	2	0	0	6	0	1	0	0	0	0	8	0	1	0	0	2	1	0	4	0	6	0	0	0	0	7	0
0	0	0	0	0	0	0	0	0	0	0	0	0	0	4	0	0	0	0	0	6	0	0	0	0	0	0	0	0	0	0
0	7	2	0	0	0	4	0	3	0	0	0	0	0	0	0	0	3	0	0	0	0	0	0	0	2	0	2	0	0	0
4	0	11	0	0	0	0	0	0	4	0	0	0	0	3	0	0	0	0	1	0	0	0	0	0	0	0	0	1	0	0
0	0	0	0	0	0	0	0	0	0	0	0	0	2	0	0	0	0	0	0	0	0	0	0	0	0	0	0	0	0	0
0	0	0	0	0	0	0	0	0	0	0	2	0	0	0	0	0	0	0	0	0	0	0	0	0	2	0	0	0	0	0
0	0	0	0	0	0	0	0	1	0	0	0	0	0	0	0	0	0	0	0	0	0	0	0	0	0	0	0	0	0	0
0	0	0	0	0	0	0	0	0	0	0	0	0	3	0	0	0	0	0	0	0	0	0	0	0	0	0	0	0	0	0
0	0	0	0	3	0	0	0	0	0	0	0	0	0	2	0	4	0	0	0	0	0	2	0	0	0	0	0	0	0	0
0	0	0	0	0	0	0	4	0	0	0	0	0	0	6	0	0	0	0	0	0	2	5	0	0	0	0	0	0	0	0
0	0	0	0	0	0	0	0	0	0	0	0	0	0	0	0	0	0	0	0	0	0	0	2	0	0	0	0	0	0	0
0	0	0	0	0	0	0	0	0	0	0	0	0	0	0	0	0	0	0	0	0	0	0	0	0	0	0	0	0	17	0
0	0	2	0	6	0	0	6	0	2	0	2	0	0	2	0	4	0	0	0	0	0	4	0	0	0	0	0	0	0	0
0	0	0	3	0	0	0	0	0	0	0	0	0	0	0	0	0	0	7	0	0	0	0	2	0	0	0	0	0	0	0
4	0	2	20	11	0	1	17	0	0	0	0	0	0	6	0	29	2	0	0	17	0	23	9	2	0	0	0	56	0	0
0	0	0	0	0	0	0	0	0	0	0	0	0	0	0	0	0	0	0	0	9	0	0	0	0	0	0	0	0	0	0
0	0	0	0	0	0	0	0	0	2	0	0	0	0	0	0	2	0	0	0	2	0	2	0	0	0	0	0	0	0	0
0	0	0	0	0	3	0	0	2	0	0	0	0	0	0	0	0	0	0	0	0	0	0	0	0	0	0	0	0	0	0
0	2	0	0	0	0	0	0	3	0	0	2	0	0	0	0	0	0	0	0	0	0	0	0	0	3	0	0	0	0	0
0	12	0	0	0	0	9	0	3	0	0	0	0	0	0	0	0	10	0	0	0	0	0	0	2	12	0	4	0	4	0
0	0	0	0	0	4	0	0	0	0	0	0	0	5	0	0	0	0	0	0	0	0	0	0	0	0	0	0	0	0	0
0	0	0	0	0	0	0	0	0	0	7	0	0	0	0	0	0	0	0	0	0	0	0	0	0	0	2	0	0	0	0
6	0	5	11	13	0	0	7	0	0	0	0	0	0	5	0	0	0	0	0	0	74	8	2	0	0	0	0	0	0	7
0	0	0	0	0	0	0	0	0	0	0	0	0	0	0	0	0	0	0	0	0	0	0	0	0	0	2	0	0	0	0
0	0	0	0	0	0	3	0	0	0	0	0	0	0	0	0	0	0	0	0	0	0	0	0	0	0	0	0	0	0	0
0	0	0	0	0	0	0	0	0	0	0	0	0	0	0	0	0	0	0	0	0	0	0	0	0	3	0	0	0	0	0
3	0	1	0	2	27	0	0	0	0	0	0	13	4	0	5	0	0	3	0	0	5	0	3	0	0	0	14	3	0	0
0	0	0	0	0	0	0	0	0	0	0	0	0	0	0	0	0	0	2	0	0	0	0	0	0	0	0	0	0	0	0
0	0	0	0	0	0	0	0	0	0	0	0	0	0	0	0	3	0	0	0	4	0	0	0	0	0	0	0	0	0	0
0	0	0	0	0	0	0	0	0	0	0	0	0	0	0	0	0	0	8	0	0	0	0	0	0	0	0	0	0	0	0
0	2	0	0	0	0	4	0	0	0	0	0	0	0	0	0	0	2	0	0	2	0	0	0	0	2	0	0	0	0	0
0	0	0	0	0	0	0	0	0	0	0	0	0	5	0	0	0	0	5	2	0	0	0	0	10	0	0	0	0	0	0
6	7	4	6	35	0	2	18	0	9	0	11	0	0	20	0	16	2	0	4	22	33	15	9	5	4	0	3	15	2	0
0	0	0	0	0	0	0	0	0	0	0	0	0	12	0	0	0	0	16	0	0	0	0	0	0	0	5	0	0	0	27
0	0	0	0	10	0	0	3	0	0	0	0	0	0	10	0	2	0	0	0	2	0	12	0	0	0	0	0	0	0	0
27	0	0	0	0	0	0	0	0	0	0	0	0	0	0	0	0	0	0	0	0	0	0	0	0	0	0	0	0	0	0
0	0	0	0	0	0	0	0	0	0	0	0	0	2	0	0	0	0	0	0	0	0	0	0	0	0	0	0	0	0	0
0	2	0	0	0	0	0	0	0	0	0	0	0	0	0	0	0	0	0	0	0	0	0	0	0	0	0	0	0	0	0
5	0	0	0	0	2	0	0	0	0	0	0	0	0	0	0	0	0	0	0	0	0	0	0	0	0	0	0	0	0	0
5	24	9	0	0	0	28	0	23	10	0	19	0	0	3	0	0	14	0	10	0	0	2	5	6	24	0	9	3	16	0
0	0	0	0	0	0	0	0	0	0	0	6	0	0	0	0	0	0	0	0	0	0	0	0	0	0	0	0	0	0	0
0	0	0	0	0	0	0	0	0	0	0	0	0	0	0	0	0	0	0	0	0	0	0	0	0	0	2	0	0	0	0
0	13	0	0	0	0	13	0	6	0	0	0	0	0	0	0	0	28	0	0	0	0	0	0	6	14	0	0	0	11	0
0	0	1	0	17	0	0	13	0	0	0	2	0	0	16	0	24	0	0	0	4	0	15	0	0	0	0	0	0	0	0
0	0	0	0	1	0	0	8	0	0	0	0	0	0	0	0	0	0	0	0	0	0	2	0	0	0	0	0	0	0	0
0	0	0	0	0	0	0	0	2	0	0	0	0	2	0	0	0	1	0	0	4	0	0	3	0	2	0	2	0	4	0
0	0	0	0	0	0	0	0	0	0	0	0	0	0	0	0	0	0	0	0	0	0	0	2	0	0	0	0	0	0	0
0	0	0	0	0	0	0	2	0	0	0	0	0	0	0	0	0	0	0	0	0	0	0	0	0	0	0	2	0	0	0
0	0	0	0	0	0	0	0	0	0	0	0	0	0	0	0	0	0	0	0	0	3	0	0	0	0	0	0	0	0	0
0	6	0	0	0	0	4	0	0	0	0	7	0	0	0	0	0	4	0	0	0	0	3	0	4	5	0	0	0	6	0
0	0	0	0	0	0	0	0	0	0	0	0	0	0	0	0	0	0	4	0	0	0	0	0	0	0	0	0	0	0	0
0	0	0	0	0	0	0	0	0	0	0	0	0	0	0	0	0	0	0	0	4	0	0	0	0	0	0	0	0	0	0
0	0	0	0	0	2	0	0	0	0	0	0	0	0	0	19	0	0	0	0	0	0	0	0	0	0	0	0	0	0	0
0	4	0	0	0	0	3	0	0	0	0	0	0	0	0	0	0	3	0	0	0	0	0	0	0	0	0	0	0	0	0
0	0	0	0	0	0	0	0	0	0	0	0	0	0	0	0	0	0	0	0	1	0	0	0	0	0	0	0	0	2	0
0	0	0	5	0	0	0	0	0	5	0	0	0	0	0	0	0	0	0	0	0	0	0	0	0	0	0	0	2	0	0
0	0	0	0	0	0	0	0	0	0	0	0	0	0	2	0	0	0	0	0	0	0	0	0	0	0	0	0	0	0	0
0	0	0	0	0	0	2	0	0	0	0	0	0	0	0	0	0	8	0	0	0	0	0	0	6	7	0	1	0	3	0
0	0	0	0	0	0	0	0	0	0	0	0	0	0	0	0	11	0	0	0	0	0	2	0	0	0	0	0	0	0	0
1	0	0	0	0	0	0	0	0	0	0	0	0	0	0	0	0	0	0	0	0	0	0	0	0	0	0	0	0	0	0
0	0	0	0	0	0	0	0	0	0	0	0	0	0	0	0	0	0	0	0	0	0	0	0	4	0	0	0	0	0	0
0	0	0	0	0	26	0	0	0	0	0	2	0	9	0	0	0	0	3	0	0	3	0	0	0	0	0	0	0	0	0
0	0	0	0	0	4	0	0	0	0	0	2	0	2	0	0	0	0	0	0	0	0	0	2	0	2	0	0	0	0	0
0	0	0	0	12	0	0	3	0	2	0	3	0	0	11	0	10	0	0	0	0	0	13	0	0	0	0	0	0	0	0
0	3	0	0	0	0	2	0	0	0	0	0	0	0	0	0	0	0	0	0	5	0	0	0	5	0	0	0	0	0	0
0	2	0	0	0	0	0	0	0	0	0	2	0	0	0	0	6	0	0	0	0	0	0	0	4	0	0	3	0	1	0
0	0	0	0	0	2	0	0	0	0	0	0	0	3	0	0	0	0	2	0	0	0	0	0	0	0	2	0	0	0	2
0	0	0	0	0	6	0	0	0	0	0	0	0	0	0	0	0	0	0	0	0	0	0	0	0	0	0	0	0	0	0
0	0	0	0	0	0	0	4	0	0	0	1	0	0	0	0	0	0	0	0	0	0	0	0	0	0	0	0	0	0	0
0	0	0	0	0	0	0	0	0	0	0	0	0	3	0	2	0	0	8	0	0	7	0	0	0	0	0	0	0	0	2
0	2	0	0	0	0	4	0	2	0	0	0	0	0	0	0	0	6	0	0	0	0	0	0	3	0	0	5	0	0	0
4	0	0	0	0	0	0	0	0	0	0	0	0	0	0	0	0	0	0	0	0	0	0	0	0	0	0	0	0	0	0
2	0	0	0	0	0	0	0	0	0	0	2	0	0	0	0	0	0	0	0	0	0	0	0	0	0	0	0	0	0	0
0	0	0	0	0	0	0	0	0	0	0	0	0	0	0	0	0	0	0	0	0	0	0	3	0	0	0	0	0	0	0
0	5	0	0	0	0	0	0	0	0	0	0	0	0	0	0	0	0	0	0	0	0	0	0	0	0	0	2	0	4	0
0	0	0	0	0	26	0	0	0	0	0	0	0	0	0	0	0	4	0	0	0	0	0	5	0	0	0	0	0	0	0
2	0	8	0	0	0	0	0	0	10	0	8	0	0	0	0	0	0	0	7	0	0	0	0	1	2	0	0	0	0	0
0	0	0	0	0	0	0	0	0	0	0	0	0	0	0	0	0	0	0	0	0	0	2	0	0	0	0	0	0	0	0
4	3	35	2	26	0	3	14	3	27	0	15	5	0	17	0	25	0	0	17	8	0	22	8	4	0	0	2	5	0	0
0	16	0	3	0	0	6	0	11	0	0	2	0	0	0	0	0	14	0	0	4	0	0	0	16	11	0	4	7	5	0
0	0	0	0	0	0	0	0	0	0	0	0	0	0	0	0	0	0	0	0	4	0	0	0	0	0	0	0	0	0	0
0	0	0	0	0	0	0	0	0	0	0	2	0	0	0	0	0	0	0	0	0	2	0	0	0	0	0	0	0	0	0
11	3	10	0	0	0	0	4	3	4	0	0	0	0	0	0	0	11	0	2	0	0	0	0	0	7	0	0	5	2	0
0	0	2	0	0	2	0	0	0	0	0	0	0	0	0	0	0	0	4	0	0	0	0	0	0	0	0	0	0	0	0
0	0	0	0	0	0	0	0	0	0	0	0	0	7	0	0	0	0	0	0	0	0	0	0	0	0	0	0	0	0	0
12	20	20	17	1	0	22	2	13	18	0	18	0	0	4	0	0	52	0	14	14	0	3	5	18	42	0	4	35	15	0
0	0	0	0	0	0	0	0	0	0	0	0	0	0	0	0	0	0	0	0	0	0	0	0	0	0	0	0	0	11	0
1	0	0	1	0	0	0	1	0	0	0	0	0	0	0	0	0	0	0	0	0	0	0	0	0	0	0	0	6	0	0
0	10	0	0	0	0	6	0	0	0	0	0	0	0	0	0	0	3	0	0	0	0	0	0	4	6	0	0	0	0	0
0	3	0	0	0	0	6	0	0	0	0	0	0	0	0	0	0	5	0	0	0	0	0	0	3	5	0	0	0	0	0
0	0	2	0	9	0	0	7	0	0	0	0	0	0	10	0	13	0	0	0	2	0	11	0	0	0	0	0	0	0	0
0	0	0	0	0	0	0	0	0	0	0	0	0	0	0	0	0	0	0	0	0	0	0	0	0	0	0	2	0	0	0
0	0	0	0	0	0	0	0	0	0	0	0	0	0	0	0	0	0	0	0	0	0	2	0	0	0	0	0	0	0	0
2	0	0	0	0	0	0	0	0	0	0	0	0	0	0	0	2	0	0	0	0	0	0	0	0	0	0	0	0	0	0
0	0	0	0	2	0	0	0	0	0	0	0	0	0	0	0	0	0	0	0	3	0	0	0	0	0	0	0	0	0	0
0	7	2	0	0	0	6	0	19	0	0	0	0	0	0	0	0	0	0	0	0	0	0	0	2	3	0	4	0	4	0
5	0	2	0	0	12	2	0	3	0	2	0	0	3	0	0	0	0	0	2	0	3	0	2	0	3	0	2	3	0	2
0	0	0	12	0	0	0	2	0	0	0	0	0	0	0	0	0	2	0	0	0	0	0	0	9	2	0	0	0	0	0
0	0	0	0	0	0	0	0	0	0	0	0	0	0	0	0	0	0	0	2	0	0	2	0	0	0	0	0	0	0	0
0	12	0	0	0	0	0	0	0	0	0	0	0	0	2	0	0	2	0	0	0	0	0	0	0	11	0	4	0	0	0
3	0	5	0	0	0	0	0	0	1	0	6	0	0	0	0	0	0	6	4	0	0	0	5	2	0	0	0	0	12	0
0	0	0	0	0	0	0	0	0	0	0	0	0	0	0	0	0	0	0	0	0	0	0	0	0	0	0	0	0	2	0
1	0	0	0	0	0	0	0	0	0	0	0	0	0	0	0	2	0	0	0	0	0	0	0	8	0	0	0	0	0	0
0	0	0	0	4	0	0	0	0	0	0	0	0	0	0	0	9	0	0	0	0	0	1	0	0	0	0	0	0	0	0
0	0	0	0	4	0	0	0	0	0	0	0	0	0	2	0	7	0	0	0	0	0	4	0	0	0	0	0	0	0	0
0	0	0	0	0	0	0	0	0	0	0	0	0	0	0	0	0	0	0	0	0	0	0	0	0	0	0	11	0	0	0
0	136	2	0	0	0	88	0	86	4	0	0	0	0	2	0	0	152	0	3	2	0	2	0	82	117	0	30	1	78	0
0	0	0	0	0	0	0	0	0	0	0	4	0	0	0	0	0	0	0	0	0	0	0	0	0	0	0	0	0	0	0
0	0	0	0	0	3	0	0	0	0	0	0	0	0	0	0	0	0	0	0	0	0	0	0	0	0	0	0	0	0	0
0	3	0	0	0	0	7	0	0	0	0	0	0	0	0	0	0	0	0	0	0	0	0	0	0	4	0	0	0	0	0
0	0	0	0	0	0	0	0	0	0	0	0	0	2	0	0	0	0	0	0	0	0	0	0	0	0	0	0	0	0	0
0	0	0	0	0	0	0	2	0	0	0	0	0	0	0	0	0	1	0	0	0	0	0	0	0	0	0	0	0	0	0
0	0	0	0	0	0	0	0	0	0	0	0	0	3	0	0	0	0	0	0	0	0	0	0	0	0	0	0	0	0	0
0	0	0	0	0	0	0	0	0	0	0	0	0	11	0	0	0	0	1	0	0	0	0	0	0	0	0	8	0	0	0
0	2	0	0	2	0	0	0	0	0	0	0	0	0	0	0	0	0	0	0	17	0	0	0	2	7	0	0	0	0	0
2	0	0	0	0	3	0	0	0	0	0	2	0	0	0	0	0	0	0	0	0	0	0	0	0	0	0	0	2	0	0
2	2	8	3	1	0	0	0	0	8	0	5	0	0	0	0	1	0	0	7	0	0	5	0	0	0	0	0	2	0	0
0	0	0	0	0	0	0	0	9	0	0	0	0	0	0	0	0	0	0	0	8	0	0	0	0	0	0	0	0	0	0
0	17	0	0	0	0	5	0	4	0	2	0	0	0	0	0	0	9	0	0	0	0	0	0	10	13	0	2	0	9	0
0	0	0	0	0	0	0	0	6	0	0	0	0	0	0	0	0	0	0	0	0	0	0	0	0	0	0	0	0	0	0
0	0	0	0	0	0	0	0	0	0	0	0	0	0	0	0	2	0	0	0	0	1	0	0	0	0	0	0	20	0	0
0	0	0	2	0	0	0	3	0	0	0	0	0	0	2	0	0	2	0	0	5	0	5	2	0	0	0	0	3	0	0
0	0	0	0	0	0	0	0	3	0	0	0	0	0	0	0	0	2	0	0	0	0	0	0	2	0	0	0	0	0	0
0	0	0	0	0	0	3	0	0	0	0	0	0	0	0	0	0	0	0	0	0	0	0	0	0	0	0	0	0	0	0
0	0	0	0	0	0	0	0	0	0	0	0	0	0	0	0	0	2	0	0	0	0	0	0	0	0	0	0	0	0	0
0	0	0	0	2	0	0	0	0	0	0	0	0	0	0	0	0	0	0	0	9	0	0	0	0	0	0	0	0	1	0
0	0	0	0	0	0	0	0	0	0	0	0	0	0	0	0	0	0	0	0	0	2	0	6	0	0	0	0	0	0	0
3	2	0	0	0	0	0	0	0	0	0	2	0	0	0	0	0	0	0	0	9	4	0	0	0	0	0	0	4	0	0
0	2	0	2	0	0	2	0	0	0	0	0	0	0	0	0	0	8	0	0	0	0	0	0	0	5	0	0	3	2	0
0	2	0	0	0	0	0	0	0	0	0	0	0	0	0	0	0	0	0	0	0	0	0	0	0	0	0	0	0	0	0
4	6	7	2	0	0	2	0	8	0	0	0	0	0	0	0	0	6	0	3	0	0	0	0	0	7	0	0	0	11	0
6	2	0	0	3	12	3	3	0	3	0	0	0	45	3	4	0	0	17	0	2	52	2	4	0	4	0	0	4	2	10
0	0	0	0	0	6	0	0	0	0	0	0	0	0	0	0	0	0	0	0	0	0	0	0	0	0	0	0	0	0	0
0	0	0	3	0	0	0	0	0	0	0	0	0	0	0	0	0	0	0	0	0	5	0	0	0	0	0	0	0	0	0
0	0	0	0	12	0	0	8	0	0	0	4	0	0	3	0	10	0	0	0	7	0	4	0	0	0	0	0	0	0	0
3	0	42	3	17	0	0	25	0	64	0	29	0	0	36	0	14	0	0	41	15	0	38	0	0	0	0	0	8	2	0
0	0	0	0	0	0	0	0	0	0	0	0	0	0	0	0	0	2	0	0	0	0	0	2	0	0	0	0	0	0	0
0	5	0	0	0	0	9	0	0	0	0	0	0	0	0	0	0	7	0	0	0	0	0	0	2	7	0	2	0	4	0
5	0	12	0	0	0	0	3	0	15	0	11	0	0	0	0	0	0	0	6	0	0	2	10	0	0	0	0	3	0	0
0	0	0	0	0	12	0	0	187	0	0	6	0	0	0	0	0	2	0	0	2	0	0	0	117	0	0	9	0	17	0
0	6	0	0	0	0	6	0	9	0	0	0	0	3	0	0	0	7	2	0	0	0	0	0	4	8	0	2	2	4	0
0	0	0	0	0	0	0	0	4	0	0	0	0	0	0	0	0	0	0	0	0	0	0	0	0	0	0	0	0	0	0
0	3	0	0	0	0	0	0	4	0	0	0	0	0	0	0	0	3	0	0	0	0	0	0	0	2	0	0	0	0	0
0	0	0	0	0	0	0	0	0	0	0	0	0	0	0	0	0	0	0	0	0	5	0	0	0	0	0	0	3	0	0
0	0	0	0	0	1	0	0	0	0	0	0	0	0	0	0	0	0	0	0	0	1	0	0	0	0	0	0	0	0	0
4	0	0	0	0	0	0	0	0	0	0	0	0	0	0	0	0	0	0	0	0	0	0	0	0	0	0	0	4	0	0
0	0	0	0	0	0	0	0	2	0	0	0	0	0	0	0	0	0	0	0	0	0	0	0	0	0	0	0	0	0	0
0	0	0	0	0	0	0	0	0	2	0	0	0	0	0	0	0	0	0	0	0	0	0	0	0	0	0	0	0	0	0
0	0	0	0	0	0	0	3	0	0	0	0	0	0	0	0	0	0	0	0	0	0	0	0	0	0	0	0	0	0	0
4	0	0	0	0	0	0	0	0	0	0	0	0	0	0	0	0	0	0	0	0	0	0	0	0	0	0	0	0	0	0
0	0	0	0	0	0	0	3	0	0	0	0	0	0	0	0	0	0	0	0	0	0	0	0	0	0	0	0	2	5	0
0	19	0	0	0	0	16	0	6	0	0	0	0	0	0	0	0	19	0	0	0	0	2	0	5	23	0	4	0	8	0
0	0	0	0	7	0	0	4	0	0	0	0	0	0	8	0	7	0	0	0	2	0	2	0	0	0	0	0	0	0	0
0	0	0	0	2	0	0	0	0	0	0	0	0	0	2	0	4	0	0	0	0	0	2	0	0	0	0	0	2	0	0
0	56	0	0	8	0	13	4	12	0	0	0	0	0	9	0	4	53	0	0	0	0	8	0	58	49	0	8	0	11	0
0	0	5	0	0	0	0	0	1	0	0	1	0	0	0	0	0	0	0	0	0	0	3	0	2	1	0	0	0	2	0
0	2	0	0	0	0	2	0	2	3	0	0	0	0	0	0	0	0	0	2	0	0	0	0	0	0	0	0	0	0	0
0	0	0	0	0	2	0	0	0	0	0	0	0	0	0	0	0	0	0	0	0	0	0	0	2	0	0	8	0	0	0
0	0	0	0	0	2	0	0	0	0	0	0	0	0	0	0	0	0	0	0	0	0	0	0	0	0	0	0	0	0	0
0	0	0	1	0	0	0	1	0	0	0	0	0	0	0	0	0	0	0	0	0	1	1	0	0	0	0	0	0	0	0
11	0	0	0	0	0	0	0	0	0	0	0	0	0	0	0	0	0	0	0	0	0	0	0	0	0	0	0	0	0	0
0	0	0	0	3	0	0	0	0	0	0	0	0	0	0	0	0	0	0	0	0	0	0	0	0	0	0	0	0	3	0
14	24	11	2	0	0	16	0	45	6	0	14	0	0	0	0	0	16	0	7	0	2	0	16	8	21	0	7	6	5	0
2	0	0	0	0	6	0	0	0	0	0	0	0	0	0	0	0	0	3	0	0	0	0	0	0	0	0	0	0	0	2
0	0	4	5	0	0	0	0	0	5	0	2	0	0	0	0	0	0	0	4	0	0	0	0	0	0	0	0	6	0	0
0	0	0	0	0	0	0	0	0	0	0	2	0	0	0	0	0	0	1	0	0	0	0	2	0	0	0	0	0	0	0
0	0	0	0	0	30	0	0	0	0	0	0	0	4	0	11	0	0	0	0	0	3	0	0	0	0	0	0	0	0	9
0	0	0	0	0	0	0	0	0	0	0	2	0	0	2	0	0	0	0	0	0	0	0	0	0	0	0	0	0	0	0
0	0	0	0	0	0	0	0	0	0	0	0	0	0	0	0	0	2	0	0	0	0	0	0	0	0	0	0	0	0	0
0	0	0	0	0	0	0	0	0	0	0	0	0	0	0	0	0	0	0	3	0	0	0	0	0	0	0	0	0	0	0
0	0	0	0	0	0	0	0	0	0	0	0	0	0	0	0	3	0	0	0	0	0	0	0	0	0	0	0	0	0	0
2	0	0	0	0	0	0	0	0	2	0	0	0	0	0	0	0	0	0	0	0	0	0	0	0	0	0	0	0	0	0
0	0	0	0	6	2	0	0	0	0	0	0	0	0	0	0	3	0	0	0	0	0	3	0	0	0	0	0	0	10	0
0	0	0	0	14	0	0	9	0	0	0	0	0	0	0	0	4	0	0	0	4	0	3	7	0	3	0	0	0	0	0
0	0	0	0	0	0	0	0	0	0	0	0	0	0	0	0	0	0	0	0	0	0	0	0	0	0	0	5	0	0	0
0	1	0	0	8	0	1	10	0	5	0	0	15	0	12	0	0	0	0	0	0	0	7	1	0	0	0	0	0	2	0
0	0	0	5	0	0	0	0	0	0	0	0	0	0	0	0	0	0	0	0	1	0	0	0	0	0	0	0	7	0	0
12	9	7	25	8	0	4	5	0	18	0	4	0	0	3	0	12	9	0	7	9	0	5	3	14	4	0	8	13	0	0
0	0	0	0	0	0	2	0	0	0	0	0	0	0	0	0	0	0	0	0	0	0	0	0	0	0	0	0	0	0	0
0	4	0	0	0	0	5	0	0	0	0	0	0	0	0	0	0	7	0	0	0	0	0	0	7	6	0	2	0	0	0
0	3	0	0	0	0	0	0	4	0	0	0	0	0	0	0	0	0	0	0	0	0	0	0	0	3	0	0	0	0	0
0	0	0	0	0	0	0	0	0	0	0	0	0	0	0	0	0	0	0	0	0	0	0	0	0	2	0	2	0	0	2
0	0	0	0	0	2	0	0	0	0	0	5	0	0	0	0	0	0	0	0	0	0	0	0	0	0	0	0	0	0	0
0	0	0	0	9	0	0	2	0	0	0	0	0	0	3	0	0	0	0	0	0	0	5	0	0	0	0	0	0	0	0
0	0	0	0	0	0	0	0	0	0	0	0	0	0	0	0	0	0	0	0	0	0	0	0	0	0	4	0	0	0	0
0	0	0	0	0	0	0	0	0	0	0	0	5	0	0	0	0	0	0	0	0	0	0	0	0	0	0	0	0	0	0
0	10	0	0	1	0	9	0	4	0	0	3	0	0	0	0	0	7	0	0	5	0	2	0	13	3	0	0	0	4	0
0	1	0	2	0	0	0	0	0	0	0	0	0	8	0	2	0	2	13	0	0	29	3	0	0	0	0	4	2	0	6
0	0	0	0	0	0	3	0	8	0	0	0	0	0	0	0	0	0	0	0	0	0	0	0	4	0	0	0	0	0	0
2	7	5	2	2	0	11	3	9	0	0	0	0	0	3	0	0	15	0	2	0	0	0	4	5	12	0	5	5	0	0
0	5	0	0	0	0	0	0	0	0	0	0	0	0	0	0	0	5	0	0	0	0	0	0	0	2	0	0	0	3	0
0	0	0	0	0	0	0	0	0	0	0	0	0	0	0	0	0	0	0	0	0	0	0	0	0	0	0	0	0	0	3
30	3	3	0	2	0	2	4	4	0	6	0	0	0	5	0	0	4	3	1	0	16	4	10	0	0	0	3	0	0	0
0	0	3	0	0	0	4	0	0	0	0	6	0	0	0	0	0	0	0	0	5	0	4	0	0	0	0	0	0	0	0
0	0	0	0	0	0	0	0	0	0	0	0	0	0	0	0	0	3	2	2	0	0	0	0	0	0	0	0	0	0	0
0	0	0	0	0	4	0	0	46	0	0	0	0	0	0	0	0	4	0	0	0	0	0	0	0	0	0	0	0	5	0
0	0	0	0	0	0	0	0	0	0	0	0	0	0	0	0	0	0	2	0	0	8	0	3	0	0	0	0	0	4	0
0	0	0	0	0	0	0	0	0	0	0	0	0	0	2	0	0	0	0	0	0	0	0	0	0	0	0	0	0	0	0
0	0	0	0	0	0	0	0	0	0	0	0	0	0	0	0	0	0	0	0	0	0	0	0	0	0	0	0	0	0	3
2	0	0	0	0	15	0	0	0	0	0	0	0	8	2	0	0	0	0	0	0	0	0	2	0	0	0	9	0	0	0
0	0	0	0	0	3	0	0	0	0	0	0	0	0	0	0	0	0	0	0	0	0	0	0	0	0	0	0	0	0	0
6	0	6	3	0	0	4	2	9	0	0	0	0	0	0	0	0	3	1	2	0	3	2	4	6	0	0	0	6	0	0
0	0	0	0	0	5	0	0	3	0	0	2	0	0	0	0	0	0	0	0	0	0	0	0	0	0	0	0	0	0	0
0	2	0	0	0	0	0	0	3	0	0	0	0	0	0	0	0	0	0	0	0	0	0	0	5	0	0	0	0	0	0
0	0	0	0	0	0	0	0	0	0	0	0	0	0	0	0	0	0	2	0	0	0	0	0	0	0	33	0	0	0	0
8	3	12	22	50	0	2	32	0	21	0	18	7	0	33	0	52	4	0	12	26	3	38	38	7	3	0	0	24	5	0
0	0	0	0	0	6	0	0	0	0	0	0	0	0	0	0	0	0	0	0	0	0	0	0	0	0	0	0	0	0	0
3	0	5	8	34	0	0	18	0	26	0	12	0	0	21	0	16	0	0	8	3	5	28	11	0	0	0	0	15	0	0
0	0	0	0	0	0	0	0	0	0	0	0	0	14	0	0	0	0	18	0	0	0	0	0	0	0	0	0	0	0	2
0	0	0	0	0	0	0	0	3	0	0	0	0	0	0	0	0	0	0	0	0	0	5	0	2	4	0	2	2	2	0
0	0	0	0	0	0	0	0	0	0	0	0	0	3	0	0	0	0	0	0	0	0	0	0	0	0	0	0	2	0	0
0	0	0	0	0	6	0	0	0	0	0	0	0	0	0	14	0	0	0	0	0	0	0	0	0	0	17	0	0	0	8
0	2	0	0	0	0	2	0	2	0	0	0	0	0	0	0	0	1	0	0	2	0	0	0	0	0	0	0	5	0	0
4	0	0	0	0	0	0	0	2	3	0	5	0	0	0	0	0	0	0	3	0	0	0	4	0	0	0	0	2	0	0
0	0	0	0	0	0	0	2	0	0	0	0	0	0	0	0	0	0	0	0	0	0	0	0	0	0	0	0	0	0	0
2	0	0	2	0	30	0	0	0	0	67	3	0	30	0	207	0	0	3	1	0	17	0	5	0	4	218	0	7	0	23
0	0	0	0	0	0	0	0	0	0	0	0	14	0	0	0	0	0	0	0	0	0	0	0	0	0	0	0	0	0	0
0	3	0	0	0	0	0	0	2	0	0	0	0	0	0	0	0	0	0	0	0	0	0	0	2	3	0	0	0	0	0
3	14	4	0	0	6	7	0	23	3	2	0	0	3	0	0	0	9	2	5	0	5	0	0	6	3	0	11	0	25	2
2	0	12	4	0	0	0	0	0	14	0	2	0	0	0	0	0	0	0	2	0	0	0	2	0	0	0	0	11	0	0
0	0	0	4	0	0	0	0	0	0	0	0	0	0	0	0	0	0	0	0	0	7	0	0	0	0	0	0	0	0	0
0	0	0	0	0	0	0	0	0	0	0	0	0	0	0	0	0	0	0	0	0	0	3	0	0	0	0	0	5	0	0
0	0	0	0	0	0	0	0	0	0	0	2	0	0	1	0	0	0	0	0	0	0	7	0	0	0	0	0	0	0	0
0	0	0	0	0	0	0	0	3	0	0	0	0	0	0	0	0	0	0	0	0	0	0	0	17	0	0	0	0	0	0
0	0	2	0	0	0	0	0	0	5	0	0	0	0	0	0	2	0	0	2	0	0	3	0	0	0	0	0	0	0	0
0	0	0	0	0	0	0	0	0	0	0	0	0	0	0	0	0	0	0	0	0	0	0	0	3	0	0	0	0	0	0
0	6	0	0	0	0	3	0	3	0	0	0	0	0	0	0	0	5	0	0	0	0	0	0	0	2	0	0	3	0	0
0	2	0	0	0	0	0	0	0	0	0	0	0	0	0	0	0	2	0	0	0	0	0	2	0	0	0	0	3	0	0
0	0	0	0	0	0	2	0	0	0	0	0	0	0	0	0	0	0	0	0	0	0	0	0	2	0	0	0	0	5	0
0	5	0	2	0	0	8	0	2	0	0	0	0	0	0	0	0	0	0	0	0	0	0	0	9	6	0	7	13	0	0
0	0	0	0	0	0	0	0	0	0	0	0	0	0	0	0	0	0	0	0	0	0	0	5	0	0	0	0	0	0	0
0	0	0	0	0	0	0	0	0	0	2	0	0	0	0	7	0	0	0	0	0	0	0	0	0	0	0	0	0	0	0
0	0	0	0	0	0	0	0	3	0	0	0	0	0	0	0	0	5	0	0	0	0	0	0	0	0	0	0	0	0	0
0	0	0	0	2	0	0	0	0	0	0	0	0	0	0	0	2	3	0	0	0	0	0	0	3	0	0	0	0	0	0
3	1	0	2	0	0	0	2	0	0	0	0	0	2	2	0	0	4	0	0	0	2	0	2	12	0	0	0	4	0	44
5	0	0	0	0	0	0	0	0	0	0	0	0	0	0	0	0	0	0	0	0	0	0	0	0	0	0	0	0	0	0
0	0	0	0	0	0	0	0	0	0	0	0	0	0	0	0	0	0	2	0	0	0	0	0	0	0	0	0	0	0	0
0	2	0	0	0	0	0	0	0	0	0	0	0	0	0	0	0	1	0	0	0	0	0	0	2	5	0	0	0	0	0
0	0	0	0	0	0	0	0	0	0	0	0	0	0	0	0	0	0	0	0	0	0	0	0	8	0	0	0	0	0	0
0	0	0	0	0	0	0	0	0	0	0	0	22	0	0	0	0	0	0	0	0	0	0	0	0	0	0	0	0	0	0
0	0	0	0	12	0	0	4	0	0	0	0	0	0	3	0	0	0	0	0	0	0	5	0	0	0	0	0	0	0	0
0	1	0	0	2	0	0	0	8	0	0	0	0	0	0	0	7	0	0	0	0	0	0	0	0	0	0	0	0	0	0
0	0	0	0	0	0	0	0	0	0	0	0	0	0	0	0	0	0	0	0	0	0	0	0	0	0	0	10	0	0	0
2	0	0	0	0	0	0	0	0	2	0	0	0	0	0	0	0	0	0	0	0	0	0	0	0	2	0	0	0	0	0
0	0	0	0	1	0	2	0	0	1	0	0	0	0	0	0	0	0	0	0	0	0	2	0	0	0	0	0	0	0	0
0	0	3	0	2	0	0	0	0	0	0	0	0	0	3	0	0	0	0	0	0	0	0	2	0	0	0	0	0	0	0
0	0	0	0	1	0	0	6	0	0	0	3	0	0	0	0	0	0	0	0	5	0	2	2	0	0	0	0	0	0	0
0	2	0	0	0	0	0	0	0	0	0	0	0	0	0	0	0	2	0	0	3	0	0	0	0	2	0	0	0	0	0
0	0	0	0	0	0	0	0	0	0	0	0	0	0	0	0	0	0	0	0	0	0	0	0	0	0	23	0	0	0	0
0	3	0	0	0	0	2	0	0	4	0	5	0	0	0	0	0	3	0	4	0	0	0	0	0	5	0	0	0	3	0
4	0	0	0	13	0	0	8	0	0	0	0	11	0	7	0	12	0	0	0	2	0	9	3	0	0	0	0	3	0	0
0	2	13	0	0	17	0	0	1	5	7	18	0	0	5	5	6	3	7	1	2	2	0	2	0	0	0	26	3	0	0
0	7	0	0	0	0	3	0	6	0	0	0	0	0	0	0	0	17	0	0	0	0	0	0	0	8	0	3	0	7	0
0	0	0	0	0	0	0	0	0	0	0	0	0	0	0	8	0	0	0	0	0	0	0	0	0	0	0	0	0	0	0
0	0	0	0	0	0	0	0	0	0	0	0	0	0	0	0	0	0	10	0	0	2	0	0	0	0	0	0	0	0	0
25	0	0	0	0	0	9	0	0	0	0	0	0	0	0	0	0	0	0	0	0	0	0	99	0	0	4	0	6	0	0
0	0	0	0	3	0	0	0	0	2	0	0	0	0	3	0	0	0	0	0	0	0	0	0	0	0	0	0	2	0	0
0	2	0	2	0	0	2	0	0	0	0	0	0	0	0	0	0	0	0	0	0	0	0	0	0	0	0	0	2	0	0
0	0	0	0	4	0	0	0	2	0	0	0	0	0	6	0	5	0	0	0	0	0	3	0	0	2	0	0	0	0	0
0	0	0	2	9	0	0	8	0	0	0	0	0	0	12	0	8	0	0	0	5	0	14	1	0	0	0	0	0	0	0
0	0	0	0	0	0	0	0	0	0	0	0	0	0	0	4	0	0	0	0	0	0	0	0	0	0	0	0	0	0	0
0	3	0	0	0	0	4	0	0	0	0	0	0	0	0	0	0	4	0	0	0	0	0	0	2	0	0	8	0	6	0
0	11	0	0	0	0	8	1	1	0	0	0	0	3	0	4	0	10	0	1	0	0	0	2	8	1	0	0	0	3	0
6	14	0	0	0	0	28	0	0	0	0	0	0	0	0	0	5	0	0	0	5	0	0	0	8	15	0	0	0	9	0
1	4	6	3	0	0	0	0	0	3	0	0	0	0	1	3	0	0	0	0	0	0	0	0	0	0	2	0	4	11	0
0	32	0	0	0	0	36	0	2	0	0	0	0	0	0	0	0	18	0	0	6	0	0	0	0	31	0	2	0	3	0
4	3	2	2	0	4	3	0	4	3	0	4	0	7	0	0	0	4	7	0	0	6	3	6	3	0	0	0	4	0	0
0	0	0	0	0	0	0	0	0	0	0	0	0	0	3	0	1	0	0	0	5	0	0	0	2	0	0	0	0	0	0
0	7	0	0	0	0	7	0	1	0	0	0	0	0	0	0	0	4	0	0	0	0	0	0	0	4	0	0	0	0	0
0	2	0	0	3	0	0	0	6	0	0	0	0	0	0	0	0	0	0	0	0	0	0	0	3	0	0	0	0	0	0
0	0	0	0	0	1	0	0	0	0	0	0	42	0	0	0	0	0	0	0	0	0	0	0	0	0	0	7	0	0	0
0	0	0	0	0	0	0	0	0	0	0	0	0	0	0	0	0	2	0	0	0	0	0	0	0	0	0	0	0	0	0
0	4	0	0	0	0	8	2	9	0	0	0	0	0	3	0	0	15	0	0	13	0	0	0	0	36	0	0	0	0	0
5	0	0	0	0	4	0	0	0	0	0	0	0	7	0	0	0	3	6	0	3	2	0	0	3	0	0	9	0	0	7
0	0	0	0	10	0	0	5	0	0	0	0	0	0	2	0	0	0	0	0	0	0	2	0	0	0	0	0	0	0	0
0	0	0	7	0	0	0	0	0	4	0	4	0	0	1	0	3	0	0	0	0	0	0	0	0	0	0	0	1	0	0
11	0	0	0	0	0	0	0	0	0	0	0	0	0	0	0	0	0	0	0	0	0	0	0	0	0	0	0	0	0	0
2	0	0	7	5	0	0	0	0	0	0	6	0	0	0	0	4	0	0	0	2	0	2	0	0	0	0	0	0	0	0
0	0	0	0	0	0	0	0	0	0	0	0	10	0	0	0	0	0	0	0	0	0	0	0	0	0	0	0	0	0	0
3	112	7	35	2	0	83	0	30	3	0	9	0	0	0	0	0	102	4	7	0	3	12	7	48	114	0	43	0	46	3
0	0	0	0	0	3	0	0	0	0	0	0	0	0	0	0	0	0	0	0	0	0	0	0	0	0	0	0	0	0	0
0	0	0	2	8	0	0	5	0	0	0	0	2	0	6	0	4	0	0	0	6	0	13	0	0	0	0	0	0	0	0
0	0	0	0	0	0	0	0	0	0	0	0	2	0	0	0	0	0	0	0	0	0	0	0	0	0	0	0	0	0	0
0	0	0	0	0	0	0	0	0	0	0	0	0	0	0	0	0	0	0	0	0	2	0	0	0	0	0	0	0	0	0
0	17	0	0	0	0	7	0	8	0	0	0	0	0	0	0	0	7	0	0	0	0	0	0	6	12	0	3	0	4	0
0	4	0	0	0	0	4	0	1	0	0	0	0	0	0	0	0	3	0	0	0	0	0	0	4	0	0	0	0	0	0
7	0	30	0	2	0	0	7	0	22	0	32	0	0	8	0	7	2	0	11	0	0	4	3	0	0	0	0	2	0	0
0	0	0	0	0	0	0	5	0	0	0	0	0	0	0	0	2	0	0	0	0	0	5	0	0	0	0	0	0	0	0
0	0	0	0	0	0	0	0	0	0	0	2	0	0	0	0	0	0	0	0	0	0	0	0	0	0	0	0	0	0	0
0	0	0	0	0	0	0	0	0	0	0	0	0	0	0	0	0	0	2	0	0	0	0	0	0	0	0	0	0	0	0
0	0	2	0	0	0	0	0	0	0	0	0	0	7	0	0	0	0	2	0	0	0	0	0	0	0	0	2	0	5	0
0	0	0	0	0	2	0	0	0	0	0	0	0	0	0	0	0	0	0	0	0	0	0	0	3	0	0	0	0	0	0
0	0	0	0	0	0	0	0	3	0	0	0	3	0	0	0	0	0	0	0	0	0	0	0	0	0	0	0	0	0	0
4	0	0	0	0	0	0	0	0	0	0	0	0	0	0	0	2	0	0	0	0	0	3	0	2	0	0	0	0	0	0
2	0	0	0	0	4	0	0	0	0	0	0	0	0	0	0	0	0	0	0	0	2	0	2	0	0	0	0	0	0	0
0	0	0	0	0	169	0	0	0	0	117	0	6	0	1	0	0	0	0	0	0	3	0	0	0	0	0	0	0	0	0
15	0	20	143	59	0	3	36	0	37	0	51	0	0	48	0	64	5	0	12	42	0	37	39	2	2	0	0	62	0	0
0	0	0	0	0	0	0	0	0	0	0	0	0	0	0	0	0	0	0	0	0	0	0	0	0	0	0	0	0	4	0
2	4	0	6	0	0	0	0	0	0	0	6	0	0	0	0	0	5	0	0	0	0	0	0	6	0	0	0	2	2	0
0	2	0	0	0	0	0	0	0	0	0	0	0	0	0	0	0	0	0	0	2	0	0	0	8	0	0	0	0	0	0
43	19	351	20	23	1	0	37	0	324	0	226	0	4	64	0	0	9	0	115	6	6	64	65	11	4	0	1	50	4	0
0	0	0	0	0	0	0	0	5	0	0	0	0	0	0	0	0	0	0	0	0	0	0	0	0	0	0	0	0	0	0
0	0	0	0	0	0	0	0	0	0	0	0	0	0	0	0	0	4	0	0	0	0	0	0	0	0	0	0	0	0	0
0	0	0	0	0	0	0	0	0	0	0	0	0	0	0	0	0	0	0	0	0	0	0	6	0	0	0	0	0	0	0
0	0	0	0	0	0	0	0	0	0	0	0	0	0	0	0	0	0	5	0	0	0	0	0	0	0	0	0	0	0	0
0	2	0	0	2	0	0	2	0	0	0	0	0	0	0	0	0	2	0	0	0	0	0	0	0	0	0	0	0	0	0
0	0	0	2	0	0	0	0	2	0	0	0	0	0	0	0	0	3	0	0	0	0	0	0	0	1	0	2	0	0	0
0	0	0	0	0	0	0	3	0	0	0	0	0	0	3	0	0	0	0	0	0	0	5	0	0	0	0	0	0	0	0
0	0	0	0	0	4	0	0	0	0	0	0	0	0	0	0	0	0	0	0	0	0	0	0	0	0	0	0	0	0	0
0	0	0	0	0	0	0	0	0	0	0	7	0	0	0	0	0	0	0	3	0	0	0	0	0	0	0	0	0	0	0
0	4	0	0	0	2	0	0	4	0	0	0	8	0	0	0	0	0	0	0	0	0	0	0	0	0	0	0	0	11	0
0	0	0	0	0	0	0	0	0	0	0	0	13	0	0	0	0	0	0	0	0	0	0	0	0	0	0	0	0	0	0
0	0	0	0	2	0	0	2	0	4	0	0	0	0	6	0	0	0	0	0	4	0	5	0	0	0	0	0	2	0	0
3	0	0	0	0	0	0	3	0	2	0	0	0	0	0	0	0	0	0	0	0	0	0	0	0	0	0	0	0	0	0
0	0	0	0	2	0	0	0	0	0	0	0	0	0	0	0	0	0	0	0	0	0	0	0	4	0	0	0	0	0	0
0	0	0	0	7	0	0	6	0	0	0	0	0	0	6	0	0	0	0	0	0	0	2	0	0	0	0	0	0	0	0
0	0	0	0	0	0	0	0	0	0	0	0	0	0	2	0	0	0	0	0	0	0	0	0	0	0	0	0	0	0	0
0	2	0	0	7	0	0	11	0	3	0	0	0	0	3	0	0	0	0	0	0	0	4	0	6	0	0	0	0	0	0
0	0	0	8	16	0	0	10	0	0	0	0	0	0	20	0	15	0	0	2	7	0	14	3	0	0	0	0	0	0	0
0	0	0	12	0	0	0	0	0	0	0	0	0	0	0	0	0	0	0	0	0	0	0	0	0	0	0	0	3	0	0
0	0	0	0	2	0	0	2	0	0	0	0	0	0	0	0	2	0	0	0	3	0	1	0	0	0	0	0	0	0	0
2	0	0	0	0	0	0	0	0	0	0	0	0	0	0	0	0	0	2	0	0	0	0	0	0	0	0	0	0	0	0
0	10	0	0	0	0	6	0	4	0	0	0	0	0	0	0	0	11	0	0	0	0	0	0	1	11	0	13	0	14	0
0	1	0	0	0	0	5	0	0	0	0	0	0	0	0	0	0	2	0	0	0	0	0	0	3	0	0	2	0	11	0
0	0	0	0	0	0	0	0	0	0	0	0	0	0	0	0	0	0	7	0	0	5	0	0	0	0	0	0	0	0	0
0	0	0	0	0	5	0	0	0	0	0	0	0	0	0	0	0	0	0	0	0	0	0	0	0	0	0	18	0	2	0
0	0	0	2	0	0	0	0	0	0	0	0	0	0	0	0	0	0	0	0	0	0	0	0	0	0	0	0	0	0	0
0	0	0	2	0	0	3	0	0	0	0	0	0	0	0	0	0	0	0	2	0	0	0	0	0	0	0	0	0	0	0
0	0	0	0	5	0	0	0	0	0	0	0	0	0	2	0	6	0	0	0	0	0	0	0	0	0	0	0	5	0	0
0	0	2	0	3	0	0	0	0	0	0	0	0	0	0	0	0	0	0	0	0	0	0	0	0	0	0	7	0	0	0
1	2	0	0	36	0	0	29	0	1	0	0	0	0	29	0	22	0	0	0	18	0	38	1	0	0	0	0	1	2	0
0	2	0	0	0	0	0	0	0	0	0	0	0	1	0	0	0	2	0	0	0	0	0	0	0	0	0	0	0	0	0
0	5	0	0	0	0	3	0	6	0	0	0	0	0	0	0	0	5	0	0	0	0	0	0	3	4	0	4	3	0	0
0	2	0	0	0	0	0	0	6	0	0	0	0	0	0	0	0	2	0	0	0	0	0	0	0	0	0	0	0	0	0
0	0	2	0	0	0	0	0	0	0	0	0	0	0	0	0	0	0	0	0	0	0	0	0	0	0	0	0	0	0	0
0	0	0	0	0	0	0	0	0	0	0	0	0	0	0	0	0	0	0	2	0	0	0	0	0	0	0	0	0	0	0
0	0	0	0	0	0	0	0	0	0	0	0	0	0	1	0	0	0	0	0	0	0	0	0	0	0	0	0	0	0	0
0	2	0	0	0	0	1	0	0	0	0	0	0	0	0	0	0	9	0	0	0	0	0	0	3	9	0	0	0	0	0
0	0	0	0	0	0	0	0	0	0	0	0	0	7	0	0	0	0	3	0	0	0	0	0	0	0	0	0	2	0	2
0	0	1	0	0	0	0	0	0	0	0	0	0	0	2	0	0	4	0	0	0	0	0	0	10	0	0	0	3	0	0
0	0	0	0	2	0	0	10	0	0	0	0	0	0	2	0	6	0	0	0	0	0	4	0	0	0	0	0	3	0	0
0	0	0	0	0	0	0	0	0	2	0	0	0	13	1	3	4	0	2	0	0	0	0	2	0	2	11	8	0	0	0
0	0	0	0	0	0	0	0	0	0	0	0	0	0	0	0	0	0	0	0	0	2	0	0	0	0	0	0	0	0	0
0	0	0	0	0	0	0	0	0	0	3	0	0	0	0	0	0	0	0	0	0	0	0	0	0	0	0	0	0	0	0
2	2	0	0	0	0	0	0	2	2	0	0	0	0	0	0	0	0	0	3	0	0	0	2	3	0	0	0	0	0	0
0	0	0	0	41	0	0	24	0	0	0	2	0	0	49	0	39	0	0	0	1	0	33	0	0	0	0	0	0	0	0
0	0	0	0	0	5	0	0	0	0	0	0	0	0	0	0	0	0	0	0	0	0	0	0	0	0	0	0	0	0	0
0	0	0	0	0	0	0	1	0	0	0	0	0	0	2	0	0	0	0	0	0	0	0	0	0	0	0	0	0	0	0
4	2	0	3	0	18	2	0	0	0	0	3	0	0	0	3	0	0	3	0	0	0	4	7	2	5	0	0	0	2	0
0	0	0	0	0	0	2	0	4	0	1	0	0	0	0	0	0	0	0	3	0	1	0	0	0	0	0	0	1	0	0
0	0	0	0	0	0	2	0	0	0	0	0	0	0	0	0	0	6	0	0	0	0	0	0	6	0	0	0	0	4	0
0	0	0	0	0	0	2	0	0	0	0	0	0	0	0	0	0	2	0	0	0	0	0	0	0	3	0	0	0	0	0
2	0	0	0	3	0	0	8	0	2	0	0	0	0	2	0	1	0	0	0	4	0	4	2	0	0	0	0	0	0	0
0	18	2	0	2	0	19	0	9	0	0	0	0	0	0	0	0	22	0	0	5	0	0	0	13	10	0	0	0	12	0
0	0	2	0	0	0	0	0	0	0	0	0	0	0	4	0	0	0	0	0	0	0	0	0	0	0	0	0	0	0	0
0	0	0	0	0	0	0	0	2	0	0	0	0	0	0	0	0	0	0	0	0	0	0	0	0	0	0	0	0	15	0
0	0	0	0	0	0	0	0	0	0	0	0	0	0	0	1	0	0	0	0	0	7	0	0	0	0	0	0	5	0	0
2	0	0	3	1	0	0	0	0	0	0	9	0	0	2	0	2	0	0	0	1	0	3	0	0	0	0	0	8	0	0
0	0	0	2	0	0	3	0	3	2	0	0	0	0	0	0	0	0	0	0	0	0	0	0	2	2	0	0	2	0	0
20	25	5	9	29	0	24	33	16	25	0	12	0	0	20	0	23	21	0	7	37	0	21	12	25	20	0	12	22	10	0
0	0	0	0	0	0	7	0	0	0	0	0	0	0	0	0	0	0	3	0	0	10	1	0	0	0	0	0	0	0	2
0	0	0	0	0	0	0	0	0	0	0	0	0	0	0	0	0	0	0	0	0	0	0	0	1	0	0	0	0	0	0
0	0	0	0	0	0	0	0	8	0	0	0	0	0	0	0	0	0	0	0	0	0	0	0	0	0	0	0	0	0	0
0	2	14	0	0	0	0	0	0	4	0	2	0	0	3	0	0	0	0	0	135	0	3	2	0	0	0	0	0	0	0
0	0	1	0	6	0	0	5	0	0	0	2	9	0	4	0	7	0	0	0	0	0	14	0	0	0	0	0	0	0	0
0	0	0	0	0	0	2	0	0	0	0	0	0	0	0	0	0	0	0	0	0	0	0	0	0	0	0	0	0	0	0
0	0	0	0	0	0	0	0	0	0	0	0	0	2	0	0	0	0	0	0	0	0	0	0	0	0	0	0	0	0	0
4	18	2	4	0	0	15	0	13	3	0	0	0	0	0	0	3	36	0	2	2	0	2	5	17	16	0	2	36	5	0
0	0	0	0	0	2	3	0	0	0	0	0	0	7	0	2	0	0	3	0	0	9	0	0	0	0	0	0	0	0	7
23	99	24	130	19	3	93	21	32	38	0	39	0	0	21	0	8	161	0	10	30	14	13	55	34	191	0	39	47	13	0
0	0	0	0	0	0	0	0	0	0	0	3	0	0	0	0	0	0	0	0	0	0	0	0	0	0	0	0	0	0	0
0	0	0	0	2	5	0	0	0	0	0	0	0	2	0	0	0	2	8	0	0	2	0	0	8	0	0	0	0	2	0
12	20	7	0	6	67	8	2	13	6	8	9	6	79	6	37	0	8	72	1	3	53	12	10	0	8	6	29	7	21	159
0	0	0	0	1	0	0	0	0	0	0	0	0	0	0	0	0	0	0	0	0	0	0	0	0	0	0	0	0	0	0
0	0	0	0	0	0	0	0	3	0	0	0	0	0	0	0	0	7	0	0	4	0	0	0	0	0	0	0	0	5	0
13	0	70	0	0	0	0	0	0	95	0	137	0	0	0	0	0	3	2	36	0	0	0	20	0	0	0	0	12	0	0
0	0	0	0	0	0	0	0	0	0	0	0	0	0	0	0	0	0	0	0	0	0	0	0	0	0	0	0	0	11	0
0	0	0	0	0	0	0	0	0	0	0	0	0	0	0	0	0	0	0	0	0	0	0	0	0	0	0	0	0	12	0
0	0	0	0	0	0	4	0	1	0	0	0	0	0	0	0	0	0	0	0	0	0	0	0	4	2	0	2	0	0	0
0	0	0	0	0	0	0	2	0	0	0	0	0	0	0	0	0	0	0	0	0	0	0	0	0	0	0	0	0	0	0
0	0	0	0	0	0	0	0	3	0	0	0	0	0	0	0	0	0	0	0	0	0	0	0	0	0	0	0	0	7	0
0	0	3	0	0	4	0	0	0	0	0	0	0	19	0	0	2	0	15	0	0	1	0	4	0	0	6	0	0	0	9
0	0	0	0	0	0	0	0	0	0	0	0	0	0	2	0	0	0	0	0	0	0	0	0	0	0	0	0	0	0	2
126	0	0	0	0	0	0	0	0	0	0	0	0	0	0	0	0	0	0	0	0	0	0	0	0	0	0	0	0	0	0
0	0	0	0	0	0	0	0	0	0	0	0	8	0	0	0	0	0	0	0	0	0	0	0	0	0	0	0	0	0	0
0	40	0	0	0	0	21	0	10	4	0	2	0	0	0	0	0	43	0	0	0	0	0	0	9	27	0	5	0	3	0
0	0	0	0	0	0	0	0	0	0	0	0	0	0	0	0	0	0	0	0	0	0	0	0	0	2	0	0	0	0	0
2	0	0	3	0	0	0	0	0	0	0	0	0	0	0	0	0	3	0	2	4	0	0	0	0	5	0	0	18	0	0
0	0	0	0	0	0	0	0	0	0	0	0	0	0	0	0	0	0	0	0	0	5	0	0	0	0	0	0	0	0	0
0	0	0	0	0	0	0	0	0	0	0	0	0	5	0	0	0	0	2	0	0	0	0	0	0	0	39	0	0	0	0
0	0	0	0	0	0	0	0	0	2	0	2	0	0	0	0	0	0	0	2	0	2	0	5	0	0	0	0	0	0	0
0	0	0	0	0	0	0	0	0	0	0	0	0	0	0	2	0	0	0	0	0	0	0	0	0	0	0	0	0	0	0
5	11	0	0	8	6	11	33	13	0	13	0	30	0	13	2	11	10	4	2	0	6	1	6	10	8	0	0	0	4	2
0	12	0	0	0	0	3	0	3	0	0	0	0	0	0	0	0	16	0	0	0	0	0	0	3	5	0	16	0	5	0
0	0	0	0	0	0	0	0	0	0	0	0	0	0	0	0	0	0	0	0	0	0	0	0	0	0	5	0	0	0	0
0	0	0	0	0	1	0	0	0	0	6	0	0	0	0	0	0	0	0	0	0	0	0	0	0	0	0	0	0	0	4
15	23	125	17	44	3	2	57	3	133	0	167	0	4	61	0	16	5	2	91	22	0	99	27	5	7	0	3	21	3	3
0	0	0	0	0	3	0	0	0	0	0	0	0	0	0	0	0	0	0	0	0	0	0	0	0	0	0	0	0	0	0
7	9	3	0	0	17	6	0	1	6	0	3	0	0	0	3	0	10	7	2	0	2	0	0	6	7	0	0	0	12	0
0	0	0	0	0	0	0	0	0	0	0	0	0	0	0	0	0	2	0	0	0	0	0	0	0	0	0	0	0	0	0
0	2	0	2	2	0	0	2	0	0	0	0	0	0	0	0	0	0	0	0	0	0	2	0	0	0	0	0	8	0	0
3	0	0	0	3	13	4	0	12	2	0	0	0	16	0	2	0	0	14	0	0	2	0	0	0	0	0	0	0	6	5
0	0	0	0	0	0	0	0	0	0	5	0	0	0	0	0	0	0	0	0	0	0	0	0	0	0	0	0	0	0	0
1	0	0	0	4	3	0	5	0	0	0	0	6	0	0	0	0	3	0	0	0	6	10	4	2	0	2	0	5	0	0
2	20	0	0	0	0	15	0	10	2	0	3	0	0	0	0	0	39	0	0	0	0	0	0	10	30	0	0	2	21	0
0	0	0	0	0	0	5	0	2	0	0	0	0	0	0	0	0	0	0	0	0	0	0	0	2	0	0	0	0	0	0
0	0	0	0	0	0	0	0	0	0	0	2	0	0	0	0	0	0	0	0	0	0	0	0	0	0	0	0	0	0	0
0	30	0	0	0	0	10	0	12	0	0	0	0	0	0	0	0	21	0	0	0	0	0	0	10	20	0	10	0	13	0
0	0	5	0	0	0	0	0	0	2	0	4	0	0	0	0	0	0	0	0	0	0	0	0	0	0	0	0	0	0	0
0	0	0	0	0	0	0	0	0	0	0	0	0	3	0	0	0	0	0	0	0	0	0	0	0	0	10	0	0	0	0
0	0	0	0	0	0	0	0	4	3	0	0	0	0	0	0	0	2	0	2	0	0	0	0	0	1	0	0	0	0	0
0	0	0	0	0	0	0	0	0	0	0	0	0	0	0	0	0	0	0	0	0	0	0	0	0	0	0	0	0	4	0
0	6	0	0	7	3	2	1	6	0	0	2	0	5	0	0	0	0	0	0	0	6	2	0	0	4	0	0	0	8	0
6	3	3	0	3	0	9	4	0	0	0	4	0	0	2	0	0	10	0	0	13	0	0	13	6	4	0	0	8	3	0
0	7	0	0	0	0	3	0	6	0	0	0	0	0	0	0	0	5	0	0	0	0	0	0	0	6	0	14	0	5	0
0	0	12	0	0	0	0	0	0	0	0	3	0	0	0	0	0	0	0	0	0	3	0	0	0	0	0	0	0	0	0
0	0	0	0	0	0	0	0	0	0	0	0	0	0	0	0	0	0	0	0	0	0	4	0	0	0	0	0	4	0	0
0	0	0	0	0	0	0	0	0	0	0	0	0	0	2	0	0	0	0	0	0	0	0	0	0	0	0	0	0	0	0
0	0	0	2	0	0	0	0	0	0	0	0	0	0	0	0	0	0	0	0	0	0	0	0	0	0	0	0	0	0	0
0	0	0	0	0	0	0	0	0	0	0	1	0	0	0	0	0	0	0	0	0	0	0	0	0	0	0	1	0	0	0
0	0	1	0	0	0	0	0	8	11	0	0	0	0	0	0	0	0	0	5	0	0	0	1	0	0	0	0	1	0	0
6	0	4	5	12	0	0	7	0	3	0	0	0	0	3	0	0	0	0	0	5	0	6	2	0	0	0	0	4	0	0
0	4	0	0	0	0	0	0	1	0	0	0	0	0	0	0	0	2	0	0	0	2	2	0	0	0	0	1	0	0	0
2	0	0	0	0	0	0	0	0	0	0	0	0	0	0	0	0	0	0	0	0	0	0	0	0	0	0	0	0	0	0
16	4	13	198	49	0	0	35	0	21	0	11	6	0	35	0	17	3	0	11	29	0	38	14	0	1	0	0	201	0	0
0	0	0	0	0	0	0	0	0	0	0	0	0	0	0	0	0	2	0	0	0	0	0	0	0	3	0	0	0	0	0
0	0	1	0	3	0	0	4	2	0	0	1	0	0	0	0	0	0	0	0	7	0	9	0	0	0	0	0	0	0	0
27	6	2	28	20	0	12	17	2	2	0	0	0	0	11	0	11	16	0	4	10	0	13	2	14	16	0	0	43	5	0
4	2	0	0	2	16	0	0	3	0	0	2	0	41	0	4	0	0	23	0	0	3	0	0	0	0	0	3	4	6	4
0	0	0	0	0	0	0	0	0	0	0	0	0	1	0	16	0	0	0	0	0	1	0	0	0	0	2	0	0	0	2
0	2	0	0	7	0	0	6	0	0	0	1	0	0	7	0	2	0	0	0	0	0	5	0	0	0	0	0	0	0	0
3	0	0	0	0	0	0	0	0	0	0	0	0	0	0	0	0	0	0	0	0	0	0	0	0	0	0	0	0	0	0
0	0	0	0	0	1	0	0	0	0	0	0	0	0	0	2	0	6	0	0	0	4	0	0	3	0	0	0	0	2	0
0	0	0	0	2	0	0	2	0	0	0	0	0	0	3	0	0	0	0	0	3	0	4	0	0	0	0	0	2	0	0
0	0	0	0	0	0	1	0	0	0	0	0	0	0	0	0	0	2	0	0	0	0	0	0	0	2	0	2	0	2	0
0	0	0	0	0	0	1	2	2	0	0	0	0	0	0	0	0	2	0	0	6	0	0	0	0	0	0	0	0	0	0
0	0	0	0	0	0	0	0	0	0	0	0	17	0	0	0	0	0	0	0	0	0	0	0	0	0	0	0	0	0	0
0	0	0	0	0	0	0	0	0	0	0	0	0	0	0	0	0	0	0	0	0	0	0	0	0	0	0	0	0	4	0
0	0	0	0	0	2	0	0	0	0	0	0	0	0	0	0	0	0	2	0	0	8	0	0	0	0	0	0	0	0	4
0	0	0	0	0	0	0	0	0	0	0	0	0	0	0	0	0	0	0	0	0	0	0	0	0	0	13	0	0	0	0
0	0	0	0	0	0	3	0	8	0	0	0	0	0	0	0	0	0	0	0	0	0	0	0	5	5	0	0	0	0	0
0	0	0	0	0	0	0	0	0	0	0	0	0	4	0	0	0	0	0	0	0	0	0	0	0	0	0	0	0	0	0
0	0	0	0	0	11	3	0	7	4	0	5	0	12	0	0	0	0	13	1	0	3	6	2	0	0	2	0	9	0	10
4	0	11	0	0	0	0	0	0	2	0	0	0	0	0	0	0	0	0	2	0	0	0	4	0	0	0	0	0	0	0
0	24	0	0	0	0	22	0	4	0	0	0	0	0	0	0	0	37	0	0	0	0	0	0	34	16	0	0	0	7	0
0	0	0	0	0	0	0	0	0	0	5	0	0	0	0	0	0	0	0	0	0	0	0	0	0	0	0	0	0	0	2
6	2	0	0	11	6	2	5	0	0	0	0	0	0	2	0	8	0	0	0	0	7	6	0	0	0	0	5	0	0	0
0	0	0	0	12	0	0	13	0	3	0	0	4	0	8	0	4	0	0	0	7	0	13	4	0	0	0	0	0	0	0
1	0	3	0	0	0	0	0	0	0	0	3	0	0	0	0	0	0	0	0	0	0	0	1	0	0	0	0	0	0	0
3	0	5	0	0	0	0	0	0	0	0	0	0	0	0	0	0	0	0	0	0	0	0	0	0	0	0	0	0	0	0
0	0	4	0	4	0	0	0	0	15	0	4	0	0	2	0	0	0	0	8	0	0	0	0	0	0	0	0	0	0	0
0	0	2	0	2	0	0	5	0	3	0	0	0	0	0	0	0	0	0	0	0	0	0	0	0	0	0	0	0	0	0
0	0	0	0	0	0	2	0	0	0	0	0	0	0	0	0	0	0	0	0	0	0	0	0	0	0	0	0	0	0	0
0	5	0	0	0	3	7	0	3	0	0	0	0	0	0	0	0	1	0	0	0	0	1	0	0	8	0	1	0	0	0
0	0	0	0	0	0	0	0	0	0	0	0	0	0	0	0	0	0	0	0	4	0	0	0	0	0	0	0	0	0	0
0	0	0	0	0	0	0	0	0	0	0	0	0	0	0	0	0	0	0	0	0	0	0	0	11	0	0	0	0	0	0
0	0	0	0	0	0	0	0	0	0	0	0	0	0	0	1	0	0	0	0	0	0	0	0	0	0	13	0	0	0	0
0	0	0	0	0	0	0	0	37	0	0	9	0	0	0	0	0	0	0	0	0	0	0	0	21	0	0	0	0	20	0
0	0	0	0	0	33	0	0	0	0	5	0	0	13	0	5	0	0	11	0	0	0	3	0	0	5	2	0	0	0	2
22	0	38	149	156	0	0	119	0	104	0	109	0	0	121	0	31	0	0	60	77	0	81	26	0	0	0	0	40	0	0
0	0	0	0	0	0	0	0	0	0	0	0	0	0	0	0	0	2	0	0	0	0	0	3	0	0	0	0	0	0	0
0	0	0	0	3	2	0	4	0	0	0	0	0	0	0	0	0	2	0	0	0	2	7	2	0	0	0	0	0	4	0
0	0	0	0	0	0	0	0	0	0	0	0	0	0	0	0	2	0	3	0	0	0	0	4	0	0	0	0	0	0	0
0	0	0	0	0	0	0	0	0	0	0	0	0	4	0	0	0	0	8	0	0	0	0	0	0	0	0	0	0	0	0
0	0	0	0	0	0	0	0	0	0	0	0	0	0	0	0	0	5	0	0	0	0	0	0	0	5	0	0	0	0	0
6	21	0	5	2	0	27	2	5	0	0	0	0	0	0	0	8	7	0	2	32	0	5	0	5	10	0	0	2	0	0
0	0	0	0	0	0	0	0	0	0	0	0	0	0	0	0	0	2	0	0	0	1	0	0	0	0	0	0	0	1	0
4	0	3	6	0	0	0	0	0	0	0	2	3	0	3	0	0	0	0	0	0	0	4	0	0	0	0	0	12	0	0
8	60	0	17	0	0	61	5	101	4	0	2	0	0	4	0	0	142	0	0	38	0	3	5	131	145	0	32	6	53	0
0	0	0	0	0	0	0	0	0	0	0	0	0	0	0	0	0	0	2	0	0	0	0	0	0	0	3	0	0	0	0
0	0	0	0	0	0	0	0	0	2	0	0	0	0	0	0	0	0	0	0	0	0	0	0	0	0	0	0	0	0	0
2	0	0	0	0	0	0	0	0	0	0	0	0	0	0	0	0	0	0	0	0	0	0	0	0	0	0	0	0	0	0
3	0	0	9	0	0	0	0	0	0	0	0	0	0	0	0	0	0	0	0	0	0	0	0	0	0	0	0	0	0	0
0	0	0	0	0	0	0	0	0	0	0	0	0	0	0	0	0	0	0	0	0	2	0	0	0	0	0	0	0	0	0
0	0	0	0	0	0	0	0	0	0	0	0	0	0	0	4	0	0	0	0	0	0	0	0	0	0	0	3	0	0	0
2	0	0	0	0	0	0	0	0	0	0	0	0	0	0	0	0	0	0	0	0	0	0	1	0	0	0	0	3	0	0
0	0	0	0	0	0	0	0	0	0	26	0	0	0	0	0	0	0	0	0	0	0	0	0	0	0	0	0	0	0	0
0	0	0	0	0	0	0	0	0	0	0	0	0	0	0	0	0	0	0	0	0	0	0	0	13	0	0	0	0	0	0
0	0	1	0	0	0	0	0	0	0	0	0	0	0	0	0	0	0	0	0	0	0	2	0	0	0	0	0	0	0	0
0	0	0	0	0	0	0	0	0	0	0	0	0	0	4	0	0	3	0	0	0	0	0	0	0	0	3	0	0	0	0
0	0	0	0	0	0	0	0	0	0	0	2	0	0	0	0	0	0	0	0	0	6	0	0	0	0	0	0	0	0	0
0	0	0	0	2	0	0	0	0	0	0	0	0	0	0	0	0	0	0	0	0	0	3	0	0	0	0	0	0	0	0
6	2	2	0	0	0	3	0	0	5	0	5	0	0	0	0	0	3	0	6	0	0	0	0	0	0	0	0	0	0	0
0	0	0	0	0	0	0	0	2	0	0	0	0	0	0	0	0	0	0	0	0	3	1	0	0	0	0	0	0	0	0
0	0	0	0	0	0	0	0	0	0	0	0	0	0	0	0	0	0	0	0	0	0	0	0	0	0	0	0	0	0	3
0	0	0	0	0	0	0	0	0	0	0	0	0	0	0	0	0	0	0	0	0	0	0	0	6	0	0	0	0	0	0
0	0	8	0	3	0	0	3	0	3	0	1	0	0	2	0	7	1	0	0	1	0	7	0	0	0	0	0	0	0	0
5	0	4	6	17	0	0	11	0	7	0	2	0	0	4	0	7	0	0	7	8	0	12	4	0	0	0	0	3	0	0
0	0	0	0	0	0	0	0	0	0	0	0	0	0	0	0	0	0	0	7	0	0	0	2	0	0	0	0	0	7	0
0	0	0	0	0	0	0	0	0	2	0	0	0	0	0	0	0	0	0	0	0	0	0	0	0	0	0	0	0	0	0
0	0	0	0	3	0	0	2	0	0	0	0	0	0	2	0	2	0	0	0	0	0	0	0	0	0	0	0	0	0	0
0	3	0	0	0	0	6	0	6	0	0	2	0	0	0	0	3	2	0	0	0	0	0	0	6	4	0	0	0	4	0
10	5	3	5	0	0	6	0	8	2	0	0	0	0	0	0	4	2	0	2	0	0	0	5	0	0	0	3	2	0	0
0	0	0	0	0	3	0	0	0	0	0	0	0	0	0	0	0	0	0	0	0	0	0	0	0	0	0	0	0	0	0
0	0	0	0	3	2	0	0	0	0	0	0	0	0	0	0	0	0	0	0	0	0	0	0	0	0	6	0	0	0	0
0	5	0	2	3	0	3	0	0	0	0	0	0	0	3	0	0	0	0	0	0	0	6	2	0	5	0	4	6	0	0
0	0	0	0	0	0	0	0	1	0	0	0	0	0	0	0	0	0	2	0	0	10	0	0	0	0	0	0	0	0	0
0	0	0	0	0	0	0	0	0	0	0	5	0	0	0	0	0	0	0	0	0	0	0	3	0	0	0	0	0	0	0
0	0	0	0	0	0	0	0	0	0	0	0	0	0	0	0	0	0	0	0	0	0	0	2	0	0	0	0	0	0	0
0	0	3	0	2	0	0	4	0	3	0	3	0	0	0	0	0	0	0	0	0	0	0	0	0	0	0	0	0	0	0
0	4	0	2	0	0	6	0	0	0	0	0	0	0	0	0	0	14	0	0	0	0	0	0	4	9	0	2	5	14	2
0	0	0	0	0	0	0	0	0	3	0	0	0	0	0	0	0	0	0	4	0	0	0	0	0	0	0	0	0	0	0
9	5	5	0	2	12	8	4	14	5	0	0	0	2	0	0	0	9	2	1	13	0	0	5	4	2	0	0	0	6	0
0	2	1	0	4	1	0	1	0	0	0	4	8	0	0	0	0	0	0	0	0	0	5	9	0	0	0	0	11	0	0
0	8	0	0	0	0	5	0	3	0	0	0	0	0	0	0	0	9	0	0	0	0	0	0	3	5	0	0	5	0	0
0	0	0	0	0	0	0	0	0	0	0	0	0	0	0	0	0	4	0	0	0	0	0	0	0	0	0	0	0	0	0
0	0	0	0	0	0	0	0	0	0	0	0	0	0	0	0	0	0	0	0	0	0	0	0	0	0	0	0	0	3	0
0	0	0	0	0	0	0	0	0	0	0	0	0	0	0	0	0	0	0	0	0	0	0	0	0	0	7	0	0	0	0
0	9	0	0	0	0	8	0	4	0	0	0	0	0	0	0	0	11	0	0	5	0	0	0	4	11	0	0	0	5	0
3	0	31	0	2	0	0	3	0	31	0	45	0	0	2	0	9	0	0	14	0	0	6	3	0	0	0	0	6	0	0
0	9	0	0	2	0	4	0	0	0	0	0	0	0	0	0	0	9	0	0	0	0	0	0	0	9	0	3	0	14	0
0	0	5	0	25	0	2	34	0	0	0	0	14	0	19	0	6	0	0	0	9	0	36	0	0	0	0	0	0	0	0
0	0	0	0	0	0	0	0	0	0	0	0	0	0	0	0	0	2	0	0	0	0	0	0	0	4	0	3	0	0	0
0	2	0	0	0	0	0	0	6	0	0	0	0	0	0	0	0	2	0	0	0	0	0	0	0	0	0	0	0	7	0
0	0	0	0	0	0	0	0	2	0	0	0	0	0	0	0	0	0	0	0	0	0	0	0	0	0	0	0	0	0	0
0	0	0	0	0	0	0	0	0	0	0	0	0	0	0	0	0	0	0	0	0	0	0	1	0	0	0	0	0	0	0
2	0	0	0	0	0	0	0	0	0	0	0	0	0	0	0	0	0	0	0	0	0	0	0	0	0	12	0	0	0	0
0	0	0	0	0	0	0	0	0	0	0	0	0	0	0	0	0	0	3	0	0	0	0	0	0	0	0	0	0	0	0
15	4	56	2	27	0	0	23	0	25	0	29	0	0	29	0	31	0	0	11	0	0	38	4	0	0	0	0	4	5	0
2	0	0	0	0	0	0	0	0	0	0	0	0	0	0	0	0	0	3	0	0	0	0	0	0	0	0	0	0	0	0
0	0	0	0	0	0	0	0	0	0	0	0	9	0	0	0	0	0	0	0	0	0	0	0	0	0	0	0	0	0	0
0	0	0	0	0	0	0	0	0	0	0	0	0	3	0	0	0	0	2	0	0	0	0	0	0	0	0	0	0	0	0
0	0	0	0	0	0	0	0	0	0	0	0	0	0	0	0	0	0	0	0	0	0	0	0	0	0	0	0	0	14	0
0	0	5	0	0	0	0	0	0	0	0	17	0	0	0	0	0	0	0	0	0	0	0	0	0	0	0	0	0	0	0
0	0	0	0	2	0	0	5	0	0	0	0	4	0	0	0	0	0	0	0	0	0	2	2	0	0	0	0	0	0	0
0	0	0	0	0	0	0	0	0	0	0	0	0	0	0	0	0	0	0	0	0	0	0	0	0	0	26	0	0	0	0
0	0	0	0	0	0	0	0	6	0	0	0	0	0	0	0	0	0	0	0	0	0	0	0	0	0	0	0	0	0	0
0	11	0	0	0	0	5	0	4	0	0	0	0	0	0	0	0	9	0	0	0	0	0	0	0	13	0	5	0	0	0
0	0	0	0	9	0	0	10	0	2	0	0	0	0	6	0	7	0	0	0	0	0	18	0	0	0	0	0	0	0	0
0	0	2	0	0	0	0	0	0	0	0	0	0	0	0	0	0	0	0	0	0	0	0	3	0	0	0	0	0	0	0
5	0	0	12	0	0	0	0	0	0	0	0	0	0	0	0	0	0	0	0	0	0	0	0	0	0	0	0	0	0	0
0	0	4	0	1	0	0	2	0	1	0	0	0	0	2	0	2	0	0	0	0	0	0	5	0	0	0	0	0	0	0
21	0	0	0	0	0	0	0	0	0	0	0	0	0	0	0	0	0	0	0	0	0	0	9	0	0	0	0	0	0	0
4	0	34	2	0	0	0	2	5	23	0	25	0	0	0	0	0	0	0	11	0	0	0	2	0	0	0	0	0	0	0
0	0	0	0	0	0	0	0	0	0	0	0	0	0	0	0	0	0	2	0	0	0	0	0	0	0	0	0	0	0	0
0	0	0	0	0	0	0	0	0	0	0	0	0	0	0	0	0	0	0	0	0	0	0	0	4	0	0	0	0	0	0
5	0	3	15	13	0	0	7	0	10	0	7	0	0	12	0	11	0	0	3	18	5	11	9	0	3	0	0	20	0	0
0	8	0	0	0	0	0	0	7	0	0	0	0	0	0	0	0	3	0	0	0	0	0	0	6	5	0	3	0	6	0
0	3	0	0	0	0	8	0	2	0	0	0	0	0	0	0	0	0	0	0	0	0	0	0	5	8	0	0	0	0	0
0	2	0	0	0	0	3	0	0	0	0	0	0	0	0	0	0	2	0	0	0	0	0	0	0	0	0	12	0	0	0
0	0	2	22	0	0	0	0	0	2	0	4	0	0	0	0	0	0	0	0	0	0	0	3	0	0	0	0	0	0	0
2	0	4	9	30	0	0	30	0	23	0	12	0	0	18	0	0	0	0	7	26	0	23	0	0	0	0	0	2	0	0
0	0	0	0	0	0	0	0	0	0	0	0	0	0	0	0	0	0	2	0	0	0	0	0	0	0	0	0	0	0	0
0	4	0	6	0	0	0	3	0	0	0	0	0	0	0	0	12	0	0	0	0	2	1	0	0	5	0	0	0	0	0
0	0	0	0	0	0	0	0	0	0	0	0	0	0	0	3	0	0	0	0	0	0	0	0	0	0	0	0	0	0	0
0	0	0	0	0	0	0	0	0	0	0	0	0	0	0	0	0	0	0	0	0	0	0	1	0	0	0	0	0	0	0
7	0	0	0	0	0	0	0	0	0	0	0	0	0	0	0	1	0	0	0	0	0	0	0	0	0	0	0	0	0	0
0	18	0	0	0	0	10	0	2	0	0	0	0	0	0	0	0	5	0	0	8	0	0	0	2	0	0	0	0	2	0
0	0	0	0	0	0	0	0	0	0	0	0	0	6	0	0	0	0	8	0	0	2	0	0	0	0	2	0	5	0	0
3	12	0	0	15	3	2	13	5	0	0	0	16	0	10	0	11	3	4	0	10	0	18	0	0	0	0	0	0	3	0
0	0	0	0	0	0	0	0	0	0	0	0	0	0	2	0	0	0	0	0	0	0	0	0	0	0	0	0	0	0	0
3	2	3	3	0	3	2	0	97	0	0	4	0	2	0	0	4	4	1	0	0	0	0	6	32	0	0	40	0	13	0
0	0	0	3	0	85	0	0	0	0	0	0	0	40	3	5	0	0	29	0	0	20	3	5	0	0	4	0	5	0	18
5	2	0	0	2	0	2	0	5	3	0	2	0	0	6	0	0	2	0	5	0	2	7	0	0	0	0	0	0	2	2
0	0	0	0	0	0	0	0	0	0	0	0	0	0	0	0	0	0	2	0	0	0	0	0	0	0	0	0	0	0	0
0	0	0	0	0	0	0	0	0	0	0	0	0	0	0	0	0	0	0	0	0	0	3	0	0	0	0	0	0	0	0
0	2	0	0	0	0	0	0	0	0	0	0	0	0	0	0	0	2	0	0	0	0	0	0	0	2	0	1	0	0	0
0	5	0	0	0	0	0	0	4	0	0	0	0	0	0	0	0	0	0	0	0	0	0	0	0	0	0	4	0	0	0
0	2	0	0	0	0	0	0	0	0	0	0	0	0	0	0	0	0	0	0	0	0	0	0	0	0	0	0	0	6	0
0	0	0	0	0	0	0	0	0	0	94	0	0	0	0	2	0	0	0	0	0	0	0	0	0	0	0	0	0	0	0
0	0	0	0	37	2	0	10	1	0	0	5	0	0	21	0	9	0	3	2	5	14	33	0	0	1	0	2	0	1	0
0	0	0	0	0	0	0	0	0	0	0	0	0	3	0	0	0	0	2	0	0	0	0	0	0	0	0	0	0	0	0
3	0	16	0	0	0	0	3	0	36	0	34	0	0	1	0	0	0	0	14	0	0	0	6	0	0	0	0	3	0	0
1	0	0	0	0	0	0	0	0	0	0	0	0	0	0	0	0	0	0	3	0	0	0	0	0	0	0	0	0	0	0
0	0	0	0	0	0	0	0	0	0	0	0	0	0	0	0	0	0	0	0	0	0	0	0	0	0	0	3	0	0	0
5	4	0	0	2	7	4	2	11	3	0	4	0	44	5	2	0	8	42	4	0	5	3	12	2	4	0	38	9	2	13
219	0	0	1	0	120	6	0	1	0	301	0	21	22	0	26	0	0	74	0	0	7	0	28	4	0	235	5	28	11	21
3	0	0	0	6	0	0	1	0	2	0	4	7	0	5	0	3	0	0	0	0	0	6	0	0	0	0	0	0	5	0
0	0	0	0	0	0	0	0	2	0	0	0	0	0	2	0	0	0	0	0	0	0	0	0	0	0	0	0	0	0	0
0	2	0	0	9	0	0	2	0	2	0	2	0	0	3	0	4	0	0	0	0	0	7	0	0	0	0	0	2	0	0
0	0	0	0	2	0	2	0	0	0	0	0	0	0	0	0	0	0	0	0	0	0	0	2	0	0	0	0	0	0	0
0	0	0	0	0	0	0	0	0	0	0	0	0	0	0	0	0	0	6	0	0	0	0	0	0	0	0	0	0	0	4
0	7	0	0	0	0	6	0	8	0	0	0	0	0	0	0	0	8	0	0	3	0	0	0	2	7	0	5	0	4	0
0	0	0	0	0	0	0	0	0	0	5	0	0	0	0	0	0	0	0	0	0	0	0	0	0	0	0	0	0	0	0
0	19	0	0	0	0	15	0	11	0	0	0	0	0	0	0	0	29	0	3	4	0	0	0	19	28	0	10	0	6	0
0	0	0	0	0	0	3	0	0	0	0	0	0	0	0	0	0	1	0	0	0	0	0	0	0	0	0	0	0	0	0
0	0	0	0	0	0	0	0	0	0	0	0	0	0	2	0	0	0	0	0	0	0	0	0	0	0	0	0	0	0	0
0	2	0	0	5	0	0	8	0	0	0	0	0	0	0	0	8	0	0	0	8	0	5	0	0	0	0	0	0	0	0
0	0	0	0	0	0	0	0	0	0	0	0	0	0	0	0	0	0	0	0	0	0	0	0	0	0	2	0	0	0	0
0	182	0	0	0	0	222	0	201	0	0	0	0	0	0	0	0	243	0	0	0	0	0	0	140	206	0	67	2	104	0
0	0	0	0	0	0	0	0	0	0	0	0	0	0	0	0	0	0	0	0	0	0	0	2	0	0	0	0	0	0	0
0	0	0	0	0	0	0	0	0	0	0	0	0	0	0	0	0	0	0	0	0	0	0	0	0	0	38	0	0	0	0
0	0	0	0	0	0	0	0	0	0	0	0	0	0	0	0	0	1	0	0	0	0	0	0	0	0	0	0	0	4	0
0	0	0	0	0	0	0	0	0	0	0	0	0	0	0	0	0	0	0	0	5	0	0	0	0	0	0	0	0	0	0
0	3	0	0	0	0	4	0	7	0	0	0	0	0	0	0	0	10	0	0	0	0	0	0	3	5	0	0	2	0	0
0	0	0	0	0	0	0	0	0	0	0	0	0	0	0	0	0	0	0	0	0	7	0	0	0	0	0	0	0	0	0
0	0	0	0	0	1	0	0	0	0	0	0	0	0	0	0	0	0	0	0	0	0	0	0	0	0	0	0	0	0	0
0	0	0	0	0	0	0	2	0	0	0	0	0	0	0	0	0	0	0	0	0	0	0	0	0	0	0	0	0	0	0
0	4	0	0	0	0	7	0	6	0	0	0	0	0	0	0	0	17	0	0	0	0	0	0	4	7	0	10	0	10	0
0	0	0	0	0	5	0	0	0	0	0	0	0	0	0	0	0	0	0	0	0	0	0	0	0	0	0	0	2	0	0
7	0	4	16	0	0	0	0	0	2	0	0	0	0	0	0	0	0	0	2	4	0	0	3	0	0	0	0	31	0	0
0	0	2	1	0	0	0	0	0	0	0	0	0	0	0	0	0	0	0	1	0	0	1	3	0	0	0	0	0	0	0
0	0	0	0	0	0	0	2	0	0	0	0	0	0	0	0	0	0	0	0	0	0	0	0	0	0	0	0	0	0	0
0	0	0	0	0	4	0	0	0	0	0	0	8	9	0	12	0	0	1	0	4	6	0	0	2	0	1	3	0	0	30
0	0	0	0	0	0	0	0	0	0	0	0	0	0	0	0	0	2	0	0	0	0	0	0	0	0	0	0	3	0	0
0	0	2	0	0	0	0	0	0	0	0	0	0	0	0	0	0	0	0	0	0	0	0	0	0	0	0	0	0	0	0
0	0	0	0	0	0	0	0	0	0	0	0	10	0	0	0	0	0	0	0	0	0	0	0	0	0	0	0	0	0	0
0	0	0	0	0	0	0	0	0	0	0	0	0	0	0	0	0	0	2	0	0	0	0	0	0	0	4	0	0	0	0
0	0	0	0	0	0	0	0	0	0	0	0	0	0	2	0	0	0	0	0	0	0	0	0	0	0	0	0	0	0	0
0	0	0	0	0	0	0	0	0	3	0	0	0	0	0	0	0	0	0	0	0	0	0	0	0	0	0	0	3	0	0
0	0	0	0	0	0	0	0	0	0	0	0	0	0	0	9	0	0	0	0	0	0	0	0	0	0	9	0	0	0	0
2	2	3	5	3	0	0	4	0	2	0	0	0	0	0	0	6	2	0	0	7	2	0	0	0	0	0	0	7	0	0
8	0	0	0	0	0	0	0	0	0	0	0	0	0	0	0	0	0	0	0	0	0	0	0	0	0	0	0	0	0	0
2	3	0	0	0	56	0	0	0	0	0	0	0	21	0	3	0	0	15	2	0	2	0	0	0	0	0	3	2	12	5
0	0	0	0	0	0	0	0	25	0	0	0	0	0	0	0	4	0	0	0	0	0	0	0	1	0	0	0	0	0	0
0	5	0	0	0	0	0	0	0	0	0	0	0	0	0	0	0	0	0	0	0	0	0	0	0	2	0	0	0	3	0
7	2	4	11	2	0	6	0	4	0	0	3	0	13	4	0	0	2	5	2	0	14	0	7	4	2	0	9	9	10	12
0	2	0	0	0	4	3	0	5	0	0	0	0	0	0	0	0	6	4	0	3	7	0	2	0	2	0	0	7	1	0
0	0	0	0	0	0	0	0	0	0	0	0	0	0	0	0	0	0	0	0	0	0	0	0	0	0	23	0	0	0	0
0	0	0	0	0	2	0	0	0	0	0	0	0	0	0	2	0	0	0	0	0	0	0	0	0	0	0	0	0	0	0
0	0	0	0	0	0	0	0	0	0	0	0	0	0	0	0	0	0	0	0	0	0	0	0	0	0	23	0	0	0	0
3	0	5	18	6	0	0	8	0	10	0	2	0	0	3	0	0	0	0	9	17	0	4	8	0	0	0	0	16	0	0
0	5	0	0	2	0	0	2	0	3	0	2	0	0	0	0	0	3	0	0	7	0	8	0	2	2	0	0	2	0	0
0	0	0	0	0	0	0	0	0	0	0	0	0	0	0	0	0	0	0	0	0	0	0	0	6	0	0	0	0	0	0
0	0	0	0	0	0	0	0	0	0	0	0	0	0	3	0	0	0	0	0	0	0	2	0	0	0	0	0	0	0	0
0	0	0	0	0	0	0	0	0	0	0	0	0	0	3	0	0	0	0	0	0	20	0	0	0	0	0	0	0	0	0
0	0	0	64	0	0	0	0	0	0	0	0	0	0	0	0	0	0	0	0	0	0	0	0	0	0	0	0	0	0	0
0	0	0	0	0	0	0	0	0	0	0	2	0	0	10	0	0	0	0	0	0	0	0	0	0	2	0	0	0	0	0
2	0	0	0	0	0	0	0	0	0	0	4	0	0	0	0	0	0	0	2	0	0	0	0	0	0	0	0	0	0	0
0	0	0	0	2	0	0	0	6	0	0	0	0	0	0	0	0	0	0	0	0	0	0	0	0	0	0	0	0	0	0
0	0	0	0	0	0	0	2	2	0	0	0	0	0	0	0	0	0	3	0	0	0	0	0	0	0	0	0	0	0	2
21	0	0	0	0	0	0	0	0	0	0	0	0	0	0	0	0	0	0	0	0	0	0	3	0	0	0	0	0	0	0
0	0	1	0	0	0	0	0	0	6	0	8	0	0	0	0	0	0	0	2	0	0	0	2	0	0	0	0	0	0	0
5	0	0	0	0	65	0	0	0	3	3	2	0	527	5	21	0	0	328	0	0	30	0	2	0	0	98	0	2	0	151
0	2	0	0	0	1	0	0	0	0	0	0	0	7	0	2	0	0	1	0	0	0	0	0	0	3	0	0	0	2	2
0	0	0	0	0	0	0	0	0	0	0	0	0	0	0	0	0	0	0	0	0	0	0	0	0	0	0	0	0	11	0
0	0	0	0	0	0	0	0	7	0	0	0	0	0	0	0	0	0	0	0	0	0	0	0	6	0	0	0	0	0	0
0	0	0	0	0	12	0	0	0	0	0	0	0	0	0	0	0	0	0	0	0	0	0	0	0	0	0	0	0	0	0
0	0	0	0	0	0	0	0	0	0	0	0	0	0	0	0	0	0	0	0	0	0	0	0	0	0	0	5	0	0	0
0	0	0	0	0	0	0	0	0	0	0	0	0	0	0	0	0	0	0	0	0	0	0	0	0	0	0	0	0	0	5
2	0	2	0	0	0	0	0	0	3	0	4	0	0	0	0	0	0	0	0	0	0	0	6	0	0	0	0	0	3	0
0	0	4	0	0	0	0	2	0	0	0	0	0	0	0	0	0	0	0	0	0	0	0	0	0	0	0	0	0	0	0
0	0	0	0	0	0	0	0	0	0	0	0	0	0	0	0	0	0	0	0	0	1	0	0	0	0	0	0	0	0	0
0	0	0	0	0	3	0	0	0	0	0	0	0	0	0	0	0	0	0	0	0	0	0	0	0	0	0	0	0	0	10
0	0	0	0	3	0	0	2	3	0	0	0	0	0	0	0	0	0	0	0	0	0	0	0	0	0	0	0	0	0	0
0	2	0	4	0	0	0	0	0	0	0	0	0	0	0	0	0	0	0	0	2	0	0	0	0	0	0	0	1	0	0
0	0	0	0	0	0	0	0	0	0	0	0	0	0	0	0	0	0	2	0	0	0	0	0	0	0	0	0	0	0	0
4	0	0	0	0	0	0	0	0	3	0	0	0	0	0	0	0	0	0	0	0	0	0	2	0	0	0	0	3	0	0
0	0	0	0	0	0	1	0	0	0	0	0	0	1	0	0	0	0	0	0	0	3	0	0	0	0	0	0	0	0	0
2	0	0	0	0	0	0	0	0	0	0	0	0	0	0	0	0	0	0	0	0	0	0	0	0	0	0	0	0	0	0
0	2	0	0	0	0	3	0	0	0	0	0	0	0	0	0	0	2	0	0	0	0	0	2	0	0	0	0	0	0	0
0	0	0	0	0	0	2	0	0	0	0	0	0	0	0	0	4	0	0	0	0	3	0	0	0	0	0	0	0	0	0
0	0	0	0	0	0	3	0	0	0	0	0	0	0	0	0	0	0	0	0	0	0	0	0	0	0	0	0	0	0	0
0	0	0	0	0	1	0	0	0	0	0	0	0	0	0	0	0	0	0	0	0	0	0	0	0	0	0	0	0	0	0
0	0	0	0	0	0	0	0	0	0	0	0	0	0	0	0	0	0	0	0	0	2	0	0	0	0	0	0	0	0	0
0	0	0	0	0	0	0	0	0	0	0	0	0	0	0	0	0	0	2	0	0	0	0	0	0	0	0	0	0	0	0
0	27	2	0	12	0	23	2	16	0	0	2	0	0	5	0	0	39	0	6	1	0	0	0	2	23	0	8	0	6	0
0	0	0	0	0	0	0	0	3	0	0	0	0	0	0	0	0	0	0	0	0	0	0	0	1	0	0	0	0	0	2
0	2	0	0	0	0	0	0	2	0	0	0	0	0	0	0	0	0	0	0	0	0	0	0	2	0	0	2	0	11	0
0	0	0	0	0	0	0	0	0	0	0	0	0	0	0	0	0	0	0	0	0	2	0	0	0	0	0	0	0	0	0
0	0	0	0	0	0	0	0	0	0	0	0	0	0	0	0	0	0	0	0	0	0	0	0	0	0	0	0	0	3	0
0	3	0	0	0	0	1	0	0	0	0	0	0	0	0	0	0	0	0	0	0	0	0	0	8	1	0	0	0	1	0
0	0	0	0	0	0	0	0	4	0	0	0	0	0	0	0	0	0	0	0	0	0	0	0	5	0	0	0	0	0	0
0	0	0	2	0	0	2	0	0	2	0	0	0	0	0	0	0	2	0	2	0	0	0	4	0	0	0	0	0	0	0
0	0	0	0	0	0	2	0	0	0	0	0	0	0	0	0	0	4	0	0	0	0	0	0	0	2	0	0	0	5	0
5	0	0	0	0	0	0	0	0	0	0	0	0	0	0	0	0	0	0	0	0	0	0	2	0	0	0	0	0	0	0
0	0	0	0	0	0	0	0	0	0	0	0	0	0	6	0	0	0	0	0	0	0	2	0	0	0	0	0	3	0	0
0	0	0	0	0	0	0	0	0	0	0	0	0	0	0	0	0	0	0	0	0	0	0	0	0	0	0	0	3	0	0
0	0	0	0	0	0	2	0	0	0	0	0	0	0	0	0	0	0	0	0	0	0	0	2	0	0	0	0	0	0	0
0	0	0	0	0	1	0	0	0	0	0	0	0	5	0	0	0	0	0	0	0	9	0	0	2	0	0	0	0	0	8
0	0	0	0	0	0	0	0	0	0	0	0	0	2	0	0	0	0	2	0	0	0	0	0	0	0	0	0	0	0	0
0	0	0	0	23	0	0	14	0	0	0	2	0	0	11	0	5	0	0	0	11	0	15	4	0	0	0	0	0	0	0
3	0	0	0	0	9	0	0	0	0	5	4	0	7	0	0	0	3	6	0	0	0	0	0	0	0	0	0	0	2	2
15	0	0	0	0	0	4	0	0	0	0	0	0	0	0	0	0	0	0	0	0	0	0	0	0	0	0	0	7	0	0
0	3	0	0	0	0	2	0	0	0	0	0	0	0	0	0	0	5	0	0	0	0	0	0	0	5	0	0	5	4	0
0	0	0	0	0	0	0	0	0	0	0	0	0	0	0	0	0	0	0	0	0	0	0	0	0	0	4	0	0	0	0
0	0	0	0	0	0	0	0	2	0	0	0	0	0	0	0	0	0	0	0	0	0	0	0	0	0	0	0	0	0	0
0	0	0	0	0	0	0	0	0	0	0	0	0	0	0	0	0	0	6	0	0	0	0	0	0	0	0	0	0	0	0
3	16	0	22	2	0	3	0	6	4	0	0	0	0	0	0	0	23	0	0	16	0	0	0	7	12	0	11	2	23	0
5	0	0	28	0	0	0	0	0	0	0	0	0	0	0	0	0	0	0	0	0	0	0	0	0	0	0	0	0	0	0
0	3	0	0	0	0	2	0	4	0	0	0	0	0	0	0	0	0	0	0	0	0	0	0	0	2	0	0	0	2	0
0	0	0	0	0	4	0	0	6	4	0	0	0	0	0	2	0	0	0	0	0	0	0	0	0	0	0	0	0	0	0
0	0	0	0	0	0	0	0	6	0	0	0	0	0	0	0	0	5	0	0	0	0	0	0	0	0	0	0	0	2	0
0	0	2	0	2	0	0	0	0	0	0	0	0	0	0	0	2	0	0	0	0	0	4	0	0	0	0	0	0	0	0
0	0	0	0	2	0	0	0	0	0	0	0	0	0	0	0	0	0	0	0	0	0	3	0	0	0	0	0	0	0	0
2	48	6	69	6	0	7	0	20	13	0	13	0	0	3	0	1	18	0	4	15	0	1	4	28	33	0	2	6	5	0
0	0	0	0	0	4	0	0	6	0	8	0	0	0	0	37	0	0	0	0	0	0	0	0	0	0	26	0	4	0	0
0	0	0	0	0	0	0	0	0	0	0	0	0	0	0	0	0	0	0	0	0	0	0	0	0	0	0	2	0	0	0
0	0	2	5	7	0	0	0	0	4	0	0	0	0	0	0	0	0	0	0	4	0	2	0	0	0	0	0	5	0	0
0	4	0	0	0	0	4	0	0	0	0	0	0	0	0	0	0	5	0	0	0	0	0	0	0	0	0	0	0	0	0
0	0	0	0	0	0	0	0	0	0	0	0	0	0	0	0	0	0	0	0	0	0	0	0	0	0	0	0	0	6	0
0	0	0	0	0	0	0	0	0	0	74	0	0	0	0	0	0	0	0	0	0	0	0	0	0	0	0	0	0	0	0
2	0	0	0	0	0	0	0	0	0	0	0	0	0	0	0	0	0	0	0	0	0	0	0	0	0	0	0	0	0	0
0	0	0	0	0	0	0	2	0	0	0	0	0	0	0	0	0	0	0	0	0	0	0	0	0	0	0	0	0	0	0
0	0	0	0	0	0	0	0	0	0	0	0	0	3	0	0	0	0	0	0	0	0	0	0	0	0	0	0	0	0	0
0	0	0	0	0	0	0	0	2	0	0	0	0	0	0	0	0	0	0	0	0	0	0	0	0	0	0	0	0	0	0
0	2	0	0	0	0	0	0	0	0	0	0	0	0	0	0	2	0	0	0	0	0	0	0	0	0	0	0	0	0	0
5	0	0	0	0	0	0	0	0	0	0	0	0	0	4	0	0	0	0	0	0	0	0	0	0	0	0	0	0	0	0
0	0	0	0	0	0	0	0	0	0	0	0	0	0	1	0	0	0	0	0	0	0	0	0	0	0	0	0	0	0	0
0	0	0	0	0	43	0	0	7	3	0	2	0	51	0	0	0	0	57	0	0	6	0	0	0	0	18	0	0	0	0
0	0	0	0	0	4	0	0	0	0	0	0	0	0	0	0	0	0	0	0	0	0	0	0	0	0	0	0	0	0	0
0	0	0	0	0	0	0	0	0	0	0	0	10	0	0	0	0	0	0	0	0	0	0	0	0	0	0	0	0	0	0
3	0	0	1	0	0	0	0	0	0	0	0	0	0	3	0	0	0	0	0	0	0	0	0	0	2	0	0	12	0	0
29	24	7	62	9	0	9	0	4	11	0	13	0	0	4	0	0	12	0	3	28	0	0	11	7	12	0	0	57	2	0
0	0	0	0	0	0	0	0	0	0	0	19	0	0	0	0	0	0	0	0	0	0	0	0	32	0	0	0	0	24	0
0	6	0	0	0	0	5	0	2	0	0	0	0	0	0	0	0	6	0	2	2	0	0	0	0	11	0	7	0	7	0
0	0	2	0	0	0	0	0	0	0	0	0	0	0	0	0	0	0	0	0	0	0	0	0	1	2	0	13	0	0	0
0	0	0	0	15	0	0	6	0	0	0	0	0	0	16	0	4	0	0	0	0	0	23	0	0	0	0	0	0	0	0
0	0	0	0	0	0	0	0	0	0	0	0	0	0	0	0	0	0	0	0	0	0	0	0	0	0	4	0	0	0	0
0	0	0	0	0	0	0	0	0	0	0	0	0	0	0	0	0	0	0	0	0	2	0	3	0	0	0	0	0	0	0
38	10	17	15	0	0	25	5	16	11	0	3	0	0	2	0	0	6	0	10	0	18	0	10	0	9	2	24	14	2	0
0	0	0	0	0	0	0	0	0	0	0	0	0	0	0	0	5	0	0	0	7	0	0	0	0	0	0	0	0	0	0
0	2	0	0	0	0	4	0	0	0	0	0	0	0	0	0	0	4	0	0	0	0	0	0	0	4	0	0	0	0	0
0	0	3	4	11	0	1	14	1	12	0	8	0	0	14	0	0	0	0	6	6	0	12	1	0	0	0	0	0	1	0
0	0	0	0	0	0	0	1	0	0	0	0	0	0	0	0	0	0	0	0	0	0	0	0	0	0	0	0	0	0	0
0	0	0	0	0	0	0	0	0	0	0	0	0	0	0	0	0	0	0	0	0	0	0	0	0	0	0	0	0	0	1
0	0	0	0	0	1	0	0	0	0	2	0	0	0	0	0	0	0	0	0	0	0	0	0	0	0	0	0	0	0	0
0	0	0	0	0	0	0	0	0	0	0	0	0	0	0	0	0	0	0	0	0	0	0	0	0	0	12	0	0	0	0
0	0	0	0	0	0	0	0	13	0	0	11	27	0	0	0	31	3	0	0	0	0	0	0	43	2	0	35	2	23	0
0	0	2	0	5	0	0	1	0	0	0	0	0	0	0	0	4	0	0	1	0	0	0	2	0	0	0	0	0	0	0
0	5	0	0	2	0	4	0	3	0	0	0	0	0	0	0	0	2	0	0	6	0	0	0	4	0	0	0	0	0	0
0	8	0	0	0	0	17	0	11	0	0	0	0	0	0	0	0	34	0	0	0	0	0	0	4	8	0	0	0	8	0
0	0	0	0	1	0	0	0	0	0	0	0	0	0	0	0	2	0	0	0	4	0	3	0	0	0	0	0	0	0	0
0	0	0	0	0	0	0	0	0	0	0	0	0	0	0	0	0	0	0	0	0	0	0	0	0	0	3	0	0	0	0
1	0	0	1	99	0	0	104	0	0	0	0	1	0	81	0	18	0	0	0	5	0	56	9	0	0	0	0	5	0	0
0	0	0	0	0	0	0	0	0	0	0	2	0	0	0	0	0	0	0	0	0	0	0	0	0	0	0	0	0	0	0
0	0	0	0	0	0	0	0	0	0	0	0	0	0	0	0	0	0	0	0	0	0	0	2	0	0	0	0	0	2	0
0	0	0	0	0	0	0	0	0	0	0	0	0	0	0	0	0	0	0	0	0	0	2	0	0	0	0	0	0	3	0
0	4	0	0	0	0	0	1	0	0	0	0	0	0	0	0	0	2	0	0	0	0	0	0	0	5	0	0	0	0	0
0	2	0	0	0	0	0	0	0	0	0	0	0	0	0	0	0	0	18	0	0	8	2	0	0	0	0	6	0	0	8
0	0	0	0	0	0	0	0	0	0	0	0	0	0	0	0	0	2	0	3	0	0	0	0	0	0	0	0	0	0	0
2	12	2	0	3	0	2	1	3	3	0	0	0	0	0	0	0	13	0	2	0	0	0	1	0	11	0	4	0	4	0
0	0	2	0	4	0	0	0	0	0	0	5	0	0	0	0	0	0	0	0	1	3	0	0	0	0	0	1	0	1	0
0	0	0	0	6	0	0	4	0	0	0	0	0	0	11	0	14	0	0	0	0	0	10	0	0	0	0	0	0	0	0
0	0	0	0	0	0	0	0	0	0	0	0	0	0	0	0	0	0	0	0	0	0	0	0	0	0	0	10	0	0	0
2	0	0	0	5	0	0	1	0	0	0	0	0	2	3	0	0	0	0	0	0	6	3	0	0	0	0	0	0	0	0
0	0	0	0	0	0	0	2	0	0	0	0	0	0	0	0	0	0	0	0	0	0	0	0	0	0	0	0	0	0	0
0	0	0	3	0	0	0	0	0	0	0	0	0	0	0	0	0	0	0	0	0	0	0	2	0	0	0	0	5	0	0
0	0	0	0	0	0	2	0	0	0	0	0	0	0	0	0	0	0	0	0	0	0	0	0	0	0	0	0	0	0	0
19	22	28	48	7	0	34	13	6	40	0	29	0	0	4	0	12	23	0	16	55	0	12	20	9	25	0	9	34	13	0
0	0	0	0	0	0	0	0	0	0	0	3	0	0	0	0	0	0	0	0	0	0	0	0	0	0	0	0	0	0	0
0	0	2	0	0	0	5	0	0	2	0	6	0	0	0	0	0	0	0	0	0	0	0	0	0	0	0	0	0	0	0
0	2	0	0	0	0	1	0	0	0	0	0	0	0	0	0	0	8	0	0	0	0	0	0	0	11	0	0	0	5	0
0	0	0	0	0	0	0	0	0	0	0	0	0	0	0	0	0	0	0	0	0	1	0	0	0	0	0	0	0	0	0
0	0	0	0	0	0	0	0	0	0	0	0	0	0	0	0	0	0	4	0	0	2	0	0	0	0	0	0	0	0	0
0	0	0	0	0	0	0	0	0	0	0	0	0	0	0	0	0	0	0	0	0	1	0	0	0	0	0	0	0	0	0
5	129	12	7	0	0	97	0	19	7	0	9	0	19	0	0	0	96	34	6	0	22	0	8	19	142	0	16	0	55	35
0	4	2	9	7	0	3	3	0	3	0	4	0	0	0	0	0	6	0	2	5	0	7	6	3	5	0	0	0	0	0
0	17	2	0	1	0	17	8	7	0	0	0	0	0	2	0	0	12	0	0	4	0	1	0	1	15	0	0	0	10	0
0	0	0	0	2	0	0	3	0	3	0	0	0	0	0	0	2	0	0	0	0	0	0	2	0	0	0	0	0	0	0
0	0	0	0	0	0	0	0	0	0	0	3	0	0	0	0	0	0	0	0	0	0	0	0	0	0	0	0	0	0	0
0	0	0	0	0	0	0	0	0	0	0	0	0	0	0	0	0	0	0	0	0	2	0	0	0	0	0	0	0	0	0
0	0	0	0	2	0	0	0	0	0	0	0	0	0	0	0	0	0	0	0	0	0	4	0	0	0	0	0	0	0	0
3	2	0	2	3	11	4	3	5	2	0	0	0	9	0	3	0	5	13	3	0	3	0	7	0	7	0	4	5	0	0
0	3	0	0	0	0	0	0	0	0	0	0	0	0	0	0	0	0	0	0	0	0	0	0	2	0	0	0	0	0	0
0	0	0	0	0	0	2	0	0	0	0	0	0	0	0	0	2	0	0	0	0	0	0	0	0	2	0	0	0	0	0
0	0	0	2	0	0	0	0	4	0	0	0	0	0	0	0	0	0	0	0	8	0	0	0	0	3	0	0	0	0	0
2	0	3	0	0	0	0	0	0	4	0	2	0	0	0	0	0	0	0	0	0	2	0	0	0	0	0	0	0	0	0
0	0	0	0	0	13	0	0	0	0	0	0	0	0	0	0	0	0	0	0	0	0	0	0	0	0	0	0	0	0	0
1	21	0	0	0	0	16	0	2	0	0	0	0	0	0	0	0	12	0	0	0	0	0	0	0	10	0	0	0	0	0
0	0	0	2	0	0	0	0	0	4	0	0	0	0	0	0	2	0	4	0	0	0	2	0	0	0	0	0	0	0	0
6	2	0	0	14	2	0	9	0	0	0	2	0	0	3	0	0	0	0	0	5	5	1	0	0	0	0	0	0	0	0
0	0	0	3	0	0	0	0	0	0	0	1	0	0	0	0	0	0	0	0	4	0	0	1	0	0	0	0	1	0	0
0	0	0	0	2	0	0	0	0	0	0	0	0	0	0	0	0	0	0	0	0	0	0	0	0	0	0	0	0	0	0
0	0	0	0	0	4	0	0	0	0	0	0	0	0	0	0	0	0	0	0	0	0	0	0	0	0	0	0	0	0	0
0	0	0	0	0	0	0	0	0	0	0	0	0	0	0	0	0	0	0	0	0	0	0	0	0	0	0	2	0	0	0
0	1	0	0	0	0	3	0	2	0	0	0	0	0	0	0	0	4	0	0	10	0	2	0	1	8	0	0	0	0	0
2	0	0	2	30	0	0	29	0	3	0	0	0	0	35	0	22	0	0	0	21	3	37	0	0	0	0	0	3	0	0
0	0	0	0	0	0	0	0	2	0	22	0	0	0	0	18	0	0	0	0	0	0	0	0	0	0	0	0	0	0	0
0	0	0	0	0	0	0	0	39	0	0	0	9	0	0	0	0	0	0	0	7	0	0	0	55	0	0	0	0	14	0
3	0	0	2	3	0	0	0	0	0	0	5	0	0	0	0	2	0	0	3	0	0	6	8	0	0	0	0	2	0	0
0	0	0	0	0	0	0	0	0	0	49	0	0	0	0	0	0	0	0	0	0	0	0	0	0	0	0	0	0	0	0
0	0	0	0	0	2	0	0	0	0	0	0	0	0	0	0	0	0	0	0	0	0	0	0	0	0	0	0	0	0	0
0	0	0	0	0	2	0	0	0	0	0	0	0	0	0	0	0	0	0	3	0	0	0	0	0	0	0	0	0	0	0
3	2	0	0	0	0	3	0	0	2	0	3	0	0	5	0	0	5	0	3	2	0	8	5	0	2	0	0	2	2	0
0	0	0	0	0	0	0	2	0	0	0	0	0	0	0	0	0	0	3	0	0	0	3	0	0	0	0	0	0	0	0
0	2	0	0	0	0	0	0	0	0	0	0	0	0	0	0	0	0	0	0	0	0	0	0	0	0	0	0	0	0	0
0	0	0	0	3	0	0	2	0	0	0	0	0	0	0	0	0	0	0	0	0	0	0	0	0	0	0	0	0	0	0
0	0	0	0	0	6	0	0	0	0	0	0	0	0	0	0	0	0	0	0	0	0	0	0	9	0	0	0	0	0	0
0	4	0	0	0	0	4	0	0	0	0	0	0	0	0	0	0	0	0	0	0	0	0	0	2	0	0	3	0	0	0
0	0	0	0	5	0	0	0	0	0	0	0	0	0	0	0	3	0	0	0	0	3	0	2	0	0	0	0	0	0	0
0	0	0	0	0	0	0	0	50	0	0	0	0	0	0	0	0	0	0	0	2	0	0	0	28	0	0	4	0	14	0
13	0	13	7	2	0	3	0	4	2	0	13	0	0	0	0	4	11	0	4	0	10	0	2	6	14	0	1	17	0	0
3	0	0	0	0	0	0	0	0	0	0	0	0	0	0	0	0	0	0	0	0	0	0	0	0	0	0	0	0	0	0
0	0	0	4	3	0	0	0	0	4	0	0	0	0	2	0	0	0	0	0	6	0	0	0	0	0	0	0	3	0	0
0	2	0	0	0	0	0	0	0	0	0	0	0	0	0	0	0	3	0	0	0	0	0	0	0	3	0	7	0	4	0
0	0	0	0	0	0	0	0	0	0	0	0	0	0	2	0	0	0	0	0	0	0	0	0	0	0	0	0	0	0	0
0	0	0	0	0	0	0	0	0	0	0	0	0	0	0	0	0	0	0	0	0	0	0	0	0	0	0	0	0	2	0
0	0	0	0	0	0	0	0	0	0	0	0	0	0	0	0	0	0	0	0	0	0	0	2	0	0	0	0	0	0	0
0	0	0	0	0	0	0	0	1	0	0	0	0	0	0	0	0	3	0	0	0	0	0	0	4	4	0	0	0	0	0
0	0	2	0	0	0	0	0	0	0	0	0	0	0	0	0	0	0	0	0	0	0	0	0	0	0	0	0	0	0	0
0	0	4	3	0	0	0	0	0	0	0	0	0	0	0	0	0	0	0	0	0	0	1	2	0	0	0	0	2	0	0
0	5	0	0	0	0	0	0	0	0	0	0	0	0	0	0	0	1	0	0	0	0	0	0	0	3	0	1	0	0	0
0	0	0	0	0	0	0	0	0	0	4	0	0	0	0	0	0	0	0	0	0	0	0	0	0	0	0	0	0	0	0
2	2	0	2	0	0	0	0	6	0	0	0	0	0	0	0	0	0	0	0	0	0	0	0	0	1	0	7	0	0	0
0	0	59	13	0	0	0	0	0	37	0	21	0	0	0	0	0	0	0	33	0	0	0	2	0	0	0	0	0	0	0
0	2	0	0	0	0	0	0	0	0	0	0	0	0	0	0	0	0	0	0	0	0	0	0	0	0	0	0	0	0	4
0	5	0	0	2	0	0	0	0	3	0	5	0	0	0	0	0	3	0	0	0	0	0	0	2	6	0	0	0	0	0
2	0	0	0	0	0	0	0	0	0	0	0	0	0	2	0	0	0	0	0	5	0	0	0	0	0	0	0	5	0	0
0	28	0	0	0	0	18	0	12	0	0	0	0	0	0	0	0	15	0	0	0	0	0	0	12	10	0	0	0	5	0
22	22	12	11	28	202	39	20	27	13	17	21	0	325	9	10	5	24	218	32	2	147	12	65	6	26	47	15	14	29	83
6	2	0	19	2	0	1	0	0	14	0	3	0	0	2	0	4	11	0	4	0	0	2	7	12	12	0	0	4	0	0
0	0	0	0	0	0	0	0	3	0	0	0	0	0	0	0	2	0	0	0	0	0	0	0	0	0	0	0	0	0	0
0	0	0	0	0	0	0	0	0	0	0	0	0	0	0	0	0	0	0	0	0	0	0	0	6	0	0	0	0	0	0
10	0	0	5	1	0	0	0	0	0	0	0	0	1	0	0	14	0	0	0	14	0	15	0	0	0	0	0	5	0	0
0	0	5	2	0	0	0	0	2	3	0	4	0	0	0	0	0	0	0	0	0	0	0	0	0	0	0	0	2	0	0
2	0	0	3	0	0	0	0	0	0	0	0	0	0	0	0	0	0	0	2	0	0	0	3	0	0	0	13	0	0	0
1	0	0	0	0	0	0	0	0	0	0	0	0	0	0	0	0	0	0	0	0	0	0	0	0	0	50	0	0	0	0
173	322	318	282	215	0	245	168	218	352	0	327	3	0	93	0	141	290	0	188	253	3	178	196	184	270	0	78	276	189	0
0	0	0	0	2	0	0	0	0	0	0	0	0	0	0	0	0	0	0	0	0	0	0	0	7	0	0	0	0	0	0
0	0	0	0	0	0	0	0	0	0	0	0	0	0	0	0	0	0	0	0	0	0	0	0	0	0	2	0	0	0	0
6	22	8	0	0	0	4	0	18	3	0	8	0	0	0	0	1	27	0	3	0	0	1	11	18	13	0	4	7	16	0
0	0	0	0	12	0	0	2	0	0	0	0	0	0	8	0	2	0	0	0	0	0	5	0	0	0	0	0	0	0	0
0	4	0	0	0	0	3	0	0	0	0	0	0	0	0	0	0	5	0	0	0	0	0	0	0	0	0	0	0	0	0
0	0	0	0	0	2	0	0	0	0	0	0	0	0	0	0	0	0	0	0	0	0	0	0	0	0	0	0	0	0	0
0	0	0	0	0	0	1	0	1	0	0	0	0	0	0	0	0	0	0	0	0	0	0	0	0	0	0	5	0	0	0
0	0	0	0	1	0	0	5	0	0	0	0	0	0	3	0	3	0	0	0	0	5	3	0	0	0	0	0	0	0	0
0	0	0	0	0	0	0	0	0	2	0	0	0	0	0	0	0	0	0	0	0	0	0	0	0	0	0	0	0	0	0
0	0	0	0	1	0	0	0	4	0	0	0	0	0	0	0	1	1	0	0	2	0	0	0	0	0	0	2	0	0	0
3	0	0	0	0	2	0	0	0	2	0	0	0	0	0	0	0	0	0	0	0	0	0	2	0	0	0	0	0	0	0
0	0	0	0	0	0	0	0	0	2	0	0	0	0	0	0	0	0	0	0	0	0	0	0	0	0	0	0	0	0	0
0	0	0	0	0	3	0	0	0	0	0	0	0	0	0	0	0	0	0	0	0	0	0	0	0	0	0	0	0	0	0
0	0	0	0	3	0	3	0	2	0	0	0	0	0	0	0	0	3	0	0	0	0	0	0	0	0	0	0	0	0	0
0	0	0	0	0	0	0	0	0	0	0	0	0	0	2	0	0	0	0	0	0	0	0	0	0	0	0	0	0	0	0
0	0	0	0	0	0	0	0	0	0	0	0	0	0	0	0	0	0	0	0	0	0	0	0	0	0	0	0	2	0	0
9	0	15	6	4	0	0	4	0	17	0	16	9	0	8	0	1	0	0	7	0	0	6	2	0	0	0	0	2	0	0
0	0	0	0	0	0	0	0	0	0	0	0	0	0	0	0	0	0	0	0	0	0	0	0	0	0	37	0	0	0	0
0	2	0	0	0	5	0	0	2	0	0	0	0	15	0	0	0	3	16	0	0	0	0	2	0	0	0	0	2	0	4
3	0	0	0	0	0	0	0	0	0	0	0	0	0	2	0	0	0	0	0	0	2	0	3	0	0	0	0	0	0	0
0	0	0	0	0	0	0	0	0	0	0	0	0	0	0	0	0	0	0	0	0	2	0	0	0	0	0	0	0	0	0
0	0	0	0	0	0	0	0	0	0	0	0	0	0	0	0	0	0	2	0	0	0	0	0	0	0	0	0	0	0	0
0	2	0	0	0	0	0	0	0	0	0	0	0	0	0	0	0	0	2	0	0	0	0	0	0	0	0	0	0	0	0
0	0	0	0	2	7	0	0	0	0	0	0	0	0	0	0	0	0	5	2	0	2	4	0	0	0	0	0	4	0	4
0	0	0	0	0	0	0	0	0	0	0	0	0	0	0	0	0	0	0	0	0	0	0	0	0	0	0	0	2	0	0
0	0	0	0	0	0	0	0	0	0	0	0	19	0	0	0	0	0	0	0	0	0	0	0	0	0	0	0	0	0	0
5	4	0	11	1	0	5	2	0	10	0	15	0	0	2	0	0	0	0	8	1	0	0	8	0	2	0	0	0	0	0
0	0	0	0	0	2	0	0	0	0	0	0	0	0	0	0	0	0	0	0	0	0	0	2	0	0	0	0	0	0	0
0	0	0	0	2	0	0	2	0	0	0	0	0	0	2	0	0	0	0	0	0	0	0	0	0	0	0	0	0	0	0
0	0	0	0	0	0	0	0	0	0	0	0	0	0	0	0	0	0	0	0	0	0	0	0	0	0	0	9	0	0	0
0	7	0	0	0	0	1	0	2	0	0	0	0	0	0	0	0	9	0	0	0	0	0	0	10	9	0	0	0	0	0
0	0	0	0	0	0	0	0	0	0	0	0	0	0	0	0	0	0	0	0	0	0	3	0	0	0	0	0	0	0	0
0	0	0	0	0	5	0	0	0	0	0	0	0	0	0	0	0	0	0	0	0	0	0	2	0	0	0	0	0	0	0
10	10	0	3	10	65	25	17	29	3	0	12	0	17	6	4	4	14	18	1	3	16	9	4	17	8	0	1	0	16	9
0	0	0	5	0	0	0	0	0	0	0	0	0	0	0	0	0	0	0	1	1	0	0	1	0	0	0	0	0	0	0
0	0	0	0	0	0	0	0	0	0	0	0	0	0	0	0	0	0	0	0	0	0	0	0	0	0	7	0	0	0	0
0	2	0	0	0	0	0	0	0	0	0	0	0	0	0	0	0	0	0	0	0	0	2	0	0	0	0	3	0	0	0
247	30	0	21	14	239	58	16	16	4	269	7	31	532	9	1302	5	19	474	4	0	606	10	45	11	29	107	23	61	20	1405
0	0	0	0	0	0	0	0	0	0	0	0	0	0	0	0	0	0	0	0	0	0	2	0	0	0	0	0	5	0	0
0	0	0	0	0	0	0	0	0	0	0	0	0	0	0	0	0	0	0	0	0	0	0	0	0	0	0	0	0	8	0
0	2	0	0	0	14	0	0	0	0	0	0	11	4	0	0	0	0	3	0	0	0	0	0	0	0	7	0	0	0	0
0	0	0	0	0	0	0	0	0	0	0	0	0	0	0	0	0	0	0	0	0	0	0	0	0	0	3	0	0	0	0
0	3	0	0	0	4	0	0	0	0	0	0	0	0	0	0	0	0	0	0	0	0	0	0	0	0	0	0	0	0	0
3	4	0	3	2	3	0	0	10	7	0	9	0	10	3	0	0	3	13	2	0	31	0	6	3	0	0	9	6	0	6
1	2	5	0	0	0	0	0	0	3	0	0	0	0	0	0	0	0	0	2	0	0	0	2	2	0	0	0	2	0	0
0	0	0	0	0	0	0	0	0	0	0	0	13	0	0	0	0	0	0	0	0	0	0	0	0	0	0	0	0	0	0
0	2	0	0	0	0	0	0	0	0	0	0	0	0	0	0	0	0	0	0	0	0	0	0	0	4	0	0	6	0	0
0	0	0	0	0	0	0	0	0	0	0	0	0	0	0	0	0	0	0	0	0	0	0	0	0	0	3	0	2	0	0
4	0	11	7	0	0	0	0	1	12	0	11	0	0	0	0	0	3	0	2	1	0	0	0	0	2	0	0	27	0	0
0	0	0	0	0	0	0	0	0	0	0	0	0	0	0	0	3	0	0	4	0	0	0	0	0	0	0	1	0	0	0
0	0	0	0	0	0	0	0	0	3	0	0	0	0	0	0	0	0	0	2	0	3	0	4	0	0	0	0	0	0	0
4	2	7	0	13	0	0	7	0	2	0	0	0	0	25	0	0	0	2	3	0	0	10	0	0	3	0	0	0	0	0
0	0	0	0	0	0	0	0	0	0	0	0	0	0	0	0	0	0	0	0	8	0	0	0	0	0	0	0	0	0	0
0	0	0	0	0	0	0	0	0	2	0	5	0	0	0	0	0	0	0	0	0	0	0	0	0	0	0	0	0	0	0
0	0	0	0	0	0	0	0	0	0	0	0	0	0	0	0	0	0	0	0	0	0	0	0	0	0	14	0	0	0	0
0	0	0	0	0	0	0	0	0	0	0	0	0	0	0	0	0	0	0	0	0	0	0	0	20	0	0	6	0	0	0
0	0	0	0	0	0	0	0	0	0	8	0	0	0	0	0	0	0	0	0	0	0	0	0	0	0	0	0	0	0	0
0	45	5	32	0	0	35	2	7	8	0	6	0	2	0	0	0	67	0	0	1	2	0	4	16	71	0	27	13	54	0
0	0	4	0	2	70	8	7	5	2	20	0	7	137	7	5	5	7	107	2	0	43	15	14	2	1	8	0	2	2	373
0	2	0	0	0	16	0	2	3	1	0	5	26	11	5	0	0	4	5	0	0	2	4	0	0	0	0	0	5	0	7
3	0	0	0	0	4	2	0	0	0	0	0	0	0	0	0	0	0	0	0	0	4	0	0	0	0	0	0	2	0	0
0	0	0	0	0	2	0	0	0	0	0	0	0	6	0	0	0	0	3	0	0	0	0	0	0	0	0	0	0	0	0
0	0	0	0	0	0	0	0	0	0	0	0	0	2	0	0	0	0	0	0	0	2	0	0	0	0	2	0	0	0	0
0	0	0	0	0	0	0	0	0	0	0	0	0	0	0	0	0	0	0	0	0	0	2	0	0	0	0	0	0	0	0
0	0	0	0	0	5	0	0	0	0	0	0	0	0	0	0	0	0	0	0	0	0	0	0	0	0	0	0	0	0	0
4	0	0	2	0	0	0	0	0	0	0	0	0	0	0	0	0	0	0	0	0	0	0	12	0	0	2	0	5	0	2
0	0	2	0	0	6	0	0	0	0	0	0	0	0	0	0	0	0	0	0	0	0	3	0	0	0	0	0	0	0	0
0	23	0	0	3	0	11	0	11	0	0	0	3	0	1	0	2	30	0	0	3	0	2	0	18	33	0	4	0	30	0
0	0	0	0	0	0	2	1	0	0	0	0	0	0	1	0	0	0	0	0	0	0	0	0	0	0	0	0	0	0	0
0	0	0	0	0	0	1	0	0	0	0	0	0	0	0	0	2	0	0	0	4	0	0	0	0	0	0	0	2	0	0
0	3	0	0	0	41	2	0	0	4	0	0	0	21	2	7	0	0	15	2	0	4	3	1	0	2	3	0	0	3	5
0	2	0	0	0	0	0	0	0	0	0	0	0	4	0	9	0	0	2	0	0	0	0	0	0	0	12	0	0	0	0
0	0	0	0	0	0	0	0	0	0	0	0	0	0	0	0	0	0	0	0	0	0	0	0	0	0	0	0	1	0	0
0	7	0	0	0	0	0	0	0	0	0	0	0	0	0	0	0	0	0	0	0	0	0	0	0	0	0	0	0	3	0
0	0	4	0	0	10	0	2	0	0	0	0	0	0	0	0	0	0	4	0	0	3	0	0	0	3	0	0	0	0	0
0	0	0	0	0	7	0	0	0	0	0	0	0	3	0	0	0	0	7	0	0	3	0	2	0	0	0	0	0	13	0
0	0	0	0	0	0	0	0	0	0	0	0	0	0	0	0	0	0	0	0	0	0	0	0	0	0	0	0	2	0	0
0	3	0	0	0	0	0	0	0	0	0	0	0	0	0	0	0	0	0	0	0	0	0	0	0	7	0	0	0	3	0
3	0	0	3	0	7	0	0	2	0	0	6	0	6	2	0	0	1	4	2	0	0	6	2	0	2	33	0	3	0	0
0	13	0	0	0	0	4	0	4	0	0	0	0	0	0	0	0	5	0	0	0	0	0	0	0	7	0	5	0	2	0
0	0	0	0	0	0	0	0	0	0	0	0	0	0	0	0	6	0	0	0	0	0	0	0	0	0	0	0	0	0	0
0	0	0	0	0	0	0	0	0	0	0	0	0	2	0	0	0	0	0	0	0	0	0	2	0	0	0	0	0	0	0
6	0	0	22	61	0	0	33	0	26	0	6	8	0	49	0	9	0	0	5	21	0	35	5	0	0	0	0	26	0	0
4	0	18	0	1	0	0	0	0	28	0	4	0	0	7	0	1	0	0	11	0	0	3	0	0	0	0	0	4	0	0
0	0	3	0	0	0	0	0	0	0	0	3	0	0	0	0	0	2	0	4	0	0	0	4	0	2	0	0	0	0	0
3	4	3	2	0	5	1	0	14	3	0	0	0	44	8	0	0	0	21	4	0	17	0	10	0	6	3	2	8	10	8
0	0	0	0	0	0	0	0	0	0	0	0	0	0	0	0	0	0	0	0	0	0	0	0	0	0	0	12	0	0	0
3	8	0	0	0	3	9	0	9	0	0	0	0	17	0	0	0	20	16	0	0	9	0	2	13	8	0	0	2	7	8
0	0	0	0	0	0	0	0	0	0	0	0	0	0	0	0	0	0	11	0	0	2	0	0	0	0	0	0	0	0	0
0	0	0	0	0	0	0	0	0	0	0	0	0	0	0	0	0	0	0	0	0	0	0	0	2	0	0	0	0	11	0
2	14	2	0	8	32	16	1	6	0	14	1	0	166	2	12	2	6	111	0	0	132	3	4	2	0	0	11	0	0	88
0	0	0	0	2	0	0	0	0	0	0	0	17	0	0	0	0	0	0	0	0	0	0	0	0	0	0	0	0	0	0
0	0	0	0	0	0	0	0	0	0	0	0	0	0	0	0	0	0	0	0	0	0	0	0	0	0	21	0	0	0	0
17	2	142	176	23	0	5	31	0	168	0	202	0	0	20	0	38	1	0	53	31	0	32	59	2	11	0	0	27	0	0
0	2	2	2	2	0	0	0	0	0	0	3	0	0	0	0	0	0	0	0	0	0	0	2	0	0	0	0	0	0	0
0	0	0	0	0	0	0	0	0	0	0	0	0	0	0	0	2	0	0	0	0	0	0	0	0	0	0	0	0	0	0
0	0	0	0	0	0	0	0	0	0	0	0	0	0	2	0	0	0	0	0	5	0	2	0	0	0	0	0	0	0	0
0	0	0	0	0	0	0	0	0	0	0	0	14	0	0	0	0	0	0	0	0	0	0	0	0	0	0	0	0	0	0
0	0	0	0	0	0	0	0	0	0	0	0	0	0	0	0	0	0	2	0	0	0	0	2	0	0	0	0	0	0	0
26	0	0	0	0	0	0	0	0	0	0	0	0	0	0	0	0	0	3	0	0	0	0	7	0	0	0	0	0	0	0
0	0	0	0	0	0	0	0	0	0	0	0	0	0	0	2	0	0	0	0	0	0	0	0	0	0	0	0	0	0	0
0	0	0	0	0	0	0	0	0	0	0	0	2	0	0	0	0	0	2	0	0	0	0	0	0	0	0	0	0	0	0
0	0	0	0	0	0	0	0	2	0	0	0	0	0	0	0	0	0	0	0	0	0	0	0	0	0	0	0	0	0	0
0	0	0	0	0	3	0	0	9	0	0	0	0	0	0	0	0	0	2	0	0	0	0	0	2	0	0	0	0	0	2
0	3	0	0	0	0	4	0	0	0	0	0	0	0	0	0	0	0	0	0	0	0	0	0	0	4	0	0	0	0	0
0	2	0	0	0	0	3	0	0	0	0	0	0	0	0	0	0	5	0	0	0	0	0	0	3	3	0	4	0	4	0
2	0	0	3	0	0	0	1	0	0	0	0	0	0	0	0	5	0	0	0	0	0	0	0	0	0	0	0	0	0	0
2	0	0	0	0	3	0	0	0	0	0	0	0	0	0	0	0	0	0	0	0	0	0	0	0	0	0	0	0	0	0
0	0	0	0	0	0	0	0	3	0	0	0	0	0	0	0	2	0	0	0	0	0	0	0	8	0	0	0	0	10	0
0	0	0	0	0	6	0	0	0	0	0	2	0	2	0	0	0	0	5	0	0	0	0	0	0	0	0	0	0	0	0
0	0	0	0	0	0	0	0	0	0	0	0	0	0	0	2	0	0	0	0	0	0	0	0	0	0	0	0	0	0	0
0	0	0	0	0	0	0	0	0	0	0	0	0	0	0	0	0	0	0	0	0	0	0	0	0	0	0	0	0	0	2
0	4	0	0	0	0	4	0	0	0	0	0	0	0	0	0	0	0	0	0	0	0	0	0	0	3	0	0	0	0	0
0	0	0	0	0	0	0	0	0	0	0	0	0	0	0	0	0	0	2	0	0	0	0	0	0	0	0	0	0	0	0
0	0	0	0	0	5	2	0	52	2	0	9	24	0	0	0	8	2	0	0	2	0	0	0	39	0	0	27	0	24	0
0	0	0	0	0	0	0	0	0	0	0	0	0	0	0	0	0	0	0	0	0	0	0	0	0	0	0	0	0	3	0
0	0	0	0	0	0	0	0	0	0	0	0	0	0	2	0	0	0	0	0	0	0	0	0	0	0	0	0	0	0	0
0	0	0	0	0	0	0	0	0	0	0	0	0	0	0	0	0	0	0	0	0	0	2	0	0	0	0	0	0	0	0
0	0	0	0	0	0	4	0	3	0	0	0	0	0	0	0	0	5	0	0	0	0	0	0	0	2	0	2	0	0	0
0	7	3	0	8	0	0	0	11	1	0	0	0	0	0	0	6	9	0	2	6	0	9	0	11	5	0	5	0	3	0
0	0	0	0	0	0	0	0	2	0	0	0	0	0	0	0	0	0	0	0	0	0	0	0	0	0	0	0	0	0	0
0	0	0	0	0	3	0	0	0	0	2	0	0	0	0	0	0	0	0	0	0	0	0	0	0	0	2	0	0	0	0
0	0	0	0	0	5	0	0	0	2	0	0	0	0	0	0	0	0	3	0	0	0	0	0	0	0	0	0	0	0	3
0	8	0	0	0	0	0	0	0	0	0	0	0	0	0	0	0	4	0	0	0	0	0	0	5	0	0	0	0	0	0
0	0	0	0	0	0	0	0	0	0	0	0	0	0	0	0	0	3	0	0	0	0	0	0	0	0	0	0	0	0	0
0	0	0	0	0	0	0	0	0	0	0	0	0	0	0	0	0	0	0	0	0	0	4	0	0	0	0	0	0	0	0
2	3	0	0	2	0	0	0	2	0	0	0	0	0	0	0	0	0	0	0	0	3	0	0	0	0	0	0	0	0	0
0	0	0	0	0	0	0	0	0	0	0	0	0	0	0	0	0	0	0	0	0	0	2	0	0	0	0	0	0	0	0
0	3	0	0	0	0	0	0	0	0	0	0	0	0	0	0	0	16	0	0	0	0	0	0	3	10	0	7	0	0	0
4	0	3	0	0	0	0	0	0	14	0	0	0	0	0	0	0	0	0	0	0	0	0	5	0	0	0	2	0	0	0
0	0	0	0	0	17	2	0	0	0	11	0	0	2	0	5	0	0	0	0	0	0	0	0	4	0	2	0	0	0	1
5	0	0	0	0	0	0	0	0	0	0	0	0	0	0	0	0	0	0	0	0	0	0	7	0	0	0	0	2	0	0
0	0	0	0	0	0	0	0	0	0	0	0	0	0	0	0	0	0	0	0	0	4	0	0	0	0	0	0	0	0	0
0	0	0	0	0	4	0	0	0	0	4	0	0	0	0	0	0	0	0	0	0	0	0	0	0	0	0	0	0	0	0
0	0	0	0	0	0	0	0	0	0	0	0	14	0	0	0	0	0	0	0	0	0	0	0	0	0	0	0	0	0	0
0	0	0	0	0	0	0	0	0	0	0	0	0	0	0	0	0	0	0	0	0	2	0	0	0	0	0	0	0	0	0
0	0	0	0	0	0	0	0	0	0	0	0	0	0	0	0	0	0	0	0	0	2	0	0	0	0	0	0	0	0	0
0	0	0	0	0	0	2	0	2	0	0	0	0	0	9	0	0	0	0	0	0	2	0	0	0	0	0	0	0	0	0
0	0	2	1	0	0	0	0	0	0	0	0	0	0	0	0	0	3	0	0	0	0	0	0	0	0	0	0	8	0	0
0	0	0	2	1	0	0	0	0	0	0	0	3	0	0	0	1	0	0	2	0	0	2	0	0	0	0	0	0	0	0
2	8	0	0	0	22	0	0	0	0	2	0	0	36	0	0	0	0	19	2	7	0	0	2	3	0	0	0	2	0	6
0	0	0	0	0	0	0	0	0	0	0	0	0	0	4	0	0	0	0	0	0	0	0	0	0	0	0	0	0	0	0
0	7	0	3	0	0	6	0	2	0	0	0	0	0	0	0	0	11	2	0	9	0	0	0	6	5	0	0	4	0	0
0	0	0	0	0	0	2	0	0	0	0	0	0	0	0	0	0	2	0	0	0	0	0	0	0	0	0	0	0	0	0
0	0	0	0	0	0	0	2	0	0	0	0	0	0	0	0	0	0	0	0	0	3	3	0	0	0	0	0	0	4	0
0	7	0	0	0	0	30	4	16	0	0	0	0	0	2	0	0	27	0	0	0	0	0	2	8	20	0	6	0	17	0
0	0	0	0	0	6	0	0	5	0	0	0	0	0	0	0	0	0	2	0	0	0	0	3	0	0	0	0	0	0	0
0	0	2	0	10	0	0	3	0	0	0	0	0	0	0	0	0	0	0	0	0	0	5	0	0	0	0	0	0	0	0
0	0	0	0	0	2	0	0	0	0	0	0	0	0	0	0	0	0	0	0	12	2	0	0	0	0	0	1	0	0	4
0	0	0	0	0	6	0	0	0	0	8	0	0	0	0	97	0	0	0	0	0	0	0	0	0	0	0	0	0	0	4
0	0	0	0	9	0	0	4	0	0	0	0	0	0	2	0	0	0	0	0	0	0	2	0	0	0	0	0	0	0	0
0	0	0	0	0	0	0	0	0	0	0	0	0	0	0	0	0	0	0	0	0	0	0	0	0	2	0	0	0	0	0
0	0	0	0	0	0	0	0	0	0	0	2	0	0	0	0	0	0	0	0	0	0	0	0	0	0	0	0	0	0	0
0	0	0	0	0	0	0	0	0	0	0	0	0	0	0	0	0	0	0	0	0	0	0	2	0	0	0	0	0	0	0
0	0	2	0	8	0	3	0	3	0	0	0	7	0	3	0	0	4	0	0	0	2	7	0	0	0	0	4	0	0	1
3	0	0	0	1	0	0	2	0	0	0	2	0	0	0	0	0	0	0	2	0	2	10	1	0	0	0	0	0	0	0
0	0	0	0	0	2	0	0	0	0	0	0	10	0	0	0	0	0	0	0	5	0	0	0	0	0	0	4	0	4	16
0	0	0	0	0	0	0	0	0	0	0	0	0	0	0	0	0	0	0	0	0	0	2	0	0	0	0	0	0	0	0
0	0	1	20	3	0	0	8	0	4	0	0	0	0	9	0	10	9	0	0	25	0	11	0	0	11	0	0	0	3	0
0	0	0	2	6	0	0	0	0	2	0	8	0	0	0	0	0	0	0	0	0	13	8	5	0	0	0	0	0	0	0
0	0	2	0	0	0	0	0	0	0	0	0	0	0	2	0	0	0	0	0	0	0	0	2	0	0	0	0	0	0	0
3	0	10	0	3	0	9	2	4	8	0	15	0	0	6	0	0	7	0	2	0	0	0	4	0	0	0	0	6	5	0
0	0	0	0	0	0	0	0	0	0	6	0	0	5	2	0	0	0	0	0	0	0	0	0	0	0	60	0	0	0	4
0	0	0	0	0	0	3	2	4	0	0	0	0	0	0	0	0	0	0	0	13	0	0	0	0	3	0	0	0	6	0
4	0	0	0	10	3	0	4	0	3	0	0	0	0	5	0	3	0	0	2	4	4	9	3	0	0	0	0	0	0	0
0	0	0	0	0	0	0	0	0	0	0	0	0	0	0	0	0	0	0	0	0	0	0	0	0	0	2	0	0	0	0
0	0	0	0	0	0	0	0	0	0	0	0	0	0	0	0	0	0	0	0	0	0	0	0	0	2	0	0	0	0	0
0	12	0	0	0	0	11	0	11	0	0	0	0	0	0	0	0	24	0	0	5	0	0	0	5	11	0	2	0	0	0
6	0	0	0	0	0	0	0	0	0	0	0	0	0	0	0	0	0	2	0	0	0	0	0	0	0	0	0	0	0	0
37	69	0	35	7	0	69	8	69	8	0	0	0	0	0	0	0	101	0	3	11	0	15	15	39	116	0	7	92	19	0
0	0	0	0	0	0	0	0	0	0	0	0	0	0	0	0	0	0	0	0	0	0	0	2	0	0	0	0	0	0	0
2	0	0	4	0	0	0	0	0	0	0	0	0	0	0	0	0	0	0	0	0	0	2	0	0	0	0	0	7	0	0
2	0	9	17	1	0	0	4	0	6	0	21	0	0	3	0	9	0	0	9	3	0	8	4	0	0	0	0	11	0	0
26	15	1	16	12	0	15	15	8	19	0	19	0	0	15	0	20	12	0	4	10	0	21	2	15	18	0	11	29	0	0
0	0	0	0	0	0	0	0	2	0	0	2	0	0	0	0	0	0	0	0	0	0	0	0	0	0	0	0	0	0	0
0	0	0	0	0	0	0	0	0	0	0	0	0	0	0	5	0	0	0	0	0	0	0	7	0	0	22	0	0	0	0
0	3	0	0	0	0	0	0	0	0	0	0	0	0	0	0	0	0	0	0	0	0	0	0	0	0	0	0	0	0	0
7	17	4	14	0	0	22	0	2	4	0	4	0	0	0	0	0	16	0	4	4	0	0	8	6	15	0	14	9	31	0
0	0	0	0	0	3	0	0	0	0	0	0	0	0	0	0	0	0	3	0	0	0	0	0	0	0	0	0	0	0	0
0	0	0	0	0	0	0	0	0	0	0	0	0	0	0	0	0	0	0	0	0	0	0	0	0	0	2	0	0	0	0
0	0	11	0	0	0	0	0	0	15	0	2	0	0	0	0	0	0	0	6	0	0	0	0	0	0	0	0	0	0	0
0	0	0	0	0	0	0	0	0	0	0	0	0	0	0	0	0	0	0	0	0	0	0	0	0	0	0	0	4	0	0
0	1	0	0	1	0	0	2	3	2	0	0	0	0	0	0	0	0	0	0	0	0	0	3	0	0	0	0	0	0	0
0	3	0	0	0	0	0	0	0	0	0	0	0	0	0	0	0	5	0	0	0	0	0	0	0	0	0	0	0	2	0
0	5	0	2	13	0	3	5	7	0	0	0	0	0	0	0	4	0	0	0	0	0	0	0	13	13	0	0	0	2	0
0	0	0	0	0	0	0	0	0	0	0	0	0	0	0	0	0	0	0	0	13	0	0	0	0	0	0	0	0	0	0
0	1	0	0	0	0	3	0	5	0	0	0	0	0	0	0	0	3	0	0	0	0	0	0	0	2	0	0	0	0	0
3	0	15	165	121	0	0	70	2	37	0	29	0	0	72	0	55	3	0	14	82	3	114	9	3	3	0	0	7	4	0
0	1	0	10	0	0	11	3	2	0	0	0	0	0	0	0	0	8	0	0	0	0	0	3	4	3	0	0	3	5	0
6	0	7	3	18	0	0	9	3	12	0	6	0	0	3	0	7	0	0	0	5	0	3	0	0	0	0	0	2	0	0
2	0	0	0	0	2	0	0	0	0	0	0	0	6	0	0	0	0	14	0	0	0	0	0	3	0	0	0	0	0	2
0	0	0	0	0	0	0	0	0	0	0	0	0	0	0	0	0	0	0	0	0	0	0	0	7	0	0	0	0	0	0
0	3	6	0	5	0	0	3	0	5	0	0	0	0	3	0	0	0	0	7	0	0	10	0	0	0	0	0	0	0	0
13	19	5	21	2	16	5	3	7	4	0	13	0	9	1	0	5	4	16	2	6	16	7	6	3	6	0	5	20	15	5
21	5	0	0	1	4	1	4	0	0	0	1	0	5	6	4	0	0	0	0	0	0	6	0	0	0	0	0	0	0	0
3	0	0	2	4	0	0	4	0	5	0	4	0	0	6	0	10	0	0	5	0	0	13	0	0	0	0	0	0	0	0
4	0	3	2	0	0	0	0	0	0	0	2	0	0	0	0	0	0	0	0	0	0	0	6	0	0	0	0	7	0	0
28	0	48	7	130	0	2	112	4	34	0	24	0	0	132	2	74	11	0	20	55	30	121	17	5	1	0	2	46	0	0
0	6	0	0	0	0	11	0	13	0	0	0	0	0	0	0	0	4	0	0	0	0	2	0	4	4	0	7	0	6	0
0	0	0	0	0	2	0	0	0	0	0	0	0	0	0	0	3	0	0	0	0	0	0	3	0	0	0	0	0	0	0
0	2	0	0	0	0	7	0	2	0	0	0	0	0	0	0	0	0	0	0	3	0	0	0	5	0	0	0	0	0	0
0	0	0	0	0	0	0	0	0	0	0	0	0	0	0	0	0	0	1	0	0	0	0	0	0	0	0	0	0	0	0
0	0	0	0	2	0	2	0	0	0	0	0	0	0	0	0	0	0	0	0	0	2	0	0	0	0	0	0	0	3	3
0	0	3	0	0	0	0	0	0	0	0	0	0	0	0	0	2	0	0	0	0	0	0	2	0	2	0	0	2	0	0
6	1	0	2	2	124	2	2	0	2	4	2	10	0	5	31	0	2	0	0	0	0	0	4	0	0	20	0	5	9	0
0	0	0	0	0	0	0	0	0	0	0	0	0	0	0	0	0	0	0	0	0	0	0	0	0	0	10	0	0	0	0
0	0	0	0	0	0	0	0	2	0	0	3	0	2	0	0	0	0	0	0	0	0	0	0	0	0	0	0	0	0	0
8	15	3	3	2	31	22	0	8	0	0	4	13	1	10	0	0	33	6	0	0	33	10	6	14	8	3	14	4	15	3
0	0	0	0	0	0	0	0	0	0	0	0	0	0	0	0	0	0	3	0	0	0	0	0	0	0	0	0	0	0	2
0	0	0	0	6	0	0	5	0	0	0	0	31	0	5	0	4	0	0	0	2	0	10	0	0	0	0	0	0	0	0
2	13	3	0	0	0	16	0	14	2	0	0	0	0	0	0	0	16	0	0	0	0	0	0	10	13	0	0	5	2	0
0	0	0	0	0	0	0	0	0	0	0	0	0	0	0	0	0	0	0	0	0	2	0	0	0	0	0	0	0	0	0
0	0	0	0	0	0	0	0	0	0	0	0	0	0	0	0	0	3	0	0	0	0	0	0	0	0	0	0	0	0	0
0	0	0	20	2	0	0	0	0	0	0	0	0	0	0	0	1	0	0	0	0	0	0	0	0	0	0	0	0	0	0
0	0	0	0	0	0	0	0	0	0	0	0	0	0	0	0	0	0	0	8	0	0	0	0	0	0	0	0	0	0	0
0	0	0	0	0	0	0	0	0	0	0	0	0	0	0	0	0	0	0	0	0	0	0	0	0	0	3	0	0	0	0
0	0	0	0	0	0	0	0	0	0	33	0	0	0	0	0	0	0	2	0	0	2	0	0	0	0	0	0	0	0	0
0	4	2	0	0	4	4	0	12	0	0	0	0	0	0	0	0	4	0	0	0	0	0	0	0	3	3	0	0	8	0
5	0	17	1	4	0	0	23	0	5	0	0	0	0	11	0	5	4	0	0	50	0	18	0	0	0	0	0	14	0	0
0	0	0	0	0	2	0	0	0	0	17	0	0	0	0	0	0	0	2	0	0	0	0	0	0	0	0	0	0	0	0
0	0	2	3	0	0	0	1	0	0	0	4	0	0	1	0	4	0	0	0	0	0	0	0	0	0	0	0	10	0	0
0	0	2	4	0	0	0	0	0	4	0	0	0	0	0	0	0	2	0	2	0	0	0	4	0	2	0	0	0	2	0
0	0	0	0	0	0	0	0	0	0	1	0	1	0	0	0	0	0	0	0	1	0	1	0	0	0	0	0	0	0	0
2	0	0	0	0	0	0	0	0	0	0	0	0	0	0	0	3	0	2	0	0	0	0	0	0	0	0	0	4	0	0
0	0	0	0	0	0	0	0	0	0	0	0	0	0	0	0	0	0	0	0	6	0	0	0	0	0	0	0	0	0	0
0	0	0	0	0	0	0	0	0	0	0	0	24	0	0	0	0	0	0	0	0	0	0	0	0	0	0	0	0	0	0
0	0	0	0	0	9	0	0	0	0	9	0	0	0	2	14	0	0	0	0	0	0	0	0	0	0	0	0	0	0	3
6	0	5	11	24	0	0	18	0	5	0	9	0	0	25	0	23	0	0	2	27	0	23	4	0	0	0	0	2	0	0
0	0	0	0	0	0	0	0	0	0	0	0	0	0	0	0	0	0	0	0	0	0	3	0	0	0	0	0	0	0	0
0	0	0	0	0	0	0	0	0	0	2	0	0	3	0	0	0	0	0	0	0	0	0	0	0	0	0	0	0	0	0
0	0	0	0	0	0	0	0	1	0	0	0	0	2	0	0	4	0	0	0	0	2	0	0	0	0	0	0	0	0	3
0	0	0	0	3	0	0	6	11	0	0	0	0	0	12	0	0	0	0	0	0	0	8	4	0	0	0	0	0	0	0
84	0	0	0	0	445	2	0	0	0	364	3	0	2	0	7	0	0	77	2	14	0	0	73	0	0	4	0	2	0	2
13	115	5	0	2	0	49	8	66	10	0	5	0	0	12	0	0	108	0	0	3	0	5	0	44	59	0	29	5	51	0
0	0	0	0	4	0	0	0	0	0	0	0	0	0	0	0	0	0	0	0	0	0	1	0	0	0	0	0	0	0	0
0	0	0	0	0	0	0	0	0	0	0	2	0	0	0	0	0	0	2	0	0	0	0	0	0	0	0	0	0	0	0
3	0	0	0	0	0	0	0	0	0	0	0	0	0	0	0	0	0	0	0	0	0	0	2	0	0	0	0	0	0	0
3	0	12	0	0	0	1	0	0	0	0	0	0	0	0	0	9	0	0	6	9	0	0	2	0	0	0	0	0	0	0
0	5	0	0	0	0	4	0	0	0	0	0	0	0	0	0	0	0	0	0	0	0	0	0	0	6	0	0	3	0	0
0	0	0	0	0	2	0	0	0	0	0	0	0	0	0	0	0	0	0	0	0	0	0	0	0	0	0	0	0	0	0
4	0	0	0	0	0	0	0	0	0	0	0	0	0	0	0	0	0	0	0	0	0	0	0	0	0	0	0	0	0	0
0	0	0	0	0	0	0	0	3	0	0	0	0	0	0	0	0	0	0	0	0	0	0	0	0	0	0	4	0	0	0
0	0	0	0	0	5	0	0	0	0	0	0	0	0	0	0	0	0	0	0	0	0	0	0	0	0	0	0	0	0	0
0	0	0	0	0	3	0	0	0	0	0	0	0	0	0	0	0	0	0	0	0	0	0	0	0	0	0	0	0	0	0
0	0	0	0	0	2	0	0	3	0	0	0	0	0	0	0	0	0	0	0	0	0	0	0	0	0	0	0	0	0	0
0	0	0	0	0	0	0	0	3	0	0	0	0	0	0	0	0	0	0	0	0	0	0	0	0	0	0	0	0	0	0
0	0	0	0	0	0	0	0	0	0	0	0	0	0	0	0	0	0	0	0	2	0	0	0	0	0	0	0	0	0	0
0	0	0	0	0	0	0	0	0	0	0	0	0	0	0	0	0	2	0	0	0	0	0	0	0	0	0	0	0	10	0
0	0	1	0	2	0	0	6	0	0	0	0	0	0	10	0	7	0	0	0	19	0	6	0	0	0	0	0	0	0	0
0	0	0	0	0	0	0	0	0	0	0	0	0	0	0	0	2	0	0	0	7	0	1	0	0	0	0	0	0	0	0
2	0	3	0	0	0	0	0	0	2	0	6	0	0	0	0	0	0	0	0	0	0	0	0	0	0	0	0	6	0	0
0	0	0	0	0	0	0	2	0	0	0	0	0	0	0	0	0	0	0	0	0	0	0	0	0	0	0	0	0	0	0
0	0	0	0	0	0	0	0	0	0	0	4	0	0	0	0	0	0	0	0	0	0	0	0	0	0	0	0	0	0	0
0	0	0	0	0	0	0	0	0	0	0	0	0	0	0	0	0	0	0	0	0	0	0	0	0	0	0	0	0	12	0
0	1	0	0	0	0	0	0	0	0	0	0	0	0	0	0	0	0	5	0	0	0	0	0	0	0	0	6	0	11	4
0	4	0	0	0	0	2	0	4	0	0	0	0	0	0	0	0	0	0	0	0	0	0	0	0	0	0	0	0	0	0
2	0	7	0	0	0	0	0	0	7	0	5	0	0	0	0	0	0	0	7	0	0	0	0	0	0	0	6	2	0	0
0	0	0	10	0	0	0	0	0	3	0	4	0	0	0	0	0	0	0	0	0	3	1	0	0	0	0	0	5	0	0
0	3	2	1	4	16	2	4	1	3	0	5	0	38	0	0	0	2	17	2	0	8	3	0	7	4	0	0	3	0	0
0	0	0	0	0	0	0	0	0	0	0	0	0	0	0	0	0	0	0	0	0	0	0	0	7	0	0	0	0	0	0
0	0	0	0	0	2	0	0	0	0	0	0	0	0	0	2	0	0	0	0	0	0	0	0	0	0	0	0	0	0	0
0	0	0	0	0	0	0	0	0	0	3	0	0	0	0	0	0	0	0	0	0	0	0	0	0	0	0	0	0	0	0
7	1	0	3	0	0	3	0	4	2	0	5	0	0	0	0	0	1	0	0	0	2	0	3	0	0	0	0	1	3	0
0	0	0	0	0	0	0	0	0	0	0	0	0	0	0	0	0	0	0	0	0	10	0	0	0	0	0	0	0	0	0
2	0	0	0	0	0	0	0	0	0	0	0	0	0	0	0	0	0	0	0	0	0	0	0	0	0	0	0	0	0	0
0	0	0	0	0	0	0	0	0	0	0	0	0	0	0	0	0	0	0	0	0	0	0	0	0	0	0	0	0	6	0
3	0	18	0	2	0	0	0	0	19	0	9	0	0	0	0	0	0	0	4	3	0	0	3	0	0	0	0	2	0	0
0	0	0	0	0	0	0	0	0	0	0	0	9	0	2	0	0	0	0	0	0	0	2	0	0	0	0	0	0	0	0
0	0	0	0	0	0	0	0	0	0	0	0	0	0	0	0	0	0	6	0	0	0	3	0	2	0	0	0	0	0	0
0	0	0	0	0	0	0	0	0	0	0	4	0	0	0	0	0	0	0	0	0	0	0	0	0	0	0	0	0	0	0
0	1	0	0	0	0	1	0	2	0	0	0	0	0	0	0	0	0	0	0	0	0	0	0	0	0	0	0	2	0	0
0	0	0	0	0	0	0	0	0	0	0	0	0	0	0	0	0	0	2	0	0	0	0	0	0	0	0	0	0	0	3
0	0	0	0	0	0	0	0	0	0	0	0	0	0	0	0	0	0	0	0	0	0	0	0	0	0	0	0	0	12	3
0	0	0	0	0	0	0	0	0	0	0	0	0	0	0	0	0	0	0	0	0	0	0	0	0	0	5	0	0	0	0
0	0	0	0	0	0	0	0	0	0	22	0	0	0	0	23	0	0	0	0	0	0	0	0	0	0	0	0	0	0	0
0	0	0	0	0	0	0	0	0	0	0	1	0	0	0	0	0	0	0	0	0	0	0	0	0	0	0	0	0	11	0
0	0	2	0	4	0	0	6	0	0	0	0	0	0	2	0	15	0	0	0	28	0	4	0	0	0	0	0	0	2	0
0	0	0	0	0	0	0	0	0	2	0	0	0	0	0	0	0	0	0	0	0	0	0	0	0	0	0	0	0	0	0
0	0	0	0	0	0	0	0	0	0	0	0	0	0	0	0	0	0	0	0	0	11	0	0	0	0	0	0	0	0	0
0	0	0	0	0	0	0	0	0	0	0	0	0	0	0	2	0	0	0	0	0	0	0	0	0	0	27	0	0	0	0
0	0	0	0	0	0	0	0	0	0	0	0	14	0	0	0	0	0	0	0	0	0	0	0	0	0	0	0	0	0	0
3	0	54	0	26	0	0	13	0	45	0	44	0	0	36	0	20	0	0	37	7	0	25	13	0	0	0	0	4	0	0
0	0	0	0	0	0	0	0	0	0	0	0	0	0	0	34	0	0	0	0	0	2	0	0	0	0	0	0	0	0	0
35	0	57	14	43	0	1	33	0	45	0	52	6	0	31	0	54	0	0	4	59	0	39	49	0	0	0	0	12	0	0
0	6	0	0	0	0	3	0	4	0	0	0	0	0	0	0	0	5	0	0	0	0	0	0	2	4	0	0	0	8	0
0	0	0	0	0	0	0	0	0	0	0	0	0	0	0	0	0	0	0	0	0	0	0	0	0	0	0	11	0	0	0
0	0	0	0	0	0	0	0	0	0	0	0	0	0	0	0	0	0	0	0	0	0	0	0	0	0	0	0	4	0	0
0	0	0	0	0	0	0	0	0	0	0	0	0	0	0	0	0	8	0	0	0	0	0	0	0	3	0	0	0	0	0
0	0	0	0	0	0	0	0	0	0	0	0	0	0	0	0	0	0	2	0	0	0	0	0	0	0	0	3	0	0	0
0	2	0	0	0	4	0	0	0	2	0	0	0	0	0	0	0	0	0	0	0	0	0	0	0	0	0	0	2	0	0
0	4	0	0	0	0	4	0	4	0	0	2	0	0	0	0	0	0	0	0	0	0	0	0	0	3	0	0	2	0	0
0	0	0	0	0	0	0	0	0	0	0	1	0	0	0	0	0	0	0	1	5	0	0	0	0	0	0	29	0	25	0
0	0	0	0	0	0	0	0	0	0	0	0	0	0	0	0	0	0	0	0	0	18	0	0	0	0	0	0	0	0	0
0	0	0	0	0	3	0	0	0	0	0	0	0	7	0	0	0	0	0	0	0	0	0	0	0	0	0	0	0	0	0
0	0	0	0	0	0	0	0	2	0	0	0	0	0	0	0	0	0	0	2	0	0	0	0	0	0	0	0	0	0	0
0	0	0	0	0	0	0	0	0	0	0	0	0	2	0	0	0	0	0	0	0	0	0	0	0	0	0	0	0	0	0
0	3	0	0	0	0	0	0	3	0	0	0	0	0	0	0	0	0	0	0	0	0	0	0	0	4	0	0	0	0	0
0	0	0	0	0	0	0	0	0	0	0	0	13	0	0	0	1	0	0	0	0	0	0	0	0	0	0	0	0	0	0
0	0	0	0	0	0	0	0	0	0	0	0	0	0	0	0	0	2	0	0	0	0	0	0	0	0	0	0	0	0	0
3	0	0	0	3	0	0	3	0	0	0	4	0	0	2	0	0	0	0	0	0	0	2	0	0	0	0	0	0	0	0
0	0	0	0	0	1	0	4	0	0	0	0	0	0	0	0	0	0	0	0	0	0	0	0	0	0	0	0	0	0	0
0	0	0	0	0	0	0	0	0	0	0	0	0	0	0	0	0	0	0	0	0	0	0	0	0	0	0	0	0	0	6
0	0	0	0	0	0	0	0	0	0	0	0	22	0	0	0	0	0	0	0	0	0	0	0	0	0	0	0	0	0	0
0	0	0	0	0	0	0	0	0	0	0	0	0	0	0	0	0	0	0	0	0	0	0	0	0	0	0	0	0	9	1
0	0	0	0	0	0	0	0	3	0	0	0	0	0	0	0	0	0	0	0	0	0	0	0	0	8	0	0	0	2	0
4	0	0	0	0	0	0	0	0	0	0	4	0	0	0	0	0	0	0	0	0	0	0	2	0	0	0	0	0	0	0
2	0	0	0	0	0	0	0	0	0	0	0	0	0	0	0	0	0	2	0	0	0	0	0	0	0	0	0	0	0	0
0	0	0	0	0	0	0	2	0	5	0	5	0	0	0	0	3	0	0	0	0	0	1	0	0	0	0	0	0	0	0
0	0	0	0	0	0	0	0	0	0	0	0	0	0	0	0	0	0	0	0	0	2	0	2	0	0	0	0	0	0	0
0	1	0	0	0	0	2	0	6	0	0	0	0	0	0	0	0	3	0	0	0	0	0	0	2	2	0	0	0	0	0
0	0	0	0	0	0	0	0	0	0	0	0	0	0	0	0	0	0	0	0	0	0	0	0	0	0	15	0	0	0	0
0	0	0	0	0	0	0	0	0	0	0	0	0	0	0	0	9	0	0	0	3	0	0	0	0	0	0	0	0	0	0
0	0	0	0	4	4	0	0	124	1	0	0	6	0	0	0	17	0	0	0	7	0	0	2	56	0	0	0	0	0	0
3	0	2	0	0	0	0	0	0	0	0	0	0	0	0	0	0	0	0	0	0	0	0	0	0	0	0	0	0	0	0
0	3	0	0	0	0	4	0	0	0	0	0	0	0	0	0	0	3	0	0	0	0	0	0	3	3	0	0	0	5	0
0	2	0	0	0	0	0	0	0	0	0	0	0	0	0	0	0	0	0	0	0	0	2	0	2	0	0	0	0	0	0
0	0	0	0	3	0	0	0	0	0	0	0	7	0	3	0	0	0	0	0	0	0	0	0	0	0	0	0	0	0	0
0	0	0	0	0	0	0	0	0	0	0	0	0	0	2	0	0	0	0	0	0	0	0	0	0	0	0	0	0	0	0
0	0	0	0	0	0	0	0	0	0	0	0	0	0	0	0	0	2	0	0	0	0	0	0	0	0	0	4	0	0	0
0	0	0	0	0	0	0	0	0	0	0	0	0	0	0	0	0	0	0	0	3	0	0	0	0	4	0	0	0	0	0
0	0	0	0	0	0	0	0	0	0	0	0	0	3	0	0	0	0	6	0	0	7	0	2	0	0	0	0	0	0	3
0	0	0	0	0	0	0	0	0	0	0	0	0	0	0	0	0	0	0	0	0	0	0	0	0	0	19	0	0	0	0
0	6	0	0	0	0	1	0	3	0	0	0	0	0	0	0	0	0	0	0	0	0	2	0	0	0	0	0	0	3	0
0	0	0	0	2	0	0	0	0	0	0	0	0	0	0	0	0	0	0	0	0	0	2	0	0	0	0	0	2	0	0
0	2	0	0	0	0	3	0	0	0	0	0	0	0	0	0	0	3	0	0	0	0	0	0	0	4	0	2	0	4	0
0	0	0	0	0	0	0	0	0	0	0	0	0	0	0	0	0	0	0	0	0	0	0	0	0	0	0	0	1	0	0
0	0	0	0	0	0	0	0	2	0	0	0	0	0	0	0	0	0	0	0	0	0	0	0	0	0	0	0	0	0	0
0	0	3	0	0	0	0	0	0	2	0	0	2	0	0	0	0	0	0	0	0	0	0	0	4	0	0	0	0	0	0
2	0	0	0	9	0	0	2	0	0	0	0	0	0	0	0	0	0	0	0	3	0	0	0	0	0	0	0	0	0	0
2	0	2	0	0	0	0	2	0	2	0	0	0	0	2	0	0	0	0	0	0	0	2	0	0	0	0	0	0	0	0
17	2	3	1	74	0	4	50	0	10	0	9	0	0	48	0	49	1	0	0	5	1	47	11	0	2	0	0	4	2	0
0	0	0	0	0	0	0	0	4	0	0	0	18	0	0	0	0	0	0	0	9	0	0	0	0	0	0	0	0	0	0
0	0	0	0	0	0	0	0	0	0	0	0	0	0	0	0	0	4	0	0	0	0	0	0	0	0	0	0	0	0	0
0	0	0	0	0	0	0	0	0	0	0	0	27	0	0	0	0	0	0	0	0	0	0	0	0	0	0	0	0	0	0
0	17	0	0	0	0	10	4	6	0	0	0	0	0	0	0	13	25	0	0	0	0	2	0	3	14	0	0	0	5	0
34	0	0	1	0	49	0	0	44	0	0	5	22	26	0	162	0	0	126	0	0	49	0	10	0	0	0	17	6	6	0
0	0	0	0	0	0	0	0	0	0	0	0	0	0	0	0	0	2	0	0	0	0	0	0	0	0	0	0	0	0	0
0	0	0	0	0	0	0	0	0	0	0	0	0	0	0	3	0	0	0	0	0	0	0	0	0	0	0	0	0	0	0
2	0	0	0	12	0	0	7	0	0	0	4	0	0	2	0	2	0	0	0	0	0	11	6	0	0	0	0	0	0	0
0	0	0	0	0	0	0	0	0	0	0	0	0	0	0	0	0	0	0	0	0	0	0	0	0	0	0	5	0	0	0
0	0	0	0	0	0	0	0	0	0	0	0	0	0	0	0	0	0	6	0	0	0	0	0	0	0	0	4	0	0	16
0	0	0	0	0	0	0	0	0	0	0	0	0	0	0	0	0	0	0	0	0	0	0	0	0	0	0	0	0	12	0
0	0	0	0	0	0	0	0	0	0	0	0	0	0	0	4	0	0	0	0	0	0	0	0	0	0	0	0	0	0	0
0	0	0	0	0	0	0	0	7	0	0	0	0	0	0	0	0	2	0	0	0	0	0	0	0	0	0	0	0	0	0
0	0	0	0	0	0	0	0	0	0	0	0	0	0	0	0	0	0	0	0	0	0	0	0	0	0	0	8	0	0	0
0	76	0	0	0	0	48	2	14	0	0	0	0	0	0	0	3	116	2	0	0	0	0	0	24	77	0	18	0	21	0
0	0	0	0	23	0	0	18	0	0	0	0	0	0	20	0	0	0	0	0	0	0	16	0	0	0	0	0	0	0	0
3	0	0	5	0	0	0	0	0	0	0	0	0	0	0	0	0	0	0	0	0	0	0	5	0	0	0	0	0	0	0
0	8	7	15	4	0	2	0	3	8	0	6	0	0	2	0	0	9	0	3	5	0	4	8	0	11	0	3	74	0	0
0	0	0	0	0	0	0	3	2	0	0	5	0	0	0	0	0	0	0	0	0	0	0	0	0	0	0	0	0	3	0
0	4	0	0	0	0	2	0	0	0	0	0	0	0	0	0	0	2	0	0	0	0	0	0	0	5	0	0	0	0	0
0	0	0	2	2	0	0	0	0	0	0	0	0	3	0	0	4	0	0	0	3	0	6	0	0	0	0	0	0	0	0
0	0	2	0	18	0	0	5	0	3	0	0	0	0	4	0	7	0	0	0	3	3	16	5	0	0	0	0	0	0	0
22	9	6	4	5	7	4	2	17	20	0	7	0	214	6	2	9	12	125	9	10	42	4	24	1	5	7	8	31	15	38
0	0	0	0	0	0	0	4	0	0	0	0	0	0	1	0	0	0	0	0	3	0	0	0	0	0	0	0	0	0	0
0	0	0	0	0	0	0	0	0	0	0	0	0	0	0	26	0	0	0	0	0	0	0	0	0	0	0	0	0	0	0
0	0	0	0	0	3	0	0	0	0	0	0	0	0	0	0	0	0	0	0	2	4	0	0	0	0	0	0	0	0	0
0	0	0	0	0	0	0	0	0	0	0	0	0	0	0	0	0	0	0	0	0	0	0	9	0	0	0	0	0	0	0
0	3	0	0	0	0	0	0	2	5	0	2	0	0	0	0	0	0	3	0	0	0	0	0	0	0	0	0	4	0	0
0	18	0	0	0	0	26	0	26	0	0	0	0	0	0	0	0	40	0	0	0	0	0	0	3	32	0	0	0	4	0
0	0	2	0	0	0	0	0	0	0	2	0	0	2	0	0	0	0	2	0	0	0	0	0	0	0	0	0	0	0	0
0	0	0	0	4	0	0	0	0	0	0	0	9	0	0	0	0	0	0	0	5	0	2	0	0	0	0	0	3	0	0
0	0	2	0	0	0	0	0	0	0	0	0	0	3	0	0	0	0	3	0	0	0	0	2	0	0	0	0	0	0	0
0	3	0	0	0	0	5	0	3	0	0	0	0	0	0	0	0	8	0	0	0	0	0	2	0	3	0	0	0	4	0
3	0	2	0	4	0	0	0	0	0	0	0	0	0	5	0	4	0	0	2	0	0	4	0	0	2	0	0	0	0	0
0	2	3	0	0	20	0	0	0	4	3	0	0	8	0	0	0	2	7	1	0	2	0	0	0	0	0	0	7	0	6
6	2	16	0	0	0	0	3	5	13	0	13	0	0	0	0	0	3	0	2	0	0	3	0	4	0	0	2	0	0	0
0	0	0	1	0	0	0	0	0	5	0	0	0	0	0	0	0	0	0	0	11	0	0	0	0	0	0	0	13	0	0
0	0	0	0	0	0	0	0	0	0	0	0	0	0	0	0	0	0	0	0	0	0	0	0	0	0	0	3	0	0	0
0	0	0	0	0	0	0	0	3	0	0	0	0	0	0	0	0	0	0	0	0	0	0	0	0	0	0	0	2	11	0
4	2	0	0	0	0	5	0	4	0	0	0	0	0	0	0	0	17	0	0	0	0	0	0	3	5	0	9	0	0	0
0	0	0	0	0	0	0	0	0	0	0	0	0	0	0	0	0	0	0	0	0	0	0	3	0	0	0	0	0	0	0
6	28	0	9	5	0	10	5	5	0	0	1	0	0	0	0	0	29	0	0	1	24	0	0	14	39	0	0	3	11	0
0	0	0	0	0	0	0	0	0	0	0	0	0	0	0	0	0	0	0	0	0	3	0	0	0	0	0	0	0	0	0
0	0	0	0	5	0	0	1	3	0	0	0	0	0	1	0	0	0	0	0	0	0	1	0	0	0	0	0	0	0	0
0	0	0	0	0	0	0	0	0	0	0	0	0	0	0	22	3	1	0	0	0	0	0	0	0	5	0	0	0	0	0
0	4	0	0	0	0	2	0	0	0	0	0	0	0	0	0	0	2	0	0	0	0	0	0	0	0	0	2	4	7	0
3	0	0	2	0	0	0	2	0	0	0	0	0	0	3	0	0	0	0	0	0	0	3	0	0	0	0	0	0	0	0
0	0	0	0	0	0	0	0	0	0	0	2	0	0	0	0	0	2	0	0	2	0	0	0	0	0	0	0	0	0	0
2	2	0	0	0	2	0	0	6	0	0	0	0	0	0	0	0	4	3	0	0	2	0	0	0	0	0	0	0	6	0
0	0	0	0	0	0	0	0	0	0	0	0	0	0	0	0	0	0	2	0	0	5	0	0	0	0	0	8	0	0	0
3	0	2	0	0	0	0	0	0	0	0	0	0	0	0	0	0	6	0	0	0	0	3	0	0	0	0	0	0	4	0
0	6	0	0	0	0	4	0	0	0	0	0	0	0	0	0	0	0	0	0	0	0	0	0	0	0	0	0	2	0	0
0	6	0	0	0	0	0	0	3	0	0	0	0	0	0	0	0	10	0	0	0	0	0	0	2	4	0	0	0	2	0
0	2	0	0	0	0	0	0	0	0	0	0	0	0	0	0	0	0	0	0	0	0	0	0	0	2	0	0	0	0	0
0	0	0	0	0	0	0	0	0	0	0	0	0	0	0	0	0	0	2	0	0	0	0	0	0	0	0	0	0	0	0
0	0	0	0	0	0	0	0	0	0	0	0	0	0	0	0	0	0	0	0	0	0	0	0	0	0	0	10	0	0	0
0	14	0	0	0	0	15	3	5	0	0	0	0	0	0	0	2	32	0	0	5	0	0	0	2	30	0	3	2	0	0
2	0	0	0	0	3	0	0	0	0	0	0	0	0	0	7	0	0	0	0	0	0	0	0	0	0	30	0	0	0	0
1	0	0	1	0	0	2	0	0	1	0	0	0	0	0	0	0	0	0	1	0	0	0	0	0	0	0	0	13	4	0
2	8	24	0	2	0	4	2	0	35	0	28	0	0	6	0	0	11	0	7	10	0	0	3	6	6	0	2	6	0	0
2	0	0	2	0	0	0	0	0	0	0	0	0	0	0	0	0	2	0	0	0	0	0	0	5	0	0	0	0	0	0
0	0	0	0	2	0	0	0	0	0	0	0	0	0	0	0	0	0	0	0	0	0	0	0	0	0	0	0	0	0	0
0	0	2	3	0	0	0	0	0	0	0	0	0	0	0	0	0	0	0	0	0	2	0	0	0	0	0	0	0	0	0
0	0	0	0	0	0	0	0	0	0	0	0	0	0	0	0	0	0	0	0	0	102	0	0	0	0	0	0	0	0	0
0	0	0	0	0	0	0	0	0	0	0	0	0	0	0	0	0	0	0	0	0	0	0	0	0	0	5	0	0	0	0
0	0	0	0	0	0	0	0	0	2	0	0	0	0	0	0	20	0	0	0	2	0	0	0	0	0	0	0	0	0	0
3	0	0	1	0	0	0	0	0	0	0	0	0	0	0	0	0	0	0	0	0	0	2	1	0	0	0	0	3	0	0
0	0	0	0	0	7	0	0	0	0	0	0	0	4	0	2	0	0	0	0	0	0	0	6	0	0	0	0	0	0	0
0	0	0	0	2	0	0	0	0	0	0	0	0	0	3	0	0	0	0	0	0	0	0	2	0	0	0	0	0	0	0
0	0	0	0	0	0	0	3	0	0	0	0	0	0	0	0	4	0	0	0	0	0	2	0	0	0	0	0	0	0	0
0	0	0	0	0	2	0	0	0	0	0	0	0	0	0	47	0	0	0	0	0	0	0	0	0	0	3	0	0	4	0
0	0	0	0	0	0	0	0	0	0	0	0	0	1	0	0	0	0	5	0	0	0	0	0	0	0	0	0	0	0	0
0	0	0	0	0	6	0	0	0	0	0	0	0	0	0	0	0	0	2	0	0	3	0	3	0	0	0	0	0	0	0
0	15	0	0	0	0	8	0	13	0	0	0	0	0	0	0	0	16	0	0	5	0	2	0	0	18	0	0	0	27	0
0	0	0	0	0	0	0	0	0	0	0	0	0	0	0	0	5	0	0	0	0	0	2	0	0	0	0	0	0	0	0
0	5	0	0	0	0	3	0	3	0	0	0	0	0	0	0	0	6	0	0	0	0	0	0	3	5	0	4	0	3	0
2	0	0	0	2	8	0	0	0	0	0	0	0	10	1	0	0	0	12	0	0	3	0	0	0	0	3	0	0	6	0
0	0	0	0	0	0	0	0	3	0	0	0	0	0	0	0	0	0	0	0	0	0	0	0	0	0	0	0	0	0	0
5	0	9	0	0	0	0	0	0	22	0	19	0	0	0	0	0	0	0	12	0	0	1	9	0	0	0	0	0	0	0
0	0	0	0	0	0	1	0	0	0	0	0	0	0	0	0	0	2	0	0	0	0	0	3	2	0	0	0	0	0	0
0	0	0	0	0	0	0	0	0	0	0	0	0	0	0	0	0	0	0	0	0	0	0	0	0	0	4	0	0	0	0
0	0	0	0	0	2	0	4	0	0	0	0	0	0	0	0	0	0	0	0	0	2	0	2	0	0	0	0	0	0	0
0	0	0	0	0	0	0	0	0	0	0	0	0	0	0	0	0	0	0	0	0	0	2	0	0	0	0	0	0	0	0
0	0	0	0	0	0	0	0	0	1	0	0	0	0	0	0	0	2	0	0	0	3	3	0	0	0	0	0	0	0	0
0	0	0	0	0	0	0	0	0	0	0	0	0	0	0	0	0	0	2	0	0	0	0	0	0	0	0	0	0	0	0
3	0	0	0	0	0	0	0	0	0	0	0	0	0	0	0	0	0	0	2	0	0	0	0	0	0	0	0	0	0	8
0	80	0	3	2	0	112	5	5	0	0	0	0	0	0	0	0	125	0	0	6	0	2	0	10	173	0	15	0	3	0
0	0	0	0	6	0	0	5	0	3	0	0	0	0	5	0	4	0	0	0	1	0	9	0	0	0	0	0	3	0	0
0	0	0	0	0	6	0	0	0	0	0	0	0	0	0	0	0	0	0	0	0	0	0	0	0	0	0	0	0	0	0
0	0	0	0	0	0	0	0	0	0	0	0	0	0	0	0	0	0	0	3	0	0	0	2	0	0	0	0	3	0	0
0	0	2	0	0	0	0	2	0	0	0	0	0	0	0	0	0	0	3	0	0	2	0	0	0	0	0	0	0	0	2
3	8	5	2	4	0	5	0	9	5	0	13	0	0	0	0	0	12	0	4	3	0	3	2	6	16	0	4	6	10	0
0	0	0	0	0	0	0	0	0	0	0	0	0	0	0	0	0	0	0	0	0	0	0	0	0	0	4	0	0	0	0
0	0	0	0	0	2	0	0	0	0	0	0	0	0	0	23	0	0	2	0	0	0	0	0	0	0	2	0	0	0	0
23	0	0	3	4	0	0	0	0	0	0	0	0	0	8	0	0	0	0	0	4	2	8	137	0	0	0	5	41	0	0
0	0	0	0	0	0	0	0	0	0	0	0	0	3	0	0	0	0	0	0	0	0	0	0	0	0	0	0	0	0	0
0	0	0	0	0	0	0	0	0	0	0	0	0	0	0	0	0	0	0	0	0	0	0	0	0	0	4	0	0	0	0
0	0	0	0	0	0	0	0	0	0	0	4	0	0	0	0	0	0	0	0	0	0	0	0	2	0	0	0	0	0	0
0	9	0	0	0	0	8	0	0	0	0	0	0	0	0	0	0	9	0	0	6	0	0	0	2	14	0	0	10	3	0
2	0	4	5	0	7	0	6	0	8	0	4	0	8	3	0	0	4	12	3	0	9	5	6	2	2	4	0	17	0	4
0	0	0	0	2	0	0	0	0	0	0	0	0	0	0	0	0	0	0	0	0	0	0	0	0	0	0	0	0	0	0
0	0	0	0	0	0	0	0	0	0	0	0	0	0	0	0	0	0	0	2	0	0	0	0	0	0	0	0	0	0	0
0	0	0	0	0	0	0	0	0	0	0	0	24	0	0	0	0	0	0	0	0	0	0	0	0	0	0	0	0	0	0
0	0	0	0	0	2	0	0	0	0	0	0	0	0	0	0	0	0	0	0	0	0	0	0	0	0	0	0	0	0	0
0	10	0	0	0	0	5	0	3	0	0	0	0	0	0	0	0	0	0	0	0	0	0	0	0	9	0	2	0	0	0
0	0	0	0	0	0	0	0	3	0	0	0	0	0	0	0	0	0	0	0	0	0	0	0	0	0	0	0	0	0	0
4	0	0	0	0	0	0	0	0	0	0	0	0	0	0	0	0	0	0	0	0	0	0	0	0	0	0	0	4	0	0
2	0	0	0	0	8	0	0	0	0	0	0	0	0	0	9	0	0	0	0	0	0	0	0	0	0	2	0	0	0	0
0	0	0	0	0	4	0	0	0	2	0	0	0	0	0	0	0	0	0	0	0	0	0	0	0	0	0	0	0	0	0
2	0	0	1	11	0	0	9	0	4	0	0	0	0	4	0	5	0	0	0	5	0	10	0	0	0	0	0	0	0	0
0	0	0	0	0	0	0	0	0	0	0	0	0	0	0	0	0	0	0	0	3	0	2	0	0	0	0	0	0	0	0
0	0	0	0	0	0	0	0	0	0	0	0	0	0	0	0	0	0	0	0	0	4	0	0	0	0	0	0	0	0	0
0	0	0	0	0	0	0	0	0	0	0	0	0	0	0	0	0	0	0	0	0	0	0	0	0	0	0	0	2	0	0
0	1	0	0	0	4	0	0	0	0	0	0	0	4	0	0	3	0	0	0	0	0	0	0	0	0	0	0	2	0	0
5	0	0	0	0	0	8	0	0	0	0	1	0	0	0	0	0	0	0	0	0	0	0	3	0	0	0	0	0	0	0
0	0	0	0	0	0	0	0	0	0	0	0	0	0	0	0	0	0	0	3	0	2	0	0	0	0	0	0	0	0	0
0	5	0	0	0	41	4	0	0	0	0	0	0	1	0	5	0	0	6	0	0	125	0	11	0	0	2	1	0	8	0
0	0	0	0	0	6	0	0	0	0	0	0	0	0	0	0	0	0	0	0	0	0	0	0	0	0	0	0	0	0	0
0	0	2	0	0	0	0	1	0	2	0	0	0	0	1	0	0	0	0	0	2	0	4	1	0	0	0	0	0	0	0
0	0	0	0	2	0	0	0	0	2	0	0	0	0	0	0	0	0	0	0	2	0	0	0	0	3	0	0	2	0	0
0	0	0	0	0	0	0	0	0	0	0	0	0	0	0	0	0	0	0	0	0	0	0	0	4	0	0	0	0	0	0
0	0	0	0	3	0	0	0	0	0	0	0	0	0	0	0	0	0	0	0	0	0	0	0	0	0	0	0	0	0	0
0	7	0	0	0	0	5	0	2	0	0	1	0	0	2	0	0	3	0	0	0	0	0	0	0	3	0	0	0	5	0
0	28	0	0	0	0	24	0	16	0	0	0	0	0	0	0	0	24	0	0	4	0	0	0	27	22	0	15	0	9	0
0	0	0	0	0	0	0	0	0	0	0	0	0	0	0	0	0	0	0	0	0	0	0	0	0	0	5	0	0	0	0
0	0	0	0	6	0	0	5	0	0	0	0	0	0	3	0	0	0	0	0	0	0	3	0	0	0	0	0	2	0	0
0	0	0	0	0	0	0	0	0	0	0	0	0	0	0	0	0	0	0	0	0	0	0	2	0	0	0	0	0	0	0
6	10	2	5	4	0	3	0	21	3	0	3	0	0	0	0	0	13	0	0	0	8	0	0	4	10	0	10	0	0	0
0	10	0	0	0	0	1	0	0	0	0	0	0	0	0	0	0	2	0	0	0	0	0	0	7	13	0	0	0	0	0
0	0	2	0	0	0	5	0	0	8	0	0	7	0	0	0	0	0	0	1	0	0	0	14	0	0	0	0	1	3	0
0	0	0	0	0	2	0	0	0	0	0	0	0	0	0	0	0	0	2	0	0	0	0	0	0	0	0	0	0	0	0
0	0	0	0	3	0	0	0	0	0	0	1	0	0	1	0	0	0	0	0	0	4	0	0	0	0	0	0	0	0	0
0	0	0	0	0	4	0	0	0	0	0	0	0	17	0	0	0	0	7	0	0	0	0	0	0	0	0	0	0	0	2
0	0	12	4	2	0	0	2	0	6	0	11	0	0	0	0	0	0	0	2	6	0	3	8	0	0	0	0	3	0	0
0	0	0	0	0	0	0	0	0	0	0	0	0	0	0	0	0	0	0	0	0	0	0	0	11	0	0	0	0	0	0
0	0	0	0	0	3	0	0	1	0	0	0	0	17	0	0	0	0	15	0	0	0	0	0	0	0	0	0	2	0	1
0	0	4	5	9	0	6	0	2	0	0	2	4	2	3	0	0	7	2	4	0	3	3	0	7	8	0	0	0	2	5
0	0	0	0	0	0	0	0	6	4	0	0	0	0	0	0	0	0	2	0	0	0	0	0	0	0	0	0	0	0	0
0	1	0	0	0	0	0	0	0	0	0	0	0	0	0	0	0	0	0	0	0	0	0	0	4	0	0	4	0	0	0
0	0	0	0	0	0	0	0	0	0	0	4	0	0	0	0	0	0	2	0	0	0	0	0	0	0	0	0	0	5	0
0	0	0	0	0	0	0	2	0	0	0	0	0	0	0	0	0	0	0	0	0	0	0	0	0	0	0	0	0	0	0
0	0	0	0	0	0	0	0	0	0	0	0	0	0	0	0	0	0	2	0	0	1	0	0	0	0	0	0	0	0	0
0	0	2	0	0	0	6	0	9	0	0	0	0	0	3	0	0	4	0	0	0	0	0	2	2	0	0	0	4	2	0
0	0	0	1	10	0	0	7	0	2	0	0	0	0	4	0	4	0	0	0	24	0	8	0	0	0	0	0	0	0	0
0	0	0	0	0	0	2	0	0	0	0	0	14	0	3	0	0	0	0	0	0	0	0	2	0	0	0	0	0	0	0
0	0	9	0	0	0	0	0	1	12	0	13	0	0	0	0	0	0	0	10	0	0	0	1	0	0	0	0	0	0	0
9	20	3	0	11	0	18	5	19	6	0	5	2	0	2	0	6	15	0	4	1	4	0	1	12	15	0	3	0	7	0
0	0	0	0	0	0	0	0	0	0	0	0	0	0	0	0	0	0	2	0	0	0	0	0	0	0	0	0	0	0	0
7	0	0	0	0	10	2	0	0	0	16	0	0	0	2	5	0	0	0	0	0	0	0	8	0	0	0	0	3	4	0
5	0	6	8	6	0	0	6	0	5	0	4	0	0	8	0	2	0	0	0	0	0	8	2	0	0	0	0	8	2	0
0	2	0	0	0	2	0	0	4	0	0	1	0	0	0	0	0	0	0	4	0	0	0	2	0	0	0	0	4	0	0
0	0	0	0	0	0	0	0	0	4	0	0	0	0	0	0	0	0	2	0	0	0	0	0	0	0	0	0	0	0	0
14	2	2	2	4	0	0	6	2	0	0	0	7	0	5	0	2	0	0	0	4	7	5	3	0	2	0	0	2	0	0
0	0	0	0	4	0	2	6	0	0	0	0	0	0	0	0	0	0	0	0	0	2	2	0	0	0	0	0	0	0	0
0	0	3	0	12	0	0	2	0	9	0	10	0	0	3	0	4	0	0	4	0	0	5	8	0	7	0	0	2	7	0
0	0	0	0	0	0	0	0	0	0	0	0	0	0	0	0	0	0	0	0	0	2	0	0	0	0	0	0	0	0	0
0	0	0	0	0	0	0	0	0	0	0	0	0	0	0	0	0	0	2	0	0	0	0	0	0	0	0	0	0	0	0
0	0	0	0	2	0	0	0	5	0	0	0	0	0	0	0	0	0	3	0	0	34	1	0	0	0	0	0	0	2	1
0	0	0	0	0	0	0	0	0	0	0	0	0	0	0	0	0	0	0	0	0	0	0	0	0	3	0	0	0	0	0
0	4	3	0	7	0	2	0	10	0	0	0	0	0	2	0	0	0	2	0	0	0	0	0	0	0	0	0	2	0	0
2	0	0	0	0	0	0	0	0	0	0	0	0	0	0	0	0	0	0	0	0	0	0	0	0	0	0	0	0	0	0
3	0	0	4	4	0	0	0	0	0	0	0	0	0	2	0	8	0	0	0	3	0	0	0	0	0	0	0	2	0	0
0	0	0	0	0	0	0	0	3	0	0	0	0	0	0	0	0	0	0	0	0	0	0	0	0	0	0	0	0	0	0
0	7	0	0	0	0	4	0	10	2	0	0	0	0	0	0	0	5	0	0	0	0	0	0	3	3	0	0	0	4	0
0	0	0	0	0	0	0	0	0	0	0	0	0	0	0	0	0	0	0	0	0	0	0	0	0	0	0	0	2	0	0
0	0	0	0	0	0	0	0	0	4	0	0	0	0	0	0	0	0	0	0	0	0	0	0	2	0	0	0	0	0	0
0	0	0	0	10	0	0	2	0	0	0	0	0	0	0	0	0	0	0	0	0	0	0	0	0	0	0	0	0	0	0
0	0	0	0	0	0	0	0	0	0	0	2	0	2	0	0	0	0	0	0	0	0	0	0	0	0	0	0	0	0	0
0	0	0	0	0	0	0	0	0	0	0	0	0	0	0	0	0	0	0	0	0	2	2	0	0	0	0	0	0	0	0
0	0	0	0	0	0	0	0	0	0	0	0	0	2	0	0	0	0	5	0	0	2	0	0	0	0	0	0	2	6	0
0	0	0	0	5	0	0	0	0	0	0	0	0	0	7	0	0	0	0	2	0	0	4	0	0	0	0	0	0	0	0
0	0	0	0	0	2	0	0	0	0	0	0	0	0	0	8	0	0	0	0	0	0	0	0	0	0	0	0	0	0	0
0	7	0	0	0	0	0	0	0	0	0	0	0	0	0	0	0	5	0	0	0	0	0	0	0	3	0	0	0	0	0
0	0	0	0	0	0	0	0	0	0	0	0	0	0	0	6	0	0	0	0	0	0	0	0	0	0	0	0	0	0	0
0	0	0	0	0	0	0	0	0	2	0	11	0	0	0	0	0	0	0	0	0	0	0	0	0	0	0	0	6	0	0
0	0	0	0	0	0	0	0	0	0	0	0	0	0	0	0	0	0	0	0	0	0	0	27	0	0	0	0	0	0	0
5	0	0	0	0	0	0	0	0	0	0	0	0	0	0	0	0	0	0	0	0	0	0	0	0	0	0	0	0	0	0
0	0	0	0	0	0	0	0	0	0	0	0	0	0	0	0	12	0	0	0	0	0	0	0	0	0	0	0	0	0	0
8	0	0	0	0	0	0	0	0	4	0	0	0	0	0	0	0	0	0	0	0	0	0	5	0	0	0	0	0	2	0
6	0	14	0	0	0	0	0	0	18	0	8	0	0	0	0	2	0	0	3	0	0	0	0	0	2	0	0	0	0	0
0	0	0	0	0	0	0	0	0	1	0	0	0	0	0	0	0	0	0	0	0	0	0	0	0	0	0	0	0	0	0
2	25	0	0	0	0	11	0	5	0	0	0	0	0	0	0	0	17	0	0	0	0	3	0	11	10	0	4	0	3	0
0	0	0	0	0	0	0	0	0	0	0	0	0	0	0	0	0	0	0	0	0	0	0	0	8	0	0	0	0	0	0
0	1	0	0	0	0	3	0	4	0	0	0	0	0	0	0	0	2	0	0	3	0	0	0	2	0	0	4	0	5	0
1	0	3	5	4	0	2	10	0	9	0	4	0	0	9	0	0	0	0	7	3	0	8	0	0	0	0	0	0	0	0
0	0	0	0	0	0	5	0	0	0	0	0	0	0	0	0	0	3	0	0	0	0	0	0	3	0	0	0	0	0	0
0	0	0	0	0	0	0	0	0	0	0	0	0	0	0	19	0	0	0	0	0	0	0	0	0	0	0	0	0	0	0
0	0	0	0	0	5	0	0	0	0	0	0	0	3	0	0	0	0	0	0	0	0	0	0	0	0	0	0	0	0	0
0	0	0	0	0	0	2	0	0	0	0	0	0	0	0	0	0	2	0	0	0	0	0	0	0	0	0	0	0	0	0
0	0	0	5	0	0	0	0	0	0	0	3	0	0	0	0	2	3	0	0	0	0	0	0	3	0	0	0	2	0	0
0	0	0	0	0	0	0	0	0	0	0	0	4	0	0	0	0	0	0	0	0	0	0	0	0	0	0	0	0	0	0
0	39	4	4	4	0	26	4	14	13	0	7	0	0	0	0	5	48	0	1	23	0	0	4	22	57	0	26	4	7	0
0	2	0	0	0	0	2	0	0	0	0	0	0	0	0	0	0	4	0	0	0	0	0	0	2	0	0	0	0	0	0
3	0	0	0	0	0	0	2	0	0	0	0	0	0	0	0	0	0	0	0	0	0	0	0	0	0	0	0	0	0	0
0	0	0	0	0	0	0	0	0	0	0	0	6	0	0	0	0	0	0	0	0	0	0	0	0	0	0	0	0	0	0
0	0	0	0	0	0	0	0	0	0	0	0	0	0	0	0	0	0	0	0	0	0	2	0	0	0	0	0	0	0	0
12	6	150	0	111	4	0	76	0	69	0	83	6	0	80	0	209	0	0	28	0	3	91	40	2	3	0	0	2	10	0
0	0	0	0	0	0	0	0	0	0	0	0	0	0	0	0	0	0	0	0	0	0	0	0	0	0	0	0	0	2	0
0	4	0	0	0	0	6	0	5	0	0	0	0	0	0	0	0	10	0	0	6	0	0	0	3	3	0	5	0	4	0
0	8	0	0	2	32	22	0	9	0	24	0	0	12	0	47	0	32	16	0	0	12	0	0	0	12	12	2	0	25	131
0	0	0	0	0	0	0	0	0	0	0	0	0	0	0	0	0	0	0	0	0	0	0	0	0	0	0	0	0	16	0
0	0	2	0	0	0	0	0	0	0	0	0	0	0	0	0	0	0	0	0	0	0	0	0	0	0	0	0	14	0	0
2	0	0	0	0	0	2	0	3	0	0	0	0	0	0	0	0	0	0	0	0	0	0	0	0	0	0	0	0	0	2
0	4	0	0	0	0	0	0	2	0	0	0	0	0	2	0	0	0	0	0	0	0	0	0	0	0	0	0	0	0	0
0	53	5	8	3	0	75	0	30	2	0	0	0	0	0	0	0	44	0	0	12	0	0	0	19	77	0	14	0	50	0
0	0	3	0	0	0	0	0	0	0	0	0	0	0	0	0	0	0	0	0	0	0	0	2	0	0	0	0	2	0	0
0	16	0	0	0	0	10	0	4	0	0	0	0	0	0	0	0	7	0	0	0	0	0	0	0	3	0	0	0	0	0
0	0	0	0	0	0	0	0	0	0	0	0	0	0	0	0	0	3	0	0	5	0	0	0	0	0	0	0	0	0	0
0	0	0	0	0	0	0	0	2	0	0	0	0	0	0	0	0	2	0	0	2	0	0	0	0	4	0	0	0	0	0
0	11	0	0	0	0	24	0	5	0	0	0	0	0	0	0	0	16	0	0	0	0	0	0	15	18	0	4	0	12	0
0	0	0	0	0	0	0	0	3	0	0	0	0	0	0	0	0	0	0	0	3	0	0	0	0	3	0	0	3	0	0
2	2	0	0	3	0	0	4	3	1	0	0	0	2	3	0	1	0	0	2	0	0	3	1	0	0	0	0	3	0	0
0	0	0	0	0	0	2	0	0	0	0	0	0	0	0	0	0	0	0	0	0	0	0	0	0	0	0	0	0	0	0
0	0	0	0	0	0	0	0	0	0	0	0	0	0	0	0	0	0	0	0	0	0	0	0	0	2	0	0	0	4	0
0	0	0	0	0	5	0	0	0	0	0	0	0	0	0	0	0	0	0	0	0	0	0	0	0	0	0	0	0	0	0
0	0	0	0	0	2	0	0	0	0	0	0	0	0	0	0	0	0	0	0	0	0	0	0	0	0	0	0	0	0	0
0	2	0	0	0	3	0	0	0	0	0	0	0	0	0	0	0	0	0	0	0	0	0	0	0	0	0	0	0	0	0
3	3	0	0	15	0	0	34	3	3	0	3	0	0	25	0	2	6	3	0	1	0	37	6	4	2	0	0	2	0	0
0	2	0	0	0	0	8	0	1	0	0	0	0	0	0	0	0	10	0	0	0	0	0	0	0	6	0	1	0	0	0
0	6	0	0	0	0	5	0	0	0	0	0	0	0	0	0	0	0	0	0	5	0	0	0	0	6	0	0	11	0	0
0	0	0	0	0	0	0	0	0	0	0	0	0	0	0	0	0	0	0	0	0	9	0	0	0	0	0	0	0	0	0
6	4	0	0	0	8	9	0	1	4	0	4	0	4	0	0	0	8	6	0	0	3	1	2	7	9	4	5	3	0	0
0	0	0	0	6	0	0	4	0	2	0	0	0	0	3	0	3	0	0	0	0	0	9	0	0	0	0	0	0	0	0
0	2	0	0	0	0	3	0	0	0	0	0	0	0	0	0	0	0	0	0	0	0	0	0	0	2	0	0	0	0	0
0	3	0	0	0	0	0	0	3	0	0	0	0	0	0	0	0	0	0	0	0	0	9	0	0	0	0	0	0	0	0
0	2	0	0	0	14	5	0	0	0	5	0	0	22	0	8	0	0	10	0	0	25	2	0	11	0	0	0	0	11	57
7	7	5	2	0	0	0	0	3	0	0	0	0	0	2	0	0	3	0	0	3	3	0	5	0	5	0	0	7	2	0
7	5	0	14	10	0	10	5	8	4	0	4	0	0	3	0	18	13	0	4	7	4	2	0	8	9	0	1	8	4	0
0	0	0	0	2	0	0	8	0	0	0	0	2	0	0	0	4	0	0	0	0	0	0	0	0	0	0	0	0	0	0
4	1	4	0	0	23	0	0	25	0	0	0	2	24	0	0	0	0	38	0	0	0	0	0	8	0	0	3	0	8	65
0	6	0	0	0	0	0	0	2	0	0	0	0	0	0	0	0	4	0	0	0	0	0	0	2	5	0	0	0	6	0
4	0	0	0	0	0	0	0	0	0	0	0	0	0	0	0	0	0	0	0	0	0	0	0	0	0	0	0	0	0	0
0	0	0	0	0	0	0	0	0	0	0	0	0	0	0	0	0	1	0	0	2	0	0	0	0	3	0	0	0	0	0
0	0	2	0	0	0	0	0	7	0	0	0	0	0	0	0	0	0	0	0	0	0	0	0	4	3	0	0	0	0	0
0	0	0	0	0	0	0	0	0	0	0	0	0	0	0	0	0	0	0	2	0	0	0	0	0	0	0	0	0	0	0
0	0	0	0	2	3	0	0	0	0	0	2	0	0	0	0	0	0	2	0	2	0	0	0	0	0	0	3	0	0	0
0	0	0	0	0	0	0	0	0	0	0	0	0	0	0	0	0	2	0	0	2	0	0	0	0	0	0	0	5	0	0
2	0	0	0	5	0	0	2	0	2	0	0	0	0	0	0	6	0	0	0	0	0	0	0	0	0	0	0	3	0	0
0	0	2	4	8	0	0	6	0	0	0	0	0	0	7	0	8	0	0	3	3	0	10	5	0	0	0	0	15	0	0
0	0	0	0	0	0	0	0	0	0	0	0	0	0	0	0	0	0	0	0	0	0	0	0	0	3	0	0	0	0	0
0	0	0	0	6	0	0	0	0	0	0	0	0	0	0	0	0	0	0	0	2	0	3	0	0	0	0	0	0	0	0
0	0	0	1	0	0	0	0	3	0	0	0	0	0	0	0	0	0	0	2	0	4	0	0	0	3	10	0	0	0	3
10	17	29	22	25	3	5	25	2	47	0	43	0	0	10	0	3	9	0	21	12	3	36	21	0	13	0	0	25	13	0
0	0	0	0	0	0	0	0	0	0	0	0	0	0	0	0	0	0	0	0	0	0	0	0	0	0	4	0	0	0	0
0	2	0	0	0	0	0	0	2	0	0	0	0	0	0	0	0	0	0	0	0	0	0	0	0	0	0	0	0	0	0
0	0	0	0	0	0	0	0	0	0	0	4	0	0	0	0	0	0	0	0	0	0	0	0	0	0	0	0	0	0	0
2	0	2	0	0	4	0	0	0	0	0	0	0	0	0	0	0	0	2	0	0	2	0	2	0	0	0	0	0	0	0
0	0	0	0	0	0	2	0	0	0	0	0	0	0	0	0	0	0	0	0	0	0	0	0	0	0	0	0	0	0	0
0	2	0	0	0	0	6	0	3	0	0	0	0	0	0	0	2	4	0	0	1	0	0	0	0	4	0	0	0	4	0
0	0	0	0	0	0	0	0	0	0	0	0	0	0	0	0	0	3	0	0	0	0	0	0	0	0	0	0	0	0	0
0	0	0	0	0	0	0	0	0	0	0	0	0	0	0	0	0	0	0	0	0	0	0	0	0	0	0	0	0	10	0
3	0	1	20	33	0	0	17	0	8	0	6	0	0	18	0	23	0	0	5	12	0	35	8	0	0	0	0	9	0	0
0	0	0	0	0	0	0	0	7	0	0	0	0	0	0	0	0	0	0	0	0	0	0	0	0	0	0	0	0	0	0
0	2	0	0	0	0	0	0	0	0	0	0	0	0	0	0	0	0	0	0	0	0	0	0	0	2	0	0	0	0	0
3	0	0	0	0	0	0	0	0	0	0	0	0	0	0	0	0	0	0	0	7	0	3	0	0	0	0	0	0	0	0
16	0	3	0	13	3	0	7	2	5	0	11	0	16	16	0	0	1	16	4	0	11	5	11	1	3	0	4	18	3	16
2	0	0	2	0	5	0	0	0	0	0	0	0	9	2	0	0	2	11	0	0	0	0	0	0	0	0	0	0	0	5
0	0	0	0	0	0	0	0	0	0	0	11	0	0	0	0	0	0	0	0	0	0	0	0	0	0	0	0	0	0	0
0	0	0	0	0	0	0	1	0	0	0	0	0	0	1	0	2	0	0	0	0	0	2	0	0	0	0	0	0	0	0
0	0	0	0	3	0	0	0	0	0	0	0	0	0	0	0	0	0	0	0	0	0	0	6	0	0	0	0	0	0	0
0	0	0	0	0	5	0	0	0	0	0	0	0	3	0	0	0	0	0	0	0	0	0	0	0	0	0	0	0	0	0
0	0	0	0	0	0	0	0	3	0	0	0	0	0	0	0	0	0	0	0	0	0	0	0	0	0	0	0	0	0	0
2	1	3	0	0	0	0	0	0	0	0	2	0	0	3	0	0	0	0	0	0	1	10	0	0	0	0	0	0	0	0
0	0	1	0	0	4	0	0	10	0	4	0	0	18	4	0	0	0	23	0	0	27	12	0	0	0	66	0	0	0	22
0	0	0	0	0	0	0	0	0	0	0	0	18	0	0	0	0	0	0	0	0	0	1	0	2	0	0	0	0	0	0
0	0	0	0	0	0	0	0	0	0	0	0	0	0	0	0	0	0	0	0	0	0	0	0	6	0	0	0	0	0	0
0	0	0	0	0	0	0	0	0	2	0	0	0	0	0	0	0	0	0	2	0	0	0	2	0	0	0	4	0	0	0
0	0	0	0	0	0	0	0	0	0	0	0	0	0	2	0	0	0	0	2	0	0	0	0	0	0	0	0	0	0	0
0	0	0	0	2	0	0	0	0	2	0	0	0	0	0	0	0	0	0	0	0	0	0	0	0	0	0	0	0	0	0
0	6	0	0	0	0	1	0	0	0	0	0	0	0	0	0	0	2	0	0	0	0	0	0	0	8	0	0	0	0	0
0	0	2	0	0	45	0	0	0	0	0	0	0	5	0	0	4	3	0	0	0	0	0	0	0	1	9	0	0	0	0
12	0	22	32	83	0	0	60	0	30	0	40	8	0	69	0	89	0	0	14	53	0	82	14	0	0	0	0	23	0	0
0	0	0	0	0	2	0	0	3	4	0	5	0	2	0	0	0	1	13	3	0	3	0	0	3	0	0	0	6	5	3
0	0	0	0	0	0	0	0	0	0	0	0	0	0	0	0	0	0	0	0	0	0	0	0	5	3	0	0	0	0	0
4	0	0	0	0	0	0	0	0	0	0	3	0	0	0	0	0	0	0	0	0	0	0	0	0	0	0	0	0	0	0
0	0	12	33	56	0	0	54	0	31	0	21	0	0	56	0	22	0	0	10	87	0	59	13	0	0	0	0	23	0	0
3	0	0	0	0	38	0	0	2	2	55	0	0	3	0	32	0	0	9	0	0	0	0	2	0	0	200	0	0	15	2
0	0	0	0	0	0	0	0	0	0	3	0	0	0	0	2	0	0	0	0	0	0	0	0	0	0	0	0	0	0	0
3	8	2	2	0	0	4	0	4	0	0	0	0	0	0	0	0	14	0	0	0	0	0	3	0	11	0	7	0	2	0
5	0	2	6	0	0	0	0	0	1	0	1	0	0	0	0	0	0	0	0	0	0	0	0	0	0	0	0	0	0	0
3	6	6	8	0	0	5	0	11	0	0	0	0	0	0	0	0	18	0	0	4	0	3	2	10	14	0	5	22	5	0
0	0	0	0	9	0	0	2	0	0	0	0	0	0	0	0	15	0	0	0	0	0	5	0	0	0	0	0	0	0	0
0	0	0	0	0	0	0	0	5	0	0	0	0	0	0	0	0	0	0	0	0	0	0	0	0	0	0	0	0	0	0
0	0	0	0	0	2	0	0	0	0	0	0	0	0	0	0	0	0	0	0	0	0	0	0	0	0	0	0	0	0	0
0	0	0	0	0	2	0	0	0	0	0	0	0	0	0	0	0	0	0	0	0	0	0	0	0	0	0	0	0	0	0
0	0	0	0	0	0	0	0	0	0	0	0	0	0	0	0	0	0	0	0	0	0	0	0	0	0	5	0	0	0	0
0	0	0	0	2	0	0	0	0	0	0	0	0	0	0	0	0	0	0	0	0	0	0	6	0	0	0	0	0	0	0
0	3	0	4	0	2	2	0	0	8	0	6	0	3	0	0	4	2	8	3	0	0	4	0	0	3	2	0	3	2	0
0	0	0	0	0	0	0	0	0	0	0	0	0	0	0	0	0	0	0	0	5	0	0	0	0	0	0	0	0	0	0
0	2	8	0	2	61	14	0	8	5	22	4	8	191	2	20	0	11	159	7	0	222	1	0	5	11	3	28	2	2	478
0	3	0	0	0	0	0	0	0	0	0	0	0	0	0	0	0	6	0	0	0	0	0	0	3	0	0	0	0	3	0
3	0	0	0	0	0	0	0	2	0	0	13	0	0	0	0	0	2	0	2	0	0	0	0	0	0	0	0	0	0	0
0	19	3	4	0	0	14	0	13	2	0	5	0	0	0	0	0	12	0	0	0	0	0	2	10	13	0	0	58	6	0
0	0	0	0	0	0	0	0	0	0	3	0	0	0	0	0	0	0	0	0	0	0	0	0	0	0	12	0	0	0	0
0	2	0	0	0	0	7	0	0	0	0	0	0	0	0	0	0	2	0	0	0	0	0	0	0	2	0	0	0	0	0
0	0	0	0	0	0	0	0	0	0	0	0	0	0	0	0	0	0	0	0	0	0	0	0	0	0	2	0	0	0	0
5	0	24	12	35	0	0	55	0	35	0	42	10	0	62	0	39	0	0	6	31	0	52	12	0	0	0	0	13	0	0
0	0	0	0	31	0	0	13	0	0	0	0	0	0	22	0	3	0	0	3	6	0	21	0	0	0	0	0	0	0	0
0	0	0	0	0	0	0	0	0	0	0	0	0	0	0	0	0	0	0	0	0	0	0	0	0	0	0	8	0	0	0
0	0	0	0	2	0	0	0	0	0	0	6	0	0	2	0	0	0	0	0	0	0	0	0	0	0	0	0	0	0	0
0	0	0	0	0	0	0	0	0	3	0	3	0	0	0	0	7	0	0	0	0	0	2	0	0	0	0	0	2	0	0
0	0	0	0	0	4	0	0	0	0	0	0	0	0	0	0	0	0	0	0	0	0	0	0	0	0	0	0	0	0	0
9	0	4	2	0	0	0	0	0	0	0	0	0	0	0	0	0	0	0	3	0	0	0	8	0	0	0	2	0	0	0
0	0	0	0	0	0	0	0	0	0	0	0	0	2	0	0	0	0	0	0	0	0	0	0	0	0	0	0	0	0	0
0	4	2	0	3	4	11	0	6	0	0	0	0	8	0	0	8	16	21	0	0	35	3	0	9	7	0	4	4	2	6
0	0	0	0	0	4	0	3	0	0	0	0	0	3	0	0	0	0	2	0	0	1	2	0	0	0	0	0	0	0	0
0	0	0	0	0	0	0	0	0	0	0	0	0	0	0	0	0	0	0	0	0	0	0	0	0	0	0	0	0	15	0
0	1	0	0	0	0	2	0	0	0	0	0	0	0	0	0	0	0	0	0	0	0	0	0	0	0	0	0	0	12	0
0	0	0	0	0	0	0	0	0	5	0	5	0	0	7	0	0	0	0	3	0	0	6	5	0	0	0	0	0	0	0
16	22	7	10	5	86	14	0	65	11	15	33	0	549	8	9	2	31	358	10	0	73	4	22	15	8	18	68	5	22	155
0	0	0	2	0	0	0	0	0	0	0	0	0	0	2	0	0	0	0	0	0	0	6	0	0	0	0	0	24	0	0
0	0	0	0	0	0	0	0	0	0	0	0	0	0	0	0	0	0	0	3	0	0	0	0	0	0	0	0	0	0	0
1	0	0	1	0	2	0	0	0	0	0	0	0	8	0	0	0	0	7	0	0	5	0	1	0	3	0	0	0	1	3
0	0	0	0	0	0	0	0	0	0	0	0	0	0	0	0	0	0	0	0	0	0	0	0	0	0	11	0	0	0	0
0	0	0	0	0	0	0	0	0	0	0	0	0	0	0	1	0	0	0	0	0	0	0	0	0	0	2	0	0	0	0
0	0	0	0	0	0	0	0	3	0	0	0	0	0	0	0	0	0	0	0	0	0	0	0	0	0	0	1	0	0	0
0	0	2	0	13	0	0	5	0	0	0	0	0	0	5	0	18	0	0	0	5	0	11	0	0	3	0	0	0	0	0
0	0	0	0	0	0	0	5	0	0	0	0	0	0	0	0	0	0	0	0	0	0	3	0	0	0	0	0	0	0	0
0	0	0	0	0	6	0	0	113	0	0	1	0	0	0	0	0	0	0	0	0	0	0	0	12	0	0	9	0	6	0
3	3	2	9	0	0	4	0	0	3	0	9	0	0	2	0	0	6	0	0	0	0	0	3	2	5	0	0	4	2	0
0	0	0	0	0	3	0	0	0	0	0	0	0	0	0	0	0	0	4	0	0	0	0	0	0	0	0	0	0	0	0
4	3	0	0	1	25	1	3	0	0	0	0	28	9	0	4	0	0	1	0	0	0	0	1	0	0	86	0	0	0	23
0	0	0	0	0	0	0	0	0	0	2	0	0	0	0	0	0	0	0	0	0	0	0	0	0	0	2	0	0	0	0
0	1	0	0	0	0	0	0	4	0	0	0	0	0	0	0	0	0	0	0	2	0	0	0	2	3	0	0	0	0	0
0	0	0	0	0	3	0	0	0	0	7	0	0	0	0	3	0	0	4	0	0	0	0	1	0	0	17	0	0	0	5
0	0	0	0	0	2	0	0	0	0	0	0	0	0	0	0	0	0	0	0	0	0	0	0	0	0	0	0	0	0	0
0	0	0	0	0	0	0	2	0	0	0	0	0	0	0	0	0	0	0	0	0	0	0	0	0	0	0	0	0	0	0
0	0	0	0	0	0	0	0	0	0	0	1	0	0	0	0	0	0	0	0	0	2	0	0	0	2	0	0	0	0	0
0	2	0	0	0	0	0	0	0	0	0	0	0	0	0	0	0	2	0	0	0	0	0	0	0	0	0	0	0	0	0
2	0	0	0	0	0	0	0	0	0	0	0	0	0	0	0	0	0	0	0	0	0	0	0	0	0	0	0	0	0	0
0	0	0	0	0	0	0	0	0	0	0	0	0	0	0	0	0	0	0	0	0	0	0	0	5	0	0	0	0	0	0
0	0	0	0	0	0	0	0	0	0	0	0	0	0	0	0	0	0	0	0	0	0	0	0	0	0	4	0	0	0	0
0	0	3	0	0	0	0	0	0	0	0	0	0	0	0	0	0	3	0	0	0	0	0	5	0	0	0	0	0	0	0
4	14	0	0	0	0	15	0	0	0	0	0	0	0	0	0	0	4	0	0	0	0	0	0	2	0	0	15	0	2	0
0	0	0	0	6	0	0	6	0	0	0	0	0	0	0	0	5	0	0	0	0	0	0	0	0	0	0	0	2	0	0
0	5	0	0	0	0	0	0	0	0	0	0	0	2	0	0	0	0	0	0	0	0	0	0	0	0	0	0	0	0	36
5	0	2	0	0	2	0	0	0	0	0	0	0	3	3	0	0	0	16	0	0	5	0	2	0	0	0	4	8	0	4
0	0	0	0	0	0	0	2	0	0	0	0	0	0	0	0	0	0	0	0	0	0	0	0	7	0	0	0	0	0	0
0	0	0	0	8	0	0	0	0	0	0	0	0	0	3	0	0	0	0	2	0	0	0	0	0	0	0	0	0	0	0
0	0	0	0	0	0	0	0	2	0	0	0	0	0	0	0	0	0	0	0	0	0	0	0	0	0	0	0	0	0	0
49	0	2	0	0	27	3	0	0	0	0	0	0	3	0	2	0	0	6	0	0	25	0	12	0	0	46	0	3	2	2
0	2	0	0	0	0	1	0	0	0	0	0	0	0	0	0	0	0	2	0	1	0	0	0	1	1	0	0	0	0	0
0	0	0	0	0	0	0	0	0	0	0	0	0	0	0	0	0	0	0	0	0	0	0	17	0	0	0	0	0	0	0
0	0	0	0	0	0	0	0	3	0	0	0	0	0	0	0	0	0	0	0	0	0	0	0	0	0	0	0	0	0	0
5	5	0	0	1	42	0	0	0	0	16	3	0	11	0	7	0	3	4	0	0	12	0	7	8	0	8	0	0	4	3
0	0	11	0	0	0	1	0	1	5	0	3	0	0	0	0	0	0	0	3	17	0	0	0	38	4	0	0	1	1	0
0	0	0	0	0	0	0	0	2	0	0	0	0	0	0	0	0	3	0	0	0	0	0	0	0	0	0	0	0	0	0
0	6	0	0	0	0	4	0	2	0	0	0	0	0	0	0	0	5	0	0	0	0	0	0	4	5	0	0	0	4	0
0	0	0	0	0	0	0	0	0	0	0	0	0	0	0	0	2	0	0	0	0	0	0	0	0	0	0	0	0	0	2
0	0	0	0	5	0	0	5	0	0	0	0	0	0	0	0	0	0	0	0	2	0	5	0	1	0	0	2	0	0	0
2	0	1	3	0	0	0	0	0	0	0	3	0	0	3	0	0	0	0	0	0	3	2	0	0	0	0	0	0	0	0
0	0	0	0	18	0	0	12	0	0	0	0	0	0	0	0	6	0	0	0	12	0	2	0	0	0	0	0	0	0	0
0	4	0	0	0	0	3	0	12	0	0	0	0	0	0	0	0	0	5	0	0	2	0	0	0	0	0	0	0	0	0
0	7	0	0	0	0	1	0	0	0	0	0	0	0	0	0	0	0	0	0	0	0	0	0	0	4	0	4	0	0	0
0	0	0	0	3	0	0	0	0	0	0	0	0	0	0	0	0	0	0	0	0	0	0	0	0	0	0	0	0	0	0
0	0	0	0	1	0	0	0	0	0	0	0	0	0	0	0	1	0	0	0	4	0	5	0	0	0	0	0	0	0	0
3	5	0	0	0	0	0	0	2	0	0	0	0	0	0	0	0	0	0	0	0	0	0	0	0	0	0	0	3	4	0
0	0	0	0	0	0	9	0	2	0	0	0	0	0	0	0	0	2	0	0	0	0	0	0	0	0	0	0	0	0	0
0	0	3	0	0	0	0	0	0	0	0	0	0	0	0	0	0	0	0	0	0	0	0	2	0	0	0	0	0	0	0
0	0	0	0	0	0	0	0	0	4	0	2	0	0	0	0	0	0	0	0	0	0	0	0	2	0	0	0	3	0	0
6	5	93	3	2	0	0	1	0	147	0	107	0	0	3	0	0	5	0	70	0	0	4	4	0	0	0	0	18	0	0
2	0	0	0	0	0	0	0	0	0	0	0	0	0	5	0	6	0	0	0	1	0	1	0	0	0	0	0	2	0	0
0	0	0	0	0	0	0	0	0	0	0	0	0	2	0	0	5	0	54	0	0	2	0	0	0	0	0	0	0	0	5
7	17	1	5	0	0	12	0	1	0	0	2	0	0	0	0	0	14	0	0	10	0	4	2	10	11	0	4	3	0	0
0	0	0	0	0	0	0	0	0	0	0	0	0	0	1	0	0	0	0	0	0	0	0	0	0	0	0	0	0	0	0
0	0	0	0	0	2	0	0	0	0	0	0	0	0	0	0	0	0	0	0	0	0	0	0	0	0	0	0	0	0	2
0	13	0	0	0	0	8	0	6	0	0	0	0	0	0	0	0	2	0	0	0	0	0	0	9	12	0	0	0	4	0
0	0	0	0	0	0	0	1	0	0	0	3	0	0	0	0	5	2	0	0	30	0	0	0	0	0	0	0	0	0	0
0	0	0	2	0	4	0	0	0	0	0	0	0	0	0	0	0	0	0	0	0	0	0	0	0	0	0	0	0	0	0
4	0	20	0	0	0	2	0	0	21	0	14	0	0	0	0	0	0	0	4	0	0	0	2	2	2	0	0	0	3	0
0	2	0	0	0	0	0	0	0	0	0	0	0	0	0	0	0	0	0	0	0	0	3	0	0	0	0	0	0	0	0
0	0	0	0	0	0	0	0	0	0	0	0	0	0	0	0	0	0	0	0	0	0	0	0	0	0	1	0	0	0	0
3	0	3	2	0	0	0	0	0	4	0	0	0	0	0	0	0	0	0	0	0	6	0	0	0	0	0	0	5	0	0
0	23	0	0	1	0	16	3	11	0	0	0	0	0	0	0	0	32	0	0	0	0	2	0	15	13	0	8	0	36	0
0	0	2	0	0	0	0	0	0	0	0	0	0	0	0	0	0	0	0	0	0	0	0	0	0	0	0	0	0	0	0
8	38	5	14	2	0	40	5	12	5	0	5	0	0	0	0	0	61	0	4	10	0	2	5	49	56	0	20	30	22	0
0	18	2	3	0	53	9	0	9	4	14	2	0	38	0	194	2	9	54	6	0	52	0	7	1	6	30	107	7	0	65
0	0	0	0	5	0	0	0	0	2	0	0	0	0	0	0	0	0	0	0	0	0	0	2	0	0	0	0	0	0	0
0	0	0	0	0	0	0	0	0	0	0	0	0	0	0	0	0	0	0	0	0	0	0	2	0	0	0	0	0	0	0
0	2	0	0	0	0	0	0	0	0	0	0	0	0	0	0	0	0	0	0	0	0	0	0	0	0	0	0	0	0	0
0	0	0	0	0	0	0	0	0	0	0	0	0	0	0	0	0	0	0	0	0	0	2	0	0	0	0	0	0	0	0
0	0	0	0	3	0	0	0	0	0	0	0	0	0	0	0	0	0	0	0	0	0	0	0	0	0	0	0	0	0	0
0	4	0	0	0	0	0	0	0	0	0	0	0	0	0	0	0	8	0	0	0	0	0	0	4	0	0	0	0	2	0
0	0	0	0	0	0	0	0	0	0	0	0	0	0	2	0	0	0	0	0	4	0	0	0	0	0	0	0	0	0	0
3	7	20	0	0	0	13	0	0	6	0	9	0	0	0	0	0	9	0	0	0	0	2	0	2	14	0	0	0	4	0
6	0	7	0	0	7	0	0	0	0	0	0	0	7	0	0	0	1	8	0	0	1	0	0	0	0	0	0	4	0	5
0	0	0	0	0	0	0	0	3	0	0	0	0	0	0	0	0	0	0	0	0	0	0	0	0	0	0	0	0	0	0
0	0	0	0	0	3	0	0	0	2	0	0	0	0	0	0	0	0	0	0	0	0	0	1	0	0	0	0	0	0	0
0	0	0	0	6	0	0	0	0	0	0	0	0	0	4	0	7	2	0	0	0	0	2	0	0	0	0	0	0	0	0
2	0	1	0	0	0	0	0	0	3	0	5	0	0	2	0	2	0	0	0	0	0	0	2	0	0	0	0	1	0	0
0	0	0	0	0	0	0	0	0	0	7	0	0	0	0	0	0	0	0	0	0	0	0	0	0	0	2	0	0	0	0
0	2	0	0	0	6	2	0	0	0	0	0	0	0	0	0	0	0	4	0	0	0	2	0	0	0	0	0	0	0	0
6	0	3	4	0	0	0	0	0	0	0	8	0	0	0	0	0	0	0	5	0	0	0	2	0	0	0	5	11	0	0
0	2	0	0	0	0	6	0	1	0	0	0	0	0	0	0	0	20	0	0	4	0	0	0	0	18	0	0	2	0	0
4	0	6	7	0	0	0	0	0	0	0	0	0	0	0	0	0	0	0	0	0	0	0	0	0	0	0	0	296	0	0
0	2	0	0	0	49	0	0	3	0	0	0	0	7	0	5	0	0	10	0	0	2	0	0	0	3	2	0	0	0	3
0	7	0	0	0	0	10	0	2	0	0	0	0	0	0	0	0	6	0	0	7	0	0	0	8	11	0	0	0	15	0
2	0	6	2	3	0	0	0	0	4	0	5	0	0	3	0	4	0	0	1	0	0	5	3	0	0	0	0	0	0	0
0	0	0	0	15	0	0	17	0	0	0	0	0	0	16	0	9	0	0	0	13	0	29	0	0	0	0	0	0	0	0
1	0	14	0	32	0	0	31	0	22	0	1	0	0	41	0	14	0	0	6	17	0	41	4	0	0	0	0	0	0	0
0	0	0	0	0	0	0	0	0	0	0	0	0	0	0	0	0	0	0	0	0	0	0	5	0	0	0	0	0	0	0
2	8	0	0	0	0	2	0	2	0	0	0	0	0	0	0	0	8	0	0	0	0	0	0	2	13	0	4	0	9	0
0	0	0	0	0	0	0	0	5	0	0	0	0	0	0	0	0	0	0	0	0	0	0	0	0	0	0	0	0	0	0
0	0	0	0	0	0	0	0	0	0	0	0	0	0	0	0	0	0	2	0	0	0	0	0	0	0	0	0	0	0	0
0	0	0	0	4	0	0	0	0	0	0	0	0	0	0	0	1	0	0	0	3	0	0	0	0	0	0	0	0	0	0
0	14	2	0	0	0	8	0	5	0	0	0	0	0	0	0	0	15	0	0	4	0	0	0	5	7	0	3	0	10	0
6	2	87	4	29	0	0	26	4	76	0	57	0	0	20	0	11	0	0	18	7	0	30	7	0	0	0	0	3	0	0
0	0	0	0	2	0	0	4	0	0	0	0	0	0	0	0	0	0	0	0	2	0	0	0	0	0	2	0	0	0	0
0	0	0	0	2	0	0	0	0	0	0	0	0	0	2	0	0	0	0	0	0	0	0	0	0	0	0	0	0	0	0
0	7	3	0	0	0	0	0	3	0	0	0	0	0	0	0	0	0	0	0	0	0	0	0	0	0	0	2	0	4	0
0	0	0	0	0	0	0	0	0	0	0	0	0	0	0	0	0	5	0	0	0	0	0	0	2	1	0	1	0	2	0
0	0	0	0	0	0	0	0	0	0	0	0	0	0	0	0	0	0	0	0	0	0	0	0	0	0	0	3	6	0	0
0	0	0	0	0	0	0	0	0	0	0	0	0	2	0	0	0	0	0	0	0	0	0	0	0	0	0	0	0	0	0
0	0	0	0	0	0	0	0	0	0	0	0	27	0	0	0	0	0	0	0	0	0	0	0	0	0	0	0	0	0	0
0	5	0	0	0	0	4	0	9	0	0	0	0	0	0	0	0	5	0	0	4	0	0	0	2	7	0	4	0	0	0
0	0	0	0	3	0	0	0	0	0	0	0	0	0	0	0	0	0	0	0	0	0	0	0	0	0	0	0	0	0	0
0	5	0	0	0	0	2	0	0	0	0	0	0	0	0	0	0	8	0	0	0	0	0	0	6	1	0	0	0	2	0
22	0	0	6	3	44	6	5	0	8	8	4	0	65	4	6	12	3	62	3	5	25	9	7	0	1	4	4	5	16	49
0	0	0	0	2	0	0	4	0	0	0	0	0	0	2	0	0	0	0	0	0	0	0	0	0	0	0	0	0	0	0
0	2	0	0	0	0	0	0	0	0	0	0	0	0	0	0	0	0	0	0	0	0	0	0	0	0	0	0	0	0	0
0	0	0	0	2	0	0	3	0	0	0	0	0	0	5	0	0	0	0	0	3	0	0	0	0	0	0	0	0	0	0
6	9	5	0	6	0	5	6	2	4	0	2	0	0	7	0	3	4	0	2	10	0	7	0	3	6	0	0	6	4	0
3	0	0	2	0	0	0	0	0	0	0	0	0	0	0	0	0	0	0	0	0	0	0	0	0	0	0	0	0	0	0
0	0	3	4	20	0	0	8	0	7	0	0	0	0	11	0	10	0	0	0	0	0	13	2	0	0	0	0	3	0	0
0	0	4	0	0	0	0	0	0	3	0	3	1	0	0	0	0	0	0	2	0	0	0	0	0	0	0	0	0	0	0
0	0	0	0	0	0	0	0	0	0	0	0	0	0	0	0	0	0	0	0	0	0	0	0	8	0	0	0	0	0	0
0	0	0	0	2	0	0	0	0	0	0	0	0	0	0	0	0	0	0	0	0	0	0	0	0	0	0	0	0	0	0
59	0	0	9	0	3	0	0	4	0	0	9	0	0	0	18	0	0	0	0	0	0	0	11	0	0	2279	16	134	28	0
0	2	4	0	0	0	2	0	0	0	0	0	0	0	0	0	0	2	0	4	0	0	0	6	0	0	0	8	0	0	0
2	31	2	7	0	0	43	2	9	1	0	0	0	0	2	0	0	35	0	0	7	0	0	1	9	52	0	2	0	23	0
0	0	0	0	0	0	0	0	0	0	0	0	0	0	0	0	0	0	0	0	0	2	0	0	0	0	0	0	0	0	0
15	0	131	0	0	0	0	2	0	100	0	135	0	0	2	0	0	0	0	40	3	0	4	30	0	0	0	0	9	0	0
0	2	0	0	0	6	1	0	0	0	0	12	0	0	0	0	0	0	0	0	0	0	0	0	60	3	0	61	0	39	0
0	0	0	0	0	0	0	0	0	0	0	0	0	0	0	0	0	0	3	0	0	0	0	0	0	0	0	0	0	0	0
0	0	0	0	0	0	2	0	0	0	0	0	0	0	0	0	0	0	0	0	0	0	0	0	0	0	0	0	0	0	0
0	0	0	0	0	0	0	0	0	0	0	0	0	17	0	4	0	0	0	0	0	6	0	0	0	0	0	0	0	0	6
0	0	0	0	4	0	3	0	2	0	0	0	0	0	2	0	0	3	0	0	0	0	1	0	0	1	0	0	0	4	0
0	0	0	0	13	0	0	10	0	2	0	6	0	0	20	0	5	0	0	2	4	0	17	0	0	0	0	0	0	0	0
0	0	0	0	0	0	0	0	2	0	0	0	0	0	0	0	0	0	0	0	0	0	0	0	0	4	0	0	0	0	0
3	0	0	0	0	0	0	0	0	0	0	0	0	7	0	13	0	0	4	0	0	0	0	0	0	0	0	0	0	0	0
0	2	2	2	0	0	0	0	0	2	0	0	0	0	0	0	0	0	0	0	0	0	0	0	0	0	0	0	0	0	0
0	0	0	0	0	0	0	0	8	0	0	0	0	0	0	0	7	0	0	0	0	0	0	0	0	0	0	0	0	0	0
0	0	1	0	0	0	0	4	0	2	0	3	0	0	8	0	7	0	0	1	2	0	3	0	0	0	0	0	0	0	0
0	0	0	0	0	0	0	0	0	0	0	0	0	0	0	0	0	0	0	0	0	0	0	0	0	0	0	0	0	13	0
0	0	0	0	0	0	0	1	0	0	0	0	0	0	0	0	0	0	0	0	0	0	0	0	0	0	0	0	0	0	0
0	0	0	0	0	0	0	0	0	2	0	0	0	0	0	0	0	0	0	0	0	0	0	0	0	0	0	0	0	0	0
0	3	0	2	0	0	2	0	0	0	0	0	0	0	0	0	0	0	0	0	0	0	0	0	0	2	0	0	0	0	0
0	0	0	0	0	0	0	0	0	0	0	0	0	0	0	0	0	0	0	0	0	2	0	0	0	0	0	0	0	0	0
0	0	0	0	0	0	0	0	0	0	0	0	0	0	0	0	0	0	0	0	0	0	0	3	0	0	0	0	0	0	0
0	0	0	0	0	0	0	0	0	0	0	0	0	0	0	0	0	0	0	0	0	0	0	0	0	0	3	0	0	0	0
0	0	0	0	0	0	0	0	0	0	0	2	0	0	0	0	0	0	0	0	0	0	0	0	9	0	0	3	0	5	0
0	6	0	0	0	0	8	0	0	0	0	0	0	0	0	0	0	8	0	2	1	0	0	0	1	5	0	4	0	2	0
0	0	0	0	0	0	0	0	2	0	0	0	0	0	0	0	0	0	0	0	0	0	0	0	0	0	0	0	0	0	0
0	0	0	0	0	3	0	0	0	0	0	0	0	18	0	0	0	0	9	0	0	17	0	0	0	0	0	0	0	0	17
0	0	0	0	0	0	0	0	0	0	0	0	0	3	0	0	6	0	9	0	0	3	0	0	0	0	0	0	0	0	10
0	0	0	0	0	0	0	2	0	0	0	0	0	0	0	0	0	0	0	0	0	0	0	0	0	0	0	0	0	0	0
0	0	0	0	0	9	0	0	0	0	0	0	2	3	0	0	0	0	0	0	0	0	0	0	0	0	36	0	8	0	0
0	0	0	0	0	0	0	0	0	0	0	0	0	0	0	0	0	0	0	0	0	5	0	0	0	0	0	0	0	0	0
0	0	0	0	0	0	0	0	0	0	0	0	0	0	0	0	0	0	0	0	0	2	0	0	0	0	0	0	0	0	0
0	0	0	3	4	0	0	3	0	4	0	0	0	0	3	0	0	0	0	0	4	0	2	0	0	0	0	0	0	0	0
0	0	0	0	0	0	0	0	0	0	1	0	0	0	0	0	0	0	0	0	0	0	0	0	0	0	0	0	0	0	0
0	0	0	0	0	0	0	0	0	0	0	0	0	0	0	0	0	0	0	0	0	0	0	0	0	0	0	0	0	0	299
0	0	0	0	0	0	0	0	0	0	0	0	0	0	0	0	0	0	0	0	0	0	0	0	0	0	0	3	0	0	0
0	2	0	0	0	0	0	0	0	0	0	0	0	0	0	0	0	3	0	0	0	0	0	0	0	0	0	3	0	5	0
0	0	0	0	0	3	0	0	0	0	0	0	0	0	0	0	0	0	0	0	0	0	0	0	0	0	0	0	0	0	0
0	0	0	0	0	0	0	0	3	0	0	0	0	0	0	0	0	0	0	0	0	0	0	0	0	0	0	0	0	0	0
0	0	0	0	0	0	0	0	0	0	0	0	0	0	0	0	0	0	0	0	0	0	0	0	0	0	0	0	0	0	3
0	2	0	0	0	0	0	0	0	0	0	0	0	0	0	0	0	0	0	0	0	0	0	0	0	0	0	0	0	2	0
0	0	0	4	0	0	0	4	0	0	0	0	0	0	4	0	0	0	0	4	0	0	4	0	0	0	0	0	0	0	0
0	0	0	0	2	0	0	0	0	2	0	0	6	0	0	0	0	0	0	0	0	0	2	4	0	0	0	0	0	0	0
0	0	0	0	0	0	0	4	0	1	0	6	0	0	2	0	2	0	0	0	0	0	13	0	0	2	0	0	0	0	0
0	0	0	0	0	0	0	0	0	0	0	0	0	0	0	0	0	0	0	0	0	0	0	0	0	0	2	0	0	0	0
0	0	1	0	25	2	3	24	0	0	0	0	0	0	34	0	33	0	2	0	1	16	18	0	2	0	0	0	0	0	0
0	0	0	0	0	0	0	0	0	0	0	9	0	0	0	0	0	0	0	0	0	0	0	0	0	0	0	4	0	0	0
0	0	0	0	0	0	0	0	0	0	0	0	0	0	0	0	0	3	0	0	0	0	0	0	0	0	0	0	0	0	4
0	0	0	0	0	0	0	0	0	0	0	0	0	0	0	0	0	0	0	0	0	0	0	0	0	0	0	0	0	0	2
0	0	0	0	0	0	0	0	0	0	8	0	0	0	0	0	0	0	0	0	0	0	0	0	0	0	0	0	0	0	0
0	0	0	0	0	0	0	0	0	0	14	0	0	0	0	0	0	0	0	0	0	0	0	0	0	0	0	0	0	0	8
0	0	0	0	0	0	0	1	0	0	0	0	0	0	0	0	0	0	0	0	0	0	1	0	0	0	0	0	0	0	0
0	0	0	0	0	0	0	0	0	0	0	0	0	0	0	0	0	0	5	0	0	0	0	0	0	0	0	0	0	0	0
0	5	0	0	0	0	3	0	6	0	0	0	0	0	0	0	0	2	0	0	0	0	0	0	9	0	0	2	0	6	0
0	0	0	0	0	0	0	0	0	0	0	0	0	0	0	0	0	0	0	0	0	0	0	0	3	0	0	0	0	0	0
0	0	0	2	0	0	0	0	0	0	0	0	0	0	0	0	0	0	0	0	0	0	0	0	0	0	4	0	0	0	0
0	0	0	0	0	2	0	0	0	0	3	0	0	0	0	0	0	0	0	0	0	0	0	0	0	0	0	0	0	0	0
0	0	0	0	0	0	0	0	0	0	0	0	0	0	0	0	0	0	0	0	0	0	0	0	0	0	5	0	0	0	0
2	10	2	2	6	29	4	6	7	6	2	5	0	27	6	2	0	5	42	2	0	57	6	10	4	4	16	0	11	8	10
0	0	0	0	0	0	0	0	0	0	0	0	0	0	0	0	0	0	0	0	0	0	1	2	0	0	0	0	0	0	0
0	0	0	4	0	0	0	2	0	5	0	0	0	0	0	0	0	0	0	0	0	0	0	0	0	0	0	0	0	0	0
0	0	0	0	0	0	0	0	0	0	0	1	0	0	0	0	0	0	0	0	0	0	0	0	0	0	0	0	0	0	0
0	0	0	0	0	2	0	0	0	0	0	0	0	0	0	0	0	0	0	0	0	0	0	0	0	0	0	0	0	0	2
0	0	0	0	0	0	2	0	2	0	0	0	0	0	0	0	0	2	0	0	3	0	0	0	0	0	0	0	0	0	0
0	0	0	0	0	0	0	0	0	0	0	0	0	0	0	0	0	0	3	0	0	0	0	0	0	0	0	0	0	0	7
0	0	0	0	0	0	0	0	0	0	0	0	0	0	0	0	8	0	0	0	0	0	0	0	0	0	0	0	0	0	0
0	0	0	0	0	7	0	0	0	0	0	0	0	4	0	0	0	0	5	0	0	0	0	0	0	0	0	0	0	0	0
0	9	0	0	0	7	8	0	11	0	0	0	0	5	0	0	0	2	3	5	0	0	1	0	0	1	0	0	0	3	0
0	0	0	3	0	0	0	0	0	0	0	0	14	0	0	0	0	0	2	0	0	5	0	0	5	0	0	0	0	0	0
0	0	0	0	0	0	0	0	0	0	0	0	0	3	0	0	0	0	0	0	0	0	0	0	0	0	0	0	0	0	0
0	0	1	3	0	0	2	0	0	4	0	0	0	0	0	0	0	0	0	3	0	0	0	4	0	0	0	2	0	0	0
0	0	0	0	1	0	0	8	0	2	0	0	0	0	10	0	0	0	0	0	0	0	0	0	0	0	0	0	0	0	0
0	0	0	0	0	0	0	0	12	0	0	0	14	0	0	0	0	0	0	0	0	0	0	0	0	0	0	0	0	0	0
0	21	0	0	0	0	5	0	3	0	0	0	0	0	0	0	0	4	0	0	0	0	0	0	13	5	0	0	0	11	0
0	44	0	0	0	0	34	0	33	0	0	0	0	0	0	0	0	100	0	0	6	31	0	0	21	81	0	0	0	0	0
0	3	0	0	0	0	0	0	0	0	0	0	0	0	0	0	0	0	0	0	0	0	0	0	0	5	0	0	0	0	0
0	0	0	0	0	0	0	0	0	0	0	0	6	0	0	0	0	0	0	0	0	0	0	0	0	0	0	0	0	0	0
38	17	159	128	214	0	24	167	7	216	0	164	17	0	188	0	177	22	6	86	137	4	205	54	29	18	0	0	81	29	0
0	0	0	0	0	0	0	0	0	0	0	0	0	1	0	0	0	0	0	0	0	0	0	0	0	0	0	0	0	0	0
0	0	0	0	0	0	0	0	7	0	0	0	0	0	0	0	0	0	0	0	0	0	0	0	0	3	0	0	4	0	0
0	0	0	0	0	0	0	0	0	0	0	0	0	0	2	0	1	0	0	0	0	1	0	0	0	0	0	0	0	0	0
0	5	0	0	0	0	5	0	8	0	0	0	0	0	0	0	0	5	0	0	0	0	0	0	4	0	0	8	0	0	0
0	3	0	0	0	0	4	0	0	0	0	0	0	0	0	0	0	0	0	0	0	0	0	0	0	2	0	0	0	2	0
0	0	0	0	2	0	0	0	0	0	0	0	10	0	0	0	0	0	0	0	0	0	4	0	0	0	0	0	0	0	0
0	0	0	0	0	23	0	0	0	0	44	0	0	2	0	11	0	0	0	0	0	0	0	0	0	0	2	0	0	0	0
0	0	0	0	0	3	0	0	0	2	0	0	0	0	0	0	0	0	0	0	0	0	0	0	0	0	0	0	0	3	2
0	0	0	0	0	0	0	0	0	0	0	0	0	14	0	0	0	0	3	0	0	0	6	3	3	0	0	0	0	3	3
0	21	0	0	0	0	24	0	3	0	0	0	0	0	0	0	0	29	0	0	3	0	0	0	39	39	0	19	0	7	0
0	0	0	0	0	0	0	0	0	0	0	7	0	0	0	0	0	0	0	0	0	0	0	0	0	0	0	0	0	0	0
0	0	0	0	0	2	0	0	0	0	0	0	0	0	0	0	0	3	0	0	0	2	0	0	0	0	0	0	0	0	0
0	0	2	0	0	0	0	0	0	0	0	0	0	0	0	0	0	0	0	0	0	0	0	0	0	0	0	0	0	0	0
0	0	0	0	0	2	0	0	0	0	0	0	0	0	0	0	0	0	0	0	0	0	0	0	0	0	4	0	0	0	0
3	0	5	87	63	0	0	39	0	18	0	0	0	0	39	0	27	0	0	13	13	0	56	5	0	0	0	0	5	0	0
4	0	0	2	0	0	0	2	0	10	0	6	0	0	0	0	0	0	0	0	0	0	0	4	0	0	0	0	3	0	0
2	0	0	0	0	96	0	0	0	0	0	0	15	143	0	152	0	1	156	0	0	0	0	0	0	0	114	1	0	0	75
0	0	0	0	0	0	0	0	0	0	0	0	0	3	0	0	0	0	2	0	0	3	0	0	0	0	0	0	0	0	0
0	0	0	0	0	0	0	0	0	0	0	0	0	0	0	0	0	0	2	0	0	0	0	0	0	0	0	0	0	5	0
0	0	0	2	0	0	0	0	0	0	0	0	0	0	0	0	0	0	0	0	0	0	0	0	0	0	0	0	0	0	0
0	0	0	0	0	0	0	0	0	0	0	0	0	1	0	0	0	0	2	0	0	5	0	0	0	0	0	0	2	0	0
0	0	0	0	0	0	0	0	0	0	0	0	0	0	0	0	0	0	2	0	0	0	0	0	0	2	0	0	0	0	0
0	2	0	0	0	0	0	0	0	0	0	0	0	0	0	0	0	0	0	0	0	0	0	0	2	0	0	2	0	0	0
0	0	8	101	15	0	0	12	0	17	0	14	3	0	7	0	8	0	0	9	20	0	13	7	0	0	0	0	11	0	0
0	0	0	0	4	0	0	6	0	0	0	0	0	0	0	0	7	0	0	0	3	0	6	0	0	0	0	0	0	0	0
2	0	0	0	0	0	0	0	0	4	0	0	0	0	0	0	0	0	0	0	0	0	0	0	0	0	0	0	0	0	0
2	0	0	0	5	0	0	0	0	1	0	0	0	0	0	0	2	0	0	3	0	0	0	0	0	0	0	0	0	0	0
0	0	0	0	0	0	0	0	0	0	0	0	0	0	0	0	0	3	0	0	0	0	0	0	0	0	0	2	0	0	0
11	0	9	4	9	0	0	15	0	5	0	13	0	0	4	0	5	0	0	6	64	4	3	7	0	0	0	0	1	0	0
0	23	11	9	8	0	9	5	6	9	0	15	0	0	3	0	0	34	0	8	13	0	10	9	24	24	0	3	16	6	0
0	0	0	0	0	0	0	0	0	4	0	0	0	0	0	0	0	0	0	0	0	0	0	0	0	0	0	0	0	0	0
0	0	0	0	0	0	0	0	0	0	0	0	0	0	0	0	0	0	6	0	0	0	0	0	0	0	0	0	0	0	0
0	0	0	0	0	0	0	0	0	0	0	0	0	5	3	0	0	0	2	0	0	0	0	0	0	0	0	0	0	0	0
0	0	5	0	0	0	0	0	0	0	0	0	0	0	0	0	0	0	0	4	0	0	0	0	0	0	0	0	0	0	0
0	0	0	0	4	0	0	3	0	4	0	0	0	0	0	0	0	0	0	0	5	0	5	0	0	0	0	0	0	0	0
2	3	0	2	0	0	4	0	1	0	0	0	0	0	0	0	0	10	0	0	0	0	5	0	7	4	0	0	3	1	0
0	0	3	0	0	0	0	0	0	10	0	5	0	0	2	0	0	0	0	0	0	0	0	0	0	0	0	0	0	0	0
0	0	0	0	0	0	5	0	2	0	0	6	0	0	0	0	0	12	0	0	0	0	0	0	2	0	0	0	0	0	0
0	0	2	0	0	0	0	0	0	0	0	0	0	0	0	0	0	0	0	0	0	0	0	0	0	0	0	0	7	0	0
0	62	0	0	0	2	42	0	27	0	0	0	0	0	0	0	0	65	0	0	0	0	0	0	8	78	0	6	0	5	0
0	0	0	0	0	0	4	0	2	0	0	0	0	0	0	0	0	2	0	0	0	0	0	0	3	0	0	0	0	0	0
0	0	0	0	0	0	0	0	0	0	0	0	0	0	0	0	0	0	0	0	0	0	0	0	0	2	0	0	0	0	0
0	0	0	0	0	0	0	0	0	0	0	0	0	0	0	0	0	0	0	0	0	0	0	0	0	0	1	0	0	0	0
3	18	0	2	0	0	6	0	3	0	0	0	0	0	0	0	0	9	0	4	0	0	4	3	7	7	0	2	0	6	0
0	0	0	0	0	0	0	0	2	0	0	0	0	0	0	0	0	0	0	0	0	0	0	0	0	0	0	0	0	0	0
0	0	0	0	2	0	0	4	0	0	0	0	0	0	4	0	4	0	0	0	0	0	5	0	0	0	0	0	2	0	0
0	0	0	0	0	0	0	2	0	0	0	0	0	0	0	0	0	0	0	0	0	0	0	0	0	0	0	0	0	0	0
0	0	0	0	0	0	0	0	0	0	0	0	0	0	0	0	0	1	0	0	0	0	0	0	14	0	0	0	0	0	0
0	0	3	0	0	0	0	0	0	0	0	0	0	0	0	0	0	0	0	0	0	0	0	0	0	0	0	0	0	0	0
6	0	0	4	0	0	0	2	0	0	0	0	0	0	0	0	0	0	0	0	0	0	0	0	0	0	0	0	0	0	0
2	0	0	0	0	0	0	0	0	0	0	0	0	0	0	0	0	0	0	0	0	0	0	0	3	0	0	0	0	0	0
0	0	0	0	0	0	0	0	0	0	0	0	0	0	2	0	0	0	0	0	0	0	2	0	0	0	0	0	0	0	0
0	0	0	0	0	0	0	0	0	0	0	0	0	0	0	0	0	0	0	0	0	0	0	0	0	2	0	0	0	0	0
0	0	0	0	0	0	0	0	0	0	0	0	0	0	0	0	0	0	0	0	0	0	0	2	0	0	0	0	0	0	0
0	0	0	0	0	9	0	0	0	0	0	0	0	14	0	0	0	0	15	0	0	0	0	0	0	0	0	0	0	9	2
16	163	39	10	14	0	137	20	55	69	0	53	0	0	18	0	12	209	0	30	36	0	16	16	76	211	0	47	21	57	0
0	15	0	0	0	0	6	0	3	0	0	0	0	0	0	0	0	18	0	0	0	0	0	0	2	13	0	0	0	2	0
0	0	0	0	0	0	0	0	0	0	0	0	0	0	0	5	0	0	0	0	0	1	0	0	0	0	0	11	0	0	0
0	0	0	0	0	0	0	0	5	0	0	0	0	0	0	0	0	0	0	0	0	14	0	0	0	0	0	0	0	0	6
0	0	0	0	0	2	0	0	0	0	2	0	0	4	0	2	0	0	0	0	0	0	0	0	0	0	2	0	0	0	0
0	0	0	0	0	0	0	0	0	0	0	0	0	0	0	0	0	0	0	0	0	10	0	0	0	0	0	0	0	0	0
0	0	0	0	0	0	0	0	5	0	0	0	0	0	0	0	0	0	0	0	0	0	0	0	0	0	0	0	0	0	2
0	3	0	0	6	0	2	3	0	0	0	0	0	0	0	0	0	0	0	0	2	0	0	0	0	2	0	0	0	0	0
0	0	2	0	0	0	0	0	0	0	0	0	0	0	0	0	0	0	0	0	0	0	0	0	0	0	0	0	0	0	0
0	3	0	0	0	0	3	0	0	0	0	0	0	0	0	0	0	0	2	0	0	0	0	0	3	0	0	0	2	0	0
0	1	0	0	0	0	7	0	8	0	0	0	0	0	0	0	0	2	0	0	0	0	0	0	4	3	0	4	2	15	0
2	0	3	2	2	0	0	0	0	2	0	2	0	0	2	0	3	0	0	0	4	0	1	0	0	0	0	0	2	0	0
0	0	0	0	0	2	0	0	0	0	0	0	0	0	0	0	0	0	0	2	0	0	0	0	0	0	0	0	0	0	0
0	0	0	0	0	5	0	0	0	0	0	0	0	0	0	44	0	0	0	0	0	0	0	0	0	0	0	0	0	0	0
0	0	0	0	0	0	0	0	0	0	0	0	0	0	0	0	0	0	0	0	0	0	0	0	0	0	2	0	0	0	0
0	0	0	0	0	0	5	0	7	0	0	3	0	0	0	0	0	5	0	0	0	0	0	0	0	3	0	3	0	0	0
0	0	0	0	0	0	0	3	0	0	0	0	0	0	0	0	0	0	0	0	0	0	0	0	0	0	0	0	0	0	0
1	0	15	0	25	0	0	21	0	9	0	7	2	0	11	0	21	0	0	1	15	0	44	0	0	0	0	0	0	0	0
168	0	0	2	0	0	0	0	0	0	0	0	0	0	0	0	0	0	0	0	0	0	0	60	0	0	0	0	20	0	0
0	0	0	0	0	0	0	0	0	0	0	0	0	2	0	0	0	0	0	0	0	0	0	0	3	0	0	0	0	0	0
6	1	4	14	0	0	2	1	0	3	0	5	0	0	0	0	0	2	0	0	2	2	2	1	0	0	0	0	0	0	0
0	0	0	0	0	0	0	0	0	0	0	0	0	0	0	0	0	0	2	0	0	0	0	0	0	0	0	0	0	0	0
0	0	0	0	2	0	0	4	0	0	0	3	0	0	3	0	0	0	0	2	0	0	1	0	0	0	0	0	0	0	0
0	0	0	0	0	0	0	0	0	0	0	0	0	0	0	0	0	4	0	0	0	0	0	0	0	2	0	0	0	0	0
0	3	0	0	0	0	0	0	0	0	0	0	0	0	0	0	0	0	0	0	0	0	0	0	0	0	0	0	0	0	0
4	4	0	0	19	4	0	11	6	0	0	2	4	0	35	0	0	0	0	6	10	0	11	19	0	0	0	0	2	4	0
0	0	0	0	0	0	3	0	2	0	0	0	0	0	0	0	0	4	0	0	0	0	0	0	0	4	0	0	0	0	0
0	0	0	0	0	4	0	0	0	0	0	0	0	0	0	0	0	0	0	0	0	0	0	0	0	0	0	0	0	0	0
1	2	0	77	13	0	0	2	0	8	0	5	0	0	8	0	9	0	0	2	1	6	5	27	0	5	0	0	2	0	0
0	0	0	0	0	0	0	0	4	0	0	0	0	0	0	0	0	0	0	0	0	0	0	0	0	0	0	0	0	0	0
0	2	0	0	0	0	0	0	2	0	0	0	0	0	0	0	0	4	0	0	0	0	0	0	0	2	0	0	0	2	0
0	0	0	0	16	0	0	9	0	0	0	3	0	0	21	0	24	0	0	0	8	0	16	0	0	0	0	0	0	0	0
0	4	0	0	2	0	3	0	0	0	0	0	0	0	0	0	0	0	0	0	0	0	0	0	0	0	3	0	0	0	0
0	0	0	0	0	4	0	0	0	0	0	0	0	0	0	0	0	0	0	0	0	0	0	0	0	0	0	0	0	0	0
0	0	0	0	0	0	0	0	0	0	0	0	0	0	0	0	0	0	0	0	0	0	0	0	0	0	0	0	0	0	2
0	6	0	0	0	0	2	0	0	0	0	0	0	0	0	0	0	4	0	0	0	0	0	0	0	2	0	0	0	0	0
0	9	0	0	0	0	0	0	1	0	0	6	0	0	0	0	0	0	0	0	0	0	0	0	0	0	0	0	0	0	0
0	0	0	2	0	0	0	0	0	0	0	0	0	0	0	0	0	0	0	0	0	0	0	0	0	0	0	0	0	0	0
0	0	0	0	0	2	0	0	0	0	0	0	0	4	0	0	0	0	0	0	0	0	0	3	0	0	2	0	0	0	0
0	0	0	4	0	0	0	0	0	0	0	3	0	0	0	0	0	0	0	0	3	0	0	0	0	0	0	0	0	0	0
0	0	0	0	0	0	0	0	0	0	0	0	13	0	0	0	0	0	0	0	0	0	0	0	0	0	0	0	0	0	0
0	0	0	0	0	17	0	0	0	0	0	0	0	0	0	0	0	0	0	0	0	0	0	0	0	0	0	0	0	0	0
0	0	0	0	0	0	0	0	0	0	0	0	0	0	2	0	0	0	0	0	0	0	0	0	0	0	0	0	0	0	0
0	0	3	0	0	0	0	3	0	0	0	2	13	0	0	0	0	0	0	0	0	0	0	0	0	0	0	0	0	0	0
0	0	0	0	0	0	3	0	0	0	0	0	0	0	0	0	0	7	0	0	0	0	2	0	0	5	0	0	0	0	0
0	0	0	0	0	0	0	0	0	0	0	0	0	0	0	0	0	0	0	0	0	0	0	3	0	0	0	0	0	0	0
0	0	0	0	0	41	0	0	0	2	0	0	0	12	0	0	0	0	11	0	0	0	0	3	0	0	0	0	0	2	3
2	0	0	0	0	13	0	0	0	2	0	3	0	5	0	1	0	0	12	0	0	0	0	0	0	0	2	0	0	10	0
0	0	0	0	0	0	0	0	3	0	0	4	0	0	0	0	0	0	0	0	8	0	0	0	0	0	0	0	0	0	0
0	0	0	0	0	0	0	0	0	0	0	0	0	0	0	0	0	0	0	0	0	38	0	0	0	0	0	0	0	0	0
0	0	0	0	0	0	0	0	0	0	0	0	9	0	0	0	2	0	0	0	2	0	0	0	0	0	0	0	0	0	0
0	2	18	11	96	0	3	74	2	33	0	28	0	0	76	0	20	0	3	19	27	3	76	16	0	1	0	0	0	4	0
3	0	0	0	0	0	0	0	0	0	0	4	0	0	0	0	0	0	0	3	0	0	0	0	0	0	0	0	0	0	0
0	0	0	0	0	0	0	0	0	0	0	0	0	17	0	0	0	0	4	0	0	7	0	0	0	0	0	0	0	0	3
0	0	0	0	2	0	0	0	0	0	0	0	0	0	0	0	2	0	0	0	0	0	0	0	0	0	0	0	0	0	0
0	0	0	0	0	0	0	0	0	0	0	0	0	0	0	0	0	0	0	0	0	0	0	0	0	0	0	6	0	0	0
0	0	0	0	0	2	0	0	0	0	0	0	0	0	0	0	0	0	0	0	1	0	2	0	0	0	0	2	0	0	0
0	0	0	0	0	4	0	0	0	0	0	0	0	0	0	0	0	0	0	0	0	0	0	0	0	0	0	0	0	0	0
45	0	0	4	0	0	0	0	0	0	0	0	0	0	0	0	0	0	0	0	0	0	0	9	0	0	0	0	0	0	0
0	0	0	0	0	0	0	0	0	0	0	0	0	0	0	0	1	0	0	0	0	0	0	0	0	0	0	0	0	0	0
0	0	0	0	0	2	0	0	0	0	0	0	0	11	0	0	0	0	12	0	0	12	0	0	0	0	0	0	0	0	0
24	1	100	15	22	0	0	14	0	127	0	60	0	0	13	0	7	5	0	40	2	0	20	19	0	0	0	0	35	0	0
4	0	0	0	0	0	2	1	0	3	0	0	0	0	0	0	16	0	0	0	0	0	5	0	0	0	0	0	1	0	0
0	0	0	0	0	0	0	0	0	0	0	0	0	0	0	0	2	0	0	0	0	0	0	0	0	0	0	0	0	5	0
0	3	0	0	0	0	3	0	3	0	0	0	0	0	0	0	0	2	0	0	0	0	0	0	0	2	0	3	10	2	0
0	0	37	3	0	0	0	0	0	11	0	28	4	0	0	0	3	0	0	6	0	0	0	0	0	0	0	0	0	0	0
5	0	0	0	0	0	0	0	0	0	12	0	0	0	0	5	0	0	10	0	0	0	0	0	0	0	24	0	0	0	0
0	1	0	0	0	0	0	0	0	0	0	2	0	0	0	0	0	1	0	5	0	0	0	2	0	4	0	0	0	0	0
5	4	0	2	0	0	5	0	8	2	0	4	0	7	2	0	0	0	4	2	0	10	0	0	0	0	0	12	0	2	15
0	0	0	0	0	0	0	0	2	0	0	0	0	0	0	0	0	0	0	0	0	0	0	0	0	0	0	0	0	0	0
0	0	0	0	0	0	0	0	0	0	2	0	0	0	0	0	0	0	0	0	0	0	0	0	0	0	0	0	0	0	0
0	0	0	0	0	0	0	0	9	0	0	0	0	0	0	0	0	0	0	0	0	0	0	0	0	0	0	0	0	0	0
0	24	0	0	0	0	9	0	6	0	0	0	0	0	0	0	0	19	0	0	0	0	0	0	8	14	0	0	0	8	0
0	0	0	0	5	0	0	1	0	0	0	0	0	0	0	0	0	0	0	0	3	0	1	0	0	0	0	0	0	0	0
0	0	0	0	0	0	0	0	0	0	0	0	0	2	0	0	0	0	0	0	0	0	0	0	0	0	0	0	0	0	0
0	0	0	0	0	0	0	0	0	0	113	0	0	0	0	0	0	0	0	0	0	0	2	0	0	0	0	0	0	0	0
0	0	0	0	0	0	0	0	0	0	0	0	0	0	0	0	0	0	0	0	0	2	0	0	0	0	0	0	0	0	0
0	9	0	0	0	0	0	0	3	0	0	0	0	0	0	0	0	2	0	0	0	0	0	0	0	4	0	0	0	0	0
0	0	0	0	0	0	0	0	0	0	0	0	0	0	0	0	0	2	0	0	0	0	0	0	0	0	0	0	0	0	0
0	0	0	0	0	0	0	0	0	0	0	0	0	0	0	0	0	0	0	0	0	0	0	19	0	0	0	0	0	0	0
0	0	0	0	0	2	0	0	0	0	0	0	0	0	0	0	0	0	0	0	0	0	0	0	4	0	0	0	0	0	0
6	0	4	4	7	0	0	15	0	5	0	2	0	0	11	0	21	0	0	3	9	0	17	2	0	0	0	0	7	0	0
0	0	0	0	26	0	2	13	0	5	0	1	0	0	8	0	6	0	0	0	12	2	20	5	0	0	0	0	0	0	0
0	0	0	0	0	0	0	0	0	0	0	0	0	0	0	0	0	0	0	0	0	0	0	0	0	0	0	0	0	0	3
0	3	0	0	0	0	3	0	0	0	0	0	0	0	0	0	0	2	0	0	0	0	0	0	0	2	0	0	0	14	0
0	0	0	0	0	4	0	0	0	0	0	0	0	0	0	0	0	0	0	0	0	0	0	0	0	0	0	0	0	0	0
0	2	0	0	0	0	0	0	0	0	0	0	0	0	2	0	0	2	0	0	0	0	0	0	0	0	0	0	0	0	0
3	22	0	0	0	0	18	0	2	3	0	4	0	0	0	0	0	16	0	0	0	0	0	2	7	14	0	4	10	4	0
0	0	0	0	0	0	0	0	2	0	0	0	0	0	0	0	0	0	0	0	0	0	0	0	0	0	0	0	0	0	0
6	5	0	23	15	0	1	14	0	23	0	3	0	0	0	0	12	9	0	10	14	0	19	6	8	9	0	0	53	0	0
0	0	0	0	0	0	0	0	0	0	0	0	0	0	0	0	2	0	0	0	0	0	0	0	0	0	0	0	18	0	0
0	0	0	0	0	0	0	0	0	0	0	0	0	0	0	0	0	0	1	0	0	0	0	0	0	0	0	0	0	0	0
6	0	2	3	1	0	0	5	0	3	0	3	0	0	0	0	0	0	0	0	0	0	0	3	0	0	0	0	6	0	0
0	0	0	0	0	0	0	2	1	0	0	0	16	0	0	0	0	0	0	0	0	0	0	0	0	0	0	0	0	0	0
0	0	0	0	0	0	0	0	0	0	0	0	0	0	0	0	0	0	4	0	0	7	0	0	0	0	0	0	0	0	0
0	0	0	0	0	0	0	0	0	0	0	0	0	0	0	0	0	0	0	0	0	0	0	0	0	0	0	0	0	4	0
0	2	0	0	0	0	0	0	3	0	0	0	0	0	0	0	0	0	0	0	0	5	2	0	0	2	0	0	0	3	0
0	0	0	0	2	0	0	0	0	0	0	0	0	0	0	0	0	0	0	0	8	0	0	0	0	0	0	0	0	0	0
0	0	0	0	0	0	0	0	0	0	0	0	0	0	0	0	0	6	0	0	0	0	0	0	0	0	0	3	0	0	0
0	0	0	0	0	0	0	0	4	0	0	0	0	0	0	0	0	3	0	0	0	0	0	0	3	0	0	0	0	0	0
3	3	0	0	0	9	0	0	2	2	2	2	0	0	2	0	0	0	0	0	3	0	0	0	0	0	0	0	0	0	0
0	0	0	0	0	0	0	0	0	0	0	0	0	0	0	0	0	2	1	0	0	4	0	0	0	0	0	0	0	0	0
0	2	0	0	5	0	2	0	0	0	0	2	0	0	5	0	0	2	0	5	0	0	6	0	0	0	0	0	0	5	0
0	0	0	0	0	0	0	0	0	0	0	0	0	0	0	0	0	0	0	0	0	2	0	0	0	0	0	0	0	0	0
0	8	0	7	2	0	7	3	0	0	0	0	0	0	2	0	3	7	0	0	1	0	3	0	3	13	0	0	0	4	0
0	0	0	0	8	0	0	17	0	0	0	2	0	0	16	0	9	0	0	0	0	0	21	0	0	0	0	0	0	0	0
0	4	0	0	105	3	5	86	3	0	0	0	0	0	123	0	67	4	0	0	0	0	165	0	0	0	0	3	0	8	0
0	0	4	0	0	5	0	0	0	0	0	2	3	0	0	0	0	0	0	4	0	0	0	0	0	0	0	13	0	0	0
0	3	0	2	3	0	14	0	3	0	0	0	0	0	0	0	0	8	1	0	0	1	0	0	6	3	0	0	0	0	8
0	0	0	0	0	2	0	0	0	0	0	0	0	0	0	0	0	0	0	0	0	0	0	0	0	0	0	0	0	0	0
0	0	0	0	0	0	0	0	0	0	0	0	0	0	0	0	0	0	0	0	0	0	0	4	0	0	0	2	8	0	0
0	2	0	0	0	0	0	0	0	0	0	0	0	3	0	0	0	0	7	0	0	0	0	0	8	0	0	0	0	0	0
5	0	12	1	5	0	0	5	0	8	0	23	0	0	1	0	4	0	0	8	0	0	5	4	0	0	0	0	0	12	0
3	0	0	0	0	0	0	0	0	0	0	0	0	0	0	0	0	2	0	0	0	0	0	5	0	0	0	0	0	0	0
0	0	0	0	0	0	0	0	0	0	0	0	0	0	0	1	0	0	0	0	0	0	0	0	0	0	0	0	0	0	0
0	0	0	0	0	0	0	0	0	0	0	0	0	0	2	0	0	0	0	0	0	0	0	0	0	0	0	0	0	0	0
0	0	0	0	0	0	0	0	0	0	0	0	6	0	1	0	0	0	0	0	0	0	4	0	0	0	0	0	0	0	0
0	0	0	0	0	0	0	0	0	0	0	0	0	0	0	0	0	0	0	0	0	2	0	0	0	0	0	0	0	0	0
0	2	0	0	0	0	0	0	0	0	0	0	0	0	0	0	0	0	0	0	0	0	0	0	0	0	0	0	0	0	0
0	0	0	0	0	0	0	0	0	0	0	0	0	0	1	0	0	0	0	0	0	0	0	0	0	0	0	0	0	0	0
7	0	4	18	17	0	0	7	4	17	0	19	0	3	6	0	12	0	0	8	17	74	10	7	0	0	0	0	22	0	0
1	2	24	3	0	0	0	0	0	41	0	19	0	0	2	0	0	2	0	17	0	0	2	6	0	2	0	0	5	2	0
0	0	0	0	0	0	0	0	0	0	0	0	0	0	4	0	0	0	0	0	0	3	0	0	0	0	0	0	0	0	0
0	0	0	0	0	0	0	0	0	0	0	0	0	0	0	0	0	0	2	0	0	0	0	0	0	0	0	0	0	0	0
12	10	64	3	2	0	9	0	5	45	0	19	0	0	3	0	0	15	2	19	0	0	5	3	4	2	0	9	12	4	0
0	1	0	0	0	0	0	0	0	0	0	0	0	0	0	0	3	0	0	0	2	0	0	0	11	0	0	2	0	0	0
25	2	3	59	5	0	2	2	0	14	0	5	0	0	17	0	27	7	0	3	17	0	13	11	0	0	0	0	21	0	0
2	7	0	0	10	0	13	2	3	0	0	0	0	0	5	0	0	7	0	3	0	0	5	3	11	15	0	0	14	12	0
0	0	0	15	0	0	0	0	0	0	0	0	0	0	0	0	0	0	0	0	0	0	0	10	0	0	0	0	0	0	0
2	0	0	0	0	0	0	0	0	4	0	0	0	0	0	0	0	0	0	3	0	0	0	6	0	0	0	0	0	0	0
5	0	0	0	0	0	0	0	0	0	0	0	0	0	0	0	0	0	0	0	0	0	0	0	0	0	0	0	0	0	0
0	0	0	0	0	14	0	0	0	0	0	0	0	0	0	38	0	0	0	0	0	0	0	0	0	0	0	0	0	0	1
0	0	0	0	0	4	0	0	0	2	0	0	0	0	0	0	0	0	0	0	0	0	0	2	0	0	0	0	0	0	0
0	0	0	0	0	0	0	0	0	0	0	0	0	0	0	0	0	0	0	0	0	0	0	0	0	0	0	0	0	12	0
52	49	48	22	0	26	24	0	9	74	0	91	0	31	14	2	0	17	43	55	0	26	4	81	10	21	0	2	76	25	55
0	0	0	0	0	0	0	0	0	0	0	0	0	0	2	0	0	0	0	0	0	0	0	0	0	0	0	0	0	0	0
0	0	0	0	0	0	0	0	0	0	0	0	0	0	0	0	0	0	0	0	2	0	0	0	0	0	0	0	0	0	0
0	0	0	0	5	2	0	4	0	0	0	0	2	0	3	0	0	0	0	0	2	0	6	0	0	0	0	0	0	0	0
0	3	0	0	0	0	0	0	5	0	0	0	0	0	0	0	0	3	0	0	0	0	0	0	0	9	0	0	0	2	0
0	0	0	0	0	0	0	0	0	0	0	0	0	0	0	9	0	0	0	0	0	0	0	0	0	0	0	0	0	0	0
4	3	0	2	3	0	4	0	4	0	0	5	0	0	0	0	0	6	0	0	0	2	2	0	0	0	0	0	0	0	2
4	0	2	0	2	4	0	0	4	6	0	3	0	0	0	0	0	0	0	0	0	0	0	2	0	0	0	0	0	0	0
0	0	0	0	0	0	0	0	0	0	0	0	0	0	0	0	2	0	0	0	0	14	0	0	0	0	0	0	0	0	0
0	0	0	0	0	0	0	0	0	0	0	0	0	0	0	0	0	0	0	0	0	0	0	0	0	0	0	11	0	0	0
5	2	0	0	0	0	0	0	0	0	0	2	0	2	0	0	0	0	0	2	0	0	0	8	6	0	0	0	0	2	0
0	0	0	0	0	0	0	0	3	0	0	0	0	0	0	0	0	0	0	0	0	0	0	0	3	4	0	0	0	2	0
0	0	0	0	0	0	0	0	0	0	0	0	0	3	0	0	0	0	0	0	0	0	0	0	0	0	0	0	0	0	0
0	3	0	0	0	0	2	0	8	0	0	0	0	0	0	0	0	0	0	0	0	0	0	0	0	3	0	3	0	0	0
4	6	32	11	1	0	2	8	0	31	0	30	0	0	1	0	4	8	0	15	0	0	2	11	0	3	0	22	16	0	0
0	2	0	0	0	0	3	0	4	0	0	0	0	0	0	0	3	4	0	0	4	0	0	0	0	4	0	0	0	5	0
0	0	0	0	0	0	0	3	0	0	0	0	1	0	2	0	0	0	0	0	0	0	0	0	0	0	0	0	0	0	0
0	0	0	0	0	0	0	0	0	0	0	0	0	0	0	0	0	0	0	0	0	0	0	0	0	9	0	0	0	0	0
0	0	0	0	0	0	0	0	0	0	0	0	0	0	0	0	0	0	0	0	0	3	0	0	0	0	0	0	0	0	0
0	0	0	0	3	0	0	0	0	0	0	3	0	0	0	0	0	0	0	0	0	0	2	2	0	0	0	0	0	0	0
0	0	0	0	0	0	0	4	0	0	0	0	0	0	0	0	5	0	0	0	0	0	4	0	0	0	0	0	0	0	0
0	6	0	0	0	0	0	0	0	0	0	0	0	0	0	0	0	7	0	0	0	0	0	0	3	5	0	7	0	0	0
0	0	0	0	0	0	2	0	0	0	0	0	0	2	0	0	0	0	0	0	0	0	0	0	0	0	0	0	0	0	0
2	0	0	0	0	6	0	0	2	0	2	4	0	7	0	3	0	0	18	0	0	34	0	4	2	3	8	0	0	7	8
0	0	0	0	0	2	0	0	0	0	0	0	0	0	0	0	0	2	9	3	0	0	0	0	0	0	0	0	0	4	0
11	0	7	48	47	0	0	31	0	26	0	6	0	0	27	0	22	0	0	10	50	3	37	11	0	2	0	0	14	0	0
0	0	0	0	0	0	0	0	0	0	0	0	0	0	0	0	0	0	0	0	0	0	0	0	0	0	0	0	0	4	0
2	2	2	2	0	3	3	0	2	3	0	0	0	0	0	0	0	2	0	5	0	0	0	4	4	6	0	15	0	8	0
0	0	0	0	0	0	0	0	0	0	0	0	0	0	0	0	0	0	0	0	5	0	0	0	0	2	0	0	0	0	0
0	0	0	0	0	0	0	0	0	0	0	0	0	0	0	0	0	0	0	0	0	0	0	4	0	0	0	0	0	0	0
0	2	0	0	0	0	2	0	0	0	0	0	0	0	0	0	0	0	0	0	0	0	0	0	0	0	0	1	0	2	0
0	0	0	0	7	0	0	11	0	0	0	0	0	0	0	0	0	0	0	0	3	0	4	0	0	0	0	0	0	0	0
0	0	0	0	0	8	0	0	0	0	0	0	0	0	0	0	0	0	0	0	0	0	0	0	0	0	0	0	0	0	0
0	0	0	0	0	0	0	0	0	3	0	0	0	0	0	0	0	0	0	0	0	0	0	0	0	0	0	0	3	0	0
0	0	5	0	0	0	0	2	0	0	0	0	0	0	2	0	0	0	0	4	0	0	0	0	0	0	0	0	0	0	0
0	0	0	0	0	0	0	0	0	0	0	0	0	0	0	0	0	0	4	0	0	0	0	0	0	0	0	0	0	0	0
0	0	0	0	0	0	0	0	0	0	0	0	0	0	0	0	0	6	0	0	0	0	0	0	4	4	0	0	0	0	0
0	0	0	0	0	0	0	0	0	0	0	0	0	2	0	0	0	0	0	0	0	0	0	0	0	0	0	0	0	0	0
0	0	0	0	0	20	0	0	0	0	0	0	0	0	0	0	0	0	0	0	0	0	0	0	0	0	0	0	0	2	0
0	0	0	0	0	0	0	0	0	0	0	0	0	0	0	0	0	0	0	0	0	0	0	0	0	0	0	0	0	2	0
1	0	0	0	0	0	3	0	0	0	0	0	0	0	2	0	0	4	0	0	4	0	0	0	0	6	0	1	0	0	0
0	0	0	0	0	0	0	0	0	0	0	0	0	12	0	0	0	0	16	0	0	0	0	0	0	0	0	0	0	0	3
0	0	0	0	0	5	0	0	0	0	0	0	0	0	0	0	0	0	0	0	0	0	0	0	0	0	0	0	0	0	0
4	2	2	3	9	0	6	0	0	0	0	3	0	0	6	0	7	6	0	0	4	0	2	0	0	5	0	0	0	0	0
0	0	0	0	0	0	0	0	0	0	0	0	0	0	0	0	0	0	0	0	0	0	0	0	0	0	8	0	0	0	0
0	0	0	0	0	0	4	0	0	0	0	2	0	2	0	0	4	0	0	0	0	0	3	2	2	0	0	0	2	0	0
0	0	0	2	0	5	0	0	0	2	0	0	0	0	0	0	0	0	0	0	0	0	0	0	0	0	0	0	2	0	0
0	0	0	0	0	0	2	0	0	0	0	1	0	0	0	0	0	0	0	0	0	0	0	0	0	0	0	0	0	0	0
0	0	5	0	0	13	0	0	3	0	0	0	0	0	0	0	0	0	0	0	0	0	0	0	0	0	0	0	0	0	0
0	0	0	12	0	0	0	0	0	0	0	0	0	0	0	0	0	0	0	0	0	0	0	0	0	0	0	0	0	0	0
0	0	0	0	0	0	0	0	0	0	0	0	0	0	0	0	0	0	0	0	0	0	0	0	0	0	0	0	0	6	0
0	0	0	0	0	0	0	0	0	0	0	0	0	0	0	0	0	0	0	0	0	0	0	0	0	0	2	0	0	0	0
0	8	0	0	0	0	3	0	2	0	0	0	0	0	0	0	0	13	0	0	0	0	0	0	0	8	0	0	1	3	0
0	0	0	0	4	0	0	0	0	0	0	0	0	0	0	0	0	0	0	0	0	0	1	0	0	0	0	0	0	0	0
0	0	2	0	0	0	0	0	0	0	0	0	0	0	2	0	0	0	0	0	0	0	0	0	0	0	0	3	3	0	0
0	0	0	0	0	0	0	0	2	0	0	0	0	0	0	0	0	0	0	0	0	0	0	0	0	0	0	0	0	0	0
0	0	0	0	0	0	0	0	0	0	0	0	0	8	0	0	0	0	2	0	0	0	0	0	0	0	0	0	0	0	2
0	0	0	0	0	0	0	0	0	2	0	0	0	0	0	0	0	0	0	0	0	0	0	0	0	0	0	0	0	0	0
3	0	0	0	0	0	0	0	0	0	0	0	0	0	0	0	0	0	0	0	0	0	4	0	0	0	0	0	0	0	0
0	0	0	0	0	0	0	0	0	0	0	0	0	0	2	0	2	0	0	0	0	0	0	0	0	0	0	0	0	0	0
2	6	3	0	0	9	3	0	4	0	0	0	0	44	0	0	0	8	48	0	0	5	2	3	0	9	0	0	0	4	6
5	0	0	0	0	0	0	0	0	0	0	0	0	0	0	0	0	0	2	0	0	0	0	0	0	0	0	0	0	0	0
0	0	0	0	0	0	0	0	0	0	0	0	0	0	0	0	5	0	0	3	0	0	0	0	0	0	0	0	0	0	0
6	0	2	0	0	0	0	0	0	9	0	0	0	0	0	0	0	0	0	2	0	2	0	0	0	0	0	0	0	0	0
0	0	0	0	6	0	0	0	0	0	0	3	0	0	3	0	0	0	0	0	0	0	0	0	0	0	0	0	0	0	0
0	0	0	0	0	0	0	0	0	0	0	0	0	0	0	0	0	0	0	0	0	0	0	0	0	0	20	0	0	0	0
0	0	0	0	0	0	0	0	0	0	0	0	0	0	0	0	0	0	0	0	0	1	0	0	0	0	0	0	0	0	1
2	0	0	0	0	0	0	0	0	0	0	0	0	0	0	0	0	0	0	2	0	0	0	0	0	0	0	0	0	0	0
0	0	6	0	2	0	0	3	0	9	0	0	0	0	3	0	0	1	0	1	0	0	0	0	0	0	0	0	0	3	0
0	0	0	0	0	0	0	0	0	0	0	0	0	0	0	0	0	0	0	0	5	0	3	0	0	0	0	0	0	0	0
0	0	0	2	0	0	0	0	0	0	0	0	0	0	0	0	0	0	0	0	0	0	0	0	0	0	0	0	0	0	0
0	19	0	0	0	0	19	0	9	0	0	0	0	0	0	0	0	34	0	0	4	0	0	0	6	12	0	8	0	3	0
0	0	0	0	0	0	0	0	0	0	0	0	0	0	0	1	0	0	0	0	0	22	0	0	0	0	0	0	0	0	0
0	0	0	0	0	0	2	0	0	0	0	0	0	0	0	0	0	7	0	0	0	0	0	0	0	3	0	0	0	6	0
0	0	2	0	0	0	0	0	0	0	0	0	0	0	0	0	0	0	0	0	0	3	0	0	0	0	0	0	0	0	0
9	12	14	9	72	0	7	67	0	28	0	25	1	0	38	0	83	4	0	2	80	0	31	62	2	8	0	0	3	5	0
0	0	0	0	0	2	0	0	0	0	0	0	0	0	0	0	0	0	0	0	0	0	0	0	0	0	3	0	0	0	0
0	14	0	0	0	0	17	0	6	0	0	0	0	0	0	0	0	21	0	0	0	0	0	0	10	41	0	11	0	7	0
0	0	0	0	0	2	0	3	0	0	0	0	0	0	4	0	0	0	0	0	0	0	0	0	0	0	0	0	0	0	0
6	8	0	0	3	4	3	4	8	0	0	5	0	20	0	0	0	9	11	4	0	45	3	3	0	7	0	0	6	0	9
0	0	0	0	0	0	0	0	0	0	0	0	0	3	0	0	0	0	0	1	0	0	0	0	0	0	0	0	0	0	0
0	5	0	0	0	0	5	0	3	3	0	0	0	0	0	0	0	2	0	0	0	0	0	0	3	6	0	0	0	3	0
0	2	0	5	0	0	0	0	0	0	0	0	0	0	0	0	0	0	0	0	0	0	0	0	0	0	0	0	4	0	0
0	0	0	0	0	4	0	0	0	0	0	0	0	0	0	0	0	0	0	0	0	0	0	0	0	0	0	0	0	0	0
0	0	0	0	0	0	0	0	0	0	0	0	0	2	0	0	0	0	0	0	0	4	4	0	0	0	30	0	0	0	4
0	16	0	0	0	0	13	0	0	0	0	0	0	0	0	0	0	11	0	0	2	0	0	0	4	10	0	2	0	0	0
0	0	0	0	0	0	0	0	0	0	0	0	0	0	0	0	0	0	2	0	0	0	0	0	0	0	0	0	0	0	0
0	0	0	0	0	0	0	0	0	0	0	0	0	0	0	36	0	0	0	0	0	0	0	0	0	0	0	0	0	0	0
0	0	0	0	0	0	0	0	0	0	0	0	0	0	0	0	0	0	0	0	0	0	0	0	0	0	0	3	0	0	0
0	0	0	0	0	0	0	0	0	0	0	0	2	0	0	0	0	0	0	0	16	3	0	1	0	0	0	0	0	0	0
0	13	0	0	0	0	2	0	8	0	0	0	0	0	0	0	0	0	0	0	0	0	0	0	10	0	0	1	0	2	0
0	0	0	0	0	0	0	0	0	0	0	0	0	0	0	0	0	2	0	0	0	0	0	0	0	0	0	0	0	0	0
62	0	0	0	4	0	0	13	0	0	0	0	0	0	11	0	3	0	0	0	8	0	6	2	0	0	0	0	0	0	0
2	4	27	4	1	0	0	4	0	24	0	31	0	0	0	0	3	0	0	10	0	0	0	4	0	3	0	0	5	0	0
2	10	4	8	0	7	10	0	11	3	0	0	0	94	4	0	6	16	89	0	3	15	0	0	0	15	0	16	1	1	88
0	0	0	0	0	0	0	0	0	0	0	0	0	0	2	0	0	0	0	0	0	0	0	0	0	0	0	0	0	0	0
0	0	0	0	0	0	0	0	0	0	0	0	0	0	0	0	0	0	2	0	0	0	0	0	0	0	0	0	0	0	0
18	6	3	19	0	15	3	3	0	9	0	26	0	25	0	5	0	6	17	15	0	13	0	46	3	6	6	0	42	15	11
0	3	0	0	0	0	0	0	3	2	0	0	0	0	0	0	0	3	0	0	0	0	0	0	0	4	0	2	0	0	0
0	0	0	2	0	0	0	0	0	0	0	0	0	0	0	3	0	0	0	0	0	0	2	0	0	0	0	0	0	0	0
15	13	0	27	166	0	19	162	2	3	0	2	0	0	98	0	235	23	0	9	281	0	173	9	7	13	0	0	70	0	0
0	0	0	0	0	0	0	0	0	0	0	0	11	0	0	0	0	0	0	0	0	0	2	0	0	0	0	0	0	0	0
2	0	2	2	0	0	0	0	0	0	0	6	0	0	0	0	0	0	0	0	0	0	0	0	0	0	0	0	2	0	0
0	0	0	0	0	0	0	0	0	0	0	3	0	0	0	0	0	0	0	0	0	2	0	0	0	0	0	0	0	0	0
0	0	0	0	0	0	0	0	0	0	0	0	0	0	3	0	0	0	0	0	3	0	0	0	0	0	0	0	0	0	0
0	1	0	0	0	0	0	0	0	0	0	0	0	0	1	0	0	0	1	0	0	0	0	0	0	4	0	0	0	0	0
0	0	0	0	2	11	0	0	0	3	0	0	0	0	3	0	0	0	0	0	0	0	0	3	0	0	0	0	0	7	0
0	0	0	0	0	0	0	2	0	0	0	0	0	0	0	0	0	0	0	0	0	0	0	0	0	0	0	0	0	0	0
0	11	0	0	0	0	6	0	11	0	0	0	0	0	0	0	0	13	0	0	0	0	0	0	6	15	0	4	0	11	0
0	0	2	0	0	2	0	3	0	2	0	1	0	0	0	0	0	0	0	0	0	0	10	0	0	1	0	0	0	0	0
0	0	2	2	0	0	0	0	0	0	0	2	0	0	0	0	0	0	0	2	0	0	0	3	0	0	0	0	2	0	0
0	0	0	0	0	0	0	0	0	0	0	0	11	0	0	0	0	0	0	0	0	0	0	0	0	0	0	0	0	0	0
0	0	0	2	0	0	0	0	0	0	0	0	0	0	0	0	0	1	0	0	0	0	0	0	0	0	0	0	0	0	0
0	0	0	0	0	0	0	5	0	0	0	0	0	0	6	0	0	0	0	0	2	2	2	0	0	0	0	0	0	0	0
17	31	35	43	73	5	4	59	28	40	0	65	0	4	58	0	35	24	10	21	27	6	71	37	10	16	0	4	28	5	6
0	0	0	0	42	0	0	22	0	0	0	0	3	0	25	0	22	0	0	0	7	0	22	0	0	0	0	0	0	0	0
0	0	0	0	0	0	0	0	0	0	0	0	0	0	0	0	0	0	0	0	3	2	0	0	0	0	0	0	0	0	0
0	0	3	0	0	0	0	0	0	0	0	0	0	0	0	0	0	0	0	0	0	0	0	0	0	0	0	0	0	0	0
31	117	6	39	10	0	64	19	76	18	0	13	0	0	7	0	11	144	0	8	40	1	13	21	98	137	0	20	113	38	0
31	0	0	0	2	0	0	0	0	0	2	0	0	0	0	0	0	0	0	0	0	0	0	25	0	0	0	0	8	0	0
0	0	0	0	0	0	0	0	7	0	0	0	0	0	0	0	0	2	0	0	0	0	0	3	0	0	0	0	0	0	0
0	2	2	0	0	19	2	0	2	3	0	15	8	0	0	9	0	4	12	0	0	11	0	0	55	6	0	123	0	28	19
48	13	34	78	44	0	2	28	0	38	0	40	0	0	20	0	18	11	0	14	21	19	16	26	2	9	0	0	120	0	0
0	0	0	0	0	2	0	0	0	0	0	0	0	0	0	0	0	0	2	0	0	0	0	2	0	0	0	0	0	0	2
0	0	0	0	7	0	0	4	0	0	0	0	0	0	4	0	5	0	0	0	0	0	13	0	0	0	0	0	0	0	0
0	0	0	0	0	0	0	0	0	0	0	0	0	0	0	0	0	0	0	0	0	0	0	0	2	0	0	0	0	0	0
0	0	0	0	0	0	0	0	0	0	0	0	0	0	0	0	0	0	0	0	0	0	0	0	0	0	0	2	0	6	4
335	0	0	0	0	9	0	0	0	0	68	3	0	2	0	13	0	0	17	0	0	0	0	630	0	0	12	5	14	0	2
0	0	0	0	0	0	0	1	0	0	0	0	0	0	3	0	0	2	0	0	0	0	0	2	0	0	0	0	2	0	0
0	0	0	0	0	0	0	0	0	0	3	0	0	0	0	0	0	0	0	0	0	0	0	0	0	0	0	0	0	0	0
0	0	2	0	3	3	0	0	0	0	0	1	0	0	4	0	6	0	0	0	0	0	0	0	0	0	0	0	0	0	0
0	0	0	9	0	0	0	0	0	0	0	0	0	0	0	0	0	0	0	0	0	3	0	0	0	0	0	0	0	0	0
0	3	0	0	0	0	5	0	4	0	0	0	0	3	2	0	0	0	0	0	0	0	2	1	0	0	0	0	0	0	4
0	2	3	0	0	0	0	0	0	0	0	0	0	0	0	0	0	5	0	0	0	0	0	2	2	2	0	0	0	0	0
9	0	39	0	0	0	0	2	0	43	0	36	0	0	9	0	9	0	0	15	4	0	8	0	0	0	0	0	0	0	0
0	0	0	0	0	2	0	0	0	0	46	0	0	0	0	2	0	0	0	0	0	0	0	0	0	0	0	0	0	0	0
0	0	0	0	0	10	0	0	6	0	0	0	0	1	2	0	0	0	4	0	0	0	0	0	0	0	0	0	0	2	0
0	0	0	0	0	9	0	0	0	0	3	0	0	0	0	57	0	0	7	0	0	14	0	6	0	0	2	0	0	0	6
0	9	0	0	3	0	7	2	16	0	0	0	0	0	0	0	0	18	0	0	3	0	0	0	9	11	0	0	0	10	0
0	0	0	0	0	0	0	0	0	0	0	0	12	0	0	0	0	0	0	0	0	0	0	0	0	0	0	0	0	0	0
0	0	0	0	0	5	3	2	5	0	0	0	0	3	0	0	0	2	6	0	0	0	0	0	0	0	0	0	0	0	4
0	0	0	3	0	0	0	0	0	3	0	0	0	0	0	0	0	0	0	0	0	0	0	0	0	0	0	0	2	0	0
0	0	0	0	0	0	0	0	2	0	0	0	0	0	0	0	0	0	0	0	0	0	0	0	0	1	0	0	0	0	0
7	6	10	0	3	29	3	7	22	17	4	23	2	4	2	8	0	7	6	5	3	3	7	12	0	4	0	5	5	0	0
0	0	0	0	0	3	0	0	0	0	0	0	0	0	2	0	0	0	0	0	0	0	0	0	0	0	0	0	0	17	2
0	0	0	0	0	0	0	0	0	0	0	0	0	0	0	0	0	0	0	2	0	0	0	0	0	0	0	0	0	6	0
0	0	3	0	0	0	0	0	0	2	0	4	0	0	0	0	0	0	2	0	0	0	2	2	0	0	0	0	4	0	0
0	0	0	0	0	0	0	0	2	0	0	0	0	2	0	0	0	0	0	0	0	0	0	0	0	0	5	0	0	0	0
0	0	0	0	0	0	2	0	0	0	0	0	0	0	2	0	0	2	0	7	0	0	2	0	0	0	0	1	0	0	0
0	0	1	2	0	0	0	0	0	0	0	0	0	0	0	0	0	0	0	0	0	0	0	0	0	0	0	0	0	0	0
0	0	0	0	0	0	0	0	0	0	0	0	0	0	0	0	0	0	0	0	12	0	0	0	0	0	0	0	0	0	0
0	2	0	0	0	0	6	0	0	0	0	0	0	0	0	0	0	5	0	0	0	0	0	0	0	5	0	0	0	0	0
0	0	0	0	0	0	0	0	0	0	0	0	0	0	0	0	0	0	0	0	0	0	0	0	0	0	2	0	0	0	0
0	3	0	0	0	0	4	0	11	0	0	0	0	0	0	0	0	0	0	0	0	0	0	0	11	0	0	0	0	0	0
5	0	0	0	0	0	0	0	0	0	0	3	0	0	0	0	0	0	0	0	0	0	0	1	0	0	0	0	6	0	0
0	0	0	5	0	0	0	2	0	0	0	2	0	0	0	0	0	0	0	0	0	0	0	0	0	0	0	0	2	0	0
0	6	0	0	2	36	2	2	0	0	6	0	0	8	2	0	0	0	2	5	0	0	7	0	0	0	2	0	0	4	4
0	0	0	0	0	0	0	0	3	0	0	0	0	0	0	0	0	3	0	0	0	0	2	0	0	0	0	0	2	0	0
0	0	2	6	4	0	0	0	0	0	0	0	0	0	2	0	0	0	0	0	0	0	3	0	0	2	0	0	2	0	0
0	0	0	0	0	0	0	0	0	0	0	0	0	0	0	0	0	0	0	0	0	0	0	0	0	0	2	0	0	0	0
0	0	0	0	13	0	0	8	0	7	0	0	0	0	3	0	24	0	0	0	0	0	11	0	0	0	0	0	0	0	0
0	0	4	0	0	0	0	0	0	10	0	2	0	0	0	0	0	0	0	9	0	0	0	9	0	0	0	0	0	0	0
0	0	0	0	0	0	0	0	0	0	0	0	0	0	0	0	0	0	0	0	0	0	0	0	0	0	0	0	2	0	0
2	0	0	0	0	6	0	0	0	2	0	2	0	0	0	0	0	0	2	0	0	0	0	2	12	0	0	0	2	0	0
0	0	0	0	0	3	0	0	0	0	0	0	0	0	0	16	0	0	0	0	0	0	0	0	0	0	88	0	3	0	3
25	22	219	18	71	0	7	36	8	206	0	127	10	0	65	0	48	34	0	83	35	4	89	18	9	21	0	3	16	5	0
0	0	0	0	0	0	0	0	0	0	0	0	0	0	0	0	0	0	0	0	0	0	0	0	0	0	0	5	0	0	0
0	10	0	0	0	0	2	0	7	0	0	0	0	0	0	0	0	8	0	0	3	0	0	0	6	8	0	0	0	0	0
2	2	0	0	0	0	3	0	2	0	0	0	0	0	0	0	0	0	0	0	0	0	0	2	0	0	0	0	2	0	0
0	2	0	0	0	0	3	0	0	0	0	0	0	0	0	0	0	0	0	0	0	0	0	0	0	0	0	0	0	0	0
0	0	0	0	0	0	0	2	0	0	0	0	0	0	0	0	0	0	0	0	0	0	0	0	0	0	0	0	0	0	0
2	0	0	0	0	0	0	0	0	0	0	0	0	0	6	0	0	0	0	0	0	0	4	0	0	0	0	0	0	0	0
0	0	0	0	0	0	0	0	0	0	0	0	0	0	0	0	0	0	5	0	0	0	0	0	0	0	0	0	0	0	0
0	0	3	0	7	0	0	2	0	0	0	0	5	0	0	0	7	0	0	0	0	5	0	0	0	0	0	0	0	0	0
0	0	0	0	0	0	0	3	0	0	0	0	0	0	2	0	0	0	0	0	1	0	4	0	0	0	0	0	0	0	0
0	0	0	0	3	0	0	0	0	0	0	0	0	0	0	0	0	0	0	0	0	0	0	0	0	0	0	0	0	0	0
3	0	0	0	0	0	0	0	0	0	0	0	0	0	0	0	0	0	0	0	0	0	0	0	0	0	0	0	3	0	0
0	0	0	0	0	1	0	0	0	0	0	0	0	0	0	0	0	0	0	0	0	0	0	0	0	0	0	0	0	0	0
0	0	0	0	3	0	0	0	0	0	0	0	0	0	3	0	3	0	0	0	5	0	6	0	0	0	0	0	0	0	0
0	0	0	0	0	0	0	0	2	0	0	0	0	0	0	0	0	0	0	0	0	0	0	0	0	0	0	0	0	0	0
0	8	3	2	2	0	6	3	3	0	0	0	0	0	0	0	2	8	0	0	0	0	0	0	2	14	0	0	0	0	0
0	0	0	0	0	7	0	2	0	0	0	0	0	0	0	0	0	0	0	0	0	0	0	0	0	0	0	0	0	0	0
0	10	0	0	0	0	0	0	3	0	0	0	0	0	0	0	0	2	0	0	0	0	0	0	0	12	0	3	0	1	0
0	0	0	0	0	0	0	0	0	0	0	0	14	0	0	0	0	0	0	0	0	0	0	0	0	0	0	0	0	0	0
0	0	0	0	0	0	0	0	0	0	0	0	0	0	0	0	0	0	0	0	0	1	0	0	0	0	0	0	0	0	0
0	0	0	2	0	0	0	0	0	0	0	0	0	0	4	0	0	0	0	0	0	0	0	2	0	0	0	0	0	0	0
0	0	0	4	0	0	0	0	0	0	0	2	0	0	0	0	0	0	0	0	0	0	0	2	0	0	0	0	0	0	0
0	7	0	0	0	0	0	0	0	0	0	0	0	0	0	0	0	0	0	0	0	0	0	0	0	2	0	0	0	2	0
0	0	0	0	0	0	0	0	0	0	0	0	0	3	0	0	0	0	3	0	0	0	0	0	0	0	0	0	0	0	0
0	0	0	0	0	2	0	0	0	0	0	0	0	0	0	0	2	3	0	0	0	0	2	0	0	0	0	0	0	0	0
0	0	0	0	0	0	0	0	1	0	0	0	0	0	0	0	0	0	0	0	0	0	0	0	2	0	0	0	0	0	0
0	0	0	0	0	0	2	0	0	0	0	0	0	0	0	0	0	2	0	0	0	0	0	0	0	1	0	0	0	0	0
0	11	0	0	0	0	3	0	0	0	0	0	0	0	0	0	0	15	0	0	0	0	0	0	4	6	0	0	0	2	0
0	2	0	0	2	1	2	0	0	2	0	0	0	0	0	0	0	0	0	0	0	0	0	0	0	2	0	4	0	4	0
0	0	0	0	0	0	0	4	0	2	0	2	0	0	0	0	0	0	0	0	3	0	2	0	0	0	0	0	0	0	0
0	0	0	0	0	2	0	0	0	0	0	0	0	0	0	0	0	0	0	0	0	0	0	3	0	0	0	0	0	0	2
0	0	0	0	0	0	0	0	0	0	0	0	0	0	0	0	0	0	0	0	0	0	0	0	0	0	0	5	0	0	0
0	0	0	0	0	0	0	0	0	0	0	0	3	0	0	0	0	0	0	2	0	2	0	0	0	0	0	0	0	0	7
0	0	0	0	0	0	0	0	0	0	0	0	0	0	0	0	0	0	0	0	0	0	0	2	0	0	0	0	0	0	0
0	0	0	0	0	0	0	0	0	0	0	0	0	0	0	0	2	0	0	0	0	0	0	0	0	0	0	0	0	0	0
0	0	0	0	0	0	0	0	0	0	0	0	0	0	0	0	0	0	0	2	0	0	0	0	0	0	0	0	0	0	0
0	1	0	0	0	0	0	0	0	0	0	0	0	0	0	0	0	0	0	0	0	0	0	0	0	0	0	0	0	0	0
0	2	0	0	0	0	0	0	0	0	0	0	0	0	0	0	0	3	0	0	0	0	0	0	0	0	0	0	0	0	0
0	0	0	0	0	2	0	0	0	3	0	0	0	4	0	0	0	0	0	0	0	0	0	0	0	0	0	0	0	0	0
0	0	0	0	2	0	0	0	0	0	0	0	0	0	2	0	0	0	0	0	0	0	0	0	0	0	0	0	0	0	0
0	0	0	0	0	0	0	0	0	0	0	0	0	0	0	0	0	4	0	0	0	0	0	0	0	0	0	0	0	0	0
0	0	0	0	0	0	0	0	1	2	0	0	0	0	0	0	0	2	0	0	0	0	0	0	10	0	0	4	0	10	0
0	0	0	0	0	0	0	0	0	0	0	0	0	0	0	0	0	3	0	0	0	0	0	0	0	2	0	0	0	5	0
0	0	13	0	0	0	0	0	0	2	0	7	0	0	3	0	2	0	0	5	0	0	7	0	0	0	0	0	0	0	0
0	4	0	0	0	0	0	0	0	0	0	0	0	0	0	0	0	2	0	0	0	0	0	0	0	2	0	0	0	0	0
0	0	2	0	0	0	0	0	0	0	0	0	0	0	0	0	0	0	0	0	0	0	0	0	0	0	0	0	0	0	0
0	0	0	0	0	0	0	0	0	0	12	0	0	0	0	0	0	0	0	0	0	0	0	0	0	0	0	0	0	0	0
2	0	2	4	2	0	0	0	0	4	0	2	0	0	0	0	0	2	0	0	0	0	0	0	0	0	0	0	2	0	0
0	7	0	0	0	0	7	0	0	0	0	0	0	0	0	0	0	2	0	0	0	0	0	0	0	0	0	0	0	2	0
0	0	0	0	0	0	0	0	0	0	0	0	0	0	0	0	0	0	0	0	0	0	0	0	0	1	0	0	0	0	0
0	0	0	0	0	0	0	0	0	0	0	0	0	0	0	0	0	3	0	0	0	0	0	0	2	0	0	0	0	3	0
0	9	0	0	0	0	9	0	13	2	0	0	0	0	0	0	0	6	0	0	0	0	0	0	12	7	0	8	0	12	0
3	3	0	0	0	0	0	0	0	0	0	0	0	0	0	0	0	2	0	0	0	0	3	0	0	0	0	0	0	4	0
0	0	0	0	0	0	0	0	5	0	0	0	0	0	0	0	0	0	0	0	0	0	0	0	0	0	0	0	0	0	0
0	0	0	0	0	0	0	0	0	0	0	0	0	0	0	0	0	0	0	0	0	42	0	0	0	0	0	5	0	0	0
15	2	8	70	0	0	1	1	0	19	0	33	0	0	0	0	0	0	0	10	4	0	0	12	0	0	0	0	4	0	0
0	4	0	0	0	0	2	0	6	0	0	0	0	0	0	0	0	0	0	0	0	0	0	0	7	6	0	0	0	0	0
0	0	0	0	0	0	0	0	0	0	0	0	0	0	0	0	0	0	0	0	0	0	0	0	1	0	0	0	0	0	0
0	0	0	0	0	0	0	0	0	0	0	0	0	0	0	0	0	0	0	0	0	0	0	0	9	0	0	0	0	0	0
0	0	4	0	0	0	0	0	0	4	0	3	0	0	0	0	0	0	0	0	0	0	0	0	0	0	0	0	0	0	0
0	0	0	0	0	0	0	0	0	0	0	0	0	0	10	0	0	0	0	0	0	0	0	1	0	3	0	0	0	0	0
0	0	0	0	0	0	0	0	0	0	0	0	0	0	0	0	0	0	0	0	0	0	0	0	0	0	5	0	0	0	0
4	0	16	26	42	0	0	24	2	17	0	6	6	0	19	0	28	6	0	10	21	2	25	11	0	0	0	0	9	0	0
0	0	0	0	0	0	2	0	0	0	0	0	0	0	0	0	0	3	0	0	0	0	0	0	2	0	0	4	0	0	0
0	0	0	0	0	0	0	0	0	0	0	0	0	0	0	0	0	0	0	0	0	0	0	0	0	0	13	0	0	0	0
0	0	0	0	0	0	0	0	0	0	0	0	0	2	0	0	0	0	31	0	0	105	0	0	0	0	0	0	0	0	0
2	0	19	7	0	0	0	0	0	15	0	7	0	0	0	0	4	1	0	3	0	0	2	0	0	0	0	0	2	0	0
0	5	0	0	0	0	0	0	4	0	0	2	0	0	0	0	0	4	0	0	0	0	0	0	0	4	0	0	0	2	0
0	35	0	0	0	0	39	2	12	0	0	0	0	0	0	0	0	46	0	0	0	0	0	4	26	42	0	31	3	30	0
2	0	0	0	9	0	0	7	0	0	0	0	0	0	4	0	5	0	0	0	0	26	3	0	0	0	0	0	0	0	0
0	0	0	0	6	0	2	3	0	0	0	0	0	0	0	0	2	4	0	0	0	0	0	0	0	6	0	0	0	6	0
27	5	10	13	122	7	3	123	3	40	13	33	11	5	118	0	47	2	0	33	27	31	71	24	0	7	0	2	6	0	8
0	0	0	0	0	0	0	0	0	0	0	0	0	0	0	0	0	0	0	0	0	0	0	0	0	0	0	0	0	10	0
1	0	0	2	1	0	0	0	0	0	0	0	0	0	0	0	0	4	0	0	0	0	0	2	0	0	0	0	0	0	0
0	0	0	0	0	0	0	0	0	0	0	0	0	0	0	0	0	0	0	0	0	0	0	0	0	0	0	0	2	0	0
0	3	0	0	0	0	0	0	0	0	0	0	0	0	0	0	0	0	0	0	0	0	0	0	0	0	0	0	0	0	0
0	0	0	0	0	0	0	0	0	0	0	0	0	3	0	0	0	0	3	0	0	10	0	0	0	2	0	0	0	0	7
0	0	0	0	0	0	0	0	0	0	0	0	0	3	0	0	0	0	0	0	0	0	0	0	0	0	0	0	0	0	0
0	0	2	2	0	0	0	0	0	0	0	0	0	0	0	0	0	0	0	0	0	0	0	0	0	0	0	0	0	0	0
0	1	0	0	0	0	3	0	11	0	0	0	0	0	0	0	0	5	0	0	0	0	0	1	0	0	0	0	0	0	0
28	0	11	9	24	0	0	25	0	2	0	8	0	0	20	0	15	0	0	9	10	3	32	20	0	0	0	0	16	0	0
0	0	0	0	0	0	0	0	0	2	0	0	0	0	0	0	0	0	0	0	0	0	0	0	0	0	0	0	0	0	0
0	6	0	0	0	0	6	0	13	2	0	0	0	0	0	0	0	9	0	0	0	0	0	0	6	7	0	1	0	8	0
0	0	0	0	0	0	0	0	0	0	11	0	0	0	0	0	0	0	0	0	0	0	0	0	0	0	0	0	0	0	0
0	0	0	0	0	0	0	0	0	0	0	9	0	4	0	0	0	0	4	0	0	2	0	0	0	0	0	0	0	0	0
6	0	0	0	0	0	0	0	0	0	0	0	0	0	0	0	0	0	0	0	0	0	0	0	0	0	0	0	0	0	0
26	14	12	3	3	498	43	2	12	17	195	22	15	852	18	700	1	21	597	12	2	692	6	60	16	9	281	4	7	46	822
0	0	1	0	0	36	0	0	0	0	10	0	0	55	0	0	0	0	63	2	0	31	0	3	0	0	0	11	4	22	252
6	3	20	3	52	0	0	51	0	14	0	20	4	0	16	0	68	0	0	12	49	25	37	11	4	0	0	0	4	0	2
0	0	0	0	0	0	0	0	0	0	0	0	0	0	0	0	0	0	0	0	0	0	0	0	0	0	0	0	0	0	3
0	3	0	2	0	0	0	0	4	2	0	0	0	0	0	0	0	9	0	0	0	0	0	0	0	6	0	6	0	5	0
0	0	0	0	0	0	0	0	0	0	0	0	0	0	0	0	0	0	0	0	0	0	0	2	0	0	0	0	0	0	0
0	0	2	0	0	8	0	0	7	0	0	7	42	0	0	0	4	2	0	0	0	0	2	0	12	0	0	33	0	4	0
0	0	0	0	0	0	0	0	0	0	0	0	0	0	0	0	3	0	0	0	0	0	0	0	0	0	0	0	0	0	0
0	0	0	0	0	0	0	0	2	0	0	0	0	0	0	0	0	0	0	0	0	0	0	0	0	0	0	0	0	0	0
0	0	0	0	0	0	2	0	0	0	0	0	0	0	0	0	0	0	0	0	0	0	0	0	0	0	0	0	0	0	0
3	2	2	0	7	109	5	0	4	7	4	7	0	7	0	63	6	0	12	4	0	14	0	17	2	0	12	0	0	0	6
0	0	0	0	3	0	0	4	0	0	0	0	0	0	2	0	3	0	0	0	3	0	9	0	0	0	0	0	6	0	0
1	0	3	0	1	0	2	0	0	3	0	4	0	0	0	0	0	0	0	2	6	0	0	2	0	0	0	0	0	0	0
3	0	0	0	0	0	0	0	0	0	0	0	0	0	0	0	0	0	0	0	0	0	0	0	0	0	4	0	0	0	0
7	4	8	3	3	184	0	0	15	9	12	0	0	12	0	27	0	4	50	7	0	3	5	4	0	0	7	2	0	23	29
0	0	0	1	0	0	0	0	1	0	0	0	0	0	0	0	0	0	0	0	0	0	0	0	0	0	0	0	0	0	0
0	0	0	0	0	0	0	0	0	0	0	0	0	0	0	0	0	0	0	0	0	0	0	0	0	0	58	0	0	0	0
0	0	2	0	0	0	0	0	0	4	0	8	0	0	0	0	0	0	0	5	0	0	0	0	0	0	0	0	0	0	0
0	5	0	0	0	0	0	2	0	0	0	0	15	5	0	0	0	0	10	0	0	16	0	3	0	3	0	2	0	0	28
0	0	0	0	4	0	0	2	2	2	0	0	0	0	0	0	0	0	0	0	0	0	0	2	5	0	0	0	5	0	0
2	0	0	3	14	0	0	12	0	4	0	0	0	0	5	0	2	0	0	0	5	6	0	0	2	0	0	0	0	0	0
0	0	0	0	0	0	0	0	0	0	0	0	0	0	0	714	0	0	0	0	0	0	0	0	0	0	3	0	0	10	0
0	0	0	0	0	0	0	0	0	0	0	0	0	0	0	0	0	0	0	0	0	0	0	0	0	0	0	0	0	0	2
0	2	0	0	0	0	0	0	3	0	0	0	0	0	0	0	0	16	0	0	0	0	0	0	0	0	0	6	0	0	0
2	0	9	4	0	5	0	0	6	2	0	17	0	0	0	0	0	4	1	3	0	2	0	8	2	6	0	0	3	4	2
0	5	0	0	0	0	0	0	4	0	0	0	0	0	0	0	0	1	0	0	0	0	0	0	0	3	0	0	0	0	0
0	0	0	0	3	0	0	0	0	0	0	0	0	0	0	0	4	0	0	0	0	0	0	0	0	0	0	0	0	0	0
0	0	0	0	0	0	0	0	0	2	0	0	0	0	2	4	0	0	0	0	0	0	2	0	0	0	7	0	0	5	2
0	0	0	0	0	0	0	0	0	0	0	0	0	0	0	0	0	0	0	0	0	0	0	0	0	0	0	0	0	5	0
0	0	0	0	0	0	4	0	9	0	0	0	0	0	0	0	0	8	0	0	0	0	0	0	0	2	0	0	0	7	0
0	0	0	0	0	0	0	0	0	0	0	0	0	0	0	0	0	2	0	0	0	0	0	0	0	0	0	0	0	0	0
0	0	6	5	0	0	0	0	0	8	0	8	0	0	0	0	0	0	0	5	0	0	0	4	0	0	0	0	0	0	0
0	0	2	0	2	0	0	5	0	0	0	5	0	0	0	0	6	0	3	0	0	0	2	0	0	0	0	0	0	0	0
0	0	0	0	2	0	0	0	0	2	0	0	0	0	3	0	0	0	0	0	0	4	0	0	0	0	0	0	2	0	0
0	3	0	0	0	0	2	2	2	0	0	0	0	0	0	0	0	2	0	0	0	2	0	0	0	5	0	0	0	0	0
0	11	0	0	0	0	10	0	4	0	0	0	0	0	0	0	0	9	0	0	0	0	0	0	0	15	0	1	0	0	0
0	12	0	0	8	0	17	13	2	0	0	0	0	0	0	0	3	17	0	0	7	0	0	0	0	21	0	4	0	0	0
0	0	0	2	0	0	0	0	0	2	0	0	0	0	0	0	0	0	0	0	0	0	0	0	4	0	0	0	5	0	0
9	2	2	4	0	23	1	2	0	0	0	7	0	2	0	5	0	1	2	2	0	5	2	4	0	0	2	12	0	0	9
0	0	0	0	0	3	0	0	0	0	0	0	0	0	0	0	0	0	0	0	0	0	0	0	0	0	0	0	0	0	0
0	0	0	0	2	0	0	3	0	0	0	0	0	0	3	0	18	0	0	0	2	0	7	0	0	0	0	0	0	0	0
2	0	3	4	14	0	0	9	0	5	0	10	0	0	7	0	7	0	0	0	14	0	6	3	0	0	0	0	7	0	0
7	3	10	3	0	0	5	0	9	18	0	7	0	0	0	0	0	4	0	9	0	0	0	7	4	10	0	3	7	0	0
0	0	0	0	0	0	0	0	0	0	0	0	0	0	0	0	0	0	0	0	0	0	0	0	0	0	7	0	0	0	0
0	10	9	6	4	0	31	0	0	9	0	5	0	0	0	0	7	18	0	2	4	0	0	4	3	12	0	7	5	0	0
0	8	0	0	0	0	7	0	4	4	0	0	0	0	0	0	0	7	0	0	0	0	0	0	3	3	0	0	0	11	0
2	0	0	0	0	2	0	0	4	0	0	0	0	2	0	0	0	0	2	0	0	0	0	0	0	0	0	4	0	5	0
0	0	0	0	0	0	0	0	0	0	0	0	0	0	0	0	0	2	0	0	0	0	0	0	0	0	0	0	0	0	0
70	0	0	0	0	0	0	0	0	0	8	2	0	0	0	0	0	0	0	0	0	0	0	10	0	0	46	0	1	0	0
0	0	0	0	0	0	3	0	0	4	0	4	0	0	0	0	0	0	0	0	0	0	0	0	0	0	0	0	0	0	0
0	0	0	0	1	0	0	0	0	2	0	0	0	0	3	0	0	0	0	0	0	0	1	0	0	0	0	0	1	0	0
0	0	0	0	0	2	0	0	0	0	0	0	0	0	0	0	0	0	2	0	0	0	0	0	0	0	0	0	0	0	0
0	0	0	35	3	0	0	2	0	0	0	0	0	0	2	0	0	0	0	0	0	0	2	9	2	0	0	0	9	0	0
0	0	0	2	0	1	1	0	0	1	0	0	0	0	0	0	0	0	0	0	0	0	0	0	0	0	0	29	0	0	0
0	7	0	0	0	0	1	0	3	0	0	0	0	0	0	0	0	3	0	0	0	0	0	0	0	8	0	0	0	0	0
0	41	0	0	0	0	38	2	9	0	0	0	0	0	0	0	0	57	0	0	0	0	0	0	7	43	0	18	0	22	0
0	0	0	1	1	9	2	0	0	0	0	0	0	28	2	0	0	0	42	0	0	440	0	1	0	0	0	12	0	0	70
0	0	0	0	0	0	0	0	0	0	0	0	0	0	3	0	0	0	0	0	0	0	0	0	0	0	0	0	0	0	0
0	0	0	0	0	0	0	0	0	0	0	0	0	0	0	0	0	0	0	0	0	0	0	0	0	0	0	0	0	0	8
2	0	0	0	4	0	0	0	0	13	0	2	0	0	0	0	0	0	0	0	0	0	0	2	0	0	0	0	0	0	0
0	0	0	0	0	10	3	0	2	2	0	0	0	0	0	4	0	0	0	0	0	0	0	5	0	0	0	0	0	0	0
0	0	0	4	0	0	0	0	0	8	0	2	0	0	0	0	0	0	0	0	0	0	0	0	0	0	0	0	2	0	0
0	0	0	0	0	0	0	0	0	0	0	0	0	0	0	0	0	0	0	0	0	0	0	3	0	0	0	0	12	0	0
0	25	0	0	0	0	15	0	11	0	0	0	0	0	0	0	0	14	0	0	11	0	0	0	18	32	0	2	2	9	0
0	0	2	2	0	0	7	0	0	0	0	0	0	0	0	0	0	4	0	0	0	0	0	0	2	1	0	2	0	2	0
2	0	1	0	0	0	0	0	0	0	0	0	0	0	2	0	0	0	0	0	5	0	0	0	0	0	0	0	0	0	0
0	0	0	0	0	2	0	0	0	0	0	0	0	0	0	0	0	0	0	0	0	0	0	0	0	0	0	0	0	0	0
0	4	0	4	3	0	0	2	0	0	0	0	0	0	0	0	0	0	0	0	4	0	0	0	0	0	0	0	6	0	0
0	10	0	0	0	0	5	0	0	0	0	0	0	0	0	0	0	7	0	0	0	0	0	0	0	2	0	5	0	8	0
0	0	0	0	0	0	0	0	0	0	2	0	0	16	0	0	0	0	14	0	0	2	0	0	0	0	0	0	0	0	4
0	0	0	0	0	0	0	0	0	0	0	0	8	0	0	0	0	0	0	0	0	0	0	0	0	0	0	0	0	0	0
0	0	0	0	0	0	0	0	0	0	0	0	0	2	0	0	0	0	0	0	0	0	0	0	0	2	0	0	0	0	0
0	0	0	0	0	0	0	0	0	2	0	10	0	0	2	0	0	0	0	5	0	0	3	0	0	0	1	0	0	0	0
0	0	0	0	0	0	0	0	0	0	0	0	0	0	0	0	0	0	0	0	0	10	0	0	0	0	0	0	0	0	0
0	5	3	3	0	0	3	0	5	0	0	2	0	0	0	0	0	3	0	0	31	0	0	0	7	7	0	20	14	0	0
2	0	0	0	0	0	0	0	0	0	0	0	0	0	2	0	0	0	0	0	6	0	2	3	0	0	0	0	2	0	0
0	0	0	0	0	0	0	0	2	0	0	0	0	0	0	0	0	0	0	0	0	0	0	0	0	0	0	0	0	0	0
0	0	0	0	0	0	0	0	0	2	0	0	0	0	0	0	0	0	0	0	0	0	0	0	0	0	0	0	0	0	0
0	0	0	0	0	0	4	0	0	0	0	0	0	0	0	0	0	6	0	0	0	0	0	0	0	3	0	0	0	0	0
0	0	2	0	0	0	0	6	0	1	0	0	2	0	7	0	13	0	0	0	2	0	6	2	0	0	0	0	0	0	0
0	0	10	0	2	0	0	0	0	4	0	5	0	0	2	0	0	0	0	3	0	0	0	2	0	0	0	0	0	0	0
0	0	0	0	0	5	2	0	0	0	0	0	0	5	0	0	0	0	5	0	0	0	0	0	0	0	0	0	0	0	4
0	0	0	0	0	0	0	0	0	0	0	0	0	0	0	0	0	0	2	0	0	3	0	0	0	0	0	0	0	0	0
0	0	3	0	0	0	0	0	2	2	0	0	0	0	0	0	0	0	0	0	0	0	0	0	0	2	0	3	3	0	0
0	0	0	0	0	0	0	0	0	0	0	0	0	0	0	0	0	0	0	0	0	0	0	0	0	3	0	0	0	6	0
0	10	0	1	15	0	5	24	0	0	0	0	0	0	26	0	4	8	0	5	4	0	21	0	0	2	0	0	0	0	0
0	3	2	11	0	0	3	3	2	0	0	0	0	0	3	0	0	3	0	0	3	0	0	9	0	2	0	2	11	3	0
0	0	0	0	0	10	4	0	0	0	23	2	0	3	0	12	2	0	0	2	0	1	0	18	0	0	161	0	7	0	39
0	6	0	1	6	0	12	29	2	0	0	0	0	0	3	3	0	4	0	0	0	0	2	0	0	6	0	0	0	2	1
0	0	2	0	2	0	0	3	0	2	0	0	0	0	0	0	0	0	0	0	0	0	3	0	0	0	0	0	0	0	0
0	0	0	3	0	0	0	0	0	0	3	0	0	2	0	0	0	0	0	0	0	0	0	140	0	0	0	0	0	0	2
0	0	0	0	4	0	0	3	0	0	0	0	0	0	2	0	3	0	0	0	0	0	0	0	0	0	0	0	0	0	0
0	3	0	0	0	0	0	0	0	0	0	0	0	0	0	0	0	2	0	0	0	0	0	0	2	1	0	0	0	2	0
0	0	4	0	0	7	0	0	0	0	0	0	0	7	0	0	0	0	5	0	0	0	0	0	0	0	0	0	0	0	0
0	23	0	0	0	0	27	0	23	0	0	0	0	0	0	0	2	39	0	0	0	0	0	0	10	36	0	26	0	31	0
0	5	0	0	0	0	0	0	0	0	0	0	0	0	0	0	0	2	0	0	0	0	0	0	3	5	0	2	0	2	0
12	0	0	0	0	32	2	0	0	0	0	5	0	4	1	10	0	0	11	0	0	4	0	6	0	3	4	0	0	9	0
0	0	7	1	5	0	0	9	0	2	0	7	0	0	12	0	8	0	0	0	4	0	22	4	0	0	0	0	2	0	0
6	0	5	0	0	0	0	0	0	7	0	6	0	0	0	0	0	0	0	7	0	0	0	2	0	0	0	0	0	0	0
0	0	0	0	0	0	0	2	0	0	0	0	0	0	0	0	0	0	0	0	9	0	0	2	0	0	0	0	0	0	0
0	0	0	0	0	0	0	0	0	0	0	0	6	0	4	0	2	0	0	0	0	0	0	0	3	1	0	0	0	0	0
0	0	0	0	0	0	0	0	0	0	0	0	0	0	0	0	0	0	0	0	0	0	0	0	0	0	0	0	0	4	0
0	0	0	0	0	3	0	0	0	0	0	0	0	0	0	0	0	0	0	0	0	0	0	0	0	0	0	0	0	0	0
0	0	0	0	0	0	0	0	0	0	0	0	0	0	0	0	0	0	0	0	4	0	0	0	0	0	0	0	0	0	0
0	0	0	0	0	0	0	0	0	0	0	0	10	0	0	0	0	0	0	0	0	0	0	0	0	0	0	0	0	0	0
0	0	0	0	0	2	0	0	2	2	0	0	0	10	0	0	0	0	11	0	0	7	2	0	0	0	0	0	2	0	0
0	0	9	6	4	0	0	1	0	14	0	2	1	0	4	0	3	0	0	0	29	3	2	6	0	0	0	0	15	0	0
0	0	0	0	0	0	0	0	6	0	0	0	0	0	0	0	0	6	0	0	19	0	0	4	7	8	0	0	3	0	0
11	2	5	0	2	89	16	0	38	8	7	10	0	107	0	132	0	4	160	0	0	85	0	25	29	9	21	23	0	36	146
0	216	0	0	6	0	186	3	117	0	0	0	0	0	6	0	2	321	0	0	73	0	4	8	183	356	0	70	0	90	0
0	0	0	0	0	0	0	0	0	0	0	0	0	0	0	0	2	0	0	0	9	0	0	0	0	0	0	0	0	0	0
0	2	0	0	0	0	0	0	0	0	0	0	0	0	0	0	0	0	0	0	0	0	1	0	0	0	0	0	0	0	0
0	0	0	0	0	0	0	0	0	0	0	0	0	0	0	0	0	0	0	0	0	5	0	0	0	0	0	0	0	0	0
0	3	0	0	0	0	0	0	0	0	0	0	0	0	0	0	0	0	0	0	0	0	0	0	0	0	0	0	0	0	0
0	0	0	0	0	0	0	0	0	0	0	0	0	1	0	0	0	0	3	0	0	0	2	0	0	0	0	0	0	0	1
10	0	0	0	0	0	0	0	0	0	0	0	0	0	0	0	0	0	0	0	0	0	0	0	0	0	0	0	0	0	0
0	2	0	4	0	10	0	0	12	0	0	0	0	0	0	0	12	0	0	0	7	0	0	2	5	0	0	0	0	2	0
0	0	0	0	8	0	0	5	0	1	0	0	0	0	5	0	0	0	0	2	0	0	4	0	0	0	0	0	0	0	0
0	0	0	0	0	0	0	0	8	0	0	0	0	0	0	0	0	0	0	0	0	0	0	0	3	0	0	7	0	15	0
0	0	0	0	8	0	0	0	0	0	0	0	0	0	0	0	0	0	0	0	0	0	0	2	3	0	0	0	0	0	0
0	0	0	0	2	0	0	5	0	0	0	0	0	0	7	0	0	0	0	0	0	0	0	0	0	0	0	0	0	0	0
0	0	0	0	0	0	0	0	0	0	16	0	0	0	0	2	0	0	0	0	0	0	0	0	0	0	2	0	0	0	0
0	0	0	0	6	0	0	0	0	0	0	0	0	0	3	0	6	0	0	0	0	0	0	0	0	0	0	0	0	0	0
0	3	0	0	0	0	0	0	0	0	0	0	0	0	0	0	0	3	0	0	0	0	0	0	7	0	0	0	0	0	0
0	0	0	0	0	0	0	0	0	0	0	0	0	0	0	0	0	0	0	0	0	0	0	0	0	0	0	0	0	7	0
0	0	0	0	0	0	0	0	0	0	0	0	0	0	0	0	0	3	0	0	0	0	0	0	0	3	0	0	0	1	0
0	0	0	0	0	0	2	0	2	0	0	0	0	0	0	0	0	4	0	0	0	0	2	0	0	2	0	0	0	0	0
0	5	6	0	17	0	3	20	1	0	0	0	0	2	16	0	8	0	3	5	0	0	29	5	0	0	0	0	0	0	0
0	0	0	0	0	5	0	0	35	0	0	7	0	0	0	0	0	0	0	0	2	0	0	0	23	4	0	0	0	19	0
0	0	0	0	0	0	0	0	0	0	0	0	0	0	0	0	12	0	0	0	0	0	0	0	0	0	0	0	0	0	0
0	0	0	0	0	0	0	0	0	0	0	0	0	0	0	0	0	0	0	0	0	0	0	0	6	0	0	0	0	0	0
0	0	0	0	0	0	0	0	0	0	0	0	0	0	0	0	0	0	0	0	0	0	0	0	0	0	7	0	0	0	0
0	0	0	0	0	2	0	0	0	0	0	0	0	0	0	0	0	0	0	0	0	0	0	0	0	0	0	0	0	0	0
0	0	0	0	2	0	1	2	0	0	0	0	0	0	0	0	0	0	0	0	0	1	2	0	0	0	0	0	0	0	0
0	0	0	0	0	0	0	0	0	0	0	0	0	0	0	2	0	0	0	0	0	0	0	2	0	0	0	0	0	0	0
0	0	0	0	0	0	0	0	2	0	0	0	0	6	0	0	0	5	0	2	0	0	0	0	0	6	0	5	3	0	0
0	6	0	0	0	0	0	0	0	0	0	0	0	0	0	0	0	0	0	0	0	0	0	0	1	16	0	7	0	0	0
0	0	0	0	0	10	0	0	0	0	152	0	0	0	0	205	0	0	0	0	0	0	0	0	0	0	25	0	0	5	0
0	0	0	0	0	0	0	0	0	0	0	0	0	0	0	0	0	0	0	0	0	0	0	3	0	0	0	0	0	0	0
0	0	0	0	0	0	1	0	0	0	0	0	0	0	0	0	0	0	3	0	0	4	0	0	0	0	0	0	0	0	0
7	5	13	7	11	7	0	5	0	4	2	1	0	7	0	0	3	0	0	6	0	0	0	10	0	0	3	0	10	0	0
0	0	0	0	0	0	0	0	0	0	0	3	0	0	0	0	0	0	0	0	0	0	0	0	0	0	0	0	0	0	0
0	5	0	0	0	0	0	0	3	0	0	0	0	0	0	0	0	0	0	0	0	0	0	0	0	0	0	0	0	0	0
0	0	0	0	0	0	0	0	0	0	0	2	0	0	0	0	0	0	0	0	0	0	0	2	0	0	0	0	0	0	0
0	0	0	0	0	0	4	0	2	0	0	0	0	0	0	0	0	0	0	0	3	0	0	2	0	0	0	0	0	0	0
0	0	0	0	0	0	0	0	0	0	0	0	0	0	0	0	0	0	0	0	0	0	0	0	0	0	4	0	0	0	0
0	0	0	0	0	0	0	0	0	1	0	0	0	0	0	0	1	0	0	0	0	0	0	0	0	0	0	0	0	0	0
0	0	0	0	0	2	0	0	0	0	11	0	0	0	0	0	0	0	0	0	0	0	0	4	0	0	4	0	0	0	0
0	0	0	3	0	0	0	0	0	0	0	0	0	0	0	0	0	0	0	0	0	0	0	0	0	0	0	0	4	0	0
4	14	0	18	0	0	23	3	7	0	0	4	0	0	2	0	3	18	0	6	13	0	6	4	4	14	0	6	9	10	0
0	0	0	0	0	0	0	0	0	0	0	0	0	0	0	0	8	0	0	0	0	0	2	0	0	0	0	0	0	0	0
0	0	0	0	0	0	0	0	1	0	0	0	0	0	0	0	0	0	0	0	0	0	0	0	9	0	0	0	0	0	0
2	0	3	0	26	0	0	11	0	16	0	3	0	0	14	0	13	0	0	7	0	0	39	1	0	0	0	0	3	0	0
0	0	0	0	0	0	0	0	0	0	0	1	0	0	0	0	0	0	0	0	0	0	0	0	0	0	0	0	0	0	0
0	4	0	3	0	58	0	2	3	4	0	3	0	78	0	3	0	4	54	0	0	3	0	1	0	1	3	6	0	0	16
0	8	0	0	0	0	2	0	4	0	0	0	0	0	0	0	0	0	0	0	0	0	0	0	0	0	0	4	0	2	0
0	0	0	0	0	2	0	0	0	0	15	0	0	0	0	2	0	0	1	0	0	13	0	0	0	0	0	0	0	0	7
0	0	0	0	0	0	0	0	4	0	0	0	0	0	0	0	0	0	0	0	0	0	0	0	9	0	0	0	0	0	0
0	0	0	0	0	0	0	0	0	0	0	0	0	0	0	0	0	0	0	0	0	0	0	0	0	0	4	0	0	0	0
2	2	0	2	0	0	0	0	0	0	0	0	0	0	0	0	0	0	0	0	0	0	0	0	0	0	0	0	0	0	0
0	0	0	0	0	0	0	0	0	0	24	0	0	1	0	13	0	0	7	0	0	0	0	0	0	0	13	0	0	0	4
0	3	0	0	0	14	0	3	4	4	3	0	0	7	4	3	0	2	10	3	0	0	0	0	0	0	2	6	0	0	8
0	0	0	0	0	0	0	0	0	0	0	0	12	0	0	0	0	0	0	0	0	0	0	0	0	0	0	0	0	0	0
0	9	0	0	0	0	18	0	18	0	0	0	0	0	0	0	0	16	0	0	0	0	0	0	11	10	0	5	0	7	0
10	0	0	0	2	3	0	0	0	0	0	0	0	0	0	0	0	0	4	0	0	0	0	0	0	0	0	0	0	0	0
0	2	0	0	0	15	0	0	0	0	2	0	0	17	0	0	0	5	5	0	0	0	0	0	0	0	0	0	0	0	2
0	0	0	0	0	0	0	0	1	0	0	0	0	0	0	0	0	0	0	0	0	0	0	0	0	0	0	0	0	0	0
2	0	0	0	0	0	0	0	0	0	0	0	0	0	0	0	0	0	0	0	0	0	0	0	0	0	0	0	0	0	0
0	3	0	0	0	0	2	0	0	0	0	0	0	0	0	0	0	0	0	0	0	0	0	0	2	5	0	0	0	2	0
2	0	0	0	0	0	0	0	0	2	0	7	0	0	0	0	0	0	0	0	0	0	0	2	0	2	0	0	0	0	0
0	0	0	0	0	0	0	0	0	0	0	0	0	0	0	0	0	0	2	0	0	0	0	0	0	0	0	0	0	0	0
5	0	0	2	0	0	0	0	0	0	0	0	0	0	0	0	0	0	0	0	3	0	0	0	0	0	0	0	0	0	0
0	0	0	0	6	0	0	0	0	4	0	2	0	0	4	0	13	0	0	2	2	0	25	0	0	0	0	0	0	0	0
0	0	0	0	0	0	0	0	0	0	0	4	0	0	0	0	0	0	0	2	0	0	2	0	0	0	0	0	0	0	0
0	0	0	0	0	0	0	0	0	0	0	0	0	0	0	0	0	0	16	0	0	0	0	0	0	0	0	0	0	0	0
0	0	0	0	0	0	0	0	0	0	0	0	0	0	0	0	0	0	0	0	0	0	0	0	0	0	0	0	0	3	0
0	0	0	0	0	0	0	0	0	0	0	0	0	0	0	0	0	0	0	0	0	0	3	0	0	0	0	0	0	0	0
0	0	0	0	0	0	0	0	0	0	0	0	0	0	0	0	0	0	0	0	0	0	0	0	0	0	4	0	0	0	0
0	0	0	0	9	0	0	4	0	2	0	0	0	0	5	0	8	0	0	0	0	0	10	0	0	0	0	0	0	0	0
3	18	0	2	8	0	16	6	10	5	0	8	0	0	12	0	0	5	3	7	9	8	9	6	4	14	0	1	0	2	5
2	0	0	0	2	0	0	2	0	0	0	0	0	0	0	0	0	0	0	0	5	0	0	2	0	0	0	0	0	0	0
0	0	0	0	0	26	6	0	0	2	0	0	0	0	0	0	0	0	11	0	0	0	0	0	0	0	0	0	0	0	0
0	0	2	0	0	2	0	0	0	0	0	0	0	0	0	0	0	0	0	0	0	0	0	2	0	0	0	0	3	0	0
3	2	0	0	0	11	2	0	2	0	19	0	5	0	0	0	0	0	7	0	0	1	0	3	0	0	2	0	0	3	2
0	0	3	0	0	0	0	0	2	0	0	0	0	0	0	0	0	0	0	0	3	0	0	0	1	0	0	0	0	15	0
0	0	0	0	0	0	0	0	0	0	0	0	0	0	0	0	0	0	0	0	0	0	0	0	0	0	0	12	0	0	0
0	0	0	0	0	0	0	0	9	0	0	0	0	0	0	0	0	0	0	0	0	0	0	0	0	0	0	0	0	0	0
0	4	0	0	0	0	0	0	0	0	0	0	0	0	0	0	3	5	0	0	0	0	0	0	0	0	0	0	0	1	0
1	0	0	0	4	0	0	0	0	3	0	0	0	0	0	0	0	0	0	3	0	0	0	0	0	0	0	0	0	0	0
0	0	0	0	0	0	0	0	0	0	0	0	0	0	0	0	0	0	0	0	0	0	0	0	0	0	0	0	0	2	0
0	0	0	0	0	0	0	0	0	0	0	0	0	0	0	0	0	0	0	0	0	0	0	0	0	0	0	2	0	0	0
0	0	0	0	0	0	0	0	0	0	0	2	0	0	0	0	0	0	0	0	0	0	0	0	0	0	0	0	0	0	0
0	0	0	0	0	0	0	0	0	0	0	0	0	0	0	0	0	0	0	0	0	0	0	0	0	2	0	0	0	0	0
0	0	0	0	0	3	0	0	0	0	0	0	0	0	0	0	0	0	0	0	0	0	0	0	0	0	0	0	0	15	0
0	0	0	0	0	0	0	0	0	0	0	0	0	0	0	0	0	2	0	0	0	0	2	0	0	0	0	0	3	0	0
0	0	0	0	0	0	0	0	0	0	0	0	0	0	0	0	0	0	0	0	0	0	0	0	6	0	0	0	0	0	0
16	0	0	0	0	22	0	0	4	1	0	0	0	1	0	0	5	4	4	3	0	25	0	18	6	0	2	0	0	4	0
0	1	0	0	0	0	3	0	3	0	0	0	0	0	0	0	0	0	0	0	0	0	0	0	9	5	0	2	0	6	0
0	0	5	0	4	0	0	3	2	0	0	0	0	0	3	0	0	0	0	0	0	0	2	0	0	0	0	0	2	0	0
0	31	0	0	0	0	22	0	12	0	0	0	0	0	0	0	0	20	0	0	2	0	0	0	18	34	0	18	2	8	0
0	7	0	0	0	0	4	0	2	0	0	0	0	0	0	0	0	6	0	0	0	0	0	0	3	3	0	0	0	2	0
2	0	0	0	0	0	0	0	0	0	0	0	0	6	0	0	0	1	6	0	0	3	0	4	0	0	0	0	0	0	0
0	0	0	0	0	9	5	0	0	0	0	0	0	0	0	0	0	2	2	0	0	0	0	0	0	0	0	0	0	0	0
2	0	4	0	0	0	0	0	2	2	0	8	0	0	2	0	0	0	0	0	0	0	0	0	0	0	0	0	0	0	0
0	2	0	0	0	0	0	0	0	0	0	0	0	0	0	0	0	0	0	0	0	0	1	0	0	0	0	0	0	0	0
0	0	0	0	2	0	0	0	0	0	0	0	0	0	3	0	2	0	0	0	3	0	4	4	0	0	0	0	0	3	0
7	0	0	0	0	6	0	2	2	2	0	0	0	6	0	0	0	5	9	0	0	20	2	9	0	8	0	0	0	0	12
0	0	0	0	0	0	0	0	0	0	0	0	0	0	0	0	0	0	0	0	0	11	0	0	0	0	0	0	0	0	0
0	0	0	0	0	0	0	0	0	0	0	2	0	0	0	0	0	0	0	0	0	0	0	0	0	0	0	0	0	0	4
2	0	0	0	0	0	0	0	0	0	0	0	0	0	0	0	0	0	0	0	0	0	0	0	0	0	0	0	0	0	0
0	3	0	5	0	0	0	0	3	0	0	0	0	0	0	0	0	0	0	2	0	0	0	0	2	0	0	0	0	7	0
0	0	0	0	0	0	0	0	0	0	0	0	0	0	0	0	0	0	0	0	0	0	0	0	0	2	0	0	0	0	0
0	38	0	0	4	0	30	0	32	0	0	0	0	0	0	0	2	75	0	0	3	0	0	0	27	53	0	31	0	15	0
0	0	0	0	6	0	0	0	0	0	0	0	0	0	0	0	0	0	0	0	0	0	0	0	0	0	0	0	0	0	0
73	4	7	400	109	0	5	94	0	16	0	22	9	0	56	0	58	2	0	4	160	0	82	16	0	12	0	0	36	0	0
0	4	0	0	0	0	3	0	0	0	0	4	0	0	0	0	0	0	0	0	0	0	2	4	4	0	0	0	0	0	0
2	0	0	0	0	0	0	0	0	3	0	3	0	0	0	0	0	0	0	0	0	0	0	0	0	0	0	0	0	0	0
0	0	0	0	0	0	3	0	0	0	0	0	0	0	0	0	0	2	0	0	0	0	0	0	0	4	0	5	0	8	0
0	2	0	0	0	0	0	0	5	0	0	0	0	0	0	0	0	10	1	0	0	0	0	0	4	6	0	5	0	1	3
0	0	0	0	0	0	0	2	0	0	0	0	0	0	4	0	4	0	0	0	0	0	3	0	0	0	0	0	0	0	0
0	0	0	0	0	0	0	0	0	0	0	0	0	0	0	0	0	0	10	0	0	0	0	0	0	0	0	0	0	0	0
11	0	0	0	0	0	0	0	0	0	5	0	0	0	0	0	0	0	0	0	2	0	0	0	0	0	10	0	0	0	0
0	4	0	0	0	0	0	0	0	0	0	0	0	0	0	0	0	6	0	0	0	0	0	0	2	4	0	1	0	2	0
0	0	0	0	3	0	0	0	0	0	0	3	0	3	0	0	0	0	0	0	0	25	0	0	0	0	0	0	0	0	0
0	0	0	0	7	2	0	4	0	0	0	0	0	0	0	0	0	0	0	0	0	0	0	0	0	0	0	0	0	0	0
2	0	0	2	4	0	0	2	0	0	0	0	0	0	0	0	5	3	0	0	11	0	3	0	0	2	0	0	2	8	0
0	0	0	0	0	7	0	0	0	0	0	0	9	2	0	0	0	0	4	0	0	0	0	0	0	0	0	15	0	0	3
0	2	0	0	0	0	0	0	0	0	0	0	0	0	0	0	0	0	0	0	0	0	0	0	6	1	0	0	0	0	0
0	0	0	0	0	0	0	0	0	0	0	0	0	0	0	0	0	3	0	0	0	0	0	0	0	0	0	0	0	0	0
0	0	0	0	0	0	0	0	0	0	0	3	0	0	3	0	3	0	0	0	1	0	0	0	0	0	0	0	0	0	0
2	0	10	13	8	0	0	11	0	17	0	9	0	0	4	0	2	2	0	6	6	0	3	7	0	0	0	0	9	0	0
0	0	0	0	0	0	0	0	0	0	2	0	0	0	0	0	0	0	3	0	0	0	0	0	0	0	0	0	0	0	0
0	0	0	0	3	3	0	0	2	0	0	0	0	0	0	0	0	0	0	0	0	0	0	0	0	0	0	0	0	0	0
0	0	0	0	0	0	0	0	0	0	0	0	0	0	0	0	0	0	0	0	0	0	3	0	0	0	0	0	0	0	0
0	0	0	0	13	0	0	17	0	0	0	0	0	0	8	0	11	0	0	0	0	0	8	0	0	0	0	0	0	0	0
0	0	0	0	0	0	0	0	0	0	0	0	0	2	0	0	0	0	0	0	0	2	0	0	0	0	0	0	0	0	0
0	2	0	0	0	0	0	0	0	0	0	0	0	0	0	0	0	0	0	0	0	0	0	0	0	0	0	0	0	3	8
0	0	0	0	0	3	0	0	1	0	0	0	0	0	0	0	0	2	0	0	0	0	0	0	0	0	0	0	0	0	9
0	0	0	0	0	7	0	0	0	2	0	0	0	0	0	0	0	0	5	0	0	2	0	0	0	0	0	0	0	0	5
27	0	8	0	4	0	0	9	4	9	0	8	0	0	0	0	0	0	0	3	0	106	0	32	0	3	0	0	13	0	0
0	0	0	0	0	2	0	0	0	0	0	0	0	0	0	0	0	0	0	0	0	0	0	0	0	0	0	0	0	0	0
0	0	0	0	0	0	0	0	0	0	0	0	0	0	0	0	0	0	0	0	0	0	0	0	15	0	0	0	0	0	0
0	5	0	0	0	0	0	0	0	0	0	0	0	0	0	0	0	1	0	0	0	0	0	0	0	0	0	0	0	0	0
0	0	0	0	11	0	0	0	0	0	0	0	0	0	0	0	0	0	0	0	0	0	0	0	0	0	0	0	0	0	0
1	15	0	6	6	0	9	2	18	0	0	0	8	0	0	0	0	20	14	5	0	3	0	1	10	6	0	13	1	13	5
2	0	7	0	1	0	0	0	0	9	0	6	0	0	7	0	12	0	0	0	0	2	9	0	0	0	0	0	0	0	0
0	0	0	0	1	0	0	0	0	0	0	0	0	0	0	0	0	0	0	0	2	0	0	0	0	0	0	0	0	0	0
0	0	0	0	0	0	0	0	2	0	0	0	0	0	0	0	0	0	0	0	0	0	0	0	0	0	0	0	0	0	0
0	0	0	0	0	0	0	0	0	0	0	2	2	0	2	0	0	0	0	0	0	2	7	0	0	0	0	0	0	0	0
0	6	0	0	0	0	8	0	9	0	0	0	0	0	0	0	0	0	0	0	0	0	0	0	0	4	0	0	0	0	0
0	0	0	0	0	0	0	0	0	0	0	0	0	0	0	3	0	0	0	0	0	0	2	0	0	0	11	0	0	0	0
3	35	5	0	0	0	27	0	11	3	0	2	0	0	0	0	0	30	0	0	0	0	0	1	12	31	0	14	4	16	0
0	0	0	0	4	0	0	0	0	0	0	0	0	0	0	0	0	0	0	0	2	0	4	0	0	0	0	0	0	0	0
0	0	0	2	0	0	0	0	0	0	0	0	0	0	0	0	0	0	0	0	0	0	0	0	0	0	0	0	0	0	0
0	0	0	0	5	0	0	7	0	0	0	0	0	0	4	0	4	0	0	0	0	0	6	0	0	0	0	0	0	0	0
0	9	0	0	0	0	10	0	16	0	0	0	0	0	0	0	0	25	0	0	0	0	0	0	16	10	0	14	0	22	0
0	0	0	0	0	0	0	0	0	0	0	0	0	0	0	0	0	0	0	0	0	2	0	0	0	0	0	0	0	0	0
0	0	0	0	0	2	0	0	0	0	0	0	0	2	0	0	0	0	1	0	0	0	0	0	0	0	0	0	0	0	0
35	0	0	0	0	0	0	0	0	0	0	0	0	0	0	0	0	0	0	0	0	0	0	0	0	0	0	0	0	0	0
0	0	7	0	0	0	0	0	0	0	0	0	0	0	0	0	0	0	0	1	2	0	0	0	0	0	0	0	0	0	0
0	0	0	0	0	0	2	0	0	0	0	0	0	0	0	0	0	2	0	0	0	0	0	0	0	0	0	0	0	4	0
0	0	0	0	0	0	0	0	0	0	0	0	0	0	0	0	0	0	0	0	0	0	0	0	0	0	0	0	0	0	2
0	2	0	0	0	0	0	0	0	0	0	4	0	0	0	0	0	0	0	0	0	0	0	0	0	0	0	0	0	3	0
0	0	0	0	0	0	0	0	0	0	9	0	0	0	0	0	0	0	0	0	0	0	0	0	0	0	0	0	0	0	0
0	0	0	0	1	0	0	0	0	0	0	0	0	0	0	0	0	0	0	0	0	0	0	0	0	0	0	0	0	0	0
0	0	0	0	0	0	0	0	0	0	0	0	0	0	0	1	0	0	0	0	0	0	0	0	0	0	0	0	0	0	0
0	0	0	0	8	0	0	2	0	0	0	0	0	0	8	0	0	0	0	0	3	0	0	0	0	0	0	0	0	0	0
0	0	0	0	0	0	0	0	0	0	0	0	0	0	0	0	0	0	0	0	0	0	0	0	9	0	0	0	0	0	0
0	0	5	0	0	0	2	0	3	5	0	0	0	0	0	0	0	5	0	0	0	0	0	0	3	2	0	3	2	3	0
0	3	1	0	0	0	0	0	4	0	0	0	0	0	0	0	0	0	0	0	0	0	0	0	6	0	0	0	0	0	0
0	0	0	0	0	0	0	0	1	0	0	0	0	0	0	0	0	0	0	0	0	0	0	0	5	0	0	0	0	0	0
0	0	0	0	0	0	0	0	0	0	0	0	0	0	0	8	0	0	0	0	0	0	0	0	0	0	0	0	0	0	0
7	0	0	0	0	0	0	0	0	0	0	6	0	0	0	0	0	0	0	0	0	0	0	0	0	0	0	0	3	0	0
2	0	0	0	3	0	0	6	2	4	0	4	3	0	3	0	1	0	0	3	10	0	3	0	0	0	0	0	0	0	0
0	0	0	0	0	0	2	0	0	0	0	0	0	0	0	0	0	0	0	0	0	0	0	0	0	2	0	0	0	7	0
0	0	0	0	2	0	0	0	0	0	0	0	0	0	0	0	0	0	0	0	0	0	2	0	0	0	0	0	0	0	0
2	0	0	0	0	3	0	3	0	2	0	4	0	0	0	0	0	0	0	0	0	0	0	3	0	0	0	0	0	0	0
0	9	0	0	2	0	6	2	4	0	0	0	0	0	0	0	0	6	0	0	3	0	4	0	4	5	0	0	0	0	0
2	0	0	0	0	2	0	0	0	0	0	0	0	4	0	0	0	2	7	0	0	5	2	0	0	0	0	0	0	0	65
0	0	0	0	0	0	0	0	4	0	0	0	0	0	0	0	2	3	0	4	0	0	0	0	0	0	0	0	0	0	0
0	0	0	0	0	0	0	0	0	0	0	0	0	0	0	0	0	0	0	0	0	0	0	0	0	0	3	0	0	0	0
0	0	0	2	0	0	0	0	0	0	0	0	0	0	0	0	0	0	0	0	0	5	0	0	0	0	0	0	4	0	0
0	0	0	0	0	0	0	0	0	0	0	0	0	0	0	0	0	0	0	0	0	3	0	0	0	0	0	0	0	0	3
0	0	0	0	7	0	0	4	0	0	0	0	0	0	8	0	3	0	0	0	1	0	6	0	0	0	0	0	0	0	0
0	2	0	0	0	0	0	0	0	0	0	0	0	0	0	0	4	0	0	0	0	0	0	0	0	5	0	0	0	0	0
1	0	0	0	0	0	0	0	0	0	0	0	0	0	3	0	0	0	0	0	0	2	0	0	0	0	0	0	0	0	0
0	0	0	0	0	0	0	0	2	0	0	0	0	0	0	0	0	0	0	0	0	0	0	0	0	0	0	3	0	0	0
0	0	0	0	0	0	0	0	4	0	0	0	0	0	0	0	0	0	0	0	0	0	4	0	0	0	0	0	0	0	0
0	0	2	0	0	0	0	0	0	0	0	4	0	0	2	0	0	2	0	0	0	0	0	0	0	0	0	0	0	0	0
0	0	0	0	0	0	0	0	0	0	0	0	0	0	0	0	0	0	0	2	0	0	0	0	0	0	0	0	0	0	0
2	0	2	0	4	0	0	8	0	0	0	0	3	0	0	0	4	0	0	0	2	4	7	2	2	0	0	0	0	0	0
0	0	0	0	0	4	0	0	0	0	0	0	0	0	0	0	0	0	2	0	0	0	0	0	0	0	33	0	0	0	0
0	0	0	0	0	0	0	0	0	0	0	0	0	0	0	0	0	2	2	0	0	3	4	0	0	0	0	0	0	0	0
0	4	0	0	0	0	3	5	9	0	0	0	0	0	0	0	3	13	7	0	0	4	0	3	13	8	0	3	0	9	0
2	0	0	0	0	0	0	0	0	0	0	0	0	0	0	0	0	0	0	0	0	0	0	0	0	0	0	0	0	0	0
0	0	0	0	0	0	0	0	0	0	0	0	0	0	0	0	0	0	0	0	0	0	0	0	0	0	0	8	0	0	0
0	0	0	0	0	4	0	0	2	0	0	0	0	0	0	2	0	0	0	0	0	0	0	0	0	0	0	0	3	0	0
3	0	0	2	0	0	0	0	0	0	0	0	0	0	0	0	0	0	0	0	0	0	0	20	0	0	0	0	4	0	0
104	0	0	1	0	0	0	0	0	0	0	0	0	0	0	0	0	0	0	0	0	0	0	4	0	0	0	0	3	0	0
0	16	0	0	0	0	4	0	0	0	0	0	0	0	0	0	0	17	0	0	0	0	0	0	0	4	0	15	0	5	0
0	0	0	0	0	0	0	0	0	0	0	0	0	0	0	0	0	0	0	0	0	0	0	0	0	0	12	0	0	0	0
0	0	0	0	0	0	0	0	0	0	3	0	0	0	0	0	0	0	4	0	0	0	0	0	0	0	0	0	0	0	0
0	3	2	0	0	0	0	0	0	0	0	4	0	0	0	0	0	0	0	0	2	0	0	0	0	0	0	0	1	0	0
0	0	0	0	0	24	2	0	0	3	0	0	0	24	0	2	0	0	7	0	4	0	0	9	0	0	0	8	0	0	11
3	0	0	0	7	1	4	3	6	0	0	3	0	0	5	0	7	2	0	0	0	0	1	0	0	0	0	3	0	1	0
0	0	0	0	0	0	0	1	0	0	0	3	0	0	0	0	0	2	0	0	1	0	5	0	0	0	0	0	0	0	0
0	0	0	0	0	0	0	0	0	0	0	0	0	0	0	0	0	0	0	0	0	0	0	1	0	2	0	0	0	0	0
0	0	0	0	0	7	0	0	5	3	0	0	0	8	0	0	0	2	4	0	0	0	0	0	0	0	0	0	3	0	0
0	7	0	0	0	0	2	0	0	0	0	0	0	0	0	0	0	0	0	0	0	0	0	0	0	4	0	8	0	7	0
5	2	0	0	0	54	0	0	0	2	0	0	0	2	0	15	4	2	0	0	0	9	0	10	0	0	0	0	0	7	5
0	0	0	0	0	0	0	0	0	0	0	0	0	0	0	0	0	0	0	0	0	0	0	2	0	0	0	0	0	0	0
0	0	0	0	0	0	0	0	0	0	0	0	13	0	0	0	0	0	0	0	0	0	0	0	0	0	0	0	0	0	0
22	32	69	10	5	0	28	0	0	61	0	37	0	0	0	0	0	18	0	29	0	0	4	20	16	53	0	30	5	3	0
0	0	0	0	0	0	0	0	0	0	0	0	0	3	0	0	0	0	0	0	0	0	0	0	0	0	0	0	0	0	0
0	0	0	0	0	1	0	0	1	0	0	0	0	7	0	0	0	0	0	0	0	0	0	0	0	0	0	0	2	0	0
0	0	0	0	0	0	0	0	0	0	0	4	0	0	0	0	0	0	0	0	0	0	0	2	0	0	0	0	0	0	1
2	0	0	0	0	27	0	0	0	0	0	0	0	2	0	2150	0	0	2	0	0	0	0	0	0	0	25	0	0	0	0
0	0	0	0	0	0	0	0	0	0	0	0	0	0	0	0	0	0	0	0	0	0	0	0	2	0	0	0	0	0	0
0	0	2	0	4	0	0	7	0	7	0	1	0	0	3	0	3	0	0	0	8	0	13	6	0	0	0	0	0	0	0
0	0	0	0	0	0	0	0	0	0	0	0	0	2	0	0	0	0	0	0	0	0	0	0	0	0	0	0	0	0	0
0	23	3	0	0	0	14	0	14	6	0	0	0	0	2	0	0	27	0	0	2	0	0	0	27	22	0	7	0	12	0
0	0	0	0	0	0	0	0	0	0	0	0	0	0	0	0	0	0	0	0	0	1	0	0	0	0	0	0	0	4	0
0	0	0	0	0	0	0	0	0	0	0	0	0	0	0	0	0	0	0	0	1	0	0	0	0	0	0	0	0	0	0
19	10	74	16	43	0	4	36	0	99	0	66	0	0	36	0	16	13	0	39	8	0	29	9	5	17	0	0	18	0	0
0	0	0	0	0	0	5	8	7	0	0	0	0	20	2	3	0	0	12	0	0	2	0	0	0	0	0	0	0	0	6
0	1	1	0	0	0	0	0	0	0	0	0	0	0	0	0	0	0	0	0	0	0	0	0	0	0	0	0	1	0	2
0	0	0	0	0	0	0	0	0	0	0	0	4	0	0	0	0	0	0	0	9	0	0	0	0	0	2	0	0	8	0
1	0	0	0	0	0	0	0	0	0	0	0	0	0	0	0	0	0	0	0	0	0	0	0	0	0	0	0	0	0	0
0	0	0	4	0	0	0	0	0	4	0	0	0	0	0	0	0	0	0	0	4	0	0	0	5	0	0	0	2	0	0
0	0	1	0	6	0	0	0	0	8	0	0	0	0	0	0	0	0	0	0	0	0	2	0	2	0	0	0	0	0	0
0	0	0	0	0	21	2	0	1	0	0	3	0	2	0	0	0	0	0	0	0	0	0	0	0	0	0	0	0	0	0
0	6	0	0	0	0	0	0	0	0	0	0	0	0	0	0	0	0	0	0	0	0	0	0	0	0	0	0	0	0	0
0	0	0	0	0	0	0	0	0	0	0	0	0	23	0	0	0	0	0	2	0	73	0	0	0	0	0	0	0	0	8
0	20	0	0	0	0	3	0	9	0	0	0	0	0	0	0	0	17	0	0	2	0	0	0	9	21	0	0	0	4	0
0	7	0	0	0	0	15	0	2	0	0	0	0	0	0	0	0	9	0	0	0	0	0	0	10	6	0	8	0	2	0
0	0	0	0	0	0	0	0	0	0	0	0	0	0	0	0	0	0	0	0	0	2	0	0	0	0	0	0	0	0	0
0	0	0	0	0	0	4	0	0	0	0	0	0	0	0	0	0	0	0	0	0	2	0	0	0	0	2	0	0	0	0
3	2	0	0	0	0	9	0	8	4	0	0	0	0	0	0	2	3	0	0	0	0	0	0	2	7	0	4	2	5	0
0	1	0	0	0	0	4	0	6	0	0	0	0	0	0	0	0	5	0	0	0	0	0	0	0	1	0	2	0	3	0
0	0	0	0	0	0	0	0	0	0	0	0	0	0	1	0	0	0	0	0	0	1	0	0	0	0	0	0	0	0	0
0	0	0	0	0	0	0	0	0	0	6	0	0	0	0	0	0	0	0	0	0	0	0	0	0	0	0	0	0	0	0
0	0	0	3	0	0	0	0	0	0	0	0	0	0	0	0	0	0	0	0	0	0	0	0	0	0	0	0	5	0	0
0	0	0	0	0	0	0	0	0	0	0	0	0	0	0	0	0	0	0	0	7	0	0	0	0	0	0	0	0	0	0
45	0	0	0	0	0	0	0	0	0	0	0	0	0	0	0	0	0	0	0	0	0	0	0	0	0	0	0	0	0	0
0	0	0	0	0	0	0	0	0	0	0	0	0	0	4	0	0	0	0	0	0	0	4	0	0	0	0	0	2	0	4
0	0	0	0	0	0	0	0	10	0	0	0	0	0	0	0	0	0	0	0	0	0	0	0	0	0	0	0	0	0	0
0	0	0	0	0	0	0	0	2	0	0	0	0	3	0	0	0	0	0	0	0	0	0	0	0	0	0	0	4	0	6
0	2	0	0	0	0	0	0	0	0	0	0	0	0	0	0	0	0	0	0	0	0	0	0	0	0	0	0	3	0	0
0	0	0	0	6	17	2	0	0	0	0	0	0	13	0	4	0	1	20	0	0	49	1	0	8	0	0	2	0	2	42
0	0	0	0	0	0	0	0	0	0	0	0	0	0	0	0	0	0	0	0	0	12	0	0	0	0	0	0	0	0	0
0	0	0	0	0	0	0	0	0	0	0	5	0	0	0	0	0	0	0	0	0	0	0	0	0	0	0	0	0	0	0
7	13	19	0	0	0	4	0	4	32	0	21	0	0	0	0	0	23	0	8	0	0	0	3	6	11	0	0	6	7	0
0	0	0	0	0	0	0	0	0	0	0	0	0	0	0	0	0	0	0	0	0	0	0	0	6	0	0	0	0	0	0
0	9	0	0	0	0	11	0	0	0	0	0	0	0	0	0	0	11	0	0	0	0	0	0	4	2	0	0	0	1	2
0	0	0	0	0	0	0	0	0	0	0	0	0	0	0	0	0	0	0	0	0	0	0	0	0	0	2	0	0	0	0
0	0	0	0	0	0	0	0	0	0	0	0	0	0	0	0	0	0	0	0	0	0	0	0	0	0	0	2	0	0	0
0	2	5	0	28	0	0	28	0	3	0	18	0	0	19	0	16	0	0	2	10	0	37	0	0	0	0	0	0	0	0
0	0	0	0	6	0	0	2	0	0	0	0	0	0	0	0	6	0	0	0	0	0	5	0	0	0	0	0	0	0	0
0	0	0	0	0	0	0	0	0	0	0	0	19	0	0	0	0	0	0	0	0	0	0	0	0	0	0	0	0	0	0
0	0	0	0	0	0	0	0	0	0	0	0	0	2	0	0	0	0	0	2	0	0	0	0	0	0	0	0	0	0	0
0	0	0	0	0	5	0	0	0	0	0	0	0	0	0	0	0	0	0	0	0	0	0	0	0	0	0	0	0	0	0
0	0	0	2	0	0	0	0	0	0	0	0	0	0	0	0	0	0	0	0	0	0	0	0	0	0	0	0	0	0	0
0	184	0	0	0	0	137	0	94	0	0	0	0	0	0	0	0	143	0	0	0	0	0	0	46	176	0	39	0	33	0
7	0	0	0	0	0	0	0	0	0	0	0	0	0	0	0	0	0	0	0	0	0	0	0	0	0	0	0	0	0	0
0	0	0	0	0	0	0	0	0	0	0	0	0	0	0	0	0	0	0	0	0	0	0	0	0	0	2	0	0	0	0
0	0	0	0	0	0	0	0	5	2	0	0	0	0	0	0	0	0	0	0	0	0	0	0	0	0	0	0	0	0	0
0	4	0	0	0	0	6	0	2	0	0	0	0	0	0	0	0	2	0	0	0	0	0	0	0	4	0	0	0	0	0
4	0	0	0	0	0	0	3	0	4	0	0	0	0	2	0	1	0	0	0	3	4	0	0	0	0	0	0	3	0	0
0	0	0	0	137	0	0	111	0	0	0	0	0	0	58	0	73	0	0	0	19	0	111	0	0	0	0	0	0	0	0
0	0	0	0	0	6	0	0	0	0	0	0	0	3	0	0	0	0	0	0	0	0	0	0	0	0	0	0	0	0	0
0	0	0	0	2	0	0	0	0	0	0	0	0	0	0	0	0	0	0	0	0	0	0	0	0	0	0	0	0	16	0
0	0	0	0	0	0	0	0	0	0	0	0	0	0	0	0	0	0	0	0	0	0	0	0	0	0	13	0	0	0	0
0	0	0	0	0	0	0	0	0	0	0	0	0	0	0	0	0	0	0	0	0	0	0	0	2	0	0	0	0	0	0
2	0	0	0	3	0	0	0	0	0	0	0	0	0	0	0	0	0	0	0	0	0	0	3	0	0	0	0	4	2	0
0	0	0	0	0	0	0	0	0	0	0	0	0	0	0	0	0	4	0	0	0	0	0	0	0	0	0	0	0	6	0
0	0	0	0	0	5	0	0	0	0	0	0	0	8	0	0	0	0	2	0	0	0	0	0	0	0	0	0	0	0	0
0	0	0	0	0	0	0	0	0	0	0	0	0	0	2	0	0	0	0	0	0	0	0	0	0	0	0	0	0	0	0
0	13	0	0	0	0	15	0	3	0	0	0	0	0	0	0	0	21	0	0	0	0	0	0	10	22	0	9	0	4	0
0	0	0	0	0	0	0	0	0	0	0	0	0	2	0	0	0	0	4	0	0	0	0	0	0	0	0	0	0	0	0
0	0	0	0	0	0	0	0	0	0	0	0	0	0	0	0	0	0	0	2	0	0	0	0	0	0	0	0	3	0	0
2	0	0	0	0	4	0	0	0	0	0	2	0	7	4	0	0	0	0	0	0	0	0	0	0	0	0	0	0	0	5
0	0	0	0	0	0	0	0	0	0	0	0	8	0	5	0	0	0	0	0	0	3	5	4	4	0	0	0	0	0	0
0	0	0	0	0	5	0	0	0	0	0	0	0	5	0	0	0	0	5	0	0	0	0	3	0	0	0	0	0	0	1
0	0	1	0	0	0	0	0	0	1	0	0	0	0	0	0	0	0	0	3	0	0	0	0	0	0	0	0	2	0	0
0	0	0	0	39	0	9	21	9	0	0	0	3	0	42	0	0	10	2	0	18	0	25	0	0	5	0	0	0	0	0
0	0	0	0	0	0	2	0	0	0	0	0	0	0	0	0	0	0	2	0	0	0	0	0	0	3	0	0	0	0	0
13	15	4	0	0	0	4	0	17	2	0	0	0	0	0	0	0	10	0	0	0	0	0	7	6	5	0	4	2	13	0
0	0	0	6	0	2	0	0	4	0	0	0	0	0	0	0	0	0	3	0	0	0	0	4	0	0	0	4	2	0	0
8	0	0	0	0	0	0	0	0	0	0	0	0	0	0	0	0	0	0	0	0	0	0	4	0	0	0	0	0	0	0
0	0	0	0	0	0	0	0	11	0	0	0	0	0	0	0	0	0	0	0	0	0	0	0	26	0	0	2	0	0	0
0	0	0	0	0	0	0	0	0	0	0	0	0	0	0	0	0	0	0	0	0	0	0	0	0	0	0	0	0	3	0
0	0	0	0	0	0	0	0	0	0	0	0	0	0	0	0	0	0	0	0	12	0	0	0	0	0	0	0	0	0	0
0	0	2	0	0	0	0	0	0	0	0	0	0	0	0	0	0	0	0	0	0	0	0	0	0	0	0	0	0	0	0
0	0	0	0	0	3	0	0	0	0	0	0	0	3	0	0	0	0	1	0	0	2	0	0	0	0	0	0	0	0	11
0	0	0	0	0	0	0	0	0	0	0	0	0	0	0	0	0	0	0	0	0	5	0	0	0	0	0	0	0	0	0
0	0	3	0	3	0	0	3	0	0	0	0	0	0	0	0	0	0	0	2	0	0	4	0	0	0	0	0	2	0	0
0	0	0	0	13	0	0	10	0	1	0	0	2	0	8	0	8	0	0	0	3	0	10	0	0	0	0	0	2	0	0
0	10	0	0	0	0	10	0	0	0	0	0	0	0	0	0	0	5	0	0	0	0	0	0	8	8	0	10	0	28	0
3	4	0	0	0	0	6	0	2	3	0	0	0	0	0	0	0	0	0	0	0	0	0	4	0	3	0	0	0	0	0
0	7	0	0	0	0	0	0	6	0	0	2	0	0	0	0	0	0	0	0	0	0	0	2	0	2	0	0	0	0	0
0	0	0	0	0	0	0	0	0	0	0	0	0	0	0	0	0	0	3	0	0	0	0	0	0	0	0	0	0	0	0
0	0	0	0	0	3	0	0	0	0	0	0	0	3	0	0	0	0	4	0	0	0	0	0	0	0	0	0	0	0	0
4	0	3	0	2	0	0	0	0	0	0	0	0	0	0	0	0	0	0	0	0	0	2	0	0	0	0	0	1	0	0
0	0	0	0	0	0	0	0	0	0	0	0	0	0	0	0	0	0	0	0	0	1	1	0	0	0	0	0	0	0	0
2	2	13	5	18	0	0	17	0	9	0	34	0	0	19	0	19	0	0	10	12	0	25	0	0	0	0	0	0	0	0
0	0	0	0	2	0	0	2	0	0	0	0	0	0	6	0	0	0	0	0	0	0	0	0	0	0	0	0	0	0	0
0	0	0	0	0	0	0	0	0	0	0	0	0	0	0	0	0	0	3	0	0	0	0	0	0	0	0	4	0	0	0
0	0	0	0	0	0	0	0	0	0	0	0	0	0	0	0	0	0	0	0	0	0	0	0	6	0	0	0	0	0	0
0	2	0	0	0	0	0	2	0	0	0	0	0	0	0	0	0	0	0	0	0	0	0	0	3	7	0	0	0	0	0
5	14	3	3	0	0	9	0	6	3	0	2	0	0	2	0	0	17	0	0	0	0	2	0	6	16	0	0	4	5	0
0	3	0	0	0	0	0	0	2	0	0	0	0	0	0	0	0	2	0	0	0	0	0	0	2	2	0	2	0	0	0
0	0	0	0	0	0	0	3	0	0	0	0	0	0	2	0	0	0	0	0	0	0	0	0	0	0	0	0	0	0	0
1	3	4	0	8	0	0	9	0	0	0	5	0	0	7	0	10	0	0	0	0	0	2	0	0	0	0	0	0	0	0
0	0	0	0	2	0	0	5	0	3	0	3	7	0	12	0	4	0	0	1	0	0	5	4	0	0	0	6	0	2	0
0	1	0	0	0	4	0	0	0	0	0	0	0	2	0	0	0	0	0	0	0	0	0	0	0	0	0	0	0	0	0
0	0	0	0	0	0	2	0	0	0	0	0	0	0	0	0	0	0	0	0	0	0	0	0	0	0	0	0	0	0	0
3	0	0	0	0	0	0	0	0	0	0	0	0	0	2	0	0	0	0	0	0	9	0	2	0	0	0	0	7	0	0
0	0	2	0	0	0	0	0	0	0	0	0	0	0	0	0	0	0	0	0	0	0	0	0	0	0	0	0	0	0	0
2	0	0	0	0	0	0	0	0	0	0	0	0	3	0	0	0	0	6	0	0	0	0	0	0	0	0	0	0	0	2
0	0	0	0	0	0	0	0	0	0	0	0	0	3	0	0	0	0	2	0	0	2	0	0	0	0	0	0	0	0	0
0	0	0	0	0	0	0	0	0	0	0	0	0	0	0	0	0	3	0	0	0	0	0	0	0	0	0	0	3	0	0
0	9	0	0	0	0	12	0	21	0	0	0	0	3	0	0	0	12	0	2	0	4	0	0	2	15	0	0	0	7	0
4	0	0	0	0	0	0	8	0	0	0	2	0	0	2	0	2	0	0	0	0	0	3	0	0	0	0	0	0	0	0
6	0	6	0	0	0	0	0	0	6	0	3	0	0	0	0	0	0	0	2	0	0	0	2	0	0	0	0	2	0	0
2	0	2	0	0	0	0	0	0	0	0	0	0	0	0	0	0	0	0	0	0	0	0	0	0	0	0	0	0	0	0
0	0	0	0	2	0	0	0	2	0	0	0	0	0	0	0	0	0	3	0	0	0	2	0	0	0	0	0	0	4	3
0	3	0	0	0	0	0	0	0	0	0	0	0	0	0	0	0	3	0	0	0	0	0	0	0	0	0	0	0	0	0
0	0	0	0	0	0	0	3	0	2	0	0	0	0	3	0	2	0	0	0	0	0	0	0	0	0	0	0	0	0	0
0	0	0	0	0	0	0	0	0	0	0	0	0	19	0	0	0	0	7	0	0	0	0	0	0	0	0	0	0	4	4
0	0	0	36	0	0	0	0	0	0	0	0	2	0	0	0	20	0	0	0	20	0	0	0	0	0	0	0	187	0	0
2	0	0	0	0	0	0	0	0	0	0	0	0	0	0	0	0	2	0	0	0	0	0	0	5	2	0	0	0	0	0
5	0	0	2	2	0	0	0	0	0	0	0	0	0	0	0	0	0	0	0	0	0	0	0	0	0	0	0	2	0	0
0	0	0	0	0	0	0	2	0	0	0	0	0	0	0	0	0	0	0	0	12	0	0	0	0	0	0	0	0	0	0
0	0	0	0	0	0	0	0	0	0	0	0	0	0	0	0	0	0	0	0	0	0	2	0	0	0	0	0	0	0	0
0	98	0	0	2	0	105	3	68	2	0	0	0	0	0	0	0	135	2	0	10	2	2	2	70	107	0	29	3	36	2
0	0	8	0	0	0	0	0	0	12	0	4	0	0	4	0	0	0	0	3	0	0	0	0	0	2	0	0	3	0	0
0	0	0	0	0	5	0	0	0	0	0	0	0	0	0	0	0	0	0	0	0	0	0	0	0	0	0	0	0	0	0
0	3	0	0	0	0	0	2	0	0	0	0	0	0	0	0	0	0	0	0	0	0	0	0	0	2	0	0	0	2	0
0	0	0	0	0	0	0	0	0	0	0	0	0	0	0	0	0	0	0	2	0	0	0	0	0	0	0	0	0	0	0
0	3	0	0	0	5	0	0	0	0	0	2	0	2	0	0	0	0	0	0	0	0	0	0	0	0	0	3	0	3	0
0	0	0	0	0	3	0	0	4	0	0	0	0	0	0	0	0	0	2	0	0	0	0	0	0	0	0	0	0	0	0
0	0	0	0	0	0	0	0	3	0	0	0	0	0	0	0	0	0	0	0	0	0	0	0	0	0	0	0	0	0	3
0	0	0	0	12	0	0	8	0	0	0	0	10	3	5	0	0	1	0	0	1	0	5	0	0	0	9	0	0	0	0
21	0	0	2	0	0	0	0	0	0	15	0	0	0	0	0	0	0	4	0	0	2	0	11	0	0	0	0	3	0	0
0	3	0	0	0	0	2	0	3	0	0	0	0	0	0	0	0	0	0	0	0	0	0	0	3	3	0	0	0	0	0
0	0	0	0	0	0	0	0	0	0	0	0	0	2	0	0	0	0	0	0	0	0	0	0	0	0	0	0	0	0	0
0	0	0	0	0	0	0	0	0	0	0	1	0	0	0	0	0	0	0	0	0	0	0	0	0	0	0	0	0	0	0
0	3	0	0	0	0	2	0	0	0	0	0	0	0	0	0	0	0	0	0	0	0	0	0	0	0	0	6	0	0	0
0	0	0	0	0	0	0	0	0	0	0	0	0	0	0	0	0	0	0	0	0	0	0	0	0	0	0	0	0	0	2
0	51	0	0	0	0	34	0	75	2	0	0	0	0	0	0	0	51	0	0	0	0	0	0	36	59	0	31	0	4	0
4	0	2	7	19	0	0	9	0	4	0	0	0	0	11	0	7	2	0	0	22	0	17	0	0	2	0	0	16	0	0
0	3	0	9	0	0	3	0	3	0	0	0	0	0	0	0	0	8	0	0	0	0	0	0	4	3	0	0	3	0	0
0	0	0	0	0	0	0	4	1	0	0	0	0	0	0	0	0	0	0	0	0	0	2	0	0	0	0	0	0	0	0
0	0	0	0	0	0	0	0	0	0	0	0	0	3	0	0	0	0	0	0	0	1	0	0	0	0	0	0	0	0	3
0	0	0	0	0	9	0	0	0	0	0	0	0	11	0	0	0	0	13	0	0	3	0	0	0	0	0	0	2	0	12
0	0	0	0	0	0	0	3	0	0	0	3	0	0	0	0	0	0	0	0	0	0	0	0	0	0	0	0	0	0	0
0	0	0	0	0	0	0	0	0	0	0	0	0	0	0	0	0	0	0	0	10	0	0	0	0	0	0	0	2	0	0
0	0	0	0	0	0	0	2	2	0	0	0	0	0	2	0	0	0	0	0	0	0	2	0	0	0	0	0	0	0	0
0	17	0	0	0	0	0	0	0	0	0	0	0	0	0	0	0	0	0	0	0	0	0	0	0	0	0	0	0	0	0
0	0	0	0	0	0	0	0	0	0	0	0	0	0	2	0	0	0	0	0	0	0	0	0	0	0	0	0	0	0	4
3	22	0	6	0	0	10	0	9	2	0	0	0	0	0	0	0	21	0	0	3	0	0	4	12	31	0	8	3	22	0
0	0	0	0	2	0	0	0	0	0	0	0	0	0	0	0	0	0	0	0	0	0	0	0	0	0	0	0	0	0	4
0	0	0	0	7	0	0	0	0	0	0	0	0	0	0	0	0	0	0	0	0	0	3	0	0	0	0	0	0	0	0
0	0	0	0	0	5	0	0	0	0	0	0	0	0	0	0	0	0	12	0	0	0	0	0	0	0	0	3	0	0	0
0	8	0	0	0	0	0	0	3	0	0	0	0	0	0	0	0	2	0	0	0	0	0	0	0	5	0	0	0	8	0
0	0	0	0	0	0	0	0	0	0	0	0	0	0	2	0	0	0	0	0	0	0	0	0	0	0	0	0	10	0	0
0	0	0	0	0	0	0	0	0	0	0	0	0	0	0	0	0	0	0	0	0	0	0	0	1	0	0	0	0	0	0
0	0	0	0	0	0	0	0	0	0	0	11	0	0	0	0	0	0	0	0	0	0	0	0	0	0	0	0	0	0	0
7	0	0	0	0	0	0	0	0	0	2	5	0	0	0	0	0	0	0	0	0	0	0	2	0	0	0	2	0	0	0
0	0	0	0	0	0	0	7	0	0	0	0	0	0	0	0	2	0	0	0	0	0	0	0	0	0	0	0	32	0	0
0	0	0	0	0	0	0	0	0	0	11	0	0	0	0	2	0	0	0	0	0	0	0	0	0	0	2	0	0	0	0
0	0	0	0	3	0	0	7	0	2	0	0	0	0	0	0	4	2	0	0	0	0	0	0	0	0	0	0	0	0	2
0	0	0	0	4	0	0	8	0	0	0	0	0	0	0	0	0	0	0	0	0	0	0	0	0	0	0	0	0	0	0
0	3	0	0	0	0	2	0	0	0	0	0	0	0	0	0	0	9	0	0	0	0	0	0	0	4	0	0	0	0	0
0	0	0	0	2	0	0	0	0	0	0	0	0	0	2	0	3	0	0	0	0	0	0	0	0	0	0	0	0	0	0
0	0	0	0	0	0	0	0	3	0	0	0	0	0	0	0	0	0	0	0	0	0	0	0	0	0	0	0	0	0	0
0	0	5	0	12	2	0	11	0	4	0	0	0	0	4	0	6	0	0	0	0	0	7	0	0	0	0	0	0	0	0
0	0	2	0	0	0	0	2	0	4	0	3	0	0	0	0	0	5	0	0	0	0	0	0	0	3	0	2	0	2	0
0	0	0	0	0	3	0	0	0	0	0	0	0	0	0	0	0	0	0	0	0	0	0	0	0	0	2	0	0	0	0
0	0	0	0	0	0	0	0	0	0	0	0	0	0	0	0	0	0	0	0	0	0	0	0	5	0	0	0	0	1	0
0	0	0	0	0	0	0	0	0	0	0	0	0	0	0	0	0	0	0	0	0	0	0	0	0	0	0	0	0	2	0
0	0	0	0	0	0	0	0	0	0	0	4	0	0	0	0	0	0	0	0	0	0	0	0	0	0	0	0	0	0	0
0	0	8	0	0	0	0	0	0	0	0	0	0	0	2	0	0	0	0	4	0	0	0	3	0	0	0	0	0	0	6
0	0	0	2	2	0	0	2	0	0	0	0	0	0	0	0	3	0	0	0	0	0	0	0	0	0	0	0	4	0	0
2	0	0	0	2	0	0	4	0	0	0	0	0	0	4	0	0	0	0	0	0	0	4	0	0	0	0	0	0	0	0
0	0	0	3	0	0	0	0	0	2	0	4	0	0	0	0	0	0	0	0	0	0	0	0	1	0	0	0	1	0	0
0	0	0	0	0	0	0	2	0	0	0	0	0	0	0	0	0	0	0	0	0	0	0	0	0	0	0	0	8	0	0
0	0	0	0	0	0	0	0	0	0	0	0	0	0	0	0	0	0	0	0	0	0	0	0	4	0	0	0	0	0	0
2	12	2	0	0	0	8	2	3	0	0	0	0	0	5	0	0	12	0	0	3	0	0	0	9	13	0	3	0	8	0
0	2	0	0	3	0	3	0	1	0	0	0	0	2	0	0	0	4	0	0	0	5	0	2	0	1	0	0	0	3	2
0	0	0	0	0	1	0	0	0	0	0	0	0	0	0	0	0	0	0	0	0	0	0	0	0	0	5	0	0	0	0
0	0	0	2	0	2	0	2	0	0	0	0	0	2	0	0	0	0	0	0	0	0	0	0	0	0	0	0	0	0	2
0	0	0	0	0	0	0	0	0	0	0	0	0	3	0	0	0	0	2	0	0	0	0	0	0	0	0	0	0	0	0
0	0	0	0	0	0	0	0	0	0	0	0	0	1	0	0	0	0	0	0	0	0	0	0	0	0	0	0	0	0	0
8	2	7	21	49	0	0	31	0	8	0	6	5	0	47	0	44	0	0	5	27	0	53	6	0	2	0	0	6	0	0
0	0	0	0	0	0	0	0	0	0	0	0	0	0	0	2	0	0	0	0	0	0	0	0	0	0	0	0	0	0	0
20	7	10	0	12	378	26	13	10	11	5	13	0	5	16	45	10	19	20	7	50	45	17	20	11	4	7	6	7	28	7
0	0	0	0	0	1	0	0	0	0	0	0	0	0	0	0	0	2	0	0	1	0	0	0	0	1	0	0	0	0	0
5	0	0	0	0	4	0	0	5	0	0	0	0	0	0	0	0	0	0	0	0	0	0	0	0	0	0	0	0	0	0
0	0	0	0	0	2	0	0	0	0	0	0	0	0	0	0	0	0	0	0	0	0	0	0	0	0	0	0	0	0	0
0	0	0	0	0	0	0	0	2	0	0	0	0	0	0	0	0	0	0	0	0	0	0	0	0	0	0	0	0	0	0
0	0	0	0	0	0	0	0	0	0	0	3	0	4	0	0	0	0	5	0	0	5	0	0	0	0	0	0	0	0	2
0	0	0	0	0	0	0	0	0	0	0	0	0	0	0	0	0	0	2	0	0	0	0	0	0	0	0	0	0	21	0
0	0	0	0	0	0	0	0	0	0	0	0	0	11	0	0	0	0	6	0	0	0	0	0	0	0	15	0	0	0	0
0	0	0	0	0	0	0	0	9	0	0	0	0	0	0	0	0	0	0	0	0	0	0	0	0	2	0	0	0	3	0
0	10	0	0	0	0	8	0	0	0	0	0	0	0	0	0	0	13	0	0	0	0	0	0	0	12	0	7	0	3	0
0	0	0	0	0	0	0	0	0	0	0	0	0	0	0	0	4	0	0	0	2	0	0	0	0	0	0	0	0	0	0
0	0	0	2	0	0	0	0	0	0	0	0	0	0	0	0	0	0	0	0	0	0	0	0	0	0	0	0	15	0	0
0	23	0	0	0	0	9	0	5	0	0	0	0	0	0	0	0	24	0	0	3	0	2	0	10	23	0	2	0	1	0
0	0	0	0	3	0	0	3	0	0	0	0	0	2	3	0	0	0	0	0	0	3	0	0	0	0	0	0	0	0	0
0	0	0	0	0	0	0	0	0	0	0	0	0	0	0	0	0	0	0	0	0	0	0	0	0	0	0	11	0	0	0
0	0	0	0	0	0	0	0	0	0	0	4	0	0	0	0	0	0	0	0	0	0	0	0	8	0	0	0	2	0	0
0	0	0	0	0	0	0	0	0	0	0	0	0	0	0	0	0	0	0	0	0	0	0	0	0	0	0	0	0	10	0
0	0	2	0	2	0	0	0	0	0	0	0	0	0	0	0	0	0	0	0	0	0	2	3	0	0	0	3	0	0	0
0	0	0	0	0	4	0	0	0	0	0	0	0	0	0	0	0	0	0	0	0	0	0	0	0	0	0	0	0	0	0
11	4	0	0	0	0	9	0	0	0	0	0	0	0	0	0	0	7	0	0	0	0	0	0	3	3	0	8	0	2	0
0	0	0	0	0	0	0	0	0	0	0	0	0	0	0	0	0	0	0	0	0	0	0	0	0	2	0	0	0	0	0
0	0	0	0	0	0	0	0	0	0	0	0	0	0	0	0	0	0	0	0	0	0	0	0	0	0	5	0	0	0	0
0	0	0	0	0	0	0	0	0	0	0	0	0	0	0	0	0	0	0	0	0	4	0	0	0	0	0	0	0	0	0
0	0	0	0	3	0	0	8	0	0	0	0	0	0	7	0	5	0	0	0	4	0	7	0	0	0	0	0	0	0	0
13	45	33	29	24	0	36	13	23	43	0	56	0	0	19	0	18	45	0	31	8	0	11	18	19	41	0	5	45	15	0
0	0	0	0	0	14	0	0	0	0	0	0	0	0	0	0	0	0	0	0	0	0	0	0	0	0	0	0	0	0	0
0	5	0	0	0	0	2	0	0	0	0	0	0	0	0	0	2	0	0	0	12	0	0	0	0	0	0	0	0	9	0
5	31	0	0	7	0	30	7	10	3	0	0	0	0	0	0	3	67	0	0	15	0	0	2	43	50	0	28	0	33	0
0	0	0	0	0	0	0	0	0	0	0	0	0	1	0	0	0	0	0	0	0	1	0	0	0	0	0	0	0	0	0
0	0	0	0	8	0	0	0	0	0	0	0	0	0	0	0	4	0	0	0	18	10	0	0	0	0	0	0	0	0	0
0	0	0	0	0	0	0	0	0	0	0	0	0	0	0	0	4	0	0	0	0	0	2	0	2	0	0	0	0	0	0
0	0	0	0	0	0	0	0	0	0	0	0	0	0	0	0	0	1	0	0	0	0	0	0	1	0	0	5	0	0	0
0	34	0	0	2	0	27	4	31	5	0	2	0	0	0	0	0	55	0	0	17	0	2	0	45	72	0	24	0	41	0
0	0	0	0	0	0	0	0	0	0	0	0	0	0	0	0	0	0	0	0	0	0	0	0	0	0	0	0	0	0	2
0	0	0	1	3	0	4	0	4	0	0	3	0	0	0	0	0	0	0	0	0	0	0	0	0	0	0	4	9	3	0
0	0	0	0	0	0	0	4	0	0	0	0	0	0	0	0	2	0	0	0	0	0	3	0	0	0	0	0	0	0	0
13	27	14	4	13	114	30	0	32	20	3	27	0	109	11	6	0	17	98	11	0	20	13	23	12	18	6	6	10	13	22
0	6	2	0	4	43	4	0	215	3	0	25	45	0	0	2	9	2	0	3	9	0	0	9	121	5	0	52	3	64	0
0	2	0	0	0	0	2	0	0	0	0	0	0	0	0	0	0	0	0	0	0	0	0	0	4	0	0	0	0	0	0
0	0	0	0	0	0	0	0	0	0	0	0	0	0	0	0	0	0	2	0	0	0	0	0	0	0	0	0	0	0	0
2	0	0	0	9	0	0	4	0	3	0	0	0	0	5	0	3	0	0	0	2	0	0	0	0	0	0	0	0	0	0
0	0	0	0	0	0	0	0	0	0	0	0	0	0	0	0	0	3	0	0	0	0	0	0	0	0	0	0	0	8	0
0	0	0	0	0	0	0	0	0	0	0	0	0	0	3	0	0	0	0	0	0	0	0	56	0	0	0	0	0	0	0
0	0	0	0	0	0	0	0	0	0	0	0	0	0	0	0	0	0	2	0	0	0	0	0	0	0	0	0	0	0	0
0	0	0	0	0	0	0	0	0	0	0	0	0	0	0	0	0	0	0	0	0	7	0	0	0	0	0	0	0	0	0
0	0	0	0	0	0	0	0	0	0	0	0	0	2	0	0	0	0	0	0	0	0	0	0	0	0	0	0	0	0	0
0	0	0	0	0	0	0	0	0	0	0	0	0	0	0	0	0	2	0	0	0	0	0	0	0	0	0	0	0	0	0
0	0	0	0	2	0	0	0	0	0	0	0	0	0	0	0	0	0	0	0	0	0	0	0	0	0	0	0	0	0	0
0	0	0	0	0	0	0	0	0	0	0	0	0	0	0	0	0	0	0	0	0	0	0	0	0	0	0	0	0	9	0
0	9	0	2	0	1	4	0	0	0	9	0	0	7	0	0	0	2	4	0	0	6	0	4	0	4	0	0	0	0	2
0	0	0	0	2	0	0	0	0	0	0	2	0	0	0	0	0	0	0	0	0	0	0	4	0	0	0	0	4	0	0
0	0	0	2	0	7	0	0	2	0	0	0	0	11	0	0	0	0	11	0	0	4	0	0	0	0	0	2	3	0	0
0	0	0	0	7	0	0	12	0	5	0	3	0	0	8	0	5	0	0	0	10	0	8	4	0	0	0	0	0	0	0
0	0	0	0	0	0	0	0	0	0	0	0	0	0	2	0	0	0	0	0	0	0	0	0	0	0	0	0	0	0	0
0	0	0	0	0	0	2	0	0	4	0	0	0	0	0	0	0	1	0	0	0	0	2	3	0	0	0	0	0	0	0
0	0	0	0	0	0	0	4	0	0	0	0	0	0	0	0	0	0	0	0	0	0	0	0	0	0	0	0	0	0	0
0	0	0	0	0	0	0	2	0	0	0	0	0	0	0	0	0	0	0	0	0	0	3	0	0	0	0	0	0	0	0
0	0	0	0	0	0	0	0	0	0	0	1	0	0	0	0	0	0	4	0	0	0	0	0	0	0	0	0	0	0	0
0	6	0	0	0	0	0	0	0	0	0	0	0	0	0	0	0	0	0	0	2	0	0	0	0	0	0	0	0	6	0
0	0	0	0	0	4	0	0	0	0	0	0	0	3	0	0	0	0	0	0	0	0	0	0	0	0	0	0	0	0	0
2	2	0	0	0	3	0	0	0	0	0	0	0	3	0	0	0	0	0	0	0	0	0	0	0	0	0	0	0	0	0
0	3	0	0	0	0	0	0	4	0	0	0	0	0	0	0	0	0	0	0	4	0	0	0	0	0	0	0	0	0	0
3	2	3	0	0	2	3	0	0	4	0	2	0	20	0	0	0	1	21	0	0	10	4	0	1	1	0	0	0	0	8
0	24	0	0	0	0	22	0	14	0	0	0	0	0	0	0	0	13	0	0	2	0	0	0	7	6	0	4	0	11	0
2	0	5	0	0	0	0	0	0	13	0	0	0	0	0	0	0	0	0	6	0	0	0	7	0	0	0	0	0	0	0
0	0	0	2	2	0	0	0	0	0	0	0	0	0	1	0	0	0	0	0	0	0	3	0	0	0	0	0	0	2	0
0	0	0	0	0	0	0	0	0	0	0	0	0	0	0	0	0	0	0	0	0	0	0	0	15	0	0	0	0	0	0
0	11	0	0	0	0	24	0	13	0	0	0	0	0	0	0	0	11	0	0	0	0	0	0	27	8	0	7	0	11	0
0	0	2	0	0	0	0	0	0	0	0	3	0	0	0	0	0	0	0	0	0	0	0	0	2	0	0	0	4	0	0
0	5	0	0	0	0	3	0	0	0	0	0	0	0	0	0	0	2	0	0	0	0	0	0	0	5	0	0	0	2	0
2	0	0	0	0	5	0	0	0	0	0	0	0	0	0	0	0	0	3	0	0	3	0	0	0	0	0	0	0	0	0
2	0	0	0	0	0	0	0	0	0	0	0	0	0	0	0	0	0	0	0	0	0	0	0	0	0	0	0	3	0	0
0	6	0	2	0	0	10	0	4	0	0	0	0	0	0	0	0	17	0	2	0	0	0	0	10	18	0	3	2	0	0
0	0	0	0	0	0	0	0	3	0	0	0	0	0	0	0	0	0	0	0	0	0	0	0	0	0	0	0	0	0	0
0	0	2	0	4	0	0	2	0	2	0	0	0	0	0	0	0	0	0	0	0	0	0	0	0	0	0	0	3	0	0
0	0	0	0	0	0	0	0	0	0	0	0	0	0	0	0	0	0	0	0	0	0	0	0	0	0	4	0	0	0	0
4	0	0	0	0	0	0	0	0	0	0	0	0	0	0	0	0	0	0	0	0	0	0	0	0	0	0	0	0	0	0
0	0	0	0	0	0	0	0	0	0	0	0	0	0	0	0	0	0	0	0	0	0	0	0	0	0	0	3	0	0	0
0	0	0	0	1	0	0	0	0	0	0	0	0	0	0	0	0	0	0	0	0	0	0	0	0	0	0	0	0	0	0
0	0	0	0	0	0	0	0	0	0	0	0	0	5	0	0	0	0	2	0	0	0	0	0	0	0	0	0	0	0	1
0	0	0	2	0	0	0	1	0	0	0	0	0	0	0	0	0	0	0	0	0	0	0	0	0	0	8	0	0	0	0
0	0	0	0	0	0	2	0	0	0	1	0	0	1	0	0	0	0	0	0	0	0	0	0	0	0	0	0	0	0	0
0	0	0	0	0	0	2	0	4	0	0	0	0	0	0	0	0	1	0	0	0	0	0	0	0	2	0	0	0	3	0
0	3	0	0	0	0	14	0	3	0	0	0	0	0	0	0	0	3	0	0	0	0	0	0	3	0	0	2	0	7	0
35	43	20	201	41	0	20	18	17	26	0	13	0	0	22	0	30	35	0	7	38	0	28	43	26	59	0	5	65	26	0
0	0	0	0	0	0	0	0	0	0	0	4	0	0	0	0	0	0	3	0	0	0	0	0	0	0	0	0	0	0	0
0	0	0	0	0	0	0	0	0	0	0	0	0	0	0	0	0	0	0	0	0	0	0	0	0	0	0	0	0	0	2
0	0	1	0	0	0	0	3	0	0	0	1	0	0	2	0	0	0	0	2	0	0	0	1	0	0	0	0	2	0	0
0	0	0	0	0	0	0	0	0	0	0	1	0	0	0	0	0	1	0	0	0	9	1	0	0	0	0	1	0	0	0
0	0	0	0	0	0	0	0	0	0	0	0	0	0	0	0	0	0	0	0	0	0	0	0	0	0	0	0	12	0	0
0	0	0	0	0	0	0	0	0	0	0	0	0	0	0	0	0	0	0	2	0	0	0	0	0	0	0	0	0	0	0
0	0	0	0	12	0	0	3	0	0	0	0	0	0	0	0	2	0	0	0	0	0	5	0	0	0	0	0	0	0	0
3	0	0	0	0	2	0	0	10	0	0	0	0	6	0	0	0	3	2	0	0	0	2	0	0	0	0	0	7	4	3
0	8	2	4	0	0	14	2	4	4	0	0	0	0	0	0	0	15	7	0	11	0	3	10	8	12	5	2	3	4	2
4	0	0	3	2	0	0	4	0	0	0	0	2	0	0	0	0	0	0	0	2	0	3	2	0	0	0	0	1	0	0
4	3	7	7	34	0	0	42	2	7	0	3	0	2	73	0	33	7	6	3	5	3	60	1	2	4	0	4	3	0	0
0	0	0	0	0	0	0	2	0	0	0	0	0	0	0	0	0	0	0	0	0	0	0	0	0	0	0	0	0	0	0
0	4	0	0	0	0	3	0	0	0	0	0	0	0	0	0	0	3	0	0	0	0	0	0	0	0	0	8	0	0	0
0	0	0	0	0	0	4	0	2	0	0	0	0	0	0	0	0	4	0	0	0	0	0	0	0	4	0	0	0	0	0
0	0	0	0	0	0	0	0	0	0	0	0	0	0	0	0	0	0	26	0	0	0	0	0	0	0	2	0	0	0	0
2	5	3	7	0	0	3	2	0	3	0	4	0	0	0	0	0	4	0	0	3	0	0	2	0	6	0	4	8	0	0
19	0	57	46	43	0	0	28	4	61	0	31	0	0	22	0	40	5	0	25	29	0	36	15	6	3	0	0	25	0	0
0	0	0	0	0	0	0	0	0	0	0	0	0	0	0	0	0	0	0	0	0	0	0	0	3	0	0	6	0	4	0
0	0	0	0	0	0	0	0	0	0	0	0	0	0	0	0	2	0	0	0	0	0	0	0	0	0	0	0	0	0	0
0	0	0	0	0	0	0	0	0	0	0	0	0	0	0	0	0	0	0	0	0	0	0	0	10	0	0	0	0	0	0
0	0	3	1	0	0	0	2	0	0	0	0	0	0	2	0	0	0	0	0	0	0	2	0	0	0	0	0	4	0	0
4	26	10	4	8	0	11	0	9	22	0	11	0	0	7	0	6	9	0	9	0	0	1	14	12	15	0	3	20	19	0
0	0	0	0	0	0	0	0	0	0	0	0	0	0	0	0	0	0	0	0	0	0	0	0	0	0	0	0	0	3	0
0	0	0	0	0	0	0	0	0	0	0	0	0	0	0	0	2	0	0	0	0	0	0	0	0	0	0	0	0	0	0
1	0	0	0	0	7	0	0	0	0	0	0	0	0	0	0	0	0	4	3	0	11	0	2	0	0	3	0	0	0	0
0	0	0	0	0	0	0	0	0	0	0	0	0	0	0	0	0	0	0	0	0	0	0	0	19	0	0	4	0	0	0
3	0	0	14	6	0	0	17	0	2	0	4	3	0	19	0	24	0	0	0	18	0	12	0	0	0	0	0	7	0	0
0	0	0	0	2	0	0	3	0	0	0	0	0	0	0	0	0	0	0	0	0	0	0	0	0	0	0	0	0	0	0
2	0	2	0	0	0	0	0	0	0	0	3	0	0	0	0	0	0	0	4	0	0	0	10	0	0	0	0	0	0	0
0	0	0	0	0	0	0	4	0	0	0	0	0	0	0	0	0	0	0	0	0	0	0	0	0	0	0	0	0	0	0
0	0	0	0	0	2	0	0	0	0	0	0	0	0	0	0	0	0	0	0	0	0	0	0	0	0	0	0	0	0	0
0	0	0	0	0	0	0	5	0	0	0	0	0	0	3	0	2	0	0	0	12	0	0	2	0	0	0	0	0	0	0
0	0	0	0	0	0	0	0	0	0	0	0	0	0	0	0	0	0	0	0	0	0	0	0	2	0	0	0	0	0	0
0	0	0	0	0	0	0	0	0	0	0	0	0	2	0	0	0	0	0	0	0	0	0	0	0	0	0	0	0	0	0
0	0	0	0	0	4	3	0	0	0	0	0	0	2	0	0	0	0	0	0	0	0	0	0	0	0	3	0	0	0	5
0	0	3	2	2	0	0	0	0	0	0	0	0	0	2	0	0	0	0	0	0	0	0	0	0	0	0	0	0	0	0
0	0	0	0	0	5	0	0	0	0	0	0	0	0	0	0	0	0	0	0	0	2	0	0	0	0	0	0	0	0	0
0	0	6	3	0	0	0	0	0	8	0	3	0	0	0	0	0	0	0	0	0	0	0	0	0	0	0	0	0	0	0
0	0	0	0	0	0	0	0	0	0	0	0	0	0	0	0	0	2	0	0	0	0	0	4	0	0	0	0	5	0	0
0	0	0	0	0	6	0	0	0	0	0	3	0	0	0	0	7	4	0	0	0	0	0	0	2	0	0	7	0	22	0
0	0	0	0	0	0	0	0	0	0	0	0	11	0	0	0	0	0	0	0	0	0	0	0	0	0	0	0	0	0	0
0	0	0	0	0	13	0	0	4	0	0	0	0	4	0	0	0	4	5	0	0	0	0	0	0	0	0	0	2	0	5
1	0	46	0	0	0	0	0	0	15	0	37	0	0	0	0	0	0	0	19	0	0	0	0	0	0	0	0	0	0	0
2	0	0	0	0	0	0	0	0	0	0	0	0	0	0	0	0	0	0	0	0	0	0	0	0	0	0	0	0	0	0
0	0	0	0	0	0	0	0	1	0	0	0	0	19	0	0	0	0	11	0	0	2	0	0	0	0	0	0	0	4	0
0	0	0	0	0	0	0	0	0	0	0	3	0	0	0	0	0	0	0	0	0	0	0	0	0	0	0	0	0	0	0
2	0	0	0	0	0	0	0	0	0	0	0	0	0	0	0	0	0	0	0	0	0	0	0	0	0	0	0	0	0	0
0	0	4	0	0	0	0	0	0	2	0	0	0	0	0	0	2	0	0	0	0	0	0	0	0	0	0	0	3	0	0
0	0	0	0	0	0	0	0	0	0	0	0	0	0	0	0	0	0	0	0	0	0	4	0	0	0	0	0	0	0	0
0	0	0	0	0	0	0	0	0	0	0	0	0	0	0	9	0	0	0	0	0	0	0	0	0	0	0	0	0	0	0
8	0	3	3	0	0	0	0	0	0	0	11	0	0	0	0	0	0	0	0	0	0	0	9	0	0	0	0	2	0	0
0	0	0	0	0	0	2	0	3	0	0	0	0	0	0	0	0	0	0	0	0	0	0	0	0	0	0	0	0	2	0
0	0	0	0	0	0	0	0	0	0	0	0	0	6	0	0	0	0	0	0	0	0	0	2	0	0	0	0	0	0	0
0	0	2	0	0	0	0	0	0	0	0	0	0	0	0	0	0	0	0	0	0	0	0	0	0	0	0	0	0	0	0
0	0	0	0	0	0	0	0	0	0	0	0	0	0	0	0	0	0	0	0	0	2	0	0	0	0	0	0	0	0	0
5	0	0	7	3	0	5	0	3	0	0	1	0	12	0	0	0	7	9	0	0	5	0	0	10	0	0	0	1	4	6
57	14	212	17	166	89	19	130	17	246	0	224	37	1	115	3	168	20	11	98	123	11	97	76	2	21	12	3	26	17	4
0	0	0	0	0	0	0	0	2	0	0	0	0	0	0	0	0	0	0	0	0	0	0	0	0	0	0	0	0	0	0
2	0	0	0	0	0	0	0	0	0	0	0	0	0	0	0	0	0	0	0	0	0	0	0	0	0	0	0	0	0	0
0	0	0	0	0	0	0	0	0	0	0	0	0	0	0	0	0	0	0	0	0	0	0	0	0	0	5	0	0	0	0
0	2	10	28	101	0	0	88	0	23	0	29	0	0	91	0	38	0	0	14	68	0	123	16	0	0	0	0	11	0	0
0	0	6	0	0	0	0	0	0	0	0	7	0	0	2	0	3	1	0	0	0	0	0	0	0	0	0	0	0	0	0
6	0	0	0	0	39	0	0	2	0	0	5	0	0	0	0	0	0	2	0	0	6	0	4	3	0	0	0	0	0	0
0	0	0	0	0	0	0	0	0	0	0	0	0	0	0	0	0	0	0	0	0	0	0	0	0	0	0	0	0	0	2
48	32	15	2	7	496	29	23	6	47	20	26	6	14	7	100	0	22	38	32	2	45	4	65	3	12	49	13	7	95	14
7	4	5	0	0	0	0	0	0	0	0	4	0	0	0	0	0	1	0	2	0	0	0	0	2	4	0	0	2	4	0
0	0	0	0	0	0	0	0	0	0	0	0	0	0	0	0	0	0	2	0	0	0	0	0	0	0	1	0	0	0	0
0	0	0	0	0	0	0	10	0	0	0	0	2	0	2	0	8	0	0	0	15	0	6	3	0	0	0	2	5	0	0
0	0	0	0	0	0	0	0	3	0	0	0	0	0	0	0	0	0	0	0	0	0	0	0	0	0	0	0	0	0	0
5	2	41	3	36	2	0	37	0	31	0	36	8	2	26	0	19	0	0	10	6	0	31	5	2	0	0	0	0	6	0
0	0	0	0	2	0	0	0	0	0	0	2	0	0	0	0	0	0	0	0	0	0	0	0	0	0	0	0	0	0	0
0	0	2	0	0	0	0	0	0	0	0	0	0	0	0	0	0	0	0	0	0	0	0	0	0	0	0	0	18	2	0
7	0	10	0	0	0	0	5	0	7	0	1	0	0	0	0	2	0	0	0	0	0	3	0	0	0	0	0	0	0	0
0	0	0	2	0	0	0	2	0	0	0	0	0	2	0	0	0	0	0	0	0	0	0	0	0	0	0	0	0	2	0
4	43	0	0	0	0	42	0	78	0	0	3	0	0	0	0	0	47	0	0	0	0	0	0	28	36	0	18	2	5	0
2	0	0	12	4	0	2	6	4	3	0	0	0	0	8	0	0	2	0	4	3	0	6	3	0	2	0	0	16	0	0
0	0	0	0	0	0	0	0	14	0	0	0	0	0	0	0	0	0	0	0	0	0	0	0	0	0	0	0	0	0	0
0	0	17	0	0	0	2	0	0	22	0	13	0	0	0	0	0	3	0	6	0	0	3	3	0	5	0	1	0	1	0
0	0	0	0	0	0	0	2	0	0	0	0	0	0	0	0	0	0	0	3	9	0	3	0	0	0	0	0	4	0	0
0	0	0	0	0	2	0	0	0	0	0	0	0	23	3	2	0	0	15	0	0	0	2	0	0	0	3	0	0	0	0
0	7	0	0	0	0	3	0	4	0	0	0	0	0	0	0	0	2	0	0	0	0	0	0	0	3	0	0	0	0	0
2	0	2	0	2	0	0	0	0	0	0	0	0	5	0	0	0	0	0	0	0	0	0	2	0	0	0	0	0	0	0
0	0	0	0	0	0	0	0	0	0	0	0	0	0	0	0	0	0	0	0	0	0	0	0	0	0	0	0	0	0	4
2	2	0	0	0	0	0	0	0	0	0	0	0	0	0	0	0	0	0	0	0	0	0	0	0	0	0	3	0	3	0
0	0	0	0	0	0	0	0	0	0	0	0	0	0	2	0	0	0	0	0	0	0	0	0	0	0	0	0	0	0	0
0	0	0	0	0	0	2	0	9	2	0	0	0	0	0	0	0	4	0	0	0	0	0	0	4	2	0	1	0	0	2
0	0	0	0	0	41	0	0	0	0	134	0	0	4	0	363	0	0	0	0	0	0	0	0	0	0	0	0	0	7	0
0	0	4	0	2	0	0	0	0	7	0	4	0	0	0	0	0	0	0	0	0	0	2	5	0	0	0	0	0	0	0
10	3	63	9	12	0	3	14	0	76	0	63	2	0	20	0	23	9	0	28	0	0	16	19	0	0	0	2	0	0	0
0	0	4	0	0	0	0	4	0	2	0	0	0	0	6	0	2	0	0	3	3	0	3	0	0	0	0	0	0	0	0
0	0	0	0	0	0	0	0	2	0	0	0	0	0	0	0	0	0	0	0	0	0	0	0	0	0	8	0	0	0	0
5	2	3	0	2	0	0	10	0	0	0	0	0	0	6	0	21	0	0	0	2	0	28	0	0	0	0	0	0	0	0
0	10	2	0	0	0	25	0	1	0	0	0	0	0	1	0	0	13	0	0	0	0	0	0	0	5	0	1	0	5	0
0	0	0	0	0	0	0	1	4	4	0	0	0	0	0	0	1	0	0	0	2	0	0	0	0	0	0	0	0	0	0
4	0	0	7	0	0	0	0	0	3	0	0	0	0	0	0	0	0	0	0	0	0	0	3	0	0	0	0	0	4	0
0	0	0	0	0	0	0	0	0	0	0	0	0	0	0	0	0	0	0	0	0	0	0	0	0	0	0	0	0	20	0
0	0	2	0	7	0	0	4	0	0	0	5	0	0	6	0	0	0	0	2	0	0	2	0	0	0	0	0	0	0	0
0	0	0	4	0	0	0	0	0	7	0	0	0	0	0	0	5	0	0	0	0	0	0	2	0	0	0	0	0	0	0
0	0	0	0	0	7	0	0	3	2	0	0	0	3	0	2	0	0	2	0	0	0	0	0	0	0	0	0	0	0	0
0	0	0	0	0	0	0	0	0	0	0	0	0	0	0	0	0	0	0	0	0	0	0	0	4	0	0	0	0	0	0
0	0	0	0	0	0	0	0	0	0	0	0	0	0	0	0	0	0	0	0	0	0	0	0	0	0	0	0	0	0	2
0	0	0	0	0	0	2	0	0	0	0	0	0	0	0	0	0	5	0	0	0	0	0	0	2	2	0	0	0	5	0
0	0	0	0	0	0	0	0	0	0	0	0	0	3	0	0	0	0	0	0	0	5	0	0	0	0	0	0	0	0	3
0	0	0	0	0	0	0	0	0	0	0	0	0	0	0	0	0	0	2	0	0	0	0	0	0	0	0	0	0	0	0
0	2	0	0	0	0	3	0	0	0	0	0	0	0	0	0	0	3	0	0	0	0	0	0	0	0	0	2	0	3	0
0	0	4	3	0	0	3	0	3	15	0	17	0	0	0	0	0	0	0	6	6	0	0	2	0	3	0	0	4	2	0
0	0	0	0	0	0	0	0	11	0	0	0	0	0	0	0	0	0	0	0	0	0	0	0	0	0	0	0	0	0	0
0	0	0	0	0	0	0	0	0	0	0	0	0	0	0	0	3	0	0	0	0	0	0	0	0	0	0	0	0	0	0
2	0	7	11	14	0	0	8	0	6	0	1	0	0	9	0	0	0	0	2	1	0	8	4	0	0	0	0	1	0	0
0	0	0	0	2	0	0	0	0	0	0	0	0	0	2	0	0	0	0	0	5	0	0	0	0	0	0	0	0	0	0
0	16	0	0	0	0	11	2	28	0	0	0	0	0	0	0	3	17	0	0	19	0	0	0	13	11	0	15	0	4	0
0	0	0	0	0	0	0	0	0	0	0	0	0	0	0	0	0	0	0	0	0	2	0	0	0	0	0	0	5	0	0
0	3	0	0	3	0	0	2	0	0	0	0	0	0	3	0	0	0	0	0	0	0	3	0	0	0	0	0	0	0	0
0	0	0	0	0	0	0	0	0	0	0	0	0	0	0	0	0	0	0	0	0	0	0	0	0	0	0	4	0	0	0
0	0	0	0	0	0	0	0	0	0	0	0	0	0	0	0	0	0	0	0	0	0	0	0	0	0	0	4	0	0	0
8	0	0	0	0	0	0	0	0	0	27	0	0	0	0	0	0	0	0	0	0	0	0	4	0	0	0	0	1	0	0
10	3	0	0	2	32	4	0	0	2	0	5	4	10	3	0	0	8	10	6	0	3	4	7	0	0	3	4	8	0	6
0	0	0	0	6	0	0	2	0	0	0	0	0	0	0	0	0	0	0	0	0	0	4	0	0	0	0	0	0	0	0
0	7	0	0	3	0	5	0	3	0	0	0	0	0	3	0	0	3	0	0	0	0	0	2	3	10	0	2	2	3	0
0	0	11	0	0	0	0	0	0	0	0	0	0	0	0	0	0	0	0	0	0	0	0	0	0	0	0	0	0	0	0
0	0	0	0	0	39	0	0	0	0	0	0	0	0	0	4	0	0	0	0	0	0	0	0	0	0	0	0	0	0	0
4	0	23	0	3	0	0	0	0	14	0	8	0	0	0	0	4	0	0	9	0	0	0	2	0	0	0	0	2	2	0
0	0	0	0	0	4	0	0	0	0	0	0	0	0	0	0	0	0	0	0	0	0	0	0	0	0	0	0	0	0	0
0	3	0	0	0	0	0	0	5	0	0	2	0	0	0	0	0	1	0	0	0	0	0	3	0	0	0	0	0	0	0
0	0	0	0	2	0	0	0	0	0	0	0	0	0	3	0	0	0	0	0	0	0	0	0	0	0	0	0	0	0	0
2	0	0	0	0	0	0	0	0	0	0	0	0	0	0	0	0	0	0	0	0	0	0	0	0	0	0	0	0	0	0
0	0	2	0	3	0	0	0	0	0	0	0	0	0	0	0	2	0	0	0	0	0	0	0	0	0	0	0	0	0	0
0	0	0	0	0	0	0	0	3	0	0	0	0	0	0	0	0	0	0	0	0	0	0	0	0	0	0	0	0	0	0
0	0	0	0	0	2	0	0	0	0	0	0	0	3	0	0	0	0	2	0	0	0	0	0	0	0	0	0	0	0	0
2	0	0	0	0	0	0	0	0	0	0	0	0	0	0	0	0	0	0	0	0	0	0	0	0	0	0	0	0	0	0
0	0	0	0	0	3	0	0	0	0	0	0	0	0	0	0	0	0	0	0	0	0	0	0	0	0	0	0	0	0	0
0	0	0	0	0	3	0	0	4	0	0	0	0	0	0	0	0	0	0	0	0	0	0	0	0	0	0	0	0	0	0
3	0	0	0	0	6	0	0	8	0	2	4	0	28	0	3	0	1	26	5	1	28	0	0	0	1	5	0	2	0	17
0	0	0	0	0	0	0	0	0	0	0	0	0	0	0	0	0	0	0	0	0	0	0	0	2	0	0	0	0	0	0
0	0	0	0	0	0	0	0	0	0	0	0	0	0	0	0	0	0	0	0	0	0	0	0	1	0	0	0	0	0	0
0	0	0	0	4	0	0	2	0	0	0	0	0	0	5	0	4	0	0	0	5	0	0	1	0	0	0	0	0	0	0
0	2	0	0	0	0	0	0	0	0	0	0	0	0	0	0	0	2	0	0	0	0	0	0	0	0	0	0	0	0	0
0	0	0	0	0	0	0	0	0	0	0	0	0	0	0	0	0	0	0	0	0	0	0	0	0	0	0	0	0	5	0
0	0	0	0	0	2	0	0	0	0	0	0	0	0	0	0	0	0	0	0	0	0	0	0	0	0	0	0	0	0	0
0	0	0	0	3	0	0	8	0	0	0	0	0	0	3	0	0	2	0	0	0	0	6	0	0	0	0	0	0	0	0
2	0	4	2	0	39	0	0	1	12	0	12	0	21	2	4	0	0	18	0	0	4	8	10	5	2	0	4	9	5	4
0	0	0	0	0	2	0	0	0	0	0	0	0	0	0	0	0	0	0	0	0	0	0	0	0	0	0	0	0	0	0
3	0	0	0	0	2	0	0	0	0	0	0	0	2	0	0	0	0	2	0	0	30	0	0	0	0	0	0	2	0	4
0	0	2	1	0	0	0	0	0	0	0	0	0	0	0	0	0	0	0	0	0	0	1	0	0	0	0	0	0	0	0
0	0	0	0	2	0	0	0	0	0	0	0	0	0	0	0	0	0	0	0	0	0	0	0	0	0	0	0	0	0	0
0	0	0	0	0	0	0	0	0	0	0	0	0	0	0	0	0	0	0	0	0	0	0	0	0	0	2	0	0	0	0
8	3	2	6	0	23	3	0	3	0	0	6	0	50	2	5	0	3	43	2	0	19	2	5	2	0	7	4	13	4	19
0	0	0	0	0	3	0	0	0	0	0	0	0	10	0	0	0	0	16	0	4	10	0	0	0	4	0	0	0	7	19
0	0	0	0	0	0	0	2	0	0	0	0	0	0	0	0	0	0	0	0	0	0	0	0	0	0	0	0	0	0	0
0	0	0	0	0	0	0	0	0	0	0	0	0	0	0	0	0	0	1	0	0	0	0	0	0	0	0	0	0	0	0
0	0	0	0	0	0	4	0	0	0	0	0	0	0	0	0	0	1	0	0	0	0	0	0	0	0	0	0	0	0	0
0	0	0	0	0	0	0	0	0	0	0	0	19	0	0	0	0	0	0	0	0	0	0	0	0	0	0	0	0	0	0
3	167	5	0	10	12	159	7	188	0	0	2	0	3	8	0	3	182	2	3	7	9	9	7	88	173	0	62	6	152	7
0	0	0	0	0	0	0	0	5	0	0	0	0	0	0	0	0	3	0	3	2	0	0	0	1	2	0	0	0	1	0
0	0	0	0	0	0	0	0	0	0	0	0	0	0	0	0	3	0	0	0	0	0	0	0	5	0	0	0	0	0	0
0	0	0	0	0	0	0	0	0	0	0	0	0	0	0	0	0	0	0	0	0	0	0	0	0	0	0	3	0	2	0
0	0	0	0	0	0	0	0	1	0	0	0	0	0	0	0	0	0	0	0	0	0	0	0	0	0	0	0	0	0	0
0	0	0	0	0	0	4	0	0	0	0	0	0	0	0	0	0	4	0	0	4	0	0	0	0	0	0	0	0	0	0
0	0	0	0	0	0	0	0	0	0	0	0	0	0	0	0	0	0	2	0	0	0	0	0	0	0	0	0	0	0	0
0	0	0	0	0	0	2	0	0	0	0	0	0	0	0	0	0	0	0	0	0	0	0	0	0	0	0	0	0	0	0
0	0	0	0	8	0	2	4	0	0	0	2	0	0	3	0	0	2	0	5	0	0	4	3	0	0	0	0	20	5	0
0	0	0	0	0	0	0	0	0	0	0	0	0	0	0	0	0	0	0	0	0	0	4	0	0	0	0	0	0	0	0
0	0	0	0	0	0	0	0	0	0	0	0	0	0	0	0	0	0	0	0	0	0	0	0	0	0	0	0	0	22	0
0	0	0	0	0	0	0	0	0	0	0	0	0	3	0	0	0	0	3	0	0	0	0	0	0	0	0	0	0	0	0
0	0	0	0	0	0	0	0	0	0	0	0	0	0	0	0	0	0	0	0	0	0	0	0	0	0	0	0	0	2	0
0	0	0	0	0	0	0	0	0	0	0	0	0	0	0	0	0	0	0	0	0	0	0	0	0	5	0	0	0	0	0
0	0	0	0	4	0	0	2	0	0	0	0	0	0	0	0	0	0	0	0	0	0	5	0	0	0	0	0	0	0	0
0	0	2	0	0	0	0	0	0	0	0	0	0	0	0	0	0	0	0	0	0	0	0	0	0	0	0	0	0	0	0
0	0	21	0	1	0	0	1	0	25	0	17	0	0	3	0	5	5	0	13	7	0	3	6	5	4	0	0	1	0	0
0	0	0	0	0	0	0	0	0	0	0	0	3	0	0	0	0	0	0	0	0	0	0	0	0	0	0	0	0	0	0
6	0	16	28	95	0	0	63	0	22	0	37	3	0	49	0	35	0	0	5	25	4	91	18	4	0	0	0	0	12	0
0	0	0	0	4	0	0	8	0	0	0	0	0	0	0	0	0	0	0	0	0	0	0	0	0	0	0	0	0	0	0
6	3	0	1	2	0	0	6	6	0	0	0	0	14	7	0	0	1	25	0	0	69	7	0	4	0	4	5	13	0	2
0	0	0	0	0	0	0	0	6	0	0	0	0	0	0	0	0	0	0	0	0	0	0	0	0	0	0	0	0	0	0
0	0	0	0	0	0	0	0	0	0	0	0	0	0	0	0	0	0	3	0	0	0	0	0	0	0	0	0	0	0	0
0	0	0	0	0	0	0	0	0	0	0	0	23	0	0	0	0	0	0	0	0	0	0	0	0	0	0	0	0	0	0
5	3	19	10	78	0	2	61	4	17	0	11	0	2	73	0	51	3	0	8	52	4	75	10	0	2	2	0	6	0	0
0	3	0	0	0	2	0	0	2	3	0	0	0	0	0	0	0	0	0	0	0	0	0	2	0	0	0	0	0	2	0
23	35	21	173	22	0	21	13	22	38	0	44	0	0	18	0	45	71	0	5	59	0	20	44	36	36	0	0	102	21	0
0	0	0	0	0	0	0	0	0	0	0	0	10	0	0	0	0	0	0	0	0	0	0	0	0	0	0	0	0	0	0
43	0	0	0	0	0	0	0	0	0	0	0	4	0	0	0	0	0	0	0	0	0	0	0	0	0	0	0	0	30	0
0	0	0	0	0	0	0	0	0	0	0	0	24	0	0	0	0	0	0	0	0	0	0	0	0	0	0	0	0	0	0
0	0	0	0	0	0	0	0	2	0	0	0	0	0	0	0	0	0	0	0	0	0	0	0	0	0	0	0	0	0	0
0	0	0	0	0	0	0	0	0	0	0	0	0	0	0	0	0	3	0	0	0	0	0	6	0	3	0	5	0	0	0
0	0	0	0	0	0	0	0	0	0	0	0	0	0	0	0	0	0	0	0	0	0	0	0	0	0	0	0	0	2	2
0	0	0	0	0	0	0	0	0	0	0	0	0	0	0	0	5	0	0	0	0	0	0	0	0	0	0	0	0	0	0
2	0	0	0	0	0	0	0	0	0	0	0	0	0	0	100	0	0	0	0	0	0	0	0	0	0	31	0	0	0	0
0	0	0	0	0	0	0	0	6	0	0	0	0	0	0	0	0	5	0	0	0	0	0	0	2	0	0	2	0	2	0
0	4	0	0	0	0	1	0	12	0	0	0	0	0	0	0	0	5	0	0	0	0	0	0	0	4	0	4	3	6	0
0	11	0	0	0	0	7	0	6	0	0	0	0	0	0	0	0	18	0	0	0	0	0	0	7	9	0	4	0	13	0
0	0	0	0	0	2	0	0	0	0	0	0	0	0	0	2	0	0	0	0	0	0	0	0	0	0	0	0	0	0	2
0	4	0	0	0	0	2	0	2	0	0	0	0	0	0	0	0	4	0	0	0	0	0	0	0	0	0	0	0	0	0
0	0	0	0	8	0	0	0	0	0	0	0	0	0	0	0	0	0	0	0	0	0	5	0	0	0	0	0	7	0	0
0	0	0	0	0	0	0	0	0	0	0	0	0	0	0	0	0	0	0	0	0	0	0	2	0	0	0	0	0	0	0
0	0	0	0	0	0	0	0	1	1	0	0	0	0	0	0	0	0	0	0	0	0	0	0	4	0	0	2	0	13	0
0	2	0	0	2	0	0	0	0	0	0	1	0	0	2	0	0	0	0	0	2	0	0	0	0	0	0	0	0	0	0
2	0	2	0	0	0	0	0	0	0	0	0	0	0	0	0	0	0	0	0	0	0	0	0	0	0	0	0	0	0	0
0	0	0	0	0	3	0	0	0	2	0	0	0	3	0	2	0	0	4	0	0	0	0	0	0	0	0	0	0	0	0
4	0	0	0	0	15	5	0	4	1	6	1	0	4	0	4	0	2	6	0	0	2	0	0	0	0	0	4	0	0	0
4	0	0	0	0	0	0	0	0	0	0	0	0	0	0	0	0	0	0	0	0	0	0	0	0	0	0	0	0	0	0
0	0	0	0	0	0	0	0	0	0	3	0	0	0	0	0	0	0	2	0	0	0	0	0	0	0	0	0	0	0	0
0	0	0	0	0	0	0	0	0	0	0	0	3	2	0	0	0	0	0	0	0	6	0	0	0	0	0	0	0	0	0
15	13	10	75	15	0	9	14	3	14	0	11	0	0	10	0	16	14	0	3	13	0	16	9	18	10	0	0	49	0	0
0	0	2	0	0	4	1	2	0	0	0	0	0	0	0	0	0	0	0	0	0	0	0	0	0	0	0	0	0	0	0
0	0	0	0	0	0	0	0	0	0	0	0	0	0	0	0	0	0	2	0	0	0	0	3	0	0	0	0	0	0	0
0	4	0	0	10	4	3	16	0	0	0	0	0	0	21	0	6	13	0	0	0	0	16	2	0	5	0	2	0	4	0
0	8	0	0	0	0	0	0	0	0	0	0	0	0	0	0	0	2	0	0	0	0	0	0	0	7	0	5	0	0	0
0	0	0	0	0	0	0	0	0	0	0	0	0	0	0	0	0	0	0	0	2	0	0	0	0	0	0	0	0	0	0
0	9	0	0	0	0	3	0	14	0	0	0	0	6	0	0	0	5	0	0	0	0	0	0	9	10	0	0	0	1	0
0	8	0	0	0	0	19	0	23	0	0	0	0	0	0	0	0	8	0	0	0	0	0	0	6	11	0	3	0	0	0
0	0	0	0	1	0	0	1	0	0	0	0	0	0	0	0	0	0	0	0	0	2	0	0	0	0	0	0	0	0	0
0	1	0	0	0	0	1	0	0	0	0	3	0	0	2	0	0	2	0	0	0	0	0	0	0	3	0	0	0	0	0
0	0	0	0	0	0	0	0	0	0	0	0	0	0	0	0	0	0	0	0	0	2	0	0	0	0	0	0	0	0	0
2	0	0	0	0	3	0	0	0	0	0	0	0	2	0	0	0	0	0	0	0	0	0	0	0	0	0	0	0	0	0
0	70	0	0	0	0	51	2	86	0	0	0	0	0	0	0	0	95	0	0	0	0	0	2	24	59	0	43	0	44	0
0	2	0	0	0	0	0	0	0	2	0	1	0	0	0	0	0	2	0	3	0	0	0	0	0	0	0	0	0	0	0
0	0	0	0	0	0	0	0	6	0	0	0	0	0	1	0	2	0	0	0	0	0	0	0	0	0	0	0	0	0	0
0	0	0	0	0	0	0	0	0	0	0	0	0	0	0	0	0	0	0	0	0	0	0	0	0	0	0	0	0	3	0
0	0	0	0	0	0	0	0	0	0	0	0	7	0	0	0	0	0	0	0	0	0	0	0	0	0	0	0	0	0	0
0	0	0	5	0	0	0	0	0	0	0	3	0	0	0	0	0	0	0	0	0	0	0	0	0	0	0	0	0	0	0
0	0	3	0	6	0	0	3	0	0	0	0	0	0	7	0	0	0	0	1	0	0	3	2	0	0	0	0	1	0	0
0	0	0	0	0	0	0	0	0	0	0	0	0	0	0	0	0	0	0	0	0	4	0	0	0	0	0	0	0	0	0
0	0	0	0	0	0	0	0	0	0	0	0	0	0	0	0	0	0	8	1	0	0	0	0	0	0	6	0	0	0	5
0	0	0	0	0	2	0	0	0	0	0	0	0	0	0	0	0	0	0	0	0	0	0	0	0	0	0	0	0	0	0
0	3	0	0	0	0	9	0	0	0	0	0	0	0	0	0	0	4	0	0	3	0	0	0	0	0	0	2	5	0	0
0	0	0	0	0	0	2	0	0	0	0	0	0	0	0	0	0	0	0	0	0	0	0	0	0	1	0	0	0	5	0
0	1	0	2	5	0	2	0	0	0	0	0	0	0	3	0	0	3	0	0	0	0	0	0	0	3	0	0	0	1	0
0	0	3	0	0	0	0	0	0	0	0	0	0	0	0	0	0	0	0	0	0	0	0	0	0	0	0	0	0	0	0
0	7	0	0	0	0	11	0	4	0	0	0	0	0	0	0	0	0	0	0	0	0	0	0	0	10	0	2	0	0	0
0	0	0	0	2	0	0	0	0	0	0	0	0	0	3	0	0	0	0	0	0	0	6	0	0	0	0	0	0	0	0
0	3	0	0	0	0	7	0	0	0	0	0	0	0	0	0	0	9	0	0	0	0	0	0	0	6	0	0	0	8	0
0	0	14	0	11	0	0	11	0	7	0	4	0	0	8	0	16	0	0	3	1	0	19	0	0	0	0	0	0	0	0
0	0	0	0	0	0	0	0	0	0	0	0	0	0	0	0	0	0	0	0	0	0	0	0	0	0	0	5	0	0	0
0	0	0	0	0	0	0	0	5	0	0	0	0	2	0	0	0	0	0	0	0	0	0	0	0	0	0	0	0	0	0
0	0	0	6	0	0	3	0	0	2	0	7	0	0	0	0	0	0	0	2	0	0	0	0	0	0	0	0	3	0	0
0	0	0	0	0	0	0	3	2	0	0	0	0	0	0	0	7	0	0	0	0	0	0	0	0	0	0	0	0	0	0
0	0	0	0	0	0	2	0	0	2	0	0	0	0	0	0	0	2	0	0	0	0	0	5	0	0	0	0	2	0	0
0	0	2	4	0	12	2	0	0	0	0	0	0	0	0	0	0	0	2	0	0	0	0	3	0	0	0	0	0	0	0
0	4	0	0	0	0	4	0	14	0	0	0	0	0	0	0	0	6	0	0	0	0	0	0	5	5	0	5	0	0	0
0	0	0	0	2	0	0	0	0	0	0	0	0	0	0	0	0	0	0	0	0	2	0	0	0	0	0	0	0	0	0
0	0	0	0	1	0	0	0	0	0	0	0	0	0	0	0	0	0	0	0	0	2	0	0	0	0	0	0	0	0	0
0	0	7	0	5	0	0	16	0	4	0	6	0	0	9	0	2	0	0	2	2	0	10	0	0	0	0	0	0	0	0
0	1	0	0	0	0	0	0	0	0	0	0	0	0	0	0	0	0	0	0	9	0	0	0	0	2	0	0	0	0	0
0	0	0	0	0	0	0	0	3	0	0	0	0	0	0	0	0	2	0	0	2	0	0	0	4	0	0	0	0	4	0
0	0	0	0	0	0	0	0	2	0	0	0	0	0	2	0	3	0	0	0	5	0	2	0	0	0	0	0	0	0	0
0	3	0	0	0	0	6	0	1	0	0	0	0	0	0	0	0	0	0	0	0	0	0	0	0	5	0	3	0	4	0
0	0	0	0	0	4	0	0	0	0	0	0	0	0	0	0	0	0	3	0	0	0	0	0	0	0	0	0	0	0	0
0	3	0	0	0	0	9	0	3	0	0	0	0	0	0	0	0	5	0	0	0	0	0	0	0	3	0	4	0	0	0
0	0	0	0	0	0	2	0	0	0	0	0	0	0	0	0	0	0	0	0	0	0	0	0	0	0	0	0	0	0	0
0	0	0	0	0	0	0	0	0	0	0	0	0	0	0	0	0	0	0	0	0	0	0	0	7	0	0	0	0	0	0
3	7	0	0	0	2	25	0	0	0	0	0	0	9	3	0	0	7	7	0	0	4	2	0	0	9	0	3	0	4	7
0	0	0	0	0	0	0	0	0	0	0	0	0	0	0	0	0	0	2	0	0	0	0	0	0	0	0	0	0	0	0
0	0	0	0	0	0	0	0	0	0	0	0	0	0	0	0	0	0	0	0	8	0	0	0	0	0	0	0	0	0	4
0	3	0	0	0	0	4	0	2	0	0	0	0	0	0	0	0	1	0	0	0	0	0	0	2	5	0	0	0	2	0
0	0	0	0	0	0	0	0	0	0	0	0	0	0	0	0	0	0	0	0	0	0	0	0	0	0	0	0	2	0	0
0	7	0	0	0	0	5	0	3	0	0	0	0	0	0	0	0	8	0	0	3	0	0	0	0	9	0	0	0	0	0
53	0	0	0	0	0	0	0	0	0	0	0	0	0	0	0	0	0	0	0	0	0	0	2	0	0	0	0	0	0	0
0	0	0	0	0	2	0	0	0	4	0	0	0	0	0	0	0	0	0	0	0	0	0	0	3	0	0	0	0	0	0
0	0	0	0	0	0	0	0	0	0	0	0	0	0	0	0	0	0	1	0	0	0	0	0	0	0	0	0	0	0	0
0	7	0	0	0	0	3	0	3	3	0	0	0	0	0	0	0	15	0	0	0	0	0	0	6	4	0	6	0	4	0
0	0	0	0	0	0	0	0	0	0	0	0	0	0	0	0	0	0	0	0	0	20	0	0	0	0	0	0	0	0	0
0	0	0	0	0	0	0	0	0	0	0	0	0	0	0	0	0	0	0	0	0	0	0	0	0	0	2	0	0	0	0
2	0	0	0	0	0	2	0	0	0	0	0	0	0	0	0	0	0	0	0	0	0	0	0	0	1	0	0	0	0	0
0	0	0	0	0	0	0	0	0	0	0	0	0	0	0	0	0	0	0	0	0	0	0	0	0	0	0	0	4	0	0
0	0	0	0	0	0	0	3	0	0	0	0	0	0	0	0	0	0	0	0	0	0	0	3	0	0	0	0	5	0	0
0	2	0	0	0	0	0	0	0	0	0	3	0	0	0	0	2	0	0	0	0	0	0	0	0	0	0	0	0	2	0
0	0	4	0	5	0	0	5	7	5	0	14	0	0	2	0	13	7	0	4	0	0	0	10	0	2	0	0	0	0	0
2	0	0	0	0	0	0	0	0	0	0	2	0	0	0	1	0	0	0	0	0	0	0	0	5	0	0	8	0	2	0
0	0	0	0	0	3	0	0	0	0	0	0	0	0	0	2	0	0	0	0	0	0	0	0	0	0	0	0	0	0	0
0	0	3	8	70	0	0	45	0	12	0	11	0	0	25	0	6	0	0	4	23	0	40	0	0	0	0	0	5	0	0
2	0	0	0	0	3	0	0	0	0	2	0	0	0	0	0	0	0	4	0	0	0	0	0	0	0	0	0	0	0	0
0	0	0	0	0	0	0	0	0	0	0	0	0	0	0	0	0	6	0	0	0	0	0	0	0	0	0	0	0	0	0
0	0	0	0	0	0	0	0	0	0	0	0	11	0	0	0	0	0	0	0	0	0	0	0	0	0	0	0	0	0	0
9	0	51	5	0	0	0	0	0	57	0	77	8	0	0	0	0	0	0	13	0	0	0	10	0	0	0	0	51	0	0
0	2	0	0	0	0	0	0	0	0	0	0	0	0	0	0	0	3	0	0	0	0	0	0	0	3	0	3	0	2	0
0	0	0	0	0	0	0	0	0	0	0	0	0	0	0	0	0	0	0	0	0	0	0	0	0	12	0	0	0	0	0
10	0	4	0	0	0	0	0	0	0	0	2	0	0	0	0	0	0	0	0	0	3	0	2	0	0	0	0	4	0	0
0	0	0	0	0	3	0	0	0	0	0	0	0	0	0	0	0	0	0	0	0	0	0	0	0	0	0	0	0	0	0
0	4	0	0	0	0	3	0	3	0	0	0	0	0	0	0	0	2	3	0	0	2	0	2	6	0	0	0	0	0	3
0	0	0	0	0	2	0	0	0	0	0	0	0	0	0	0	0	0	0	0	0	0	0	0	0	0	0	0	0	0	0
10	0	1	3	0	18	3	0	2	0	0	6	0	22	4	0	0	2	8	4	0	4	6	2	0	4	0	0	7	1	8
0	0	0	0	0	0	0	0	0	0	0	0	0	0	0	0	0	0	0	0	0	0	0	0	1	0	0	0	0	0	0
2	0	4	3	17	0	0	21	0	3	0	4	0	0	15	0	6	0	0	2	11	2	19	7	0	0	0	0	8	0	0
0	0	1	0	0	0	0	0	0	0	0	0	0	2	0	0	0	0	1	0	0	0	0	1	0	0	0	0	0	0	0
4	11	0	6	0	0	13	2	12	0	0	0	0	0	0	0	0	19	0	0	24	0	3	6	24	25	0	5	2	4	0
0	0	0	0	0	0	2	0	0	0	0	0	13	0	0	0	0	0	2	0	0	0	0	0	0	0	0	0	0	0	0
0	0	0	0	0	0	0	0	0	0	0	0	0	0	4	0	0	0	0	0	0	0	0	0	0	0	0	0	0	0	0
0	0	0	0	0	0	2	0	0	0	0	0	0	0	0	0	0	0	0	0	0	4	0	0	0	0	0	0	0	0	0
0	0	2	3	3	0	0	3	0	3	0	8	0	0	3	0	0	0	0	0	0	0	6	0	0	0	0	0	0	0	0
0	0	0	0	0	0	0	0	0	0	0	0	0	0	0	0	0	0	0	0	0	0	0	0	0	0	7	0	0	0	0
0	0	0	0	0	0	0	0	0	0	0	0	0	0	0	0	0	0	2	0	0	0	0	0	0	0	0	0	0	0	0
3	0	0	0	0	1	0	0	0	0	0	0	0	4	0	0	0	0	0	0	0	0	0	0	0	0	0	0	2	0	0
0	5	0	0	0	0	5	0	0	2	0	2	0	0	0	0	0	4	0	0	0	0	0	0	4	2	0	0	2	5	0
0	0	0	0	0	0	0	0	0	0	0	2	0	0	0	0	0	0	0	0	0	0	0	0	0	0	0	0	0	0	0
0	0	0	0	0	0	0	0	0	0	0	0	0	0	0	0	0	0	0	0	0	0	0	0	0	0	0	0	3	0	0
0	0	0	0	0	6	0	0	0	0	0	0	0	0	0	0	0	0	0	0	0	0	0	0	0	0	0	0	0	0	0
2	18	4	0	0	26	11	10	7	5	5	6	0	48	7	63	0	23	45	5	8	45	0	13	26	13	2	11	4	8	66
0	5	0	0	0	37	16	0	0	3	0	28	0	0	0	0	0	5	0	0	0	0	0	0	117	6	0	79	0	126	0
3	0	2	7	12	0	0	20	0	10	0	16	0	0	10	0	4	0	0	3	2	0	16	3	0	0	0	0	4	0	0
0	0	0	0	0	0	2	0	0	0	0	0	0	0	0	0	0	2	0	0	0	0	0	0	7	0	0	3	4	0	0
0	0	0	0	2	0	0	2	0	0	0	0	0	0	0	0	0	0	0	0	0	0	2	0	0	0	0	0	0	0	0
4	0	8	0	0	0	0	0	0	3	0	2	0	0	0	0	0	0	0	0	0	0	0	0	0	0	0	0	0	0	0
6	0	0	0	0	4	0	0	0	0	21	0	0	0	0	2	0	0	0	0	0	4	0	3	0	0	0	0	0	0	0
0	2	0	0	0	0	2	0	0	0	0	0	0	0	0	0	0	1	0	0	0	0	0	0	0	0	0	7	0	0	0
0	0	0	0	0	0	0	0	0	0	0	0	0	0	0	0	0	0	0	0	0	0	0	0	0	2	0	0	0	1	0
0	0	0	0	0	0	0	0	0	0	0	0	0	0	0	0	0	0	0	0	0	0	3	0	0	0	0	0	0	0	0
0	8	0	0	0	0	16	0	0	0	0	1	0	0	0	0	0	0	0	0	0	0	0	2	0	0	0	0	0	3	0
0	0	3	3	0	0	0	0	0	2	0	0	0	0	0	0	0	0	0	0	0	0	0	3	0	0	0	0	0	0	0
0	0	0	0	0	0	0	0	0	0	5	0	0	0	0	0	0	0	0	0	0	0	0	0	0	0	0	0	0	0	0
0	2	0	0	0	0	0	0	2	0	0	0	0	0	0	0	0	6	0	0	0	0	0	0	0	0	0	0	0	2	0
0	0	0	0	0	0	0	0	0	0	0	0	0	0	2	0	0	0	0	0	0	3	0	0	0	0	0	0	2	0	0
2	0	3	0	0	0	0	0	0	0	0	7	8	0	0	0	0	0	0	2	0	2	0	0	0	0	0	0	0	0	0
0	0	7	0	14	0	0	14	0	4	0	3	0	0	14	0	2	0	0	0	0	0	16	0	0	0	0	0	0	0	0
0	0	0	0	0	0	0	0	0	0	0	0	0	0	0	0	0	0	0	0	0	0	0	0	0	0	2	0	0	0	0
0	0	0	0	0	0	0	0	0	0	0	0	0	0	0	2	0	0	0	0	0	0	0	0	0	0	0	0	0	0	0
0	0	0	0	2	0	0	0	0	0	0	0	0	4	0	0	0	0	0	0	0	3	0	5	0	0	0	0	0	0	0
0	4	0	0	2	0	4	0	3	0	0	0	0	0	0	0	0	17	0	0	0	0	0	0	4	4	0	8	3	3	0
0	0	0	0	0	0	2	0	9	0	0	0	0	0	0	0	0	7	0	0	0	0	0	0	0	3	0	0	3	1	0
2	0	0	0	0	3	0	0	0	0	0	0	0	0	0	68	0	0	0	0	8	0	0	0	0	0	72	0	0	0	0
0	0	0	2	8	0	0	7	0	0	0	0	0	0	0	0	3	0	0	0	0	0	8	0	0	0	0	0	4	0	0
0	0	2	0	2	0	0	0	0	0	0	0	0	0	0	0	0	0	0	0	0	0	0	0	0	0	0	0	0	0	0
0	44	0	0	0	0	35	0	8	0	0	0	0	0	0	0	0	43	0	0	0	0	0	0	13	34	0	34	0	11	0
0	1	0	0	1	0	0	0	0	0	0	0	0	0	0	0	1	2	0	0	0	0	0	0	0	0	0	0	0	0	0
0	0	0	0	0	2	0	0	0	0	0	0	0	0	0	0	0	0	0	0	0	0	0	0	0	0	0	0	0	0	0
0	0	0	0	0	0	2	0	0	0	0	0	0	0	0	0	0	0	0	0	0	0	0	0	0	0	0	0	0	0	4
0	0	0	0	0	0	2	0	0	0	0	0	0	0	0	0	0	0	0	0	0	0	0	0	0	0	0	0	0	0	0
0	0	0	0	0	0	0	0	0	3	0	0	0	0	0	0	5	0	0	0	0	0	0	0	0	0	0	0	0	0	0
2	0	0	0	0	0	0	0	0	0	0	0	0	0	0	0	0	0	0	0	0	0	0	0	0	0	0	0	0	0	0
0	0	0	0	0	2	0	0	0	0	0	0	0	0	0	0	0	0	0	2	0	0	0	0	0	0	0	0	0	0	0
0	0	0	0	0	0	0	0	0	0	0	0	0	0	0	0	0	0	3	0	0	0	0	0	0	0	0	0	0	0	0
0	0	0	0	0	0	0	0	0	0	0	0	0	11	0	0	0	0	16	0	0	0	0	0	0	0	3	0	0	0	0
0	0	0	2	2	0	0	2	0	0	0	0	0	0	2	0	0	0	0	0	0	0	6	0	0	0	0	0	2	0	0
0	0	0	0	0	0	0	0	0	0	0	0	0	0	0	0	0	0	0	0	0	0	0	0	0	0	0	0	0	13	0
0	0	0	0	0	0	0	0	0	0	0	0	0	0	6	0	2	0	0	0	0	0	3	0	0	0	0	0	0	0	0
0	0	0	2	10	0	0	9	0	3	0	5	0	0	18	0	8	0	0	0	8	0	8	0	0	0	0	0	0	0	0
0	0	0	0	0	0	0	0	0	0	0	0	0	0	2	0	0	0	0	0	0	0	0	0	0	0	0	0	0	0	0
0	2	0	0	0	0	0	0	0	0	0	0	0	0	0	0	0	0	0	0	0	0	0	0	0	0	0	0	0	0	0
0	0	0	0	0	0	0	0	0	0	0	0	0	0	0	0	0	0	0	0	0	0	0	0	0	0	0	0	0	11	0
3	0	2	0	0	0	0	0	0	0	2	0	0	11	0	0	0	0	7	3	0	0	0	5	0	2	0	4	3	0	4
0	0	0	0	0	0	7	0	0	0	0	0	0	0	0	0	0	6	0	0	0	0	0	0	0	3	0	0	0	0	0
0	5	0	0	0	0	0	0	0	0	0	0	0	0	0	0	0	1	0	0	0	0	0	0	0	4	0	0	0	0	0
0	11	0	0	0	0	4	0	10	0	0	0	0	0	0	0	0	9	0	0	4	0	0	0	7	13	0	0	0	6	0
0	0	0	0	0	0	0	0	0	0	0	0	0	0	0	0	0	0	0	0	0	0	0	0	0	0	0	0	2	0	0
0	0	0	0	0	0	0	0	0	2	0	0	0	3	0	0	0	0	0	0	0	0	0	0	0	0	0	0	0	0	0
0	0	0	0	0	2	0	0	0	0	0	0	0	0	0	0	0	0	0	0	0	0	0	0	0	0	0	0	0	0	0
0	0	1	0	1	0	0	0	0	0	0	0	0	0	0	0	0	0	0	2	0	0	0	6	0	0	0	0	1	0	0
0	33	4	14	5	0	33	3	21	0	0	5	0	0	0	0	2	31	0	0	4	0	0	5	8	57	0	7	3	12	0
0	0	0	0	0	0	0	0	0	0	0	0	0	2	0	0	0	0	0	0	0	0	0	0	0	0	0	2	2	0	0
0	11	0	0	0	0	5	0	2	2	0	0	0	0	0	0	0	1	0	0	0	0	0	0	10	8	0	0	0	6	0
0	0	0	0	0	0	0	0	0	0	0	0	0	0	0	0	0	0	0	0	0	1	0	0	2	0	0	0	0	0	0
0	0	0	0	0	0	0	0	0	0	0	0	0	0	0	0	0	0	0	0	0	0	0	0	0	0	2	0	0	0	0
0	0	0	0	0	0	0	0	11	0	0	0	0	0	0	0	0	0	0	0	0	0	0	0	0	0	0	17	0	0	0
0	0	0	0	9	0	0	5	0	0	0	0	0	0	0	0	0	0	0	0	0	2	4	0	0	0	0	0	0	0	0
0	0	0	0	0	0	0	0	6	0	0	0	0	0	0	0	0	0	0	1	0	1	0	0	0	0	0	0	0	0	0
0	0	0	0	4	0	0	4	0	0	0	0	0	0	0	0	0	0	0	0	5	0	0	0	0	0	0	0	0	0	0
0	0	1	0	34	0	0	41	0	0	0	6	0	0	12	0	0	0	0	0	4	0	21	2	0	0	0	0	0	0	0
0	0	0	0	0	0	0	0	0	0	0	0	0	2	0	0	0	0	6	0	0	1	0	0	0	0	0	0	0	0	2
0	0	21	7	12	0	0	12	0	26	0	43	0	0	7	0	28	0	0	12	8	2	20	18	0	3	0	8	12	0	0
0	0	0	0	0	0	0	0	0	0	0	3	0	0	4	0	3	0	0	0	0	0	0	0	0	0	0	0	0	0	0
0	0	0	0	0	0	1	0	1	0	0	0	0	0	1	0	0	0	0	0	0	0	0	0	0	0	0	0	0	0	0
4	0	0	0	0	19	0	0	0	0	2	0	12	10	0	2	0	0	7	0	0	2	0	0	0	0	2	0	0	3	2
0	2	0	0	0	0	0	0	0	0	0	1	0	0	0	0	0	0	0	0	0	0	0	0	0	0	0	0	0	0	0
0	0	0	0	0	0	0	0	0	0	0	0	0	0	0	0	0	0	0	1	0	0	0	0	0	0	0	0	16	0	0
0	0	0	0	0	1	1	0	0	0	0	0	0	12	0	1	0	0	41	0	0	9	2	5	0	0	14	0	0	0	13
0	0	0	0	2	0	0	0	0	0	0	0	0	0	0	0	0	0	0	0	2	0	0	0	0	0	0	0	0	0	0
0	0	0	0	1	0	0	0	0	0	0	0	0	0	1	0	0	0	0	0	0	0	0	1	0	0	0	1	0	0	0
0	0	0	5	4	5	0	0	0	0	0	0	0	0	2	0	0	3	0	0	2	0	4	0	0	0	0	0	0	0	0
2	94	0	0	0	0	74	0	112	0	0	0	0	0	0	0	0	87	0	0	0	6	0	0	48	63	2	125	30	34	3
0	0	0	0	0	0	5	0	0	0	0	1	0	0	0	2	0	0	0	0	0	0	0	3	0	0	0	0	0	0	0
5	0	12	9	11	0	0	5	0	32	0	20	0	0	16	0	5	0	0	6	9	2	12	9	0	0	0	0	11	0	0
0	0	0	0	0	2	0	0	0	0	0	0	0	1	0	0	0	0	1	0	0	1	0	0	10	0	0	0	0	0	14
0	0	0	0	0	0	0	0	0	0	1	0	0	0	0	88	0	0	0	0	0	0	0	0	0	0	19	0	0	0	0
0	6	0	0	0	0	4	0	0	0	0	0	0	0	0	0	0	0	0	0	0	0	0	0	0	0	0	0	0	0	0
0	0	0	0	0	0	0	0	0	0	0	0	14	0	0	0	0	0	0	0	0	0	0	0	0	0	0	0	0	0	0
0	0	0	0	0	0	0	0	0	0	0	0	0	0	0	0	0	0	0	0	3	0	0	0	0	0	0	0	0	0	0
3	0	0	4	0	0	0	0	0	3	0	0	0	0	0	0	0	0	0	2	0	0	0	4	0	0	0	0	11	0	0
524	0	0	3	0	31	0	0	0	0	27	0	3	19	0	0	0	0	14	0	0	0	0	562	0	0	1	0	42	0	2
0	0	0	0	0	0	0	0	0	0	0	0	0	0	0	0	0	0	0	0	0	0	0	0	2	4	0	3	0	0	0
0	0	4	0	4	0	0	0	0	0	0	2	0	0	0	0	1	0	0	0	2	0	0	0	0	0	0	0	0	0	0
0	0	0	0	0	0	0	0	0	0	0	0	0	0	0	0	0	0	0	0	0	0	0	0	0	2	0	0	0	0	0
0	0	0	0	0	1	0	0	0	0	0	0	0	0	0	0	0	0	0	0	0	0	0	0	0	0	0	0	0	0	0
0	0	0	0	0	0	0	0	4	0	0	0	0	0	0	0	0	0	0	0	0	0	0	0	0	0	0	0	0	0	0
0	0	2	0	0	2	0	0	0	0	0	0	0	0	0	0	0	0	6	0	0	0	0	0	0	0	0	0	0	3	0
0	0	0	0	0	0	0	0	2	0	0	0	0	0	0	0	0	0	0	0	0	0	0	0	0	0	0	0	0	0	0
0	0	0	0	0	0	0	0	0	0	0	0	0	0	0	0	0	0	0	0	0	1	0	0	0	0	0	0	0	0	0
6	5	9	0	0	0	3	0	7	7	0	21	0	0	0	0	0	7	3	2	0	0	0	7	0	3	0	0	2	0	0
0	8	2	0	0	0	12	0	10	2	0	3	0	0	0	0	0	24	0	0	5	0	0	2	0	28	0	9	4	5	0
0	0	0	0	0	0	0	0	0	0	0	0	0	16	0	0	0	2	29	0	0	7	0	0	0	0	0	0	4	0	9
11	0	0	0	0	0	0	0	0	0	0	0	0	0	0	0	0	0	0	0	0	0	0	40	0	0	0	0	1	0	0
0	11	0	0	0	0	6	0	2	0	0	0	0	0	0	0	0	11	0	0	0	0	0	0	0	7	0	17	0	11	0
2	0	0	2	0	5	0	0	0	2	0	0	0	10	0	0	0	2	11	0	0	0	0	0	0	0	0	0	3	0	7
0	0	0	0	0	0	0	0	0	0	0	0	0	0	0	0	0	0	0	0	0	0	0	0	3	0	0	0	0	0	0
0	0	0	0	0	0	0	0	3	0	0	2	12	0	0	0	0	0	0	0	0	0	0	0	3	0	0	0	0	0	0
0	0	2	0	0	0	2	0	0	0	0	0	0	0	0	0	0	1	0	0	0	0	0	0	8	1	0	0	0	0	0
20	0	3	4	6	0	0	3	0	1	0	0	3	0	5	0	0	2	0	0	4	3	6	17	0	0	0	0	25	0	0
0	2	0	0	0	0	0	0	0	0	0	0	0	0	0	0	0	0	0	0	0	0	0	0	0	0	0	0	0	0	0
1	0	0	0	0	0	0	0	0	0	0	0	0	0	0	0	0	0	0	0	0	0	0	3	0	0	0	0	2	0	0
0	0	0	0	0	0	3	6	0	0	0	0	0	0	0	0	0	0	0	0	0	0	0	0	0	0	0	0	0	0	0
0	0	0	0	0	0	0	2	0	0	0	0	0	0	0	0	0	0	0	0	0	0	0	0	0	0	0	0	0	0	0
0	14	0	2	0	0	6	0	3	0	0	0	0	0	0	0	2	10	0	0	0	0	0	0	4	4	0	1	0	2	0
0	0	0	0	0	0	0	0	0	0	7	0	0	9	0	4	0	0	189	0	0	4	0	0	0	3	0	0	0	2	1
0	0	0	0	0	0	0	0	0	0	0	0	0	0	0	0	0	0	0	0	0	0	0	0	0	0	0	0	0	10	0
0	0	0	0	0	0	0	0	0	0	0	0	0	0	0	0	0	0	0	0	0	0	0	2	0	0	0	0	0	0	0
0	0	0	0	0	0	0	0	0	0	0	0	2	0	0	0	0	0	0	0	0	0	0	0	0	0	0	0	0	0	0
0	0	0	0	0	0	0	0	0	0	0	0	0	0	0	0	0	0	0	0	4	0	0	0	0	0	0	0	0	0	0
0	10	0	2	0	0	4	0	4	0	0	1	0	0	0	0	0	7	0	0	7	0	0	0	4	2	0	0	0	6	0
0	0	0	0	0	0	0	3	0	0	0	0	0	0	0	0	0	0	0	0	0	2	0	0	0	0	0	0	0	0	0
8	0	22	55	88	0	0	71	0	58	0	28	8	0	75	0	141	2	0	29	130	0	89	43	0	0	0	0	26	0	0
0	3	3	0	0	0	0	0	0	0	0	0	0	0	0	0	0	0	0	0	5	0	0	3	0	4	0	3	8	0	0
0	0	0	0	0	0	0	0	0	0	0	0	0	0	0	0	0	0	0	0	0	0	0	5	0	0	0	0	0	0	0
1	0	0	0	0	0	0	0	0	0	0	0	0	0	0	0	0	0	0	0	0	0	2	0	0	0	0	0	0	8	0
5	0	36	0	23	0	3	15	0	37	0	32	0	0	20	0	23	0	0	12	0	0	36	6	0	0	0	0	9	0	0
0	0	0	0	0	0	0	0	0	0	0	0	5	0	0	0	0	0	0	5	0	0	0	2	0	0	0	0	0	0	0
0	0	0	0	0	0	0	0	0	0	0	0	0	0	2	0	2	0	0	0	0	0	0	0	0	0	0	0	0	0	0
3	0	0	0	0	0	2	0	0	0	0	0	0	0	0	0	0	0	0	0	0	0	0	0	0	3	0	4	2	3	0
16	5	6	10	1	57	6	4	0	19	13	15	0	15	6	5	0	5	27	8	0	20	1	14	0	4	3	18	5	7	23
0	0	0	0	0	0	0	0	0	0	0	0	0	0	0	0	0	0	2	0	0	0	0	0	0	0	0	0	0	0	0
0	0	0	4	11	0	0	5	0	1	0	0	0	0	2	0	6	0	0	0	0	2	6	0	0	0	0	0	7	0	0
0	6	0	0	0	0	0	0	5	0	0	0	0	0	0	0	0	3	0	0	0	0	0	0	3	0	0	0	0	0	0
0	0	0	0	0	0	0	0	0	0	0	0	0	0	0	0	0	0	0	0	0	0	0	0	0	0	0	0	0	9	0
0	0	2	0	0	0	3	3	3	3	0	2	0	0	0	0	2	2	2	1	0	2	3	0	0	2	0	0	0	3	0
0	0	0	0	0	6	0	0	5	0	0	0	0	0	0	0	4	0	0	0	0	0	0	0	0	0	0	0	0	0	0
0	0	0	0	0	0	0	0	3	0	0	0	0	0	0	0	0	2	0	0	0	0	0	0	0	0	0	0	26	0	0
0	0	0	0	0	0	0	0	0	0	0	0	0	0	0	0	0	0	0	0	0	0	0	0	0	0	0	0	0	4	0
0	5	0	0	14	5	0	0	3	0	0	0	0	2	0	0	6	0	4	0	29	0	10	0	0	1	4	0	0	13	0
0	0	0	0	0	0	0	0	0	0	0	0	0	0	0	0	0	0	0	0	0	0	0	0	0	0	1	0	0	0	0
2	0	0	0	0	0	0	0	0	0	0	0	0	0	0	0	0	0	0	0	0	7	0	0	0	0	0	0	0	0	0
0	19	6	0	0	0	20	0	11	0	0	0	0	0	0	0	0	16	0	0	0	0	0	0	11	14	0	11	0	5	0
0	0	6	0	0	0	0	0	0	0	0	7	0	0	0	0	0	0	0	0	0	0	0	0	0	0	0	0	0	0	0
0	0	2	0	2	0	0	0	0	0	0	2	0	0	0	0	2	0	0	0	3	0	3	0	0	0	0	0	17	0	0
24	0	0	0	2	0	0	0	0	0	0	0	0	0	0	0	0	0	0	0	0	0	0	0	0	0	2	0	7	0	0
0	0	0	0	0	8	0	0	0	0	0	0	0	0	0	0	0	0	0	0	0	0	0	0	0	0	0	0	0	0	0
0	0	0	0	0	5	0	0	0	0	0	0	0	0	0	0	0	0	0	0	0	0	0	0	0	0	0	0	0	0	0
3	0	2	10	13	0	0	12	0	3	0	6	0	0	11	0	12	0	0	4	0	0	12	1	0	0	0	0	5	0	0
15	0	0	0	0	0	0	0	0	0	0	0	0	0	0	0	0	0	0	0	0	0	0	5	0	0	0	0	0	0	0
0	0	0	0	0	0	0	0	0	0	0	6	0	2	0	0	0	0	0	0	0	0	0	3	10	0	0	0	0	0	0
11	0	0	0	0	0	0	0	0	0	0	0	0	0	0	0	0	0	0	0	0	0	0	0	0	0	0	0	0	0	0
0	0	0	0	7	0	0	5	0	0	0	0	0	0	7	0	4	0	0	0	0	0	2	0	0	0	0	0	0	0	0
0	0	0	0	4	0	0	2	0	0	0	0	0	0	4	0	9	0	0	0	0	0	10	0	0	0	0	0	0	0	0
0	6	0	5	6	0	2	0	0	0	0	0	0	0	0	0	0	9	0	0	0	0	0	0	0	8	0	0	0	0	0
0	0	0	0	0	0	0	0	0	0	0	0	0	0	0	0	0	0	0	0	0	0	0	0	0	0	2	0	0	0	0
3	2	4	0	2	0	0	2	0	2	0	2	0	0	3	0	0	0	0	0	0	1	2	0	5	1	0	0	1	0	0
0	0	0	0	0	0	0	0	0	0	3	0	0	7	0	0	0	0	6	0	0	0	0	0	0	0	0	0	0	0	0
0	0	0	0	0	0	0	0	2	0	0	0	0	0	0	0	0	0	0	0	0	0	0	0	0	0	0	0	0	10	0
0	0	0	0	0	4	0	0	4	0	34	0	2	53	0	6	0	0	123	0	0	15	0	2	3	0	57	0	0	4	24
0	12	0	0	0	0	10	0	6	0	0	0	0	0	0	0	0	11	0	0	2	0	0	0	9	13	0	4	2	5	0
0	0	0	0	0	0	0	0	6	0	0	0	0	0	0	0	0	0	0	0	0	0	0	0	0	0	0	0	0	0	0
0	0	9	7	3	0	0	2	0	0	0	9	0	0	0	0	3	0	0	3	0	0	0	0	0	0	0	0	0	0	0
0	31	0	0	0	0	30	0	21	0	0	2	0	0	0	0	0	24	0	0	0	0	2	0	23	26	0	10	3	6	2
0	36	0	0	0	0	13	0	12	0	0	0	0	0	0	0	0	14	0	0	2	0	0	0	45	33	0	18	0	12	0
0	0	0	0	0	0	0	0	0	0	29	0	0	0	0	0	0	3	0	0	0	0	0	0	0	0	0	0	0	0	4
0	0	8	0	0	0	0	0	0	5	0	10	0	0	0	0	0	0	0	2	0	0	2	0	0	0	0	0	0	0	0
0	0	0	0	0	0	0	0	0	0	0	0	0	0	0	0	0	0	0	0	0	0	0	0	0	0	18	0	0	0	0
0	2	0	0	9	0	0	1	0	4	0	0	0	0	4	0	0	0	0	0	3	0	0	2	0	2	0	0	0	0	0
15	0	0	0	0	0	0	0	0	0	0	0	0	0	0	0	0	0	0	0	0	0	0	0	0	0	0	0	0	0	0
0	0	0	0	0	0	0	0	0	0	0	0	0	0	0	6	0	0	0	0	0	0	0	0	0	0	15	0	0	0	0
0	0	0	0	0	0	0	0	0	0	0	0	0	0	0	0	0	0	0	0	0	0	0	0	7	0	0	0	0	0	0
0	0	0	0	0	0	0	0	0	0	0	0	0	0	0	0	0	0	0	0	0	0	0	0	4	0	0	0	0	0	0
0	0	5	0	1	0	0	0	0	7	0	4	0	0	0	0	0	0	0	0	0	0	0	2	0	0	0	0	0	0	0
0	2	0	0	0	0	0	0	0	0	0	0	0	0	0	0	0	0	0	0	0	0	0	0	2	3	0	0	0	9	0
0	0	0	0	9	0	0	5	2	0	0	0	0	0	8	0	2	0	0	0	0	2	6	0	0	1	0	0	0	0	0
0	0	0	0	0	0	0	0	0	0	0	0	0	2	0	0	0	0	0	0	0	0	0	0	0	0	0	0	0	0	0
0	0	0	3	0	0	0	0	0	0	0	5	0	0	0	0	0	0	0	0	0	0	0	0	0	0	0	0	0	0	0
0	3	0	0	0	0	3	0	1	0	0	0	0	0	0	0	0	7	0	0	0	0	0	0	6	6	0	5	0	2	0
0	2	0	0	0	0	0	0	0	2	0	0	0	0	0	0	0	0	0	0	0	0	2	0	0	0	0	0	0	0	0
0	37	2	2	2	0	17	2	10	0	0	0	0	0	0	0	0	32	0	2	2	0	0	2	10	16	0	22	0	3	0
0	0	0	0	0	0	0	0	0	0	3	0	0	3	0	1	0	0	5	0	0	0	0	0	0	0	0	0	0	0	0
0	0	0	0	0	0	0	0	0	0	0	0	0	0	0	0	0	0	0	0	0	0	0	0	0	0	0	0	0	0	8
403	0	151	1681	372	0	0	326	0	200	0	178	0	0	160	0	539	0	0	106	428	0	343	325	1	3	0	0	233	3	0
4	0	0	0	0	3	3	0	0	0	0	0	0	0	0	0	0	0	0	0	0	0	0	0	0	0	0	0	0	0	0
3	5	0	7	0	0	0	0	0	0	0	0	0	0	0	0	0	2	0	0	0	0	0	0	0	7	0	4	19	3	0
0	0	0	0	9	0	0	2	0	1	0	0	0	0	2	0	5	0	0	0	1	0	5	0	0	0	0	0	10	0	0
0	0	0	0	0	0	0	2	0	0	0	2	0	0	3	0	0	0	0	0	0	0	4	0	0	0	0	0	0	0	0
5	17	27	14	16	0	9	6	2	46	0	18	0	0	10	0	7	12	0	16	9	0	4	8	4	8	0	4	7	5	0
0	0	0	0	0	0	0	3	0	2	0	0	0	0	3	0	0	0	0	0	0	0	3	0	0	0	0	0	0	0	0
0	0	0	0	0	0	0	0	0	0	0	0	0	0	0	0	0	0	0	0	0	0	0	0	0	0	0	0	0	0	3
0	0	0	0	0	0	3	0	0	0	0	0	0	0	0	0	4	0	0	0	0	0	0	0	0	0	0	0	0	0	0
0	0	0	0	0	0	0	0	0	0	0	0	0	2	0	0	0	0	0	2	0	0	0	0	0	0	0	0	0	0	0
0	0	2	9	16	0	0	7	0	3	0	8	0	0	16	0	3	0	0	0	2	4	11	0	0	0	0	0	0	0	0
0	0	0	0	0	0	0	0	0	0	0	0	0	0	0	0	0	0	0	0	0	10	0	0	0	0	0	0	0	0	0
0	0	0	0	0	0	0	0	0	0	0	3	0	0	0	0	0	0	0	0	0	0	0	0	0	0	0	0	0	0	0
0	0	0	0	0	0	0	0	0	0	0	0	0	0	0	0	0	0	0	0	0	0	2	0	0	0	0	0	0	0	0
0	0	0	0	0	2	2	0	0	0	0	0	0	0	0	0	0	0	0	0	0	0	0	0	0	0	0	0	0	0	0
0	13	2	0	0	0	5	0	5	2	0	0	0	0	0	0	0	9	0	0	3	0	0	0	9	8	0	0	2	5	0
0	0	0	0	0	0	0	0	0	0	0	0	0	0	0	0	0	0	0	0	0	0	0	4	0	0	0	0	0	0	0
0	0	2	0	0	0	0	0	0	0	0	0	0	0	0	0	0	0	0	0	0	0	0	0	0	0	0	0	5	0	0
0	0	0	0	0	0	0	0	0	0	0	0	0	0	0	2	0	0	0	0	0	0	0	0	0	0	0	0	0	0	0
0	0	0	0	0	3	0	0	0	0	0	0	0	0	0	0	0	0	0	0	0	0	0	0	0	0	0	0	0	0	0
0	0	0	0	0	0	1	0	0	0	0	0	0	4	0	0	0	0	3	0	0	5	0	0	0	2	0	3	0	0	5
6	0	2	6	20	0	0	9	0	3	0	0	2	0	4	0	16	0	0	0	15	0	4	3	0	0	0	0	1	0	0
2	0	2	0	0	0	0	0	0	0	0	0	0	0	3	0	0	0	0	0	0	0	3	0	0	0	0	0	0	0	0
47	2	0	0	2	0	0	0	0	0	0	0	0	4	3	0	0	0	11	3	0	3	0	9	0	0	0	27	3	0	2
0	0	0	0	0	0	0	0	0	0	0	0	0	0	0	0	0	0	2	0	0	0	0	0	0	0	0	0	0	0	2
0	0	0	0	0	11	0	0	0	0	0	0	0	0	0	0	0	2	0	0	0	5	0	0	0	0	0	0	0	0	10
0	4	0	0	0	0	3	0	0	0	0	0	0	0	0	0	0	11	0	0	0	0	0	0	0	0	0	0	0	6	0
0	0	0	2	0	0	2	0	0	0	0	0	0	0	0	0	0	0	0	2	0	0	0	2	0	0	0	0	3	0	0
0	0	0	0	0	0	0	0	0	0	0	0	0	0	0	0	0	0	0	0	0	0	3	0	0	0	2	0	0	0	0
0	1	0	0	0	0	0	0	3	0	0	0	0	0	0	0	0	2	0	0	0	0	0	0	0	0	0	5	0	0	0
0	0	0	0	0	0	0	0	0	0	0	0	0	0	0	0	0	0	0	0	0	4	0	0	0	0	0	0	0	0	0
0	0	0	0	0	0	0	0	0	0	0	0	0	2	0	0	0	0	0	0	0	0	0	0	0	0	0	0	0	0	0
0	0	0	0	0	0	0	0	0	0	0	0	0	0	0	0	0	2	0	0	0	0	0	0	0	0	0	0	0	0	0
0	3	2	0	2	14	0	2	0	0	0	0	0	7	0	64	0	0	8	0	0	0	0	2	0	0	35	0	0	0	0
0	0	0	0	0	0	0	0	0	0	0	0	0	0	0	0	0	0	0	0	5	0	0	0	0	0	0	0	0	0	0
0	0	0	0	0	0	0	0	0	0	0	0	0	0	0	0	0	0	0	0	0	2	0	0	0	0	0	0	0	0	0
0	0	2	3	0	37	0	0	0	4	0	0	0	3	0	13	0	0	6	0	0	0	0	0	0	0	0	0	0	3	2
0	0	0	0	0	0	0	0	2	0	0	0	0	0	0	0	0	0	0	0	0	0	0	0	0	0	0	0	0	0	0
0	0	0	0	0	0	0	0	0	0	0	0	0	0	0	0	0	0	3	0	0	0	0	0	0	0	0	0	0	0	0
0	0	0	0	0	0	0	0	0	0	0	0	0	0	0	0	0	0	4	0	0	0	0	0	0	0	0	0	0	0	0
0	0	0	0	0	0	0	0	0	0	0	0	0	0	0	0	0	0	10	0	0	0	0	0	0	0	0	0	0	0	0
0	0	0	0	2	0	0	3	0	0	0	2	0	0	13	0	7	0	0	0	0	0	18	0	0	0	0	0	0	0	0
0	0	0	3	0	0	0	0	0	3	0	0	0	0	0	0	3	0	0	0	1	0	2	0	0	0	0	0	3	0	0
2	0	0	0	0	15	0	0	2	0	0	0	0	0	0	0	0	0	0	0	0	0	0	0	0	0	7	0	0	0	0
0	0	0	0	0	0	0	0	0	0	0	0	0	0	0	0	0	0	0	0	0	0	0	0	0	0	0	0	15	0	0
0	0	0	0	0	0	0	0	0	0	0	0	0	2	0	0	0	0	4	0	0	0	0	0	0	0	0	0	0	0	0
0	0	0	0	6	0	0	3	0	0	0	0	0	0	5	0	0	0	0	0	0	3	0	0	0	0	0	0	0	0	0
0	3	0	0	0	0	0	0	0	0	0	0	0	0	0	0	0	0	0	0	0	0	0	0	0	0	0	0	0	0	0
0	0	0	0	0	6	0	0	0	0	42	0	0	0	0	99	0	0	2	0	0	0	0	0	0	0	49	0	0	0	0
0	0	0	0	0	0	0	0	0	0	0	0	0	0	0	0	0	0	2	0	0	0	0	0	0	0	0	0	0	0	0
0	0	0	0	0	0	0	2	2	0	0	0	0	0	0	0	0	0	0	0	0	0	0	0	0	0	0	0	0	0	0
2	0	0	0	0	1	0	1	0	0	0	0	0	0	0	0	0	0	0	0	0	0	0	0	0	0	0	0	0	0	0
0	3	2	0	0	0	0	0	0	2	0	0	0	0	0	0	3	3	0	4	0	0	0	0	0	0	0	0	0	0	0
0	0	0	0	0	0	0	0	4	0	0	0	0	0	0	0	0	0	0	0	0	0	0	0	0	0	0	0	0	0	0
0	0	0	0	0	0	0	0	0	0	0	0	0	0	0	0	0	0	0	0	0	0	0	0	0	0	5	0	0	0	0
0	0	0	0	0	0	0	0	0	0	0	0	0	0	0	0	0	0	1	0	0	0	0	0	0	0	0	0	0	0	0
0	4	0	0	0	0	0	0	4	0	0	0	0	4	0	0	0	6	0	3	0	0	0	0	5	0	0	0	0	6	0
0	2	0	0	2	0	0	0	0	0	0	0	0	0	0	0	0	0	0	0	0	0	0	0	0	0	0	0	0	0	0
0	0	0	0	0	0	0	0	0	0	0	0	0	0	0	2	0	0	0	0	0	0	0	0	0	0	0	0	0	0	0
0	2	0	0	2	0	0	0	0	0	0	0	0	0	2	0	0	0	0	0	0	2	0	0	2	0	0	0	0	0	0
2	0	0	4	0	0	2	0	0	4	0	0	0	0	0	0	0	2	0	2	0	0	0	0	2	3	0	0	0	2	0
0	0	0	0	0	4	0	0	0	0	0	0	0	0	0	0	0	0	0	0	0	0	0	4	0	0	0	0	0	0	0
0	0	0	0	0	0	0	0	3	0	0	0	0	0	0	0	0	0	0	0	0	0	0	0	0	1	0	2	0	0	0
0	0	0	0	6	0	0	2	0	2	0	0	0	0	0	0	0	0	0	0	0	0	0	0	0	0	0	0	0	0	0
14	0	17	43	99	0	2	82	0	30	0	20	13	0	75	0	65	2	0	11	100	4	90	46	0	2	0	2	26	0	0
0	0	0	0	0	0	0	0	0	0	0	0	0	0	4	0	0	0	0	0	0	0	2	0	0	0	0	0	0	0	0
0	0	0	0	0	0	0	0	0	0	0	0	0	0	2	0	0	0	0	0	0	0	0	0	0	0	0	0	0	0	0
0	0	0	0	0	0	0	0	0	0	0	0	0	0	0	0	0	0	0	0	0	0	0	0	7	0	0	0	0	0	0
0	0	0	0	0	0	0	0	4	0	0	0	0	0	0	0	0	0	0	0	0	0	0	0	3	0	0	0	0	0	0
0	0	0	0	0	0	0	0	0	0	0	0	0	0	0	0	5	0	0	0	0	0	0	0	0	0	0	0	0	0	0
0	0	0	0	0	5	0	0	3	0	0	0	0	18	0	0	0	0	12	0	0	0	0	0	0	2	0	0	0	3	8
0	3	0	0	0	0	0	0	0	0	0	0	0	0	0	0	0	0	0	0	0	0	0	0	0	0	0	0	0	0	0
0	0	0	0	0	0	0	0	0	0	0	0	15	0	0	0	0	0	0	0	0	0	0	0	0	0	0	0	0	0	0
2	0	0	0	0	2	0	0	0	0	0	9	0	0	0	0	0	0	2	2	0	0	0	2	0	0	0	0	0	0	5
0	0	0	0	2	0	0	0	2	0	0	0	0	0	3	0	0	0	0	1	0	0	0	0	0	2	0	1	0	0	0
0	0	0	0	0	0	0	0	0	0	0	0	0	0	0	8	0	0	0	0	0	0	0	0	0	0	0	0	0	0	0
0	0	0	0	0	0	0	0	0	0	0	0	0	0	0	0	0	0	0	0	0	0	0	0	0	0	2	0	0	0	0
0	0	0	0	0	2	0	0	0	0	0	0	0	0	2	0	0	0	0	0	0	7	0	0	0	0	0	0	0	0	0
10	3	0	0	0	26	0	3	0	5	0	6	0	32	2	0	0	3	23	3	11	0	0	0	0	0	2	11	2	10	7
0	0	0	0	0	0	0	0	0	0	0	0	12	0	0	0	0	0	0	0	0	0	0	0	0	0	0	0	0	1	0
0	0	0	0	0	0	0	0	0	0	0	0	0	0	0	4	0	0	6	0	0	0	0	0	0	0	0	0	0	0	2
0	0	1	5	9	0	3	2	0	0	0	0	0	0	6	0	0	0	0	1	3	0	4	0	0	2	0	0	2	0	0
59	9	100	124	169	3	10	134	24	128	0	144	6	0	115	0	76	20	14	89	40	1	131	94	22	17	0	2	108	11	8
0	2	0	0	0	1	0	0	0	0	3	0	0	0	0	0	0	0	0	0	0	0	0	0	0	0	0	0	0	0	0
0	0	6	3	0	0	0	0	0	2	0	9	0	0	0	0	0	0	0	2	0	0	0	0	0	0	0	0	2	0	0
0	0	0	0	0	0	0	0	0	0	0	0	14	0	0	0	0	0	0	0	0	0	0	0	0	0	0	8	0	0	0
2	6	0	0	0	0	4	0	0	0	0	0	0	0	0	0	0	12	0	0	0	0	0	0	11	9	0	0	0	0	0
3	0	3	0	0	0	0	0	0	6	0	0	0	0	0	0	0	0	0	3	0	0	3	0	0	0	0	0	0	0	0
0	0	0	11	0	0	0	0	0	0	0	0	0	0	0	0	0	0	0	0	0	0	0	0	0	0	0	0	0	0	0
0	9	0	0	0	0	14	0	12	0	0	0	0	0	0	0	0	13	0	0	6	0	0	0	24	6	0	8	0	2	0
0	0	0	0	0	0	0	0	0	0	0	0	3	0	0	0	0	0	0	0	0	0	0	0	0	0	0	0	0	0	0
3	0	0	0	0	0	3	0	2	0	0	0	0	0	0	0	0	0	0	0	0	0	0	0	0	4	0	12	0	6	0
0	0	0	0	4	0	0	4	0	0	0	0	0	0	9	0	0	0	0	0	0	0	12	0	0	0	0	0	0	0	0
0	0	3	2	0	0	0	0	0	0	0	0	0	0	0	0	0	0	0	0	4	0	0	0	0	0	0	0	22	0	0
0	0	0	0	0	3	0	2	0	0	0	0	0	0	0	0	10	0	0	0	0	0	0	0	0	0	0	0	0	0	0
0	0	0	0	0	0	0	0	0	0	0	0	0	0	0	0	0	0	0	0	0	0	0	0	0	0	0	0	0	0	5
0	3	0	0	2	0	2	0	0	0	0	0	0	0	0	0	0	0	8	0	0	0	0	0	0	0	0	0	3	0	4
0	0	0	0	0	0	0	0	0	0	0	0	0	3	0	0	0	0	1	2	0	0	0	0	0	0	0	0	0	0	0
115	401	109	263	208	0	370	211	190	217	0	154	8	0	134	0	106	466	0	89	203	0	256	187	306	503	0	101	199	152	0
24	0	0	0	0	0	0	0	0	0	0	0	0	0	0	0	0	0	0	0	0	0	0	0	0	0	0	0	0	0	0
0	0	2	5	0	0	0	0	0	0	0	0	0	0	0	0	0	0	0	0	0	3	0	0	0	0	0	0	0	0	0
0	0	0	0	0	0	0	0	0	0	0	0	0	0	0	0	0	0	0	0	0	0	0	0	0	1	0	0	0	0	0
0	2	0	0	0	0	0	0	2	0	0	0	0	0	0	0	0	0	0	0	0	0	0	0	0	0	0	0	0	0	0
0	0	0	0	0	0	0	0	0	0	0	0	0	0	0	0	0	0	0	0	0	0	0	0	0	0	0	0	0	0	5
0	0	3	1	12	0	0	6	0	7	0	2	0	0	7	0	9	4	0	0	26	0	2	0	0	0	0	0	0	0	0
0	0	2	0	0	0	0	0	0	0	0	0	0	0	0	0	0	0	0	0	0	1	0	0	0	0	0	0	0	0	0
0	0	0	0	0	0	0	0	0	0	0	0	0	0	0	0	0	0	0	0	0	0	0	0	0	0	13	0	0	0	0
0	0	2	0	8	0	0	2	0	0	0	7	0	0	3	0	7	0	0	3	1	0	4	0	0	0	0	0	0	0	0
0	0	0	0	0	0	0	0	0	0	0	0	0	0	0	0	0	6	0	0	0	2	0	0	0	0	0	0	0	0	0
0	0	0	0	0	0	0	0	0	0	0	0	0	2	0	0	0	0	0	0	0	0	0	0	0	0	0	0	0	0	0
0	0	5	0	0	0	0	0	0	2	0	0	0	0	0	0	0	0	0	0	0	0	0	0	0	0	0	0	0	0	0
0	0	0	0	0	0	2	0	0	0	0	0	0	0	0	0	0	2	0	0	0	0	0	0	0	0	0	0	0	0	0
0	0	0	0	0	0	2	2	0	0	0	0	0	0	4	0	0	0	0	0	0	0	0	0	0	0	0	2	0	3	0
0	0	2	0	0	0	0	0	0	0	0	0	0	0	0	0	0	0	0	0	0	0	0	0	0	0	0	0	0	0	0
0	1	0	0	0	0	3	0	4	0	0	0	0	0	0	0	0	3	0	0	0	0	0	0	0	2	0	0	0	0	0
0	1	0	0	0	0	0	0	0	0	0	0	0	0	0	0	0	0	0	0	0	0	0	0	0	0	0	0	0	0	0
0	0	0	0	0	0	0	0	0	0	0	0	0	0	0	0	0	1	0	0	0	2	0	0	0	0	0	0	0	0	0
0	0	0	0	0	8	0	0	0	0	0	0	0	0	0	0	0	0	0	0	0	0	0	0	0	0	0	0	0	0	0
0	13	24	2	0	0	10	3	5	21	0	8	0	0	0	0	0	16	0	11	0	0	0	0	0	9	0	8	3	3	0
0	0	0	0	0	0	0	0	0	0	0	0	0	0	0	0	0	0	0	0	8	0	0	0	0	0	0	0	0	3	0
0	0	0	0	0	0	0	0	0	0	0	0	0	0	0	2	0	0	0	0	0	0	0	0	0	0	0	10	0	0	0
0	0	0	2	1	0	0	2	0	0	0	0	0	0	0	0	0	0	0	0	0	0	0	0	0	0	0	0	0	0	0
30	0	13	0	0	0	0	0	1	3	0	0	0	2	0	0	0	0	7	2	0	11	0	0	0	0	0	0	6	0	0
0	4	0	0	0	0	0	0	0	0	0	0	0	0	0	0	0	2	0	0	0	0	0	0	0	0	0	13	0	0	0
0	0	0	0	8	0	0	2	0	4	0	0	0	0	2	0	4	3	0	0	3	0	2	0	10	0	0	0	4	0	0
2	5	5	0	0	10	5	0	4	3	0	0	0	12	0	0	0	10	10	0	0	21	0	4	7	2	0	3	11	12	4
2	10	0	0	0	0	4	0	8	0	0	0	0	0	2	0	0	11	0	0	0	0	0	8	0	20	0	6	0	5	0
3	0	4	0	0	0	0	0	1	4	0	4	0	0	0	0	0	0	0	8	0	2	0	12	0	0	0	0	0	0	0
0	0	0	0	0	0	0	0	0	0	0	0	0	0	0	0	0	0	0	0	12	0	0	0	0	0	0	0	0	0	0
0	106	0	0	0	0	39	0	81	0	0	0	0	0	0	0	0	68	0	0	0	0	0	0	105	54	0	54	0	35	0
2	0	8	0	1	0	0	3	0	4	0	2	0	0	2	0	2	0	0	0	0	0	7	0	0	0	0	0	0	0	0
62	14	0	11	0	0	3	10	14	0	0	0	0	0	0	0	0	14	0	10	48	0	0	18	0	21	2	5	242	13	3
0	0	0	0	0	0	0	0	0	0	0	0	0	0	0	0	0	0	0	0	107	0	0	0	0	0	0	0	0	0	0
0	0	2	0	5	0	0	0	0	0	0	0	0	0	0	0	12	0	0	0	0	0	5	0	0	0	0	0	0	0	0
0	0	2	2	4	0	6	0	2	3	0	4	0	0	0	0	0	8	0	4	5	0	2	0	0	3	0	1	4	12	0
0	0	0	0	0	0	0	0	0	0	0	0	0	0	0	0	0	0	0	0	4	6	0	0	0	0	0	0	0	0	0
0	5	0	0	0	0	8	0	2	0	0	0	0	0	0	0	0	5	0	0	0	0	0	0	13	8	0	0	0	10	0
0	0	0	0	0	0	0	0	0	0	0	0	15	0	0	0	0	0	0	0	0	0	0	0	0	0	0	0	0	0	0
0	0	0	0	0	4	0	0	0	0	1	0	0	10	0	10	0	0	6	0	0	0	0	0	0	0	8	0	0	0	3
4	0	3	1	0	0	0	0	0	0	0	0	1	0	0	0	0	0	0	2	0	0	0	4	0	4	0	36	1	0	0
7	0	0	0	2	7	0	0	0	3	0	5	0	0	0	0	0	2	0	0	0	0	0	11	0	0	0	0	0	0	0
0	0	0	0	0	0	0	0	0	0	0	2	0	0	0	0	0	2	0	0	0	0	0	0	0	0	0	0	0	0	0
0	0	0	0	0	0	0	2	0	0	0	0	0	0	7	0	0	0	0	0	0	0	3	0	0	0	0	0	0	0	0
6	3	48	49	2	0	1	0	6	46	0	72	0	0	0	0	0	6	0	11	0	0	0	8	0	0	0	2	0	0	1
0	0	0	0	0	0	0	0	0	0	0	0	0	0	0	0	0	0	0	4	0	0	0	0	0	0	0	0	0	0	0
0	0	0	0	0	0	0	0	0	0	0	0	0	18	0	0	0	0	17	2	0	0	0	0	0	0	0	0	0	0	5
0	6	0	0	0	0	4	0	0	0	0	0	0	0	0	0	0	9	0	0	0	0	0	0	4	2	0	0	0	0	0
2	0	2	0	0	15	11	2	13	0	1	0	0	0	0	0	0	0	3	0	0	189	1	0	7	2	3	4	0	0	57
0	0	0	0	0	9	0	0	0	0	0	0	0	0	0	0	0	0	1	0	0	0	0	0	0	0	0	0	0	0	0
5	0	3	2	2	0	0	0	0	3	0	0	0	0	3	0	0	3	0	3	0	0	6	9	0	0	0	0	5	0	0
0	0	3	0	17	0	0	20	0	0	0	0	5	0	18	0	12	0	1	0	8	0	17	0	0	0	0	0	0	0	0
0	0	0	0	0	0	2	0	0	4	0	0	0	0	0	0	0	0	0	0	0	0	0	0	0	0	0	0	2	0	0
0	0	0	0	2	0	0	2	0	0	0	3	0	0	0	0	0	0	0	0	0	0	5	0	0	0	0	0	0	0	0
41	0	0	0	0	0	0	0	0	0	0	0	0	0	0	0	0	0	0	0	0	0	0	0	0	0	0	0	0	0	0
0	0	3	0	0	0	0	0	0	3	0	0	0	0	0	0	0	0	0	4	0	0	0	0	0	0	0	0	0	0	0
0	0	2	0	0	0	0	0	0	0	0	0	0	0	0	0	0	0	0	0	0	0	0	0	0	0	0	0	0	0	0
3	0	3	3	5	0	0	6	0	5	0	2	0	0	0	0	11	0	0	2	7	0	0	5	0	0	0	3	34	0	0
0	0	9	0	0	0	0	0	0	2	0	5	0	0	1	0	0	0	0	0	4	0	4	2	0	0	0	0	0	0	0
0	0	0	0	0	0	0	0	0	0	0	0	0	0	0	0	0	0	1	0	0	0	0	0	0	0	0	0	0	0	0
0	0	0	0	0	0	0	0	0	0	0	0	0	0	0	0	0	0	0	0	0	0	0	0	0	0	0	10	0	0	0
0	0	0	0	0	0	0	0	0	0	0	4	2	0	0	0	2	0	0	0	0	0	0	0	0	0	0	0	0	0	0
0	0	0	0	0	0	0	1	0	0	4	0	0	0	0	0	0	0	0	0	0	0	0	0	0	0	0	0	0	0	0
0	0	0	0	0	5	0	0	0	0	0	0	0	0	0	0	0	0	0	0	0	0	0	0	0	0	0	0	0	0	0
0	0	0	2	0	0	0	0	0	0	0	0	0	0	0	0	0	0	0	0	0	0	0	0	0	0	0	0	0	0	0
0	0	0	0	0	0	0	0	0	0	0	0	0	0	0	0	2	0	0	0	0	1	0	0	0	0	0	0	0	0	0
0	0	0	0	0	0	0	0	0	0	0	0	0	0	0	0	0	2	0	0	0	0	0	0	0	0	0	0	0	0	0
0	0	0	0	0	2	0	0	0	0	0	0	0	0	0	0	0	0	0	0	0	0	0	0	0	0	0	0	0	0	0
0	0	0	0	0	0	0	0	0	0	0	2	0	0	0	0	0	0	0	0	0	0	0	0	0	0	0	0	0	0	0
0	0	8	3	0	0	0	0	0	5	0	5	0	0	0	0	0	0	0	7	0	0	2	0	2	0	0	0	0	0	0
0	0	0	0	0	2	0	0	0	0	0	0	0	0	0	0	0	0	2	0	0	0	0	0	10	2	0	0	0	0	0
0	1	0	0	2	0	4	0	4	0	0	0	0	0	0	0	0	11	0	0	0	0	0	0	0	0	0	0	0	5	0
0	0	8	2	5	0	0	4	0	6	0	10	0	0	5	0	3	0	0	0	3	0	3	0	0	0	0	0	0	0	0
0	4	0	0	0	0	4	0	5	0	0	0	0	0	0	0	0	9	0	0	0	0	0	0	2	8	0	0	0	2	0
0	0	0	0	0	0	0	0	0	0	0	0	2	0	0	0	0	0	0	0	0	0	0	0	0	0	0	0	0	0	0
0	0	0	0	0	0	0	0	0	0	0	0	0	0	0	0	0	0	0	0	0	0	0	0	0	0	0	0	0	3	0
2	0	0	6	0	0	0	0	0	0	0	0	0	0	0	0	0	0	0	2	0	0	0	0	0	0	0	0	4	0	0
0	0	0	0	0	0	0	0	0	0	0	0	0	0	0	0	0	0	2	0	0	0	0	0	0	0	0	0	0	0	0
0	0	0	0	0	0	0	0	0	0	0	0	0	0	0	0	0	0	0	0	0	9	0	0	0	0	0	0	0	0	0
0	0	0	0	0	6	0	0	0	0	0	0	0	0	0	0	0	0	0	0	0	0	0	0	0	0	11	0	0	0	0
0	0	0	0	0	0	5	0	0	0	0	0	0	0	0	0	0	0	0	0	0	0	0	0	2	1	0	5	0	4	0
2	0	1	3	3	0	0	3	0	0	0	0	0	0	2	0	3	0	0	0	4	0	7	0	0	0	0	0	0	0	0
0	0	0	0	0	0	0	0	2	0	0	0	0	0	0	0	0	0	0	0	0	0	0	0	0	0	0	0	0	0	0
0	0	0	0	0	0	0	0	0	0	0	0	0	0	0	0	0	0	0	0	0	2	0	0	0	0	0	0	0	0	0
0	0	0	0	0	0	0	0	0	0	0	0	0	0	0	0	0	0	2	0	0	0	0	0	0	0	0	0	0	3	0
9	0	0	0	0	0	0	0	0	3	0	3	0	0	0	0	0	0	0	0	0	0	0	0	0	0	0	0	0	0	0
0	0	0	0	0	0	0	0	0	0	0	0	0	0	3	0	3	0	0	0	0	0	6	0	0	0	0	0	0	0	0
0	0	0	0	0	0	0	0	0	0	0	0	0	0	0	0	0	0	0	0	0	0	0	2	0	0	0	0	0	0	0
2	14	0	0	0	0	12	0	17	0	0	0	0	0	0	0	0	13	0	0	0	0	0	0	17	19	0	0	0	13	0
0	0	0	0	0	4	0	0	0	0	0	2	0	0	0	0	0	0	0	0	0	0	0	0	0	0	0	0	0	0	0
0	0	0	0	0	0	0	2	0	2	0	0	0	0	0	0	5	0	0	0	0	0	0	0	0	0	0	0	0	8	0
0	0	0	0	0	0	0	3	0	0	0	0	0	0	0	0	0	0	0	0	0	0	0	0	0	0	0	0	0	3	0
0	2	0	0	0	0	0	0	0	0	0	0	0	0	0	0	0	2	0	0	0	0	0	0	5	4	0	0	0	0	0
0	2	0	0	2	0	0	0	0	0	0	0	0	0	0	0	0	0	0	0	0	0	1	0	0	0	0	0	0	0	0
28	0	101	73	276	0	2	191	0	139	0	139	8	0	176	0	155	5	0	47	97	0	205	66	0	5	0	0	23	2	0
0	23	0	0	0	0	10	0	14	0	0	0	0	0	0	0	0	24	0	0	7	0	0	0	5	21	0	7	0	0	0
6	48	21	16	7	0	27	0	18	27	0	35	0	0	0	0	1	22	0	20	4	0	3	10	10	31	0	13	14	25	0
0	0	0	0	0	0	0	0	0	0	0	0	0	0	0	0	0	3	0	0	0	0	0	0	4	2	0	4	0	0	0
0	0	0	0	0	0	0	0	0	0	0	0	0	0	0	0	0	0	0	0	0	0	0	0	0	0	0	0	0	0	2
2	0	4	0	0	0	0	0	0	0	0	0	0	0	0	0	2	0	0	0	2	1	2	3	0	0	0	0	3	0	0
0	29	0	0	0	0	15	0	11	0	0	0	0	0	0	0	0	51	0	0	0	0	0	0	21	24	0	3	0	15	0
0	0	0	0	0	0	0	0	0	0	0	0	0	0	0	0	0	0	0	0	0	0	0	0	0	1	0	0	0	0	0
0	0	0	3	0	0	0	0	0	0	0	4	0	0	0	0	0	0	0	2	0	0	3	0	0	0	0	0	3	0	0
0	0	0	0	0	0	0	0	0	0	0	0	0	0	0	0	0	0	0	0	0	0	0	0	0	0	19	0	0	0	0
0	0	2	0	0	0	0	0	0	0	0	0	0	0	0	0	0	0	0	0	0	2	0	0	0	0	0	0	0	0	0
3	0	0	0	33	0	0	14	0	4	0	0	0	0	18	0	10	0	0	3	4	8	20	3	0	0	0	0	4	0	0
0	0	2	0	2	0	0	3	0	0	0	3	0	0	1	0	0	0	0	0	0	0	0	0	0	2	0	0	0	0	0
0	0	0	0	0	0	0	7	0	0	0	0	0	0	2	0	0	0	0	0	0	0	2	0	0	0	0	0	0	0	0
0	0	0	0	0	0	0	0	0	0	0	0	0	0	0	0	0	0	0	0	0	0	0	0	10	0	0	0	0	0	0
11	0	0	0	0	0	0	0	0	0	0	0	0	0	0	0	0	0	0	0	0	0	0	0	0	0	43	0	6	0	0
0	0	0	0	0	0	0	0	0	0	0	0	0	0	0	0	0	0	2	0	0	0	0	0	0	0	0	0	0	5	0
0	0	0	0	0	0	0	0	0	0	0	0	0	0	0	0	0	0	0	0	0	0	0	0	0	2	0	0	0	0	0
0	0	0	0	0	0	0	0	1	0	0	0	0	0	0	0	0	0	0	0	0	0	0	0	0	0	0	0	0	0	0
0	0	0	0	0	0	0	0	6	0	0	0	0	0	0	0	0	4	0	0	0	0	0	0	6	5	0	2	0	0	0
2	0	0	0	0	1	0	0	0	0	0	0	0	0	0	15	0	0	0	0	0	0	0	39	0	0	0	0	0	0	0
0	0	0	0	0	0	0	0	0	0	0	0	0	0	0	0	0	2	0	0	0	0	0	0	0	0	0	0	0	0	0
0	0	0	0	0	0	0	0	0	0	0	0	0	0	0	2	0	0	0	0	0	0	0	0	0	0	0	0	0	0	0
0	0	1	0	0	0	0	0	0	0	0	0	0	0	0	0	0	0	0	0	0	0	0	0	0	0	0	0	0	0	0
0	0	0	0	0	0	0	0	0	0	0	0	0	0	0	0	0	0	0	0	0	11	0	0	0	0	0	0	0	0	0
0	0	0	0	0	4	0	0	0	0	0	0	0	0	0	0	0	0	0	0	0	0	0	0	0	0	0	0	0	0	0
1	0	0	3	4	0	1	0	0	1	0	0	0	0	0	0	5	7	0	0	7	0	6	0	0	3	0	18	0	0	0
0	2	0	0	0	0	6	0	11	0	0	0	0	0	0	0	0	5	0	0	0	0	0	0	7	0	0	4	0	3	0
6	0	0	0	0	0	0	0	0	0	0	0	0	0	0	0	0	0	0	0	0	0	0	0	0	0	0	0	8	0	0
0	0	0	0	0	0	0	0	0	0	0	0	0	2	0	0	0	0	0	0	0	0	0	0	0	0	0	0	0	0	0
0	4	0	0	0	0	4	0	0	0	0	0	0	0	0	0	0	2	0	0	0	0	0	2	7	0	0	0	0	4	0
0	0	0	0	0	0	0	0	0	0	0	0	0	0	0	7	0	0	0	0	0	0	0	0	0	0	2	0	0	0	0
0	0	0	0	0	0	0	0	0	0	0	0	0	0	0	0	0	0	0	0	0	0	0	0	0	0	0	0	0	12	0
0	0	0	0	0	0	0	0	0	0	0	0	2	0	0	0	0	0	0	0	0	0	0	0	0	0	0	0	0	0	0
0	5	0	0	0	0	13	0	2	0	0	0	0	0	0	0	0	10	0	0	0	0	0	0	17	12	0	5	0	11	2
0	0	0	0	0	2	0	0	0	0	0	0	0	0	0	0	0	0	0	0	0	0	0	0	0	0	0	0	0	0	0
0	2	0	0	2	0	0	0	0	0	0	0	0	0	0	0	0	0	0	0	0	0	0	0	0	0	0	0	0	0	0
0	0	0	0	0	0	0	0	0	0	0	0	0	4	0	0	0	0	0	0	0	0	0	0	0	0	0	0	0	0	0
0	0	0	0	0	3	0	0	0	0	0	0	0	0	0	0	0	0	0	0	0	0	0	0	0	0	0	0	0	0	0
60	0	0	108	21	0	0	9	0	6	0	9	1	3	4	0	22	0	0	14	0	2	8	1	0	0	0	0	21	0	0
0	0	0	0	0	0	0	0	0	0	0	0	0	0	0	2	0	0	0	0	0	0	0	0	0	0	0	0	0	0	0
0	0	0	0	2	0	0	0	0	0	0	0	0	0	0	0	0	0	5	0	0	2	0	0	0	0	0	0	0	0	0
0	0	0	0	0	0	0	0	0	0	0	0	0	0	0	0	0	0	0	0	0	0	0	0	0	0	0	0	0	10	0
6	0	0	2	0	0	0	0	3	6	0	0	0	0	0	0	0	2	0	0	0	0	0	10	0	0	0	4	0	0	0
0	0	0	0	0	0	0	0	0	0	0	0	0	0	0	0	0	0	0	0	6	0	0	0	0	0	0	1	0	0	0
0	0	0	0	0	0	0	0	0	0	0	0	0	4	0	0	0	0	2	0	0	0	0	0	0	0	21	0	0	0	0
0	0	0	0	0	2	0	0	0	0	0	0	0	0	0	0	0	0	0	0	0	0	0	0	0	0	0	0	0	0	0
0	0	0	0	0	0	0	0	0	0	0	6	0	0	0	0	0	0	0	0	0	0	0	0	0	0	0	0	0	0	0
0	0	0	0	0	3	0	0	0	0	0	0	0	0	0	0	0	0	3	0	0	0	0	0	0	0	0	0	0	0	5
0	3	0	0	0	0	4	0	0	0	0	0	0	0	0	0	0	0	0	0	0	0	0	0	0	0	0	0	0	7	0
0	0	0	0	0	8	0	0	0	0	0	0	0	0	0	0	0	0	0	0	0	0	0	0	2	0	0	3	0	0	0
2	0	0	0	0	0	0	0	0	0	0	0	0	0	0	0	0	0	0	0	0	0	0	0	0	0	0	0	0	0	0
0	4	16	0	44	0	0	41	0	6	0	11	2	0	11	0	102	0	0	3	44	0	17	0	0	6	0	0	0	0	0
0	0	0	0	0	0	0	0	0	0	0	0	0	0	0	0	0	0	0	0	0	0	0	0	0	0	0	8	0	0	0
0	0	0	0	0	2	0	0	0	0	0	0	0	0	0	0	0	0	0	0	0	0	0	0	0	0	111	0	5	0	0
0	0	0	0	0	0	0	0	0	0	0	0	0	0	0	2	0	0	0	0	0	0	0	0	0	0	0	0	0	0	0
4	0	0	0	4	0	0	16	0	0	0	2	12	0	9	0	0	0	0	0	2	3	4	0	0	0	0	0	0	0	0
4	2	9	6	0	0	2	0	3	5	0	5	3	0	0	0	0	3	3	0	0	5	4	5	5	0	0	0	14	5	4
0	0	0	0	0	0	0	0	4	2	0	0	0	0	0	0	0	6	0	0	0	0	0	0	2	0	0	0	2	0	0
8	5	0	20	0	0	2	0	0	0	0	0	0	0	0	0	0	9	0	0	15	0	0	0	0	5	0	4	22	0	0
0	0	0	0	0	0	0	1	0	0	0	0	0	0	0	0	3	0	0	0	7	0	0	0	0	0	0	0	0	0	0
0	0	0	0	0	2	0	0	0	0	0	0	0	0	0	16	0	0	0	0	0	3	0	0	0	0	12	0	0	0	0
0	3	0	0	0	0	0	0	0	0	0	0	0	0	0	0	0	0	0	0	0	0	0	0	0	4	0	5	0	0	0
2	2	4	0	5	10	0	0	267	2	0	19	0	2	0	0	3	1	0	2	4	0	2	3	64	2	0	7	2	18	0
0	7	0	5	0	0	2	0	3	0	0	0	0	0	2	0	0	0	0	2	0	0	0	3	2	0	0	0	5	2	0
0	0	0	0	0	0	0	0	0	0	0	0	0	1	0	0	0	0	0	0	0	0	0	0	0	0	0	0	0	0	0
0	0	0	24	0	0	0	0	0	0	0	0	0	0	0	0	0	0	0	0	0	0	0	0	0	0	0	0	0	0	0
0	0	0	0	0	0	0	0	0	0	0	0	0	0	0	0	0	0	0	3	0	2	0	0	0	0	0	0	2	0	0
5	0	11	4	37	0	0	23	0	16	0	24	0	0	16	0	56	0	0	3	4	0	33	9	0	0	0	0	5	0	0
0	0	0	4	0	4	0	0	3	0	0	0	0	0	0	0	0	0	0	0	0	0	0	4	0	0	297	0	40	14	0
4	0	0	0	0	0	0	0	0	0	0	0	0	0	0	0	0	0	0	2	0	0	0	0	0	0	0	0	2	0	0
0	10	2	0	0	0	0	0	0	0	0	0	0	0	0	0	0	0	0	0	0	0	0	0	0	7	0	0	0	0	0
0	2	0	0	0	0	15	0	10	0	0	5	0	0	2	0	0	13	0	0	2	0	0	0	10	15	0	4	4	0	0
4	0	0	0	4	0	0	3	0	0	0	0	0	0	0	0	0	0	0	0	0	0	0	2	0	0	0	0	0	0	0
0	0	0	0	2	0	0	5	0	0	0	0	0	0	8	0	0	0	0	0	0	0	4	0	0	0	0	0	0	0	0
0	0	0	0	2	0	7	0	0	0	0	0	0	0	0	0	0	0	0	2	0	0	0	0	7	2	0	0	0	0	0
0	0	0	0	9	0	0	3	0	0	0	0	0	0	8	0	10	0	0	0	11	0	27	0	0	0	0	0	0	0	0
7	0	5	0	0	0	0	0	0	3	0	0	0	0	0	0	0	0	0	3	0	0	0	0	0	2	0	0	2	0	0
0	0	0	0	0	0	0	0	0	0	0	0	0	0	0	0	0	0	4	0	0	6	0	0	0	0	0	0	0	0	3
0	0	0	0	0	7	0	0	0	0	0	0	0	6	2	0	0	2	7	0	0	0	0	0	0	0	2	0	2	10	0
0	0	4	3	0	0	0	0	0	0	0	0	0	0	0	0	0	0	0	3	0	0	0	4	0	0	0	0	4	0	0
0	0	0	0	0	0	0	0	0	0	0	0	0	0	0	0	0	0	0	0	0	0	0	0	0	0	0	0	9	0	0
0	0	0	0	0	2	0	0	1	0	0	0	0	0	0	0	0	0	0	0	0	0	0	0	0	0	0	0	0	0	0
0	0	0	0	0	0	0	0	0	0	0	0	0	0	2	0	0	0	0	0	0	0	0	0	14	0	0	0	0	0	0
0	0	0	0	0	2	0	0	0	0	0	0	0	0	0	0	0	0	0	0	0	0	0	0	2	0	0	0	0	0	0
0	0	0	0	0	2	0	0	2	0	0	0	0	0	0	0	0	0	0	0	0	0	0	0	0	0	0	0	0	0	0
0	0	0	0	5	0	0	0	0	0	0	2	0	0	0	0	0	0	0	0	0	0	0	2	0	0	0	0	0	0	0
0	3	0	0	0	0	2	0	3	0	0	0	0	0	0	0	0	8	4	0	0	0	0	0	8	2	0	2	0	3	0
0	0	0	0	0	0	0	0	0	0	0	0	0	0	0	1	0	0	0	0	0	0	0	0	0	0	0	0	0	0	0
0	0	0	0	0	0	0	0	0	0	0	0	0	0	0	5	0	0	0	0	0	0	0	0	0	0	0	0	0	0	0
3	0	5	0	0	0	0	0	0	0	0	3	0	0	0	0	0	0	0	0	0	0	0	0	0	0	0	0	0	0	0
0	3	0	0	0	0	0	0	4	0	0	0	0	0	0	0	0	0	0	0	0	0	0	0	0	2	0	0	0	0	0
0	0	0	4	0	3	0	0	0	3	0	4	0	0	0	0	0	0	0	0	0	0	0	0	0	0	0	2	0	0	0
0	0	0	0	0	0	0	0	0	0	0	0	0	0	0	8	0	0	0	0	0	0	0	0	0	0	0	0	0	0	0
1	9	0	14	8	0	3	13	0	4	0	9	0	0	2	0	3	6	0	2	9	0	5	0	0	0	0	0	25	0	0
2	11	0	0	0	0	4	0	14	0	0	4	0	0	0	0	0	14	0	0	7	0	2	0	7	16	0	5	2	3	0
0	0	3	0	0	0	0	0	0	0	0	0	0	0	0	0	0	0	0	0	0	0	0	0	0	0	0	0	0	0	0
6	0	0	4	28	0	0	21	0	2	0	7	0	0	23	0	36	0	2	0	12	0	31	3	0	0	0	0	0	0	0
0	0	0	0	2	0	0	24	0	0	0	3	0	0	0	0	5	0	0	0	0	0	0	0	0	0	0	0	0	0	0
4	0	2	0	0	0	0	0	0	3	34	3	0	0	0	0	0	0	2	0	0	0	0	4	0	2	0	0	0	0	9
0	0	0	0	0	0	0	0	0	0	0	0	0	0	0	0	0	0	3	0	0	0	0	0	0	0	0	0	0	0	0
0	0	0	0	0	0	0	0	0	0	0	0	0	0	0	0	0	0	0	0	0	0	0	0	0	0	0	0	0	10	0
0	0	0	0	0	0	0	0	0	0	0	0	0	0	0	0	0	0	0	0	0	0	0	0	0	0	0	5	0	0	0
0	0	0	0	0	0	0	0	0	2	0	0	0	0	2	0	0	0	0	0	0	0	4	0	0	0	0	0	0	0	0
0	0	0	0	0	0	0	0	0	0	0	0	7	0	0	0	0	0	0	0	0	0	0	0	0	0	0	0	0	0	0
0	3	2	2	0	0	2	0	0	5	0	4	0	0	0	0	0	4	0	0	0	0	2	0	2	2	0	0	7	0	0
0	0	0	0	0	0	0	0	0	0	0	0	0	0	0	0	0	0	4	0	0	0	0	0	0	0	0	0	0	0	0
6	0	2	0	0	0	0	0	0	9	0	0	0	0	0	0	0	0	0	0	0	0	0	0	0	0	0	0	0	0	0
0	0	0	0	0	5	2	0	0	0	0	2	0	0	0	0	0	0	0	0	0	0	0	0	0	0	0	0	0	0	0
2	0	0	0	4	11	0	0	0	2	0	1	0	0	0	0	0	3	0	4	0	0	0	2	0	0	0	0	7	1	2
0	0	0	0	0	7	0	0	0	0	0	0	0	20	0	0	0	0	25	0	0	5	0	0	0	0	0	0	0	0	8
0	0	0	0	0	0	0	3	0	0	0	0	0	0	0	0	0	0	0	0	4	0	0	0	0	0	0	0	0	0	0
0	2	0	0	0	0	0	0	0	0	0	0	0	0	0	0	0	0	0	0	0	0	0	0	0	0	0	0	0	0	0
0	0	0	0	0	2	0	0	0	0	0	0	0	4	0	0	0	0	0	0	0	0	0	0	0	0	0	0	0	0	0
5	0	0	0	0	0	0	0	0	0	0	3	0	0	0	0	0	0	0	0	0	5	0	0	0	0	0	0	0	0	0
0	16	0	0	0	0	7	2	9	0	0	0	0	0	0	0	0	2	0	0	0	0	0	0	8	6	0	5	0	2	0
0	0	0	0	0	3	0	0	0	0	0	0	0	0	0	0	0	0	0	0	0	0	0	0	0	0	0	0	0	0	0
0	0	0	0	0	0	0	0	0	0	0	0	0	0	0	0	0	0	2	0	0	0	0	0	0	0	0	0	0	4	0
0	4	1	0	0	0	2	0	0	0	0	2	0	0	0	0	0	3	0	0	0	0	0	0	0	2	0	0	0	0	0
0	0	0	0	0	3	0	0	0	0	0	0	0	0	0	0	0	0	0	0	0	0	0	0	0	0	0	0	0	0	0
0	0	0	0	0	0	0	0	0	0	0	0	0	0	0	0	0	4	0	0	5	0	0	0	0	2	0	0	0	0	0
0	8	0	0	0	0	4	0	4	3	0	0	0	0	0	0	0	3	0	0	7	0	0	0	3	6	0	0	0	0	0
0	0	0	13	0	0	0	0	0	3	0	3	0	0	0	0	0	0	0	0	0	0	5	0	0	0	0	0	3	0	0
0	0	0	0	0	3	0	0	0	0	0	0	0	0	0	0	0	0	0	0	0	0	0	0	0	0	0	0	0	0	0
0	0	0	0	0	0	0	0	0	0	4	0	0	2	0	3	0	0	2	0	0	0	0	0	0	0	0	0	0	0	0
0	4	0	0	0	0	0	0	0	0	0	3	0	0	0	0	0	0	0	0	0	0	0	4	0	0	0	0	0	0	0
2	41	0	0	0	0	42	0	26	0	0	0	0	0	0	0	0	32	0	4	14	0	0	0	13	28	0	8	24	10	0
0	0	0	0	0	0	0	0	1	0	0	0	0	0	0	0	0	0	0	0	0	0	0	0	0	0	0	0	0	0	0
0	0	0	0	0	0	5	0	0	0	0	0	0	0	0	0	0	0	0	0	13	0	0	0	6	2	0	2	0	0	0
2	1	0	4	0	0	0	0	0	3	0	11	0	0	0	0	0	2	0	0	0	0	0	2	0	3	0	0	9	0	0
0	0	0	0	0	0	0	0	0	0	0	0	0	0	0	0	0	0	0	0	0	2	0	0	0	0	0	0	0	0	0
0	0	0	0	3	0	0	2	0	0	0	0	0	0	0	0	0	0	0	0	0	0	0	0	0	0	0	0	0	0	0
0	2	0	0	0	0	0	0	0	0	0	0	0	0	0	0	0	2	0	0	0	0	0	0	0	2	0	0	0	0	0
0	0	0	0	2	2	0	0	0	2	0	0	0	2	0	0	0	0	9	0	0	0	3	0	0	0	0	0	2	0	0
0	0	0	0	0	0	0	0	0	0	0	0	0	0	0	0	2	0	0	0	0	0	0	0	0	0	0	0	0	2	0
0	0	0	0	3	0	0	0	0	0	0	0	0	0	0	0	0	0	0	0	0	0	0	0	1	0	0	0	0	0	0
13	11	0	4	8	6	14	0	25	16	0	32	18	0	11	0	0	8	10	13	0	2	16	12	0	10	0	1	0	18	3
0	5	0	0	0	0	0	0	3	0	0	0	0	0	0	0	0	9	0	0	0	0	0	0	2	4	0	0	0	4	0
0	0	0	0	0	0	0	0	0	0	0	0	0	0	0	0	0	0	0	0	0	0	0	0	0	0	4	0	0	0	0
0	0	0	0	0	0	0	0	0	0	0	0	0	2	0	0	0	0	0	0	0	0	0	0	0	0	0	0	0	0	0
0	0	0	0	0	0	0	0	0	0	0	0	0	0	0	0	0	0	0	0	0	5	0	0	0	0	0	0	0	0	1
0	0	0	0	0	0	0	0	0	0	0	0	0	0	0	0	2	0	0	0	0	0	0	0	0	0	0	0	0	0	0
0	0	0	0	0	0	13	0	0	0	0	0	0	2	0	2	0	0	3	0	0	7	0	0	0	0	0	0	0	0	8
0	0	0	0	0	0	0	0	0	0	0	0	0	0	0	0	0	0	1	0	0	0	0	0	0	0	0	0	0	0	0
0	0	0	0	0	2	0	0	0	0	0	0	0	0	0	2	0	0	0	0	0	0	0	0	0	0	0	0	0	0	0
0	0	0	0	0	0	0	0	0	0	0	0	0	0	5	0	0	0	0	0	0	0	0	0	0	0	0	0	0	0	0
0	2	0	0	0	0	0	0	0	0	0	0	0	0	0	0	0	6	0	0	9	0	2	0	0	3	0	0	0	0	0
0	0	0	0	0	6	0	0	0	0	0	0	0	0	0	0	0	0	0	0	0	0	0	0	0	0	0	0	0	5	0
6	2	0	2	0	16	0	0	0	4	7	2	0	0	0	0	0	0	0	0	0	3	0	2	0	0	0	2	0	0	3
0	0	0	0	0	0	0	0	0	0	0	0	0	0	5	0	0	0	0	0	0	0	5	0	0	0	0	0	0	0	0
0	33	0	0	0	0	30	0	9	0	0	0	0	0	0	0	0	41	0	0	0	0	0	2	20	33	0	17	0	16	0
0	0	1	0	3	0	0	0	0	0	0	1	0	0	0	0	0	0	0	1	0	0	2	0	0	0	0	0	0	0	0
0	0	0	0	0	0	3	0	0	1	0	1	0	0	0	0	0	0	0	0	0	0	0	0	6	0	0	0	0	0	0
0	0	0	0	0	0	2	0	0	0	0	0	0	0	0	0	0	12	0	0	0	0	0	0	2	0	0	3	0	0	0
61	4	974	22	2	0	0	0	2	803	0	290	22	0	3	0	5	6	2	281	2	0	2	42	0	0	0	8	36	4	0
0	0	0	0	0	0	0	0	0	0	0	0	0	0	2	0	2	0	0	0	4	0	0	0	0	0	0	0	0	0	0
0	1	0	0	0	0	2	0	3	0	0	0	0	0	0	0	0	2	0	0	0	0	0	0	0	3	0	0	0	0	0
2	0	0	0	0	0	3	0	0	0	0	2	0	0	0	0	7	0	0	0	0	0	0	0	1	0	0	0	8	0	0
0	2	0	2	0	0	2	0	0	0	0	0	0	0	0	0	0	2	2	0	0	0	0	0	0	0	0	0	0	0	0
5	3	4	0	0	5	0	0	4	1	0	9	0	3	0	0	0	1	16	6	0	3	0	5	0	2	0	5	6	0	4
0	0	0	0	0	0	0	0	0	0	0	0	0	0	0	0	0	0	0	0	0	0	0	0	0	0	0	4	0	0	0
0	0	0	0	0	0	0	0	0	0	0	2	0	2	0	0	0	0	3	0	0	0	0	2	2	0	0	0	0	0	2
5	0	0	4	0	0	0	0	0	1	0	3	0	0	0	0	0	0	0	0	0	0	0	0	0	0	0	0	25	0	0
0	0	0	0	0	0	0	1	0	0	0	0	0	0	0	0	2	0	0	0	0	0	0	2	0	0	0	0	0	6	0
0	23	0	0	0	0	18	0	30	0	0	0	0	0	0	0	0	29	0	0	3	0	0	0	16	7	0	20	0	9	0
3	19	2	4	0	0	9	0	7	0	0	6	0	0	0	0	0	8	0	0	0	0	0	2	12	33	0	7	10	0	0
0	0	0	0	0	0	0	0	0	0	0	0	0	3	0	0	0	0	5	0	0	2	0	0	0	0	0	0	0	0	0
0	0	0	0	0	0	0	0	0	0	0	0	0	0	0	0	0	0	0	0	0	0	2	0	0	0	0	0	0	0	0
0	0	0	0	3	0	0	0	5	0	0	0	0	0	0	0	0	4	0	0	4	0	0	0	4	2	0	0	2	9	0
46	0	5	4	39	0	0	25	0	3	0	0	3	0	7	0	15	0	0	7	20	23	15	25	0	0	0	0	11	0	0
0	0	0	0	0	0	0	0	0	0	0	0	0	0	0	9	0	0	0	0	0	0	0	0	0	0	0	0	0	0	0
2	0	0	0	5	0	0	4	0	8	0	0	0	0	1	0	2	0	0	0	0	0	0	5	0	0	0	0	0	0	0
0	0	0	0	0	0	0	0	0	0	0	0	0	0	0	0	0	0	0	0	0	0	0	0	0	3	0	0	0	0	0
0	0	0	0	0	0	0	3	0	2	0	0	0	0	2	0	0	0	0	0	0	0	0	0	0	0	0	0	0	0	0
0	0	0	0	0	0	0	0	0	0	0	0	0	0	0	0	0	0	0	0	0	0	0	0	0	0	11	0	0	0	0
3	0	0	0	0	0	2	0	0	3	0	0	0	0	0	0	0	0	0	0	0	0	0	0	2	2	0	0	0	6	0
44	9	18	42	0	0	9	1	11	18	0	0	0	0	0	0	3	18	0	7	0	15	0	23	0	20	0	53	86	18	0
0	0	0	0	0	0	0	7	0	0	0	0	0	0	3	0	0	0	0	0	0	0	0	0	0	0	0	0	0	0	0
0	0	0	1	0	11	0	0	4	3	0	3	0	0	3	0	0	3	2	0	4	0	0	0	0	2	0	0	2	2	0
40	0	30	107	203	0	0	178	0	65	0	53	24	0	190	0	89	0	0	20	157	0	187	38	0	0	0	0	63	0	0
0	3	0	0	33	0	0	26	0	4	0	2	0	0	34	0	3	0	0	0	23	3	26	0	0	0	0	0	0	0	0
0	0	0	4	1	0	1	3	0	0	0	0	0	0	0	0	3	0	0	0	0	0	0	0	0	0	0	0	0	0	0
1179	2	0	21	0	8	0	0	0	2	0	0	3	0	0	0	2	0	0	0	0	4	0	187	0	0	0	0	5	7	0
0	0	0	0	0	0	0	0	0	0	0	0	0	0	0	0	0	0	0	0	0	0	0	0	8	0	0	0	0	0	0
2	0	0	0	0	0	0	0	0	0	0	0	0	0	0	0	0	0	0	0	0	0	0	0	0	0	0	0	0	0	0
0	0	0	0	0	0	0	0	0	0	0	0	0	0	0	0	0	0	0	0	0	0	0	0	0	0	0	12	0	0	0
0	0	0	0	0	0	0	0	0	0	0	0	0	0	0	0	6	7	0	0	2	0	0	0	0	4	0	0	0	0	0
0	0	0	0	0	0	0	0	0	2	0	0	0	0	0	4	0	0	16	0	3	0	0	0	0	0	0	0	0	0	0
0	0	0	0	0	0	0	0	0	0	0	0	0	0	0	0	0	0	0	0	0	1	0	0	0	0	0	0	0	0	0
0	0	0	0	0	0	0	4	0	0	0	0	0	0	3	0	0	0	0	0	0	0	3	0	0	0	0	0	0	0	0
0	0	0	0	0	0	0	0	0	0	0	0	0	0	0	0	0	0	0	0	0	0	0	0	0	0	12	0	0	0	0
0	0	0	0	0	0	0	0	0	5	0	0	0	0	0	0	0	0	0	0	0	0	0	0	0	0	0	0	0	0	0
0	0	0	0	92	0	0	58	0	0	0	0	11	0	27	0	61	0	0	0	21	0	43	0	0	0	0	0	0	0	0
0	0	0	0	0	0	0	0	0	0	0	0	0	0	0	0	0	0	0	0	0	0	0	0	0	0	10	0	0	0	0
0	0	0	0	0	0	0	0	0	0	6	0	0	0	2	0	0	0	0	0	0	0	0	0	0	0	0	0	0	0	0
5	0	3	0	1	0	0	0	0	0	0	0	0	0	0	0	0	0	0	0	0	0	2	1	0	0	0	0	2	0	0
0	10	0	0	0	0	6	0	0	0	0	0	0	0	0	0	0	2	0	0	3	2	0	0	0	2	0	0	0	0	0
0	0	0	0	0	0	0	0	0	0	0	0	0	6	0	0	0	0	2	0	0	3	0	0	0	0	0	0	0	0	3
0	0	0	0	0	19	0	0	0	0	0	0	0	1	0	3	0	0	2	0	0	0	0	0	0	0	0	0	0	0	1
0	0	0	0	2	0	0	0	0	0	0	0	0	0	0	0	0	0	0	0	0	0	4	0	0	0	0	0	11	0	0
0	0	0	0	0	0	0	0	0	0	0	0	0	0	0	0	0	2	0	0	0	0	0	0	0	0	0	0	0	0	0
7	2	12	7	39	0	0	26	2	23	0	22	3	0	23	0	26	3	0	10	27	0	28	19	0	0	0	0	8	0	0
0	0	0	0	0	2	0	0	0	0	0	0	0	0	0	0	0	0	0	0	0	0	0	0	0	0	0	0	0	0	0
0	2	0	0	0	0	0	0	0	0	0	0	0	0	0	0	0	3	0	0	0	0	0	0	0	4	0	0	0	0	0
0	0	0	0	7	0	0	4	0	0	0	0	0	0	2	0	8	0	0	0	0	0	7	0	0	0	0	0	0	0	0
0	0	0	0	0	0	0	0	0	0	0	0	0	0	0	0	0	0	0	0	0	0	0	0	0	0	0	0	0	0	2
0	0	0	0	3	0	0	3	0	0	0	0	0	0	0	0	0	0	0	0	4	0	0	0	0	0	0	0	0	0	0
2	0	15	0	0	0	0	2	0	14	0	7	0	0	3	0	2	0	0	3	0	0	0	3	0	0	0	0	2	0	0
0	0	0	0	2	0	0	0	0	0	0	0	0	0	0	0	8	0	0	0	0	0	2	0	0	0	0	0	3	0	0
0	4	0	0	1	0	6	0	17	0	0	0	0	0	0	0	0	2	0	1	0	0	0	0	4	7	0	4	0	0	0
0	96	0	0	0	0	94	0	34	0	0	0	0	0	0	0	0	154	0	0	5	0	0	0	25	137	0	71	0	23	0
0	0	0	0	0	0	6	0	0	0	0	0	0	0	0	0	0	0	0	0	0	0	0	0	3	4	0	0	0	0	0
0	0	0	0	45	0	0	39	0	6	0	0	0	0	27	0	26	0	0	0	8	0	39	0	0	0	0	0	0	0	0
0	0	0	0	0	0	0	0	0	0	0	0	0	0	0	0	0	0	2	0	0	0	0	0	0	0	0	0	0	0	0
0	0	0	0	0	0	0	0	0	0	0	0	0	0	0	0	0	2	0	0	0	0	0	0	6	2	0	0	0	0	0
0	0	0	0	1	0	0	2	0	0	0	0	0	0	0	0	0	1	0	0	0	0	0	0	0	0	0	0	0	0	0
0	0	0	0	5	0	0	0	0	0	0	0	0	0	6	0	0	0	0	0	0	0	4	0	0	0	0	0	0	0	0
0	0	0	0	0	2	0	0	0	0	0	0	0	0	0	0	0	0	0	3	0	0	0	0	0	0	0	0	0	0	0
0	8	0	0	0	0	7	0	4	0	0	0	0	0	0	0	0	4	0	0	0	0	0	0	0	0	0	3	0	3	0
0	0	0	0	0	0	0	0	0	0	0	0	0	0	0	0	0	0	0	0	0	3	0	0	0	0	0	0	0	0	0
5	15	0	0	0	0	18	0	9	0	0	3	0	0	0	0	0	25	0	3	0	0	0	6	3	12	0	3	4	5	0
0	0	0	0	2	0	0	2	0	0	0	0	0	0	2	0	0	0	0	0	0	0	0	0	0	0	0	0	0	0	0
0	0	0	0	0	0	0	0	0	0	0	0	0	0	0	0	0	0	8	0	0	0	0	0	0	0	0	0	0	0	1
0	0	0	2	0	0	0	0	0	0	0	0	0	0	0	0	0	0	0	0	0	0	0	0	0	0	0	0	10	0	0
0	0	2	0	0	0	0	0	0	0	0	0	0	0	0	0	0	0	0	0	0	0	0	0	0	0	0	0	0	0	0
0	0	0	0	0	0	0	0	1	0	0	0	0	0	0	0	0	0	0	0	0	0	0	0	0	0	0	0	0	0	0
0	0	0	0	0	0	0	3	0	0	0	0	0	0	2	0	5	0	0	0	0	0	0	4	0	0	0	0	0	0	0
0	3	0	0	0	0	0	0	4	0	0	0	0	0	0	0	0	3	0	0	0	0	0	0	2	2	0	11	0	2	0
0	0	0	0	0	0	0	0	0	0	0	0	0	0	2	0	0	0	0	0	3	6	0	0	0	0	0	0	0	0	0
2	2	5	17	14	0	3	21	0	4	0	0	0	0	34	0	8	0	3	6	9	7	30	4	0	0	0	0	7	0	0
0	0	0	0	0	0	0	0	0	0	0	0	0	0	0	0	0	0	0	0	0	0	0	0	0	0	0	0	0	11	0
16	0	3	0	0	0	0	0	13	0	0	7	0	0	0	0	0	0	0	8	0	0	0	16	0	0	0	5	0	0	0
0	2	0	0	0	0	0	0	0	0	0	0	0	0	0	0	0	0	0	0	0	13	0	0	0	0	0	0	0	0	0
0	0	0	0	0	0	0	0	0	0	0	0	0	0	0	0	0	0	0	0	0	0	0	0	0	2	0	0	0	0	0
0	0	0	0	2	0	0	3	0	0	0	0	0	0	5	0	0	0	0	0	2	0	0	0	0	0	0	0	0	0	0
0	0	0	0	0	0	0	0	0	0	0	0	0	0	4	0	0	0	0	0	0	0	0	0	0	0	0	0	0	0	0
0	0	0	0	0	0	0	0	0	0	0	0	0	0	0	0	0	0	5	0	0	0	0	0	0	0	0	0	0	0	0
0	0	0	0	0	0	0	0	0	0	0	0	2	0	0	0	0	2	0	0	0	0	0	0	0	0	0	0	0	0	0
0	0	0	0	2	0	0	0	0	0	0	0	0	0	4	0	0	0	0	0	0	0	0	0	6	0	0	4	0	0	0
0	0	0	0	0	0	0	0	0	0	0	0	0	0	0	0	0	0	0	0	0	13	0	0	0	0	0	0	0	0	0
0	0	0	0	0	2	0	0	0	0	0	0	0	0	0	0	0	0	0	0	0	0	0	0	0	0	0	0	0	0	0
0	0	0	0	0	0	0	0	0	0	0	0	0	0	0	0	0	0	0	3	0	0	0	0	0	0	0	0	0	0	0
0	0	0	0	0	0	0	0	0	0	0	0	0	0	0	0	0	0	0	0	0	8	0	0	0	0	0	0	0	0	0
14	0	33	55	62	0	0	63	0	72	0	83	0	0	46	0	43	0	0	24	63	0	62	23	0	0	0	0	4	0	0
0	0	0	0	0	2	2	0	3	0	0	3	0	2	0	0	0	2	3	1	0	0	0	0	0	0	0	0	1	0	0
2	0	0	0	13	0	0	5	0	0	0	0	0	0	7	0	0	0	0	0	3	0	6	0	0	0	0	0	0	0	0
0	0	0	2	2	0	0	0	0	0	0	0	13	0	0	0	0	0	0	0	3	0	0	0	0	0	0	0	0	0	0
0	0	0	0	0	0	0	0	0	0	0	0	0	0	0	0	0	0	0	0	0	0	0	0	0	0	0	0	0	4	0
8	0	2	0	0	0	0	0	4	3	0	3	0	0	0	0	0	0	0	0	0	0	0	4	0	0	0	0	0	0	0
0	0	0	0	0	0	0	0	0	0	0	0	0	0	0	0	0	0	0	0	0	0	0	0	0	0	0	0	0	0	2
0	0	7	0	0	0	2	0	0	12	0	2	0	0	0	0	0	2	0	7	0	0	3	0	0	0	0	6	6	0	0
0	0	0	0	0	0	0	0	0	5	0	0	0	0	0	0	2	0	0	0	3	0	0	0	0	0	0	0	0	0	0
0	0	0	0	0	0	0	0	0	0	0	0	0	0	0	0	0	0	2	0	0	2	0	0	0	0	0	0	0	0	0
0	0	0	0	0	0	0	0	0	0	0	0	0	2	0	0	0	0	0	0	0	0	0	0	0	0	0	0	0	0	0
0	3	0	0	3	0	0	0	0	0	0	0	4	0	0	0	2	0	0	0	0	0	2	0	0	0	0	0	0	0	0
2	0	3	0	0	0	0	0	0	0	0	0	0	4	0	0	0	0	2	0	0	2	3	1	0	0	0	6	0	0	7
0	0	0	0	0	0	0	0	0	0	0	0	0	1	2	0	0	0	0	0	0	0	0	0	0	0	0	0	0	0	0
0	0	0	0	0	0	0	0	0	0	12	0	0	0	0	25	0	0	0	0	0	0	0	0	0	0	0	0	0	0	0
0	5	0	0	0	0	2	0	2	0	0	0	0	0	0	0	0	6	0	0	0	0	0	0	2	2	0	7	0	0	0
0	0	0	0	0	0	0	0	0	0	0	0	0	0	0	0	0	0	0	0	0	0	0	0	0	0	0	0	0	18	0
0	4	0	0	0	36	0	0	0	0	2	3	0	22	1	35	2	8	32	0	0	21	0	0	0	4	4	0	0	12	46
0	5	0	0	0	0	3	0	3	0	0	0	0	0	0	0	0	2	0	0	0	0	0	0	4	3	0	0	0	0	0
4	0	11	2	4	0	0	3	0	12	0	5	0	0	4	0	0	0	0	5	0	0	11	0	0	0	0	0	2	0	0
2	0	0	0	0	2	0	0	0	0	0	4	0	4	2	0	0	0	0	0	0	0	3	0	0	0	0	0	0	0	0
2	0	0	0	2	0	0	0	0	0	0	3	0	0	6	0	0	0	0	2	0	0	3	0	0	0	0	0	0	0	0
0	1	0	0	0	3	0	0	2	0	1	0	0	4	0	0	0	0	7	0	0	0	0	0	0	0	0	14	0	3	12
5	0	3	0	0	0	0	0	0	0	0	0	0	0	0	0	0	0	0	10	0	0	0	5	0	0	0	0	0	0	0
0	0	0	0	0	0	0	0	0	0	0	4	0	0	0	0	0	0	0	0	0	0	0	0	0	0	0	0	0	0	0
0	2	0	0	0	0	0	0	0	0	0	0	0	10	0	0	0	0	8	0	0	8	0	0	0	2	0	0	0	0	9
0	0	0	0	0	0	0	0	0	0	0	0	0	0	0	0	0	0	0	0	0	0	0	0	0	0	0	0	0	7	0
0	22	0	0	0	0	10	0	2	0	0	0	0	0	0	0	0	27	0	0	0	0	0	0	4	10	0	14	0	10	0
0	0	0	0	0	0	0	0	0	0	0	0	0	0	0	0	0	0	0	0	5	0	0	0	1	2	0	0	0	0	0
0	0	0	0	0	0	0	0	0	0	0	0	0	0	0	0	0	0	0	0	0	0	0	0	0	0	0	3	0	0	0
0	0	0	0	0	6	0	0	0	0	0	0	0	0	0	0	0	0	0	0	0	4	0	0	0	0	0	0	0	0	4
0	0	0	2	0	0	0	2	0	0	0	0	0	0	0	0	0	0	0	0	0	5	2	0	0	0	0	3	0	0	0
187	0	0	0	0	0	0	0	0	0	0	0	0	0	0	0	0	0	0	0	0	0	0	84	0	0	0	0	0	0	0
0	0	0	2	0	0	0	0	0	0	0	0	0	0	0	0	0	0	4	0	0	0	0	0	0	0	0	0	0	0	0
2	5	0	0	0	0	1	4	11	0	0	1	0	0	0	0	0	6	0	2	0	0	1	0	6	3	0	0	0	2	0
3	0	0	0	0	0	0	0	0	0	8	0	0	0	0	0	0	0	0	0	0	0	0	0	0	0	11	0	0	0	0
0	0	0	0	0	0	0	0	0	0	0	0	0	0	0	0	0	3	0	0	0	0	0	0	0	0	0	0	0	3	0
0	0	0	0	0	0	0	1	0	0	0	0	0	0	0	0	0	0	0	0	0	0	0	0	0	0	0	0	0	0	0
0	0	0	0	0	0	0	3	0	0	0	0	0	0	0	0	3	0	0	0	0	5	0	0	0	0	0	0	0	3	0
0	0	0	0	0	0	0	0	0	0	0	0	0	3	0	0	0	0	0	0	0	0	0	0	0	0	0	0	0	0	0
0	0	0	0	0	0	0	0	0	0	0	0	0	0	0	8	0	0	0	0	0	0	0	0	0	0	0	0	0	0	0
0	0	0	0	1	0	0	0	0	0	0	0	0	3	0	0	0	0	0	0	0	4	0	0	0	0	0	0	0	0	0
2	0	0	0	0	6	0	0	0	0	0	0	0	18	0	0	0	0	2	0	0	0	0	0	0	0	0	0	0	0	0
0	5	0	0	0	0	4	0	0	0	0	0	0	0	0	0	0	3	0	0	2	0	0	0	0	4	0	0	0	0	0
0	0	0	0	0	0	0	0	0	0	0	0	0	5	0	0	0	0	4	0	0	9	0	0	0	0	0	0	0	0	6
0	0	0	0	0	0	0	0	0	0	0	0	0	0	0	0	0	0	0	0	0	0	0	0	0	0	8	0	0	0	0
0	7	0	0	0	0	12	0	20	0	0	0	0	0	0	0	0	0	0	0	0	0	0	0	7	13	0	19	0	7	0
0	2	0	0	4	0	0	0	0	0	0	0	0	0	0	0	0	2	0	0	7	0	0	0	0	2	0	0	0	10	0
6	11	35	12	7	5	4	3	2	18	0	22	0	0	6	0	7	3	0	12	3	3	2	8	0	7	0	7	0	12	0
0	0	0	0	0	0	0	0	2	0	0	0	0	0	0	0	0	0	0	0	0	0	0	0	0	0	0	0	0	0	0
7	57	0	12	0	0	35	0	12	3	0	0	0	0	0	0	4	26	0	0	0	0	0	0	44	56	0	7	0	25	0
1	2	0	0	0	26	0	0	0	0	0	0	0	10	0	0	0	0	4	0	0	0	0	0	0	3	0	0	2	13	8
0	0	0	0	0	2	0	0	0	0	0	0	0	0	0	0	0	0	0	0	0	0	0	0	0	0	0	0	0	0	0
0	0	6	0	0	0	0	0	0	5	0	11	0	0	0	0	0	0	0	0	2	0	0	3	0	0	0	0	3	0	0
0	7	0	0	0	0	2	0	0	0	0	0	0	0	0	0	0	0	0	0	0	0	0	0	5	0	0	0	0	0	0
0	4	0	0	0	0	3	0	0	0	0	0	0	0	0	0	0	0	0	0	0	0	0	0	0	0	0	1	0	0	0
0	0	0	0	0	8	1	0	0	2	0	0	0	6	0	0	0	0	22	0	0	61	0	2	1	0	0	9	0	0	11
0	0	0	0	0	4	2	0	3	0	0	1	0	0	2	0	0	0	0	0	0	0	0	0	9	3	0	6	0	6	0
0	0	0	0	0	0	0	0	0	2	0	0	0	0	0	0	0	0	0	0	0	0	0	0	0	2	0	0	0	0	0
0	0	0	0	0	0	0	0	0	0	9	0	0	23	0	0	0	0	13	0	0	0	0	0	0	0	0	0	0	0	0
2	0	4	0	0	0	0	0	0	6	0	2	0	0	0	0	0	0	0	3	0	0	0	0	0	0	0	0	0	0	0
0	0	0	0	0	0	0	0	1	0	0	0	0	0	0	0	0	0	0	0	0	0	0	0	0	0	0	0	0	0	0
0	0	0	0	0	0	0	0	0	1	0	0	0	0	0	0	0	0	0	0	0	0	0	0	0	0	0	0	0	0	0
0	2	0	0	0	0	0	0	0	0	0	0	0	0	0	0	0	0	0	0	0	0	0	0	0	2	0	0	0	0	0
11	0	15	15	45	0	2	22	3	26	0	39	0	0	18	0	35	0	0	18	32	1	48	8	0	0	0	0	13	0	0
0	0	0	0	0	0	0	0	0	0	0	0	0	2	0	0	0	0	0	0	0	0	0	0	0	0	0	0	0	0	0
0	0	3	0	0	0	0	0	0	0	0	0	0	0	0	0	0	0	0	0	0	0	0	0	0	0	0	0	0	0	0
0	0	0	0	0	0	0	0	1	0	0	0	0	0	0	0	0	0	0	0	0	0	0	0	9	0	0	0	0	0	0
11	1	1	0	63	3	6	55	7	3	0	3	21	0	71	0	14	6	7	2	8	91	129	16	3	4	0	4	1	5	0
4	0	3	3	0	3	2	0	2	0	0	0	0	3	0	0	0	6	2	0	4	3	0	3	0	0	2	0	0	5	0
0	0	0	0	0	0	0	0	0	0	0	0	0	0	0	0	0	0	0	0	0	0	2	3	3	0	0	0	0	0	0
0	0	0	0	0	0	2	0	2	0	0	0	0	0	0	0	0	0	0	0	0	0	0	0	0	2	0	3	2	0	0
3	0	0	0	0	0	0	0	0	0	0	0	0	0	0	0	0	0	0	0	0	0	0	0	0	0	0	0	0	0	0
2	0	3	0	0	20	0	0	4	3	2	6	0	31	0	2	0	0	15	0	0	2	0	2	0	2	0	0	0	0	14
0	0	0	0	0	2	0	0	0	0	0	0	0	0	0	0	0	0	2	0	0	5	0	0	0	0	0	0	0	0	6
0	0	0	0	0	0	0	0	0	0	0	0	0	0	0	0	0	0	0	0	0	0	0	0	0	0	10	0	0	0	0
2	6	6	2	0	0	2	0	0	3	0	3	0	0	0	0	0	6	0	0	0	0	0	0	3	3	0	0	0	4	0
0	0	2	0	0	3	0	0	0	4	0	0	0	14	3	0	7	0	9	3	0	2	0	0	2	2	0	0	0	0	0
0	0	0	0	0	0	0	1	0	0	0	0	0	0	0	0	0	0	0	0	4	0	3	0	0	0	0	0	0	0	0
0	0	6	2	0	0	0	0	0	2	0	0	0	0	0	0	0	0	0	0	0	0	0	0	4	0	0	0	0	0	0
0	33	0	0	0	0	19	0	18	0	0	0	0	0	0	0	0	19	0	0	0	0	0	0	13	20	0	6	0	10	0
0	2	0	0	0	0	0	0	0	0	0	0	0	2	0	0	0	0	0	0	0	0	0	0	0	0	0	0	0	0	0
0	0	0	0	0	0	0	0	0	0	0	0	0	0	0	0	0	2	0	0	0	0	0	0	0	0	0	0	0	0	0
0	0	5	0	26	0	2	34	0	4	0	0	0	0	33	0	8	0	0	4	2	0	23	7	0	2	0	4	0	0	0
130	0	0	0	0	0	0	0	0	0	0	0	0	0	0	0	0	0	0	0	0	0	0	45	0	0	0	0	0	0	0
0	0	0	0	0	0	0	0	0	0	0	0	0	0	0	0	0	0	0	0	0	0	3	0	0	0	0	0	0	0	0
0	0	0	0	0	0	2	0	7	0	0	0	0	0	0	0	0	6	0	0	0	0	0	0	3	10	0	4	0	2	0
2	0	0	0	0	0	0	0	4	0	0	0	0	0	0	0	0	3	0	0	0	0	0	0	0	0	0	0	0	0	0
0	0	0	0	0	0	0	0	0	0	0	0	0	0	0	0	0	0	0	0	0	3	0	0	0	0	0	0	0	0	0
0	0	0	0	0	0	0	0	10	0	0	0	0	0	0	0	0	0	0	0	0	0	0	0	0	0	0	0	0	0	0
0	0	0	0	0	0	0	0	0	0	0	0	0	0	0	0	0	0	0	0	0	0	0	0	0	0	0	0	0	10	0
0	0	0	0	0	0	2	0	0	0	0	0	0	0	0	0	0	0	0	0	0	0	0	0	0	0	0	0	0	0	0
0	0	0	0	0	3	0	0	0	0	0	0	0	0	0	0	0	0	0	0	0	0	0	0	0	0	2	0	0	0	2
0	0	0	0	0	0	0	0	0	0	0	0	0	0	0	0	0	2	0	0	3	0	0	0	0	0	0	0	0	0	0
0	3	5	1	12	0	0	9	2	4	0	6	0	0	2	0	4	6	0	0	0	0	1	4	0	2	0	0	3	0	0
0	0	0	9	8	0	2	3	0	0	0	0	0	0	0	0	0	0	0	0	0	0	2	0	0	0	0	0	0	0	0
0	0	0	0	0	0	0	0	7	0	0	0	1	0	0	0	0	0	0	0	0	0	0	0	0	0	0	0	0	0	0
0	0	0	0	0	0	0	0	0	2	0	0	0	0	0	0	0	0	0	0	0	0	0	0	0	0	0	0	0	0	0
0	0	0	0	0	0	0	0	0	0	0	0	0	0	0	0	0	0	0	0	0	0	0	0	0	0	0	2	0	0	0
0	0	0	0	0	0	0	0	0	0	0	0	0	0	0	0	0	0	0	1	0	0	0	0	0	0	0	0	0	0	0
0	0	0	3	0	0	0	0	0	0	0	0	0	0	0	0	0	0	0	0	3	0	0	0	0	0	0	0	0	0	0
0	0	0	0	0	0	0	0	0	0	0	0	0	0	3	0	0	0	0	0	5	0	6	0	3	0	0	0	0	0	0
0	0	2	0	6	0	0	3	0	0	0	0	0	0	2	0	3	0	0	0	0	0	0	0	0	0	0	0	0	0	0
0	0	0	0	0	0	5	0	2	0	0	0	0	0	0	0	0	0	0	0	0	0	0	0	0	1	0	0	0	2	0
0	2	0	0	0	0	0	0	2	0	0	0	0	0	0	0	0	2	0	0	0	0	0	0	5	0	0	0	0	0	0
0	0	0	0	0	0	0	0	8	0	0	0	0	0	0	0	0	0	0	0	0	0	0	0	0	0	0	0	0	0	0
0	0	4	0	0	0	0	0	0	0	0	0	0	0	0	0	0	0	0	0	0	0	2	0	0	0	0	0	0	0	0
0	0	0	0	0	0	0	0	3	0	0	0	0	0	0	0	0	0	0	0	0	0	0	0	7	0	0	0	0	2	0
0	0	0	0	0	0	3	0	0	0	0	0	0	0	0	0	0	0	0	0	0	0	0	0	0	0	0	0	0	0	0
0	0	5	0	2	0	0	2	0	0	0	1	0	0	0	0	0	0	0	0	0	0	0	0	0	0	0	0	2	0	0
0	0	0	0	0	0	0	0	0	0	0	0	0	0	0	0	0	2	0	0	0	0	0	0	0	0	0	0	0	0	0
0	3	0	0	0	0	0	0	0	0	0	0	0	0	0	0	0	0	0	0	5	0	0	0	0	0	0	0	0	5	0
0	0	0	0	0	5	0	0	0	0	0	0	0	0	0	0	0	0	0	0	0	0	0	0	0	0	0	0	0	0	0
2	0	0	0	0	0	0	0	1	0	0	0	0	0	12	0	0	0	4	0	0	38	0	7	0	0	0	0	0	0	0
9	3	2	0	0	14	0	2	8	0	3	2	0	0	0	0	0	2	0	0	0	0	0	9	2	0	0	2	0	0	3
0	0	0	0	0	0	0	0	0	0	0	0	0	0	0	2	0	0	0	0	0	0	0	0	0	0	0	0	0	0	0
2	0	0	0	0	0	0	0	0	0	0	0	0	0	0	0	0	0	0	0	0	0	0	0	0	0	0	0	0	0	0
12	0	2	4	3	8	3	0	8	2	0	5	0	33	6	0	0	9	42	2	0	13	7	3	3	3	9	0	4	3	6
0	0	0	0	0	2	0	0	0	0	0	0	0	0	0	0	0	0	0	0	0	0	0	0	0	0	0	0	0	0	0
0	0	2	0	2	0	2	0	3	2	0	2	0	0	0	0	0	0	0	0	6	0	0	3	0	0	0	0	0	0	0
0	0	0	0	0	0	0	0	0	0	0	0	0	7	0	0	0	0	6	2	0	15	0	5	0	0	0	0	0	0	6
0	3	0	0	0	0	3	0	5	0	0	0	0	0	0	0	0	9	0	0	0	0	0	0	0	4	0	0	0	0	0
0	0	0	0	0	2	0	0	0	0	0	0	0	0	0	0	0	0	0	0	0	0	0	0	0	0	0	0	0	0	0
0	0	4	2	0	0	0	0	0	7	0	2	0	0	0	0	0	0	0	0	0	0	0	0	0	0	0	0	0	0	0
0	0	0	0	0	4	0	0	0	0	0	0	0	0	2	0	0	0	0	0	0	0	2	0	0	0	0	2	0	0	0
0	0	0	0	0	0	0	0	0	0	0	0	0	0	0	0	0	0	0	0	0	0	0	0	0	0	0	0	0	2	0
0	0	0	0	0	0	0	0	0	2	0	0	0	0	3	0	2	0	0	0	0	0	0	0	0	0	0	0	1	0	0
0	4	0	0	0	0	3	0	3	0	0	0	0	0	0	0	0	8	0	0	0	0	0	0	6	3	0	3	0	4	0
0	2	0	0	0	0	0	0	4	2	0	0	0	0	0	2	0	0	0	0	0	0	0	0	0	0	0	0	0	0	0
0	0	0	0	0	0	0	0	0	0	0	0	0	0	0	0	0	0	0	0	0	0	0	2	0	0	0	0	0	0	2
2	0	0	0	0	0	0	5	0	0	0	0	0	0	3	0	2	0	0	0	0	0	3	0	0	0	0	0	0	0	0
0	0	0	0	0	0	0	0	0	0	0	0	0	0	0	0	0	0	0	0	0	0	0	0	0	0	40	0	4	0	0
0	0	0	0	0	0	2	0	0	0	0	0	0	0	0	0	0	0	0	0	0	0	0	0	0	0	0	0	0	0	0
0	2	0	0	4	0	3	3	4	5	0	0	0	0	1	0	5	4	0	0	4	0	6	2	0	0	0	0	0	0	0
0	0	0	0	0	0	0	0	0	0	0	0	18	0	0	0	0	0	0	0	0	0	0	0	3	0	0	0	0	0	0
0	1	0	0	0	0	1	0	0	0	0	0	0	0	0	0	0	0	0	0	0	0	0	0	0	0	0	0	0	0	0
0	0	0	0	0	0	0	0	0	0	0	0	0	0	0	0	0	0	0	0	0	0	0	0	2	0	0	0	0	0	0
6	0	402	28	50	0	4	70	0	281	0	283	14	0	48	0	137	0	0	77	42	0	84	65	0	6	0	0	16	0	0
0	2	0	0	0	0	0	0	0	0	0	0	0	0	0	0	0	0	0	0	0	0	0	0	4	4	0	0	0	0	0
0	0	13	0	0	0	0	3	0	22	0	12	0	0	0	0	0	0	0	6	0	0	0	4	2	0	0	12	7	0	0
0	0	0	0	0	0	0	0	0	0	2	0	0	3	0	0	0	0	0	0	0	0	0	0	0	0	0	0	0	0	0
0	0	0	0	0	5	0	0	0	0	0	0	0	0	0	0	0	0	0	0	0	0	0	0	0	0	0	0	0	0	0
0	0	0	0	0	2	0	0	0	0	0	0	0	0	0	4	0	0	0	0	0	0	0	0	0	0	0	0	0	0	0
0	0	0	0	0	0	0	0	4	0	0	0	0	0	0	0	0	0	0	0	0	0	0	0	0	0	0	0	0	0	0
0	2	0	0	2	7	0	0	0	0	0	0	0	3	0	0	0	0	4	0	0	0	0	0	0	0	0	0	0	0	0
6	10	0	0	0	0	11	0	16	5	0	0	0	0	0	0	2	24	0	2	0	0	0	0	7	12	0	6	7	0	0
0	0	0	0	0	2	0	0	0	0	0	0	0	0	0	0	0	0	0	0	0	0	0	0	0	0	0	2	2	14	0
0	0	0	0	0	9	0	0	0	0	0	0	0	0	0	0	0	0	0	0	0	0	0	0	0	0	0	0	0	5	0
0	0	0	3	2	0	0	0	0	3	0	1	0	0	0	0	0	0	0	2	0	0	2	0	0	0	0	0	2	0	0
0	0	3	0	0	0	0	0	0	3	0	2	0	0	0	0	0	0	0	4	0	0	0	0	0	0	0	0	0	0	0
0	0	26	5	2	0	0	0	0	17	0	18	0	0	4	0	8	0	0	11	0	0	0	6	0	0	0	0	0	0	0
0	1	0	0	0	0	2	0	0	0	0	0	0	0	0	0	0	3	0	0	55	0	0	0	0	7	0	0	10	0	0
0	0	0	0	0	0	0	0	0	0	0	2	0	0	0	0	0	0	0	0	0	0	0	0	0	0	0	0	0	0	0
6	1	8	0	0	0	0	0	0	1	0	2	0	0	0	0	0	2	0	3	0	0	0	0	0	0	0	5	0	4	0
0	0	0	0	0	0	0	0	0	0	0	0	0	0	0	0	0	0	12	0	0	0	0	0	0	0	0	0	0	0	0
0	0	0	0	0	0	0	0	0	0	0	0	0	0	0	0	0	0	0	0	0	0	0	0	0	0	0	0	2	0	1
0	0	0	0	0	0	0	0	0	0	0	0	0	0	0	0	0	0	0	0	0	0	0	17	0	0	0	0	0	0	0
3	0	0	0	0	0	0	0	0	0	0	0	0	0	0	0	0	0	0	0	0	0	0	0	0	0	0	0	0	0	0
0	0	0	0	0	0	0	0	0	0	0	0	0	0	0	0	0	0	0	0	0	0	0	0	3	0	0	0	0	28	0
0	0	0	0	0	0	0	0	0	0	0	0	0	0	0	0	3	0	0	0	0	0	0	0	0	0	0	0	0	0	0
0	3	0	0	0	0	0	2	0	0	0	0	0	0	0	0	0	0	0	0	1	0	2	0	0	0	0	0	0	0	0
0	0	0	0	0	0	0	0	0	0	26	0	0	0	0	6	0	0	0	0	0	0	0	0	0	0	3	0	0	0	0
2	0	0	0	0	0	0	0	0	0	0	0	0	0	0	0	0	0	0	0	0	0	0	0	0	0	0	2	0	0	0
0	0	0	0	0	0	0	0	0	0	0	0	0	0	0	0	0	0	0	0	0	3	0	0	0	0	0	0	0	0	10
45	1	0	0	0	10	5	3	3	2	7	4	0	21	0	15	0	0	7	4	0	5	1	0	0	0	85	0	0	3	13
0	0	0	0	2	0	0	0	4	3	0	2	0	0	3	0	0	0	0	0	0	0	4	0	0	0	0	0	0	0	0
0	0	0	0	0	0	0	0	0	0	0	0	0	0	0	0	0	0	0	0	0	0	0	2	0	0	0	0	0	0	0
0	0	0	0	0	0	0	0	0	0	0	0	0	0	0	8	0	0	0	0	0	0	0	0	0	0	0	0	0	0	0
0	0	0	0	0	0	0	0	0	0	0	0	20	0	0	0	0	0	0	0	0	0	0	0	0	0	0	0	0	0	0
0	0	0	0	0	0	0	0	0	0	0	0	5	0	0	0	0	0	0	0	0	0	0	0	0	0	0	0	0	0	0
26	31	18	2	19	12	19	12	48	13	0	10	9	0	14	0	18	26	0	10	8	11	22	18	16	23	0	18	4	13	0
0	0	0	0	0	0	0	0	0	0	0	0	0	0	0	0	0	0	0	0	0	3	0	0	0	0	0	0	0	0	0
0	0	0	0	0	0	2	0	0	0	0	0	0	0	0	0	0	0	0	0	0	0	0	0	0	0	0	0	0	0	0
3	4	4	2	3	6	2	0	5	2	0	6	0	0	0	0	0	2	19	4	3	4	7	5	0	1	0	0	3	0	11
0	0	0	0	0	0	0	0	0	0	0	0	0	0	0	0	0	0	0	0	2	0	0	0	0	0	0	0	0	0	0
0	0	0	0	11	0	0	8	0	0	0	0	0	0	0	0	0	0	0	0	0	0	2	0	0	0	0	0	0	0	0
0	0	0	0	0	0	0	0	0	0	192	0	0	0	0	1	0	0	0	0	0	0	0	0	0	0	0	0	0	0	0
0	0	0	0	0	0	0	0	0	0	0	0	0	0	0	3	0	0	0	0	0	0	0	0	0	0	0	0	0	0	0
0	0	0	0	0	5	0	0	0	0	0	0	0	0	0	0	0	0	0	0	0	0	0	0	0	0	0	0	0	0	0
0	2	0	0	0	0	2	0	0	0	0	0	0	0	0	0	0	0	0	0	0	0	0	0	0	0	0	0	0	6	0
0	0	0	0	0	0	0	0	0	0	0	0	0	0	0	0	0	0	0	0	0	0	0	0	0	0	0	12	0	0	0
0	0	0	0	0	0	0	0	8	0	0	0	0	0	0	0	0	0	0	0	0	0	0	0	0	0	0	0	0	0	0
0	0	0	0	0	0	0	0	0	0	3	0	0	0	0	0	0	0	0	0	0	0	0	0	0	0	0	26	0	0	0
0	0	0	0	0	2	0	0	0	0	0	0	0	0	0	0	0	0	0	0	0	0	0	0	0	0	0	0	0	0	0
0	0	0	0	0	0	0	0	0	0	0	0	0	0	0	0	0	0	0	0	0	0	0	0	6	0	0	0	0	0	0
18	28	4	17	19	0	71	23	6	0	0	0	5	0	27	0	18	43	0	0	37	0	34	6	182	56	0	3	72	11	0
0	0	0	0	0	0	0	0	0	0	0	0	0	0	0	0	0	0	0	0	0	0	0	0	0	0	0	0	0	1	0
0	0	0	0	0	0	0	0	0	0	0	0	0	0	0	0	0	0	0	0	0	0	0	0	8	0	0	0	0	0	0
0	0	0	0	0	2	0	0	0	0	0	0	0	0	0	0	0	0	0	0	0	2	0	0	2	0	0	0	0	0	0
0	8	0	0	0	0	0	0	5	0	0	0	0	0	0	0	0	8	0	0	0	0	0	0	4	0	0	12	0	1	0
0	0	0	0	0	0	2	0	4	0	0	0	0	0	0	0	0	2	0	0	0	0	0	0	0	0	0	0	2	0	0
0	0	0	0	0	0	0	0	0	0	0	3	0	0	4	0	0	0	0	0	0	4	0	0	0	0	0	0	0	0	0
0	0	0	0	0	0	3	2	0	0	0	0	0	0	0	0	0	0	0	0	1	0	0	0	0	0	0	0	0	0	0
0	5	1	0	0	0	3	0	0	2	0	0	0	0	0	0	2	0	0	2	0	0	0	0	0	5	0	0	0	0	0
5	0	0	2	3	0	0	0	0	2	0	0	0	0	0	0	0	0	0	0	0	0	0	0	0	0	0	0	7	0	0
0	0	0	0	0	0	0	0	0	0	0	0	0	0	0	0	0	0	0	0	0	0	0	0	0	0	0	0	0	5	0
0	0	0	0	0	0	0	0	0	0	0	0	0	0	0	0	0	0	0	0	0	0	0	0	0	0	0	0	0	0	3
0	6	0	7	0	0	9	0	0	5	0	0	0	0	2	0	0	10	0	3	15	0	0	0	6	6	0	4	2	7	0
0	0	0	0	0	7	0	0	0	0	0	0	0	0	0	0	0	0	2	0	0	1	0	0	0	0	0	0	0	0	0
6	17	1	11	7	0	5	2	25	6	0	5	0	0	10	0	16	14	0	1	10	0	12	4	14	14	0	8	2	17	0
29	7	24	9	0	0	9	0	19	22	0	11	0	0	0	0	0	8	0	5	0	0	0	23	0	6	0	0	10	27	0
0	0	0	0	0	0	0	0	0	0	0	0	0	0	0	1	0	0	0	0	0	0	0	0	0	0	0	0	0	0	0
0	0	0	0	0	0	3	0	0	0	0	0	0	0	0	0	0	0	0	0	0	0	0	0	0	0	0	0	0	0	0
42	101	121	26	13	0	56	11	93	99	0	84	8	0	19	0	6	65	0	36	49	0	16	13	48	71	0	33	271	43	0
0	0	0	0	0	2	0	0	0	0	0	0	0	5	0	0	0	0	1	0	0	0	0	0	0	0	0	0	0	0	0
0	0	0	0	0	0	0	0	0	0	10	0	0	0	0	0	0	0	3	0	0	4	0	0	0	0	0	0	0	0	0
2	0	0	0	0	0	0	0	0	3	0	0	0	0	0	0	0	3	0	0	0	0	0	9	0	0	0	0	0	0	0
2	42	0	12	0	0	44	0	37	0	0	1	0	0	0	0	0	36	0	0	0	0	0	0	3	46	0	1	9	8	0
0	0	0	0	0	0	0	0	0	0	0	0	0	0	0	0	0	0	0	0	0	0	0	0	0	0	4	0	0	0	0
8	3	0	0	0	0	14	0	0	4	11	3	0	0	0	8	0	0	9	0	0	9	0	8	0	1	0	0	2	3	0
0	0	0	0	0	0	0	0	0	0	0	0	0	0	0	0	0	0	0	0	0	0	0	0	0	0	0	12	0	0	0
3	0	0	0	0	10	2	0	0	6	3	0	0	2	0	0	0	3	2	2	0	0	0	8	2	0	0	0	3	2	0
0	0	0	0	0	1	0	0	0	0	0	0	0	0	0	0	0	0	0	0	0	0	0	0	0	0	0	0	0	0	0
0	0	0	0	0	0	0	0	0	0	0	0	0	0	0	0	0	0	0	0	0	0	2	0	0	0	0	0	0	0	0
18	55	38	10	20	6	60	21	45	32	0	30	0	4	24	0	6	50	10	28	28	9	19	7	39	26	0	18	15	15	0
0	0	0	0	0	0	0	0	0	0	0	0	0	0	0	0	0	0	0	0	0	0	0	3	0	0	0	0	0	0	0
0	7	0	0	0	0	4	0	13	0	0	0	0	0	0	0	0	4	0	0	0	0	0	0	4	11	0	0	0	4	0
0	3	0	0	0	0	3	0	5	3	0	2	0	0	0	0	0	8	0	0	0	0	0	0	10	9	0	0	0	22	0
14	9	9	6	4	91	9	3	4	2	40	2	0	228	6	3	0	4	152	4	0	191	8	12	6	3	4	24	5	0	140
0	0	0	0	10	0	0	2	0	0	0	0	0	0	3	0	0	0	0	0	2	0	0	0	0	0	0	0	0	0	0
0	0	0	0	0	0	0	0	0	0	0	0	0	0	0	0	0	0	0	0	0	0	0	0	8	0	0	0	0	10	0
13	0	104	17	0	0	3	0	5	126	0	87	0	0	0	0	3	2	0	78	0	0	0	19	0	2	0	0	23	0	0
0	0	0	0	0	7	1	0	0	0	0	0	0	0	0	0	0	0	0	0	0	0	0	0	0	0	0	0	0	0	0
0	0	0	0	0	0	0	0	0	0	0	0	0	0	0	0	0	0	0	0	0	0	0	0	0	0	0	0	0	0	3
0	0	0	0	0	0	0	0	0	0	0	0	0	0	0	0	0	0	0	0	0	0	0	0	3	0	0	0	0	0	0
0	0	0	0	0	0	3	0	8	0	0	0	0	0	0	0	0	2	0	0	0	0	0	0	0	4	0	0	0	5	0
0	0	7	0	0	0	0	0	0	6	0	7	0	0	0	0	0	0	0	5	0	0	0	0	0	0	0	0	0	0	0
3	0	0	0	0	2	0	0	0	0	0	0	0	0	0	0	0	0	0	0	0	0	0	3	0	0	0	0	2	0	0
0	0	0	0	0	0	0	0	1	0	0	0	0	0	0	0	0	0	0	0	0	0	0	0	0	0	0	0	0	0	0
0	0	0	0	0	0	0	0	0	0	0	0	0	0	0	0	0	0	0	0	0	0	0	0	0	0	0	0	2	0	0
0	0	0	0	2	0	0	0	0	0	0	0	0	0	3	0	0	2	2	0	0	0	0	2	0	0	0	6	4	0	0
0	2	0	0	0	24	2	0	2	0	0	5	0	0	0	2	0	6	0	2	0	0	0	0	0	1	16	0	4	10	3
0	0	0	0	0	0	0	0	0	0	0	0	0	0	0	0	0	0	0	0	0	0	0	0	6	0	0	0	0	0	0
0	0	0	0	0	0	0	0	0	0	0	0	0	9	0	0	0	0	7	0	0	8	0	0	0	0	0	0	0	0	9
0	0	0	0	0	0	0	0	0	0	0	0	0	0	0	0	0	0	0	0	10	0	0	0	0	0	0	0	0	0	0
3	0	5	3	7	0	0	4	0	0	0	0	0	0	5	0	0	0	0	0	20	3	0	2	0	0	0	0	21	0	0
3	0	0	0	0	0	0	0	0	0	0	0	0	0	0	0	0	0	0	0	0	0	0	0	0	0	19	0	0	0	0
0	0	0	0	0	0	0	0	0	0	0	2	0	0	0	0	0	0	0	0	0	1	0	0	0	0	0	0	0	0	0
0	3	0	0	0	0	0	0	4	3	0	0	0	0	0	0	0	2	0	0	0	0	0	0	0	0	0	0	0	0	0
0	0	0	0	0	0	0	0	0	0	0	0	0	0	0	0	0	0	0	0	0	0	0	0	0	0	2	0	0	0	0
0	6	0	0	0	0	0	0	3	0	0	0	0	0	0	0	0	6	0	0	0	0	0	0	5	4	0	0	0	4	0
3	0	0	0	0	0	0	0	0	0	0	0	0	0	0	0	0	0	0	0	0	0	0	0	0	0	0	0	0	13	0
0	0	0	0	0	0	0	0	0	0	65	0	0	0	0	0	0	0	0	0	0	3	0	0	0	0	0	0	0	0	0
18	0	0	0	0	0	0	0	0	0	0	0	0	0	0	0	0	0	0	0	0	2	0	0	0	0	0	0	0	0	0
0	0	4	0	0	0	0	4	0	0	0	0	0	0	1	0	0	0	0	0	0	0	1	0	0	0	0	0	0	0	0
0	20	0	0	0	0	3	0	12	0	0	3	0	0	0	0	0	24	0	0	0	0	0	0	18	26	0	6	2	14	0
0	0	0	0	0	0	0	0	0	0	0	0	14	0	0	0	0	0	0	0	0	0	0	0	0	0	0	0	3	0	0
0	0	0	0	0	0	0	0	0	0	0	0	0	0	0	0	0	0	0	0	0	0	0	0	0	0	3	0	0	0	0
0	0	0	3	4	0	0	5	0	2	0	1	3	0	3	0	4	0	0	2	5	0	4	0	0	0	0	0	0	0	0
6	17	7	7	2	114	8	0	44	17	18	24	7	1897	0	7	0	19	1226	5	0	129	10	11	8	17	60	45	19	4	433
0	0	0	0	2	0	0	0	0	0	0	0	0	0	3	0	0	0	0	0	0	0	3	0	0	0	0	0	0	0	0
0	0	0	0	0	0	0	0	0	0	0	0	0	0	2	0	0	0	0	0	0	0	0	0	0	0	0	0	11	0	0
0	0	0	0	0	0	0	0	0	0	0	0	0	0	0	0	0	0	0	0	0	0	0	3	0	0	0	0	0	0	0
0	0	0	0	0	6	0	0	4	0	13	0	0	4	0	2	0	0	2	0	0	0	0	0	0	0	0	0	0	0	0
0	2	4	6	22	0	0	22	0	12	0	7	0	0	18	0	16	4	0	8	23	0	21	8	0	0	0	0	0	2	0
0	0	0	0	0	0	0	0	0	0	0	0	0	0	0	0	0	0	0	0	1	0	0	0	0	0	0	0	0	0	0
0	0	0	0	0	0	0	0	0	0	0	0	27	0	0	0	0	0	0	0	0	0	0	0	2	0	0	0	0	6	0
0	0	0	0	0	0	0	0	0	0	0	0	0	0	0	0	0	0	2	0	0	0	0	0	0	0	4	0	0	0	0
0	0	0	0	0	0	0	0	0	0	0	0	0	0	0	0	0	0	0	0	0	0	0	0	0	0	0	0	0	10	0
2	0	0	0	2	0	0	0	0	2	0	0	0	0	1	0	0	0	2	0	0	0	0	0	0	0	0	0	0	0	0
0	2	0	0	0	0	0	0	0	0	0	0	0	0	0	0	0	0	0	0	3	0	0	0	2	5	0	0	0	0	0
0	4	0	0	2	0	0	0	2	0	0	0	0	0	0	0	0	0	0	0	0	0	3	0	0	3	0	0	0	0	0
0	0	0	0	0	0	0	0	0	0	0	0	0	0	0	0	0	0	0	0	0	0	0	0	0	0	0	0	0	14	0
0	0	0	0	0	0	0	0	0	0	0	0	0	0	0	0	0	0	0	0	10	0	0	0	0	0	0	0	0	0	0
0	0	0	0	0	0	0	0	0	0	0	0	0	0	0	0	0	0	2	0	0	0	0	0	0	0	0	0	0	0	0
0	3	0	0	0	0	4	0	0	0	0	0	0	0	0	0	0	2	0	0	0	0	0	0	2	2	0	7	0	0	0
0	0	0	0	0	0	0	0	0	3	0	0	0	0	0	0	0	0	1	0	0	0	0	0	0	0	0	0	0	0	0
0	9	0	0	0	0	11	0	1	0	0	0	0	0	0	0	0	9	0	0	0	0	0	0	1	4	0	0	0	1	0
4	0	0	0	2	0	0	0	0	0	0	5	0	1	0	0	0	0	6	0	0	10	0	0	10	0	0	0	0	0	5
0	0	0	0	2	0	0	0	0	0	0	0	0	0	0	0	0	0	0	0	0	0	0	0	0	0	0	0	0	0	0
0	0	4	0	6	0	0	2	0	0	0	0	15	0	7	0	3	0	0	0	0	0	11	0	0	0	0	0	0	0	0
0	0	0	0	0	0	1	0	0	0	0	0	0	0	0	0	0	0	0	0	0	2	0	0	0	0	0	0	0	7	0
3	84	0	0	0	0	76	0	61	0	0	5	0	0	0	0	0	70	0	2	0	0	0	3	35	68	0	14	0	44	0
0	0	0	0	0	0	0	0	0	4	0	0	0	0	0	0	0	0	0	0	0	0	0	4	0	0	0	0	0	0	0
0	0	0	0	0	5	0	0	0	0	0	0	0	0	0	0	0	0	0	0	0	0	0	0	0	0	0	0	0	0	0
0	0	0	0	0	191	0	0	0	0	7	0	0	0	0	27	0	0	3	0	0	0	0	0	0	0	4	0	0	8	0
3	1	0	0	0	15	0	0	0	0	0	0	0	4	0	6	0	0	4	0	0	0	0	0	3	0	0	0	0	0	0
0	0	0	0	0	0	0	0	0	0	0	0	0	0	0	0	0	0	0	0	0	0	0	0	0	0	4	0	0	0	0
0	0	0	0	0	0	0	0	0	0	0	1	0	0	1	0	0	0	0	0	0	2	0	0	0	0	0	0	0	0	0
0	0	0	0	0	3	0	0	0	0	0	0	0	0	0	0	0	0	0	0	0	0	0	0	0	0	0	0	0	0	0
0	0	0	0	0	0	0	4	0	0	0	0	0	0	3	0	0	0	0	0	0	0	0	0	0	0	0	0	0	0	0
0	0	0	0	0	0	0	0	0	0	0	0	0	0	0	0	0	0	0	0	0	4	0	0	0	0	0	0	0	0	2
0	0	0	0	0	0	0	0	0	0	0	0	0	0	0	0	0	0	0	0	0	0	0	0	0	2	0	0	0	0	0
3	0	0	0	0	0	0	0	0	4	0	0	0	0	0	0	0	0	0	0	0	0	0	4	0	0	0	0	0	0	0
0	1	0	0	0	0	0	0	0	0	0	0	0	0	0	0	0	0	0	0	0	0	0	0	0	1	0	0	0	0	0
4	0	0	0	0	0	3	3	6	0	0	0	0	0	0	0	0	0	0	0	0	0	0	0	7	0	0	10	19	0	0
0	0	0	0	0	0	0	0	0	0	0	0	0	0	0	0	0	0	0	0	0	0	0	0	0	0	0	0	0	2	0
44	45	55	29	32	0	35	30	64	63	0	66	0	0	25	0	19	76	8	35	25	12	41	37	54	51	0	50	58	44	0
4	8	35	6	13	0	3	0	4	51	0	26	0	0	6	0	7	8	0	18	15	2	7	11	5	5	0	10	35	0	0
0	0	0	0	0	0	0	0	0	0	0	0	0	0	3	0	0	0	0	0	0	0	0	0	0	0	0	0	0	0	0
3	4	4	2	0	75	0	2	4	0	0	3	0	2	0	17	0	0	4	5	0	2	0	0	0	0	2	0	0	0	0
0	0	0	0	0	0	0	0	0	0	0	0	0	0	0	0	0	0	6	0	0	0	0	0	0	0	0	0	0	0	0
0	0	0	0	0	0	0	0	0	0	0	0	0	0	0	0	0	0	0	0	0	0	0	0	0	0	0	8	0	0	0
0	0	0	0	0	4	0	0	3	0	2	4	0	3	0	0	0	0	0	4	0	2	0	0	0	3	0	0	3	18	0
2	0	0	0	0	13	0	0	0	0	0	0	0	0	0	3	0	0	0	0	0	0	0	0	0	2	0	0	0	0	0
0	3	0	0	0	0	0	0	0	0	0	0	0	0	0	0	0	0	0	0	0	0	0	0	0	0	0	0	0	0	0
2	0	0	0	0	0	2	0	0	0	0	0	0	0	0	0	0	0	4	0	0	1	0	0	0	0	0	0	0	7	0
0	0	0	0	0	0	0	1	0	2	0	0	0	0	4	0	0	0	0	0	0	0	1	0	0	0	0	0	0	0	0
0	0	0	0	0	0	0	0	6	0	0	0	0	0	0	0	0	0	0	0	0	0	0	0	0	6	0	0	0	0	0
0	25	3	2	11	10	22	9	20	3	0	10	0	0	11	4	0	22	2	0	15	5	28	9	30	40	0	34	4	57	8
0	0	0	0	0	0	0	0	0	0	0	0	0	0	0	0	0	0	0	2	0	0	3	0	0	0	0	0	0	0	0
16	17	82	20	13	0	29	6	5	78	0	85	0	0	5	0	10	25	0	24	4	0	6	21	18	14	0	4	9	43	0
0	0	0	0	0	0	0	0	0	0	0	0	0	0	2	0	0	0	0	0	0	0	0	0	0	0	0	0	0	0	0
4	0	13	7	7	0	0	4	0	15	0	14	0	0	0	0	2	0	0	7	0	0	3	2	0	0	0	0	0	0	0
0	0	0	0	0	0	0	0	0	0	0	0	0	0	0	5	0	0	0	0	0	0	0	0	0	0	0	0	0	0	0
0	0	0	0	0	0	0	0	0	0	0	0	0	0	0	0	0	0	0	0	0	0	0	0	4	0	0	0	0	2	0
7	4	48	43	47	0	1	14	0	34	0	41	0	0	28	0	50	9	0	36	13	0	26	6	0	0	0	0	0	1	0
0	0	0	0	2	0	0	0	0	0	0	0	0	0	0	0	0	0	0	0	0	0	0	0	0	0	0	0	0	0	0
0	0	0	0	0	0	0	2	0	0	0	0	0	0	0	0	0	0	0	0	0	0	0	0	0	0	0	0	0	0	0
0	0	1	3	9	0	0	0	0	1	0	5	3	0	4	0	2	0	0	0	0	0	12	0	0	0	0	0	6	0	0
0	0	0	0	0	5	0	0	0	0	0	0	0	0	0	0	0	0	0	0	0	0	0	0	0	0	0	0	0	0	0
0	0	0	0	0	0	0	0	0	0	0	0	11	0	0	0	0	0	0	0	0	0	0	0	0	0	0	0	0	0	0
0	0	0	0	0	0	0	0	0	0	0	7	2	0	0	0	0	0	0	0	0	0	0	0	0	0	0	0	0	4	0
0	0	0	0	0	0	0	0	0	0	0	0	0	11	0	0	0	0	1	0	0	2	0	0	0	0	0	0	0	0	4
0	3	0	0	0	0	2	0	0	0	0	0	0	0	0	0	0	5	0	0	0	0	0	0	0	0	0	0	0	0	0
0	0	0	0	0	0	0	0	0	0	0	0	0	0	0	0	0	4	0	0	0	0	0	0	0	0	0	0	0	0	0
0	3	0	0	0	0	0	0	0	0	0	0	0	0	0	0	0	1	0	0	0	0	0	0	4	8	0	0	0	1	0
0	0	0	0	0	0	0	0	0	5	0	0	0	0	3	0	0	0	0	0	0	0	2	0	0	0	0	0	0	2	0
0	0	0	0	0	0	3	0	0	0	0	0	0	0	0	0	0	4	0	0	0	0	0	0	0	2	0	0	0	0	0
0	0	0	0	0	0	0	0	33	0	0	0	0	0	0	0	0	0	0	0	0	0	0	0	0	0	0	0	0	0	0
0	0	2	5	0	0	0	0	0	0	0	5	0	0	0	0	0	0	0	0	0	0	0	5	0	0	0	0	0	0	0
0	34	0	0	0	0	27	0	25	1	0	0	0	0	0	0	0	33	0	0	4	0	0	0	9	37	0	13	4	7	0
0	0	0	0	2	0	0	0	0	0	0	0	0	0	3	0	0	0	0	0	0	0	0	0	0	0	0	0	0	0	0
0	0	0	0	0	0	0	0	2	0	0	0	0	0	0	0	0	0	0	0	0	0	0	0	0	0	44	0	0	0	0
0	0	0	0	0	0	0	2	0	0	0	0	0	0	0	0	0	0	0	0	0	0	0	0	0	0	0	0	0	0	0
0	0	0	0	0	0	0	0	0	0	0	0	0	2	0	0	0	0	0	0	0	0	0	0	0	0	0	0	0	0	0
0	0	0	0	0	0	0	0	0	0	0	0	0	0	0	0	0	0	0	0	0	0	0	0	0	0	0	0	0	0	5
0	30	2	0	0	0	13	0	3	0	0	3	0	0	0	0	0	46	0	0	0	0	0	0	4	27	0	2	4	16	0
2	0	0	0	0	0	0	3	0	0	0	0	0	2	0	0	0	0	0	0	0	0	0	0	0	0	0	0	0	0	0
0	0	0	0	0	0	0	0	0	0	0	0	0	0	0	0	0	0	0	0	0	0	0	15	0	0	0	0	0	0	0
0	0	0	0	7	0	0	5	0	0	0	0	0	0	0	0	0	0	0	0	0	0	0	0	0	0	0	0	0	0	0
3	9	0	0	0	3	2	2	7	0	0	2	0	13	3	4	0	0	8	2	0	3	0	3	0	4	0	0	0	8	11
20	44	70	47	63	0	26	104	0	81	0	79	2	0	30	0	47	28	0	31	43	0	28	55	0	32	0	0	3	2	0
0	0	0	0	0	0	0	0	0	0	0	0	0	0	0	0	0	0	0	0	0	0	0	0	0	0	0	0	0	10	0
0	7	0	0	0	0	0	0	0	0	0	0	0	0	0	0	0	4	0	0	0	0	0	0	5	0	0	2	0	7	0
0	0	0	0	0	2	0	0	0	0	0	7	0	7	0	0	0	3	0	2	0	0	0	0	2	0	2	0	0	0	3
0	6	0	0	0	0	0	0	0	0	0	0	0	0	0	0	0	3	0	0	0	0	0	0	8	8	0	5	0	0	0
0	0	0	0	0	0	0	0	0	0	0	0	0	0	0	0	0	0	0	0	0	0	1	0	0	0	0	0	0	0	0
0	0	0	0	0	0	0	0	0	2	0	0	0	0	0	0	0	0	0	0	0	0	0	0	0	0	0	0	0	0	0
0	0	0	0	0	3	0	0	0	0	0	0	0	4	0	0	0	0	0	0	0	0	0	0	0	0	0	0	0	0	0
0	1	0	0	3	0	0	0	0	2	0	0	0	0	3	0	0	1	0	0	0	0	5	1	0	0	0	0	0	0	0
0	0	0	0	0	0	0	0	0	0	0	0	0	0	0	0	0	0	0	0	0	0	2	0	0	0	0	0	0	0	0
0	12	0	0	0	0	6	3	5	0	0	0	0	0	0	0	0	18	0	0	0	0	0	0	0	20	0	4	0	4	0
0	0	0	2	0	0	0	0	0	0	0	0	0	0	0	0	0	0	0	0	0	0	0	0	0	0	0	0	0	0	0
0	0	0	0	0	0	3	0	0	0	0	0	0	0	0	0	0	3	0	0	0	0	0	0	0	2	0	1	0	0	0
0	0	0	0	0	0	0	0	0	0	0	0	0	0	0	0	3	7	0	0	0	0	0	0	2	5	0	2	0	0	0
0	0	0	0	0	16	0	0	0	0	0	0	0	0	0	2	0	0	0	0	0	0	0	3	0	0	0	0	0	0	0
0	9	0	0	0	6	0	4	2	0	0	0	0	3	0	3	3	0	7	0	0	3	0	8	0	0	3	0	1	0	7
0	0	0	0	0	0	2	0	0	0	0	0	0	0	0	0	0	1	4	0	0	0	0	0	0	0	0	0	5	0	0
0	0	0	0	0	0	0	0	0	0	0	0	1	0	3	0	0	0	0	0	6	0	0	0	0	0	0	0	0	0	0
0	0	1	3	10	0	0	13	0	0	0	0	0	0	10	0	10	0	0	1	5	0	6	0	0	0	0	0	2	0	0
0	0	0	0	0	0	0	0	0	0	0	0	0	2	0	0	0	0	0	0	0	0	0	0	0	0	0	0	0	0	0
0	0	0	0	0	0	0	0	0	0	0	0	0	0	0	0	0	0	0	0	0	146	0	3	0	0	0	0	0	0	2
0	0	0	0	0	0	0	0	0	0	0	0	0	0	0	5	0	0	0	0	0	0	0	0	0	0	109	0	4	0	0
0	0	0	0	0	0	0	0	0	0	0	3	0	0	0	0	0	0	0	0	0	0	0	0	0	0	0	0	0	0	0
0	0	0	0	0	0	0	0	0	0	0	0	0	2	0	0	0	0	0	0	0	0	0	0	0	0	0	0	0	0	0
0	0	0	0	0	0	0	0	0	0	0	0	9	0	0	0	6	0	0	0	0	0	0	0	0	0	0	0	0	0	0
0	0	0	0	0	0	0	0	0	0	0	0	0	0	0	0	3	0	0	0	0	0	0	0	0	0	0	0	0	0	0
26	0	0	7	0	0	0	0	0	0	0	0	0	0	2	0	0	0	0	0	8	0	0	0	0	0	0	0	1	0	0
0	0	2	0	0	0	0	0	0	11	0	7	0	0	0	0	0	0	0	3	0	0	0	0	0	0	0	0	3	0	0
0	0	0	0	0	0	0	0	0	0	0	0	0	0	0	0	0	0	2	0	0	2	0	0	0	0	0	0	0	0	0
0	0	0	0	0	0	0	0	9	0	0	0	0	0	0	0	0	0	0	0	0	3	0	0	6	0	0	0	0	12	0
0	0	0	0	0	0	0	0	0	0	0	0	20	0	0	0	0	0	0	0	0	0	0	0	0	0	0	0	0	0	3
0	0	0	0	6	0	0	5	0	0	0	0	0	0	0	0	0	0	0	0	4	0	2	0	0	0	0	0	0	0	0
0	2	0	0	0	0	0	0	6	0	0	0	0	0	0	0	0	0	0	0	0	0	0	0	0	0	0	0	0	3	0
0	0	0	0	2	0	0	0	0	0	0	0	0	0	0	0	0	0	0	0	0	0	0	0	0	0	0	0	0	0	0
2	0	2	0	0	0	0	0	0	0	0	4	0	0	0	0	0	0	0	0	0	0	0	5	0	0	0	0	0	1	0
0	0	0	0	0	0	0	0	0	0	0	0	0	0	0	2	0	0	0	0	0	0	0	3	0	0	0	0	0	0	0
0	0	0	0	0	0	0	0	0	0	0	0	0	0	0	0	0	0	0	0	0	5	0	0	0	0	0	0	0	0	0
2	2	0	2	2	0	2	2	2	2	0	3	0	0	7	0	0	6	0	6	1	0	5	10	0	2	0	0	0	0	0
0	0	0	2	0	0	0	0	0	0	0	4	0	0	0	0	0	2	0	0	0	0	0	0	0	0	0	0	0	0	0
0	0	0	0	0	0	0	0	0	0	0	0	0	0	0	0	0	0	0	0	0	0	0	28	0	0	0	0	0	0	0
0	5	0	0	0	0	3	0	0	0	0	0	0	0	0	0	0	0	0	0	0	0	0	0	5	0	0	0	0	7	0
0	0	0	0	0	5	0	0	4	0	0	2	0	0	0	0	0	0	2	0	0	0	0	0	0	0	0	0	0	0	0
2	0	2	0	0	8	3	0	5	0	0	0	0	0	5	0	0	2	2	0	0	0	2	0	0	0	0	0	0	0	0
5	4	2	2	0	89	0	0	1	6	3	4	0	8	0	4	0	0	11	0	0	19	0	11	0	0	5	0	5	14	0
0	0	0	0	0	0	0	0	0	0	0	0	0	0	0	3	0	0	0	0	0	0	0	0	0	0	0	0	0	0	0
0	4	0	0	0	0	7	0	0	0	0	0	0	0	0	0	0	5	0	0	0	0	0	0	3	0	0	0	0	0	0
0	0	0	0	0	0	0	0	0	0	0	0	3	0	0	0	0	0	3	0	0	0	0	0	0	0	0	0	0	0	0
0	0	0	0	0	0	0	0	0	0	0	0	0	0	0	0	0	0	0	0	0	20	0	0	0	0	0	0	0	0	2
26	0	0	0	0	0	4	12	0	0	0	0	0	0	0	0	0	2	0	0	0	0	3	13	0	2	0	5	0	0	0
0	0	0	0	0	0	0	0	0	0	0	0	0	0	0	0	0	1	0	0	0	0	0	0	0	0	0	0	0	0	0
0	7	0	0	0	0	0	0	5	0	0	0	0	0	0	0	0	8	0	0	0	0	0	0	0	0	0	4	0	5	0
0	0	0	0	0	3	0	0	0	0	0	0	0	0	0	0	0	0	0	0	0	0	0	0	0	0	0	0	0	0	0
4	59	0	0	0	0	37	0	16	7	0	0	0	0	0	0	0	36	0	2	0	0	0	2	34	59	0	10	0	18	0
0	0	0	0	0	0	0	0	0	0	0	0	0	0	0	0	0	0	0	0	10	0	0	0	0	0	0	0	0	0	0
0	0	0	0	0	0	0	0	0	0	0	0	0	0	0	0	0	0	0	0	0	0	0	0	0	0	0	5	0	0	0
0	0	0	0	0	5	0	0	0	0	0	0	0	0	0	0	0	0	0	0	0	0	0	0	0	0	0	0	0	0	0
3	0	0	0	2	0	0	0	0	0	0	0	0	0	3	0	0	0	0	0	0	3	0	0	0	0	0	0	5	0	0
0	0	0	0	1	0	0	0	0	0	0	0	0	0	0	0	0	0	0	0	0	0	0	0	0	0	0	0	0	0	0
0	2	0	0	0	0	0	0	0	0	0	0	0	0	0	0	0	0	0	0	0	0	0	0	0	0	0	0	0	0	0
0	0	0	0	0	0	0	0	0	0	0	6	0	0	0	0	0	0	0	0	0	0	0	0	0	0	0	0	0	0	0
0	0	0	2	8	0	0	7	0	0	0	0	0	0	9	0	12	0	0	0	10	37	13	3	0	0	0	0	0	0	0
0	6	0	0	0	0	0	0	0	0	0	0	0	0	0	0	0	7	0	0	0	0	0	0	1	3	0	3	0	2	0
2	0	0	0	0	0	0	0	0	0	0	0	0	2	0	0	0	0	0	0	0	0	0	0	0	0	0	0	0	0	0
0	0	0	0	2	0	0	2	0	0	0	0	0	0	3	0	0	0	0	0	0	0	2	0	0	0	0	0	0	0	0
4	0	0	30	0	0	0	0	0	0	0	2	0	0	0	0	0	0	0	0	0	0	0	3	0	0	0	0	4	0	0
0	0	0	0	0	0	0	0	0	0	0	0	0	2	0	0	0	0	0	0	0	0	0	0	0	0	0	0	0	0	0
0	0	0	0	0	2	0	0	0	0	0	0	0	0	0	0	0	0	0	0	0	0	0	0	0	0	0	3	0	0	0
0	0	5	2	9	0	3	2	0	7	0	3	0	0	4	0	6	2	0	0	4	0	0	2	0	3	0	0	0	0	0
0	0	0	0	4	0	0	0	0	0	0	0	0	0	3	0	2	5	3	0	0	12	0	0	0	0	0	0	4	0	0
0	0	0	0	0	0	0	0	0	0	0	0	0	0	0	0	0	0	2	0	0	0	0	0	0	0	0	0	0	0	0
0	0	0	0	0	1	0	0	2	0	0	0	0	0	0	0	0	0	0	0	0	4	0	0	0	0	0	0	0	0	0
4	0	0	0	0	0	0	0	0	0	0	0	0	0	0	0	0	0	0	0	0	0	0	0	0	0	0	0	0	0	0
2	17	1	50	0	0	6	0	8	2	0	4	0	0	0	0	0	15	0	2	0	0	2	6	4	18	0	3	8	0	0
0	0	0	0	0	0	0	0	0	0	0	0	0	2	0	0	0	0	3	0	0	0	0	0	0	0	0	0	0	0	0
0	0	0	0	0	0	0	0	0	0	0	0	0	0	0	0	0	0	0	0	0	0	0	0	0	0	0	5	0	0	0
2	0	4	0	0	0	3	4	0	8	0	0	0	6	9	0	0	2	5	2	0	0	5	2	0	3	7	0	5	0	0
1	12	0	2	0	0	6	0	9	0	0	0	0	0	0	0	0	19	0	0	0	0	0	0	10	13	0	0	0	14	0
0	0	0	0	0	0	0	0	0	0	0	0	0	0	0	0	0	0	0	0	0	0	0	0	2	0	0	2	7	3	0
3	2	0	0	0	63	2	0	15	0	4	0	0	21	0	168	0	0	19	0	0	19	0	0	32	5	3	0	0	3	9
3	0	2	0	6	0	0	4	0	1	0	3	2	0	2	0	10	0	0	3	3	0	10	1	0	0	0	0	0	0	0
0	0	0	0	0	5	0	0	0	0	0	0	0	0	0	0	0	0	0	0	0	0	0	0	0	0	0	0	0	0	0
0	2	0	0	0	4	0	0	0	0	0	0	0	0	0	0	0	0	5	0	0	0	0	0	0	0	0	0	0	0	2
0	0	0	0	0	0	11	0	0	0	0	0	0	0	0	0	0	0	0	0	0	0	0	0	0	0	0	0	0	0	0
0	0	0	4	0	0	0	4	0	0	0	2	0	0	0	0	2	0	0	0	0	0	0	0	0	0	0	0	0	0	0
0	0	0	2	2	0	0	3	0	11	0	0	0	0	2	0	0	0	0	0	5	0	7	12	0	0	0	0	0	0	0
0	0	0	0	0	0	0	0	0	0	0	0	0	0	0	0	0	0	7	0	0	2	0	2	0	0	0	0	0	0	0
0	0	0	0	0	0	0	0	0	0	0	0	0	0	0	0	0	0	0	0	0	0	0	0	0	4	0	0	10	0	0
2	0	0	0	0	0	0	0	0	0	0	0	0	0	0	0	0	0	0	0	0	0	0	0	0	0	0	0	0	0	0
0	0	0	0	0	0	0	0	2	0	0	0	0	0	2	0	0	0	0	0	0	0	0	0	0	0	0	0	0	0	0
0	0	0	0	0	0	0	0	0	2	0	0	0	0	7	0	1	0	0	0	0	0	8	0	0	0	0	0	0	0	0
25	0	0	0	0	0	0	0	0	0	0	2	0	0	2	0	0	0	0	0	0	18	1	17	0	0	0	0	0	0	0
0	0	0	0	0	0	0	0	0	0	0	0	0	0	0	0	0	0	0	0	0	19	0	0	0	0	0	0	0	0	0
13	5	29	6	78	0	2	64	0	63	0	71	16	0	45	0	71	5	0	27	37	0	86	19	0	4	0	0	9	0	0
41	0	0	3	0	0	0	0	0	0	0	0	0	0	0	2	0	0	0	0	0	0	0	0	0	0	273	0	10	0	2
0	0	7	0	4	0	0	0	0	7	0	7	0	0	0	0	0	0	0	1	0	0	0	0	2	0	0	0	0	0	0
0	0	0	0	0	0	0	0	0	0	0	0	0	0	0	0	0	0	0	0	0	0	0	0	0	0	0	0	12	0	0
0	0	0	0	0	0	0	0	5	0	0	0	0	0	0	0	0	0	0	0	2	0	0	2	3	0	0	0	0	0	0
0	0	0	0	0	0	0	0	0	2	0	0	0	0	0	0	0	2	0	0	0	0	0	0	0	2	0	0	0	5	0
0	2	7	0	0	0	4	0	1	5	0	7	0	0	0	0	2	4	0	2	0	2	0	4	0	8	0	0	3	5	0
0	0	0	0	0	18	0	0	6	0	0	5	0	24	0	0	0	0	21	0	0	5	0	4	0	0	3	0	0	2	8
0	0	0	0	0	0	0	0	0	0	0	0	0	0	0	0	0	0	4	0	0	16	0	0	0	0	0	0	0	0	2
0	5	0	0	0	0	0	0	0	0	0	0	0	0	0	0	0	0	0	0	0	0	0	0	0	5	0	3	0	0	0
0	0	0	0	0	0	0	0	0	0	0	0	0	2	0	0	0	0	0	0	0	2	0	0	5	0	0	0	0	0	0
0	0	2	0	10	0	0	0	0	0	0	2	0	0	1	0	1	0	0	0	0	0	6	0	0	0	0	0	0	0	0
0	0	0	0	0	0	0	0	2	0	0	0	0	0	0	0	0	0	0	0	0	0	0	0	5	0	0	3	0	0	0
0	0	1	4	0	0	0	2	0	5	0	6	0	0	0	0	0	0	0	5	0	0	5	4	0	0	0	0	0	0	0
5	32	0	0	0	0	32	4	9	0	0	0	0	0	0	0	2	48	0	0	13	0	2	0	46	79	0	10	0	4	0
0	0	0	0	0	3	0	0	0	0	0	0	0	3	0	0	0	3	0	0	0	0	0	0	0	0	0	0	0	6	0
0	0	0	0	0	0	0	0	0	0	0	0	0	0	0	0	0	0	0	0	0	0	0	0	0	0	0	12	0	0	0
0	0	0	0	0	0	0	0	0	0	2	0	0	0	0	0	0	0	0	0	0	0	0	0	0	0	0	0	0	0	0
1	0	1	2	0	8	0	0	2	0	0	0	0	0	1	0	0	0	0	0	0	2	0	0	0	0	3	0	2	0	1
0	0	0	0	0	13	2	0	0	4	0	0	0	10	0	0	0	0	9	0	0	4	0	0	0	7	0	0	0	0	4
0	0	2	0	1	0	0	0	0	2	0	0	0	0	0	0	3	0	0	2	0	0	0	0	0	0	0	0	0	0	0
0	0	0	0	0	0	0	0	0	0	0	0	0	0	0	0	4	0	0	0	0	0	0	0	0	0	0	0	2	0	0
0	0	8	0	0	0	0	0	0	2	0	0	0	0	0	0	0	0	0	0	0	0	0	0	0	0	0	0	0	0	0
0	0	0	0	4	0	0	5	1	0	0	0	0	0	19	0	0	0	2	0	0	3	22	0	0	0	0	0	0	0	3
0	0	0	0	0	7	0	0	0	0	0	0	0	0	0	2	0	0	0	0	0	0	0	0	0	0	0	0	0	0	3
0	0	0	0	0	0	0	0	0	0	0	0	0	7	0	0	0	0	4	0	0	0	0	0	0	0	2	0	0	0	1
0	0	0	0	0	1	0	0	0	0	0	0	0	0	0	0	0	0	0	0	0	0	0	0	0	0	0	0	0	0	0
0	0	0	0	0	0	5	0	0	0	0	0	0	0	0	0	0	4	0	0	0	0	0	0	2	0	0	0	0	4	0
0	0	0	0	0	0	0	0	10	0	0	0	0	0	0	0	0	0	0	0	0	0	0	0	0	0	0	0	0	0	0
16	6	8	2	0	0	4	0	15	5	0	5	0	0	0	0	0	5	0	6	0	0	0	17	0	4	0	0	4	0	0
0	0	0	0	0	0	2	0	0	0	0	0	0	0	0	0	0	3	0	0	0	0	0	0	0	7	0	6	0	8	0
0	0	0	0	0	0	0	0	0	0	0	0	0	0	0	0	0	0	0	0	0	0	0	0	0	0	0	0	3	0	0
0	0	0	0	0	0	0	0	0	0	0	0	0	0	0	0	0	0	0	0	0	0	0	0	0	0	9	0	0	0	2
4	0	0	0	0	0	0	0	0	0	0	0	0	0	0	0	0	0	0	0	0	0	0	0	0	0	0	0	0	0	0
2	3	2	5	9	0	0	5	0	2	0	0	0	0	0	0	3	0	0	0	2	0	0	0	0	0	0	0	4	3	0
0	0	0	0	0	5	0	0	0	0	0	0	0	0	0	0	0	0	0	0	0	0	0	0	0	0	0	0	0	0	0
0	0	0	0	0	0	0	0	0	0	0	0	0	0	0	0	0	0	0	0	0	0	0	6	0	0	0	0	0	0	0
0	0	0	0	0	0	0	0	0	0	0	0	0	0	0	0	0	0	0	0	0	0	0	0	0	0	9	0	0	0	0
2	0	4	3	0	0	0	0	0	25	0	8	0	0	0	0	0	0	0	9	0	0	0	9	0	0	0	0	2	0	0
0	0	0	0	0	8	0	0	1	0	0	0	0	0	0	0	0	0	0	0	0	0	0	0	0	0	2	0	0	0	0
0	0	0	0	0	0	0	0	0	0	0	0	0	0	0	0	0	0	0	0	0	0	0	0	0	0	0	2	0	0	0
0	0	0	0	0	23	0	0	0	0	0	0	0	17	2	0	0	0	7	0	0	0	0	0	0	0	0	2	0	0	3
0	0	0	0	0	0	0	0	0	0	0	0	0	0	0	0	0	0	0	0	0	0	0	0	0	0	0	0	0	1	0
0	0	0	0	2	0	0	2	0	0	0	0	0	0	0	0	0	0	0	0	0	0	6	0	0	0	0	0	0	0	0
0	0	0	0	0	0	0	0	2	0	0	0	0	0	0	0	0	0	0	0	0	0	0	0	0	0	0	0	0	7	0
0	0	0	0	0	0	0	4	0	0	0	0	0	0	0	0	0	0	0	0	0	0	0	0	0	0	0	0	0	0	0
0	0	0	0	0	0	2	0	0	0	0	0	0	0	0	0	0	0	0	0	0	0	0	0	0	0	0	0	0	0	0
0	0	2	0	0	0	0	0	0	0	0	0	0	0	0	0	0	0	0	0	0	0	0	0	0	0	0	0	0	0	0
0	2	0	0	0	0	2	0	1	0	0	0	0	0	0	0	0	3	0	0	0	0	0	0	2	0	0	0	0	0	0
0	0	3	2	0	0	0	2	0	0	0	0	0	0	0	0	0	0	0	0	0	0	0	0	7	2	0	0	0	0	0
0	0	0	0	0	0	0	0	0	0	0	0	0	0	0	0	0	0	0	0	0	0	0	0	0	0	0	0	0	0	3
0	1	0	5	0	0	0	0	0	0	0	0	0	0	0	0	0	1	0	0	5	0	0	2	1	0	0	0	0	0	0
0	0	0	0	0	0	0	0	0	0	0	0	0	0	0	0	9	0	0	0	0	0	0	0	0	0	0	0	0	0	0
0	0	0	0	0	44	0	0	0	0	0	0	0	0	0	0	0	0	0	0	0	2	0	3	0	0	0	0	0	0	2
0	0	0	0	0	0	0	0	0	2	0	0	0	0	0	0	0	0	0	0	0	0	0	0	0	3	0	0	0	0	0
0	0	0	0	0	0	0	0	6	0	0	0	0	0	0	0	0	0	0	0	0	0	0	0	0	0	0	0	0	0	0
0	0	23	5	0	0	0	0	0	18	0	34	0	0	0	0	0	0	0	2	0	0	0	3	0	0	0	0	2	0	0
0	0	0	0	12	0	0	4	0	0	0	0	0	0	8	0	6	0	0	0	13	0	7	0	0	0	0	0	0	0	0
3	1	2	0	15	0	2	9	6	0	0	0	6	0	10	0	1	0	0	3	0	1	20	2	0	4	0	17	0	1	0
0	0	0	0	0	0	0	2	0	0	0	0	0	0	0	0	0	0	0	0	0	0	3	0	0	0	0	0	0	0	0
0	0	0	0	0	0	0	0	0	0	0	0	0	0	0	0	0	0	0	0	0	6	0	0	0	0	0	0	0	0	8
0	0	0	0	0	0	0	0	2	0	0	0	0	0	0	0	0	0	0	0	0	0	0	0	0	0	0	0	0	0	0
0	0	0	0	0	0	0	0	0	0	0	0	0	1	0	0	0	0	0	0	0	1	0	0	0	0	0	0	0	0	0
0	0	0	0	3	0	0	7	0	0	0	0	0	0	0	0	0	0	0	0	0	0	0	0	0	0	0	0	0	0	0
0	0	0	0	0	0	0	0	0	0	0	0	0	0	0	0	0	0	633	0	0	0	0	0	0	0	0	0	0	0	0
0	0	0	0	0	0	0	0	0	0	0	0	0	0	0	0	0	0	0	0	0	0	0	0	0	0	2	0	0	0	0
0	0	0	0	0	0	0	0	0	0	0	0	0	0	0	0	0	0	3	0	0	0	0	0	0	2	0	0	0	0	0
0	0	3	2	0	0	0	0	0	0	0	0	0	0	0	0	0	0	0	0	0	0	2	0	0	0	0	0	0	2	0
2	4	0	0	9	0	0	7	0	0	0	0	0	0	4	0	4	2	0	0	7	0	6	0	0	0	0	0	24	0	0
59	0	0	0	0	52	0	0	3	0	0	0	0	47	0	20	0	0	226	0	7	4	0	13	0	0	20	14	2	0	67
0	8	0	0	0	0	3	0	3	0	0	0	0	0	0	0	0	0	0	0	0	0	0	0	0	2	0	0	0	0	0
0	0	0	0	0	5	0	0	0	0	0	0	0	0	0	0	0	0	0	0	0	0	0	0	0	0	0	0	0	0	0
0	0	0	0	0	0	0	0	0	0	0	0	0	0	0	0	0	0	3	0	0	0	0	0	0	0	0	0	0	0	0
0	0	0	0	0	0	0	0	0	0	0	0	0	0	0	0	0	0	0	0	0	0	0	0	0	0	2	0	0	0	0
0	0	0	0	0	0	0	0	0	0	0	0	0	0	0	0	0	0	0	0	0	0	0	2	0	0	0	0	0	0	0
0	0	2	0	0	0	2	3	0	0	0	8	0	0	0	0	0	0	0	0	0	0	5	0	0	0	0	0	0	0	0
0	48	0	0	0	0	84	0	55	0	0	0	0	0	0	0	0	94	0	0	4	0	0	0	47	92	0	12	0	39	0
0	0	0	0	2	0	0	2	0	0	0	0	0	0	0	0	9	0	0	0	0	0	2	0	0	0	0	0	2	0	0
0	0	0	0	0	0	0	0	0	0	0	2	0	0	0	0	0	0	0	0	0	0	0	0	0	0	0	0	0	0	0
0	0	0	0	0	0	0	0	0	0	0	0	0	0	0	0	0	0	0	0	0	0	0	0	0	0	0	0	20	0	0
0	0	0	0	0	0	0	0	0	0	0	0	0	0	0	0	0	0	0	0	0	0	0	0	0	0	0	0	8	0	0
0	0	0	0	3	0	0	3	0	0	0	0	0	0	0	0	0	0	0	0	0	0	3	0	0	0	0	0	0	0	0
0	0	0	0	0	0	0	0	0	0	0	0	0	0	0	0	0	0	0	0	0	0	0	0	0	0	0	0	0	0	2
0	0	0	0	0	0	0	0	0	0	0	0	10	0	0	0	0	0	0	0	0	0	0	0	0	0	0	0	0	0	0
0	0	0	0	2	0	0	0	0	0	0	0	0	0	0	0	0	0	0	0	0	0	0	0	0	3	0	0	0	0	0
3	0	0	0	0	0	7	0	0	1	0	3	0	0	0	0	0	3	0	0	0	0	0	0	0	0	0	0	0	0	0
0	32	0	0	0	0	14	0	21	0	0	0	0	0	0	0	0	21	0	0	0	0	0	0	16	20	0	15	0	4	0
0	0	3	0	0	0	0	0	0	0	0	0	0	0	0	0	0	0	0	0	0	0	0	0	0	0	0	0	7	0	0
2	0	0	0	9	19	0	3	0	0	8	3	0	7	4	4	0	0	9	0	0	3	0	0	0	0	4	1	1	2	6
0	0	0	0	0	0	0	0	0	0	0	0	0	0	0	0	0	0	0	0	0	0	0	4	0	0	0	0	0	0	0
0	0	0	0	0	0	0	0	0	0	0	0	0	0	0	0	0	0	0	0	0	0	0	0	0	0	0	4	0	0	0
0	0	0	0	0	0	4	0	0	0	0	3	0	0	0	0	0	0	0	0	0	0	0	0	0	0	0	0	2	0	0
3	0	3	0	0	0	0	2	0	5	0	0	0	0	0	0	0	0	0	3	14	0	1	0	0	0	0	0	0	0	0
1	19	4	3	24	87	10	46	5	9	19	17	0	555	52	40	2	10	675	13	5	84	58	12	0	10	118	0	4	0	317
0	0	0	0	0	0	0	0	0	0	0	0	0	0	0	0	0	0	0	0	0	0	0	0	0	0	0	0	0	0	7
0	6	0	0	0	0	3	0	0	0	0	0	0	0	0	0	0	0	0	0	0	0	0	0	2	2	0	0	0	0	0
0	0	0	0	0	0	0	0	0	0	0	0	0	0	0	0	0	0	0	0	0	0	2	0	0	0	0	0	0	0	0
13	0	4	2	3	0	0	6	0	4	0	3	0	0	0	0	0	0	0	0	0	0	4	2	0	0	0	0	7	0	0
0	0	0	0	0	0	0	0	1	0	0	0	0	0	0	0	0	5	0	0	0	0	0	2	0	1	0	3	2	1	0
0	0	0	0	0	0	0	0	0	0	0	0	0	0	0	0	0	0	0	0	0	0	0	0	0	0	0	0	6	0	0
0	0	0	0	0	0	0	0	2	5	0	0	0	0	0	0	0	0	0	0	0	0	0	0	3	0	0	0	0	0	0
0	0	0	0	0	0	0	0	0	0	0	0	0	0	0	0	0	0	0	0	0	0	0	0	9	0	0	0	0	0	0
0	0	0	0	0	0	0	0	0	0	0	0	0	0	0	83	0	0	0	0	0	0	0	0	0	0	2	0	0	0	0
0	0	0	0	0	2	0	0	0	0	0	0	0	0	0	0	0	0	0	0	0	0	0	0	0	0	0	0	0	0	0
0	0	0	0	4	0	0	0	0	0	0	0	0	0	0	0	0	0	0	0	0	0	0	0	0	0	0	0	0	0	0
0	0	3	0	2	0	0	0	0	6	0	0	0	0	0	0	1	0	0	0	0	0	1	2	0	0	0	0	0	0	0
0	0	0	0	2	0	0	0	0	0	0	0	0	0	3	0	0	0	0	0	0	0	0	0	0	0	0	0	0	0	3
0	2	2	0	0	0	0	0	4	0	0	0	0	0	0	0	0	0	0	0	0	0	2	1	0	10	0	3	0	0	0
0	0	0	0	0	10	0	0	0	0	0	0	0	0	0	0	0	0	0	0	0	0	0	0	0	0	0	0	0	0	0
0	0	0	0	7	0	0	2	0	2	0	3	0	0	0	0	2	0	0	0	0	0	4	4	0	0	0	0	0	0	0
0	8	0	0	0	0	2	0	5	0	0	0	0	0	0	0	0	4	0	0	0	0	0	0	5	5	0	0	0	0	0
0	0	0	2	0	0	4	0	0	0	0	0	0	0	0	0	0	0	0	0	0	0	0	0	0	0	0	0	9	0	0
0	10	0	0	0	0	17	0	0	0	0	0	0	0	0	0	0	33	0	0	0	0	0	0	6	24	0	0	0	8	0
0	0	0	0	0	4	0	3	0	3	0	5	0	5	0	0	3	4	0	0	0	0	0	0	0	0	0	0	0	0	3
0	0	0	0	0	0	0	0	0	0	0	0	0	0	0	0	0	0	0	0	0	0	0	0	0	0	32	0	0	0	0
0	0	2	0	0	0	0	0	0	0	0	0	0	0	0	0	0	0	0	0	0	0	0	0	0	2	0	0	2	0	0
3	2	0	1	13	0	0	13	0	0	0	0	21	0	18	0	0	4	0	0	4	0	29	0	0	7	0	3	2	0	2
1	0	0	0	37	0	0	35	0	2	0	0	0	0	22	0	16	0	0	0	4	0	15	4	0	0	0	0	0	0	0
41	0	21	196	11	0	4	10	0	9	0	21	0	0	17	0	15	4	0	12	23	0	8	18	0	4	0	3	26	2	0
0	0	0	0	0	0	0	0	0	0	17	0	0	0	0	0	0	0	0	0	0	0	0	0	0	0	0	0	0	0	0
0	0	0	0	0	0	0	0	0	0	0	0	0	0	0	0	0	5	0	0	0	0	0	0	0	2	0	1	0	0	0
0	0	2	0	0	0	0	0	0	0	0	0	0	0	0	0	0	0	0	0	0	0	0	0	0	0	0	0	0	0	0
